id	type	name	attributes
ASSET:nyu-seizure-types-study	study	Observational study of seizure types in rare genetic epilepsies (NYU)	"{""asset_type"": ""observational study"", ""found_in"": [""orgs""]}"
ASSET:rare-x	study	RARE-X data collection program	"{""asset_type"": ""registry"", ""found_in"": [""orgs""]}"
ASSET:starr-study	study	STARR natural history study	"{""asset_type"": ""natural history study"", ""found_in"": [""orgs""]}"
ClinVar:VCV000000048	variant	NM_001199107.2(TBC1D24):c.439G>C (p.Asp147His)	"{""consequence"": [""missense variant""], ""protein_change"": ""D147H"", ""classification"": ""Pathogenic"", ""found_in"": [""clinvar""]}"
ClinVar:VCV000000050	variant	NM_001199107.2(TBC1D24):c.751T>C (p.Phe251Leu)	"{""consequence"": [""missense variant""], ""protein_change"": ""F251L"", ""classification"": ""Pathogenic"", ""found_in"": [""clinvar""]}"
ClinVar:VCV000006726	variant	NM_001032221.6(STXBP1):c.1631G>A (p.Gly544Asp)	"{""consequence"": [""missense variant""], ""protein_change"": ""G544D, G508D, G530D, G541D"", ""classification"": ""Pathogenic"", ""found_in"": [""clinvar""]}"
ClinVar:VCV000006727	variant	NM_001032221.6(STXBP1):c.539G>A (p.Cys180Tyr)	"{""consequence"": [""missense variant""], ""protein_change"": ""C180Y, C166Y, C177Y"", ""classification"": ""Pathogenic"", ""found_in"": [""clinvar""]}"
ClinVar:VCV000006728	variant	NM_001032221.6(STXBP1):c.1328T>G (p.Met443Arg)	"{""consequence"": [""missense variant""], ""protein_change"": ""M443R, M407R, M429R, M440R"", ""classification"": ""Pathogenic"", ""found_in"": [""clinvar""]}"
ClinVar:VCV000006729	variant	NM_001032221.6(STXBP1):c.251T>A (p.Val84Asp)	"{""consequence"": [""missense variant""], ""protein_change"": ""V84D, V70D"", ""classification"": ""Pathogenic"", ""found_in"": [""clinvar""]}"
ClinVar:VCV000006730	variant	NM_001032221.6(STXBP1):c.1162C>T (p.Arg388Ter)	"{""consequence"": [""nonsense""], ""protein_change"": ""R388*, R352*, R374*, R385*"", ""classification"": ""Pathogenic"", ""found_in"": [""clinvar""]}"
ClinVar:VCV000006731	variant	NM_001032221.6(STXBP1):c.169+1G>A	"{""consequence"": [""splice donor variant""], ""protein_change"": """", ""classification"": ""Pathogenic"", ""found_in"": [""clinvar""]}"
ClinVar:VCV000011530	variant	NM_001367721.1(CASK):c.1915C>T (p.Arg639Ter)	"{""consequence"": [""nonsense""], ""protein_change"": ""R639*, R610*, R616*, R633*"", ""classification"": ""Pathogenic"", ""found_in"": [""clinvar""]}"
ClinVar:VCV000011531	variant	NM_001367721.1(CASK):c.915G>A (p.Lys305=)	"{""consequence"": [""synonymous variant""], ""protein_change"": """", ""classification"": ""Pathogenic"", ""found_in"": [""clinvar""]}"
ClinVar:VCV000011532	variant	NM_001367721.1(CASK):c.83G>T (p.Arg28Leu)	"{""consequence"": [""missense variant""], ""protein_change"": ""R28L"", ""classification"": ""Pathogenic"", ""found_in"": [""clinvar""]}"
ClinVar:VCV000011534	variant	NM_001367721.1(CASK):c.2129A>G (p.Asp710Gly)	"{""consequence"": [""missense variant""], ""protein_change"": ""D710G, D681G, D687G, D704G"", ""classification"": ""Likely pathogenic"", ""found_in"": [""clinvar""]}"
ClinVar:VCV000029937	variant	NM_001367721.1(CASK):c.2183A>G (p.Tyr728Cys)	"{""consequence"": [""missense variant""], ""protein_change"": ""Y728C, Y723C, Y700C, Y699C, Y722C"", ""classification"": ""Likely pathogenic"", ""found_in"": [""clinvar""]}"
ClinVar:VCV000029939	variant	NM_001367721.1(CASK):c.316C>T (p.Arg106Ter)	"{""consequence"": [""nonsense""], ""protein_change"": ""R106*"", ""classification"": ""Pathogenic"", ""found_in"": [""clinvar""]}"
ClinVar:VCV000029941	variant	NM_001367721.1(CASK):c.1639C>T (p.Gln547Ter)	"{""consequence"": [""nonsense""], ""protein_change"": ""Q547*, Q541*"", ""classification"": ""Pathogenic"", ""found_in"": [""clinvar""]}"
ClinVar:VCV000030123	variant	NM_001330260.2(SCN8A):c.5302A>G (p.Asn1768Asp)	"{""consequence"": [""missense variant""], ""protein_change"": ""N1768D, N1727D"", ""classification"": ""Pathogenic"", ""found_in"": [""clinvar""]}"
ClinVar:VCV000056845	variant	NM_001199107.1(TBC1D24):c.969_970delGT	"{""consequence"": [""intron variant""], ""protein_change"": """", ""classification"": ""Pathogenic"", ""found_in"": [""clinvar""]}"
ClinVar:VCV000056846	variant	NM_001199107.2(TBC1D24):c.686T>C (p.Phe229Ser)	"{""consequence"": [""missense variant""], ""protein_change"": ""F229S"", ""classification"": ""Pathogenic"", ""found_in"": [""clinvar""]}"
ClinVar:VCV000056847	variant	NM_001199107.2(TBC1D24):c.468C>A (p.Cys156Ter)	"{""consequence"": [""nonsense""], ""protein_change"": ""C156*"", ""classification"": ""Pathogenic"", ""found_in"": [""clinvar""]}"
ClinVar:VCV000060709	variant	NM_001330260.2(SCN8A):c.3991C>G (p.Leu1331Val)	"{""consequence"": [""missense variant""], ""protein_change"": ""L1290V, L1331V"", ""classification"": ""Pathogenic"", ""found_in"": [""clinvar""]}"
ClinVar:VCV000091395	variant	NM_001199107.2(TBC1D24):c.724C>T (p.Arg242Cys)	"{""consequence"": [""missense variant""], ""protein_change"": ""R242C"", ""classification"": ""Pathogenic/Likely pathogenic"", ""found_in"": [""clinvar""]}"
ClinVar:VCV000091397	variant	NM_001199107.2(TBC1D24):c.58C>G (p.Gln20Glu)	"{""consequence"": [""missense variant""], ""protein_change"": ""Q20E"", ""classification"": ""Pathogenic"", ""found_in"": [""clinvar""]}"
ClinVar:VCV000091398	variant	NM_001199107.2(TBC1D24):c.1008del (p.His336fs)	"{""consequence"": [""frameshift variant""], ""protein_change"": ""H330fs, H336fs"", ""classification"": ""Pathogenic"", ""found_in"": [""clinvar""]}"
ClinVar:VCV000091399	variant	NM_001199107.2(TBC1D24):c.1206+5G>A	"{""consequence"": [""intron variant""], ""protein_change"": """", ""classification"": ""Pathogenic"", ""found_in"": [""clinvar""]}"
ClinVar:VCV000100677	variant	NM_001199107.2(TBC1D24):c.208G>T (p.Asp70Tyr)	"{""consequence"": [""missense variant""], ""protein_change"": ""D70Y"", ""classification"": ""Pathogenic"", ""found_in"": [""clinvar""]}"
ClinVar:VCV000100678	variant	NM_001199107.2(TBC1D24):c.878G>C (p.Arg293Pro)	"{""consequence"": [""missense variant""], ""protein_change"": ""R293P"", ""classification"": ""Pathogenic"", ""found_in"": [""clinvar""]}"
ClinVar:VCV000127076	variant	NM_001032221.6(STXBP1):c.847G>A (p.Glu283Lys)	"{""consequence"": [""missense variant"", ""intron variant""], ""protein_change"": ""E283K, E269K, E280K"", ""classification"": ""Pathogenic/Likely pathogenic"", ""found_in"": [""clinvar""]}"
ClinVar:VCV000130249	variant	NM_001330260.2(SCN8A):c.4774G>C (p.Val1592Leu)	"{""consequence"": [""missense variant""], ""protein_change"": ""V1592L, V1551L"", ""classification"": ""Likely pathogenic"", ""found_in"": [""clinvar""]}"
ClinVar:VCV000133246	variant	NM_001199107.2(TBC1D24):c.533C>T (p.Ser178Leu)	"{""consequence"": [""missense variant""], ""protein_change"": ""S178L"", ""classification"": ""Pathogenic/Likely pathogenic"", ""found_in"": [""clinvar""]}"
ClinVar:VCV000135651	variant	NM_001330260.2(SCN8A):c.2549G>A (p.Arg850Gln)	"{""consequence"": [""missense variant""], ""protein_change"": ""R850Q"", ""classification"": ""Pathogenic/Likely pathogenic"", ""found_in"": [""clinvar""]}"
ClinVar:VCV000149157	variant	GRCh38/hg38 Xp11.4(chrX:41787211-41795764)x1	"{""consequence"": [], ""protein_change"": """", ""classification"": ""Likely pathogenic"", ""found_in"": [""clinvar""]}"
ClinVar:VCV000155082	variant	GRCh38/hg38 Xp11.4(chrX:41736613-41807412)x2	"{""consequence"": [], ""protein_change"": """", ""classification"": ""Likely pathogenic"", ""found_in"": [""clinvar""]}"
ClinVar:VCV000156106	variant	NM_001330260.2(SCN8A):c.4850G>A (p.Arg1617Gln)	"{""consequence"": [""missense variant""], ""protein_change"": ""R1617Q, R1576Q"", ""classification"": ""Pathogenic"", ""found_in"": [""clinvar""]}"
ClinVar:VCV000156107	variant	NM_001330260.2(SCN8A):c.4398C>A (p.Asn1466Lys)	"{""consequence"": [""missense variant""], ""protein_change"": ""N1466K, N1425K"", ""classification"": ""Pathogenic"", ""found_in"": [""clinvar""]}"
ClinVar:VCV000156108	variant	NM_001330260.2(SCN8A):c.4397A>C (p.Asn1466Thr)	"{""consequence"": [""missense variant""], ""protein_change"": ""N1466T, N1425T"", ""classification"": ""Pathogenic"", ""found_in"": [""clinvar""]}"
ClinVar:VCV000158066	variant	NM_001367721.1(CASK):c.1644_1645del (p.Val549fs)	"{""consequence"": [""frameshift variant""], ""protein_change"": ""V543fs, V549fs"", ""classification"": ""Pathogenic"", ""found_in"": [""clinvar""]}"
ClinVar:VCV000158069	variant	NM_001367721.1(CASK):c.2041C>T (p.Arg681Ter)	"{""consequence"": [""nonsense""], ""protein_change"": ""R681*, R658*, R652*, R675*"", ""classification"": ""Pathogenic"", ""found_in"": [""clinvar""]}"
ClinVar:VCV000158070	variant	NM_001367721.1(CASK):c.2074C>T (p.Gln692Ter)	"{""consequence"": [""nonsense""], ""protein_change"": ""Q692*, Q663*, Q669*, Q686*"", ""classification"": ""Pathogenic/Likely pathogenic"", ""found_in"": [""clinvar""]}"
ClinVar:VCV000158071	variant	NM_001367721.1(CASK):c.20_27del (p.Leu7fs)	"{""consequence"": [""frameshift variant""], ""protein_change"": ""L7fs"", ""classification"": ""Pathogenic"", ""found_in"": [""clinvar""]}"
ClinVar:VCV000158074	variant	NM_001367721.1(CASK):c.2485C>T (p.Gln829Ter)	"{""consequence"": [""nonsense""], ""protein_change"": ""Q824*, Q800*, Q829*, Q801*, Q823*"", ""classification"": ""Pathogenic"", ""found_in"": [""clinvar""]}"
ClinVar:VCV000158077	variant	NM_001367721.1(CASK):c.430-2A>T	"{""consequence"": [""splice acceptor variant""], ""protein_change"": """", ""classification"": ""Pathogenic"", ""found_in"": [""clinvar""]}"
ClinVar:VCV000158082	variant	NM_001367721.1(CASK):c.708+1G>A	"{""consequence"": [""splice donor variant""], ""protein_change"": """", ""classification"": ""Pathogenic"", ""found_in"": [""clinvar""]}"
ClinVar:VCV000158086	variant	NM_001367721.1(CASK):c.82C>T (p.Arg28Ter)	"{""consequence"": [""nonsense""], ""protein_change"": ""R28*"", ""classification"": ""Pathogenic"", ""found_in"": [""clinvar""]}"
ClinVar:VCV000158087	variant	NM_001367721.1(CASK):c.880C>T (p.Gln294Ter)	"{""consequence"": [""nonsense""], ""protein_change"": ""Q294*"", ""classification"": ""Pathogenic"", ""found_in"": [""clinvar""]}"
ClinVar:VCV000160070	variant	NM_001032221.6(STXBP1):c.734A>G (p.His245Arg)	"{""consequence"": [""missense variant""], ""protein_change"": ""H245R, H231R, H242R"", ""classification"": ""Pathogenic"", ""found_in"": [""clinvar""]}"
ClinVar:VCV000160071	variant	NM_001032221.6(STXBP1):c.754_755del (p.Met252fs)	"{""consequence"": [""frameshift variant""], ""protein_change"": ""M252fs, M238fs, M249fs"", ""classification"": ""Pathogenic"", ""found_in"": [""clinvar""]}"
ClinVar:VCV000160073	variant	NM_001032221.6(STXBP1):c.433T>C (p.Tyr145His)	"{""consequence"": [""missense variant""], ""protein_change"": ""Y145H, Y131H, Y142H"", ""classification"": ""Likely pathogenic"", ""found_in"": [""clinvar""]}"
ClinVar:VCV000162015	variant	NM_014191.4(SCN8A):c.667A>G (p.Arg223Gly)	"{""consequence"": [""missense variant"", ""intron variant""], ""protein_change"": ""R223G"", ""classification"": ""Likely pathogenic"", ""found_in"": [""clinvar""]}"
ClinVar:VCV000167725	variant	NM_001032221.6(STXBP1):c.1029+1G>T	"{""consequence"": [""splice donor variant""], ""protein_change"": """", ""classification"": ""Pathogenic"", ""found_in"": [""clinvar""]}"
ClinVar:VCV000180215	variant	NM_001367721.1(CASK):c.1976G>A (p.Gly659Asp)	"{""consequence"": [""missense variant""], ""protein_change"": ""G659D, G630D, G636D, G653D"", ""classification"": ""Pathogenic"", ""found_in"": [""clinvar""]}"
ClinVar:VCV000183152	variant	NM_001199107.2(TBC1D24):c.119G>T (p.Arg40Leu)	"{""consequence"": [""missense variant""], ""protein_change"": ""R40L"", ""classification"": ""Pathogenic/Likely pathogenic"", ""found_in"": [""clinvar""]}"
ClinVar:VCV000183153	variant	NM_001199107.2(TBC1D24):c.313T>C (p.Cys105Arg)	"{""consequence"": [""missense variant""], ""protein_change"": ""C105R"", ""classification"": ""Pathogenic"", ""found_in"": [""clinvar""]}"
ClinVar:VCV000183155	variant	NM_001199107.2(TBC1D24):c.999G>T (p.Leu333Phe)	"{""consequence"": [""missense variant""], ""protein_change"": ""L333F, L327F"", ""classification"": ""Pathogenic"", ""found_in"": [""clinvar""]}"
ClinVar:VCV000183156	variant	NM_001199107.2(TBC1D24):c.1460dup (p.His487fs)	"{""consequence"": [""frameshift variant""], ""protein_change"": ""H481fs, H487fs"", ""classification"": ""Likely pathogenic"", ""found_in"": [""clinvar""]}"
ClinVar:VCV000191238	variant	NM_001032221.6(STXBP1):c.874C>T (p.Arg292Cys)	"{""consequence"": [""missense variant"", ""intron variant""], ""protein_change"": ""R292C, R278C, R289C"", ""classification"": ""Pathogenic/Likely pathogenic"", ""found_in"": [""clinvar""]}"
ClinVar:VCV000192317	variant	NM_001330260.2(SCN8A):c.2952C>G (p.Asn984Lys)	"{""consequence"": [""missense variant""], ""protein_change"": ""N984K"", ""classification"": ""Pathogenic"", ""found_in"": [""clinvar""]}"
ClinVar:VCV000192318	variant	NM_001330260.2(SCN8A):c.4351G>A (p.Gly1451Ser)	"{""consequence"": [""missense variant""], ""protein_change"": ""G1451S, G1410S"", ""classification"": ""Pathogenic"", ""found_in"": [""clinvar""]}"
ClinVar:VCV000194402	variant	NM_001330260.2(SCN8A):c.2287A>G (p.Ile763Val)	"{""consequence"": [""missense variant""], ""protein_change"": ""I763V"", ""classification"": ""Pathogenic/Likely pathogenic"", ""found_in"": [""clinvar""]}"
ClinVar:VCV000195200	variant	NM_001367721.1(CASK):c.79C>T (p.Arg27Ter)	"{""consequence"": [""nonsense""], ""protein_change"": ""R27*"", ""classification"": ""Pathogenic"", ""found_in"": [""clinvar""]}"
ClinVar:VCV000195688	variant	NM_001330260.2(SCN8A):c.3967G>A (p.Ala1323Thr)	"{""consequence"": [""missense variant""], ""protein_change"": ""A1323T, A1282T"", ""classification"": ""Pathogenic/Likely pathogenic"", ""found_in"": [""clinvar""]}"
ClinVar:VCV000195689	variant	NM_001330260.2(SCN8A):c.3985A>G (p.Asn1329Asp)	"{""consequence"": [""missense variant""], ""protein_change"": ""N1329D, N1288D"", ""classification"": ""Likely pathogenic"", ""found_in"": [""clinvar""]}"
ClinVar:VCV000198157	variant	NM_001032221.6(STXBP1):c.364C>T (p.Arg122Ter)	"{""consequence"": [""nonsense""], ""protein_change"": ""R122*, R108*, R119*"", ""classification"": ""Pathogenic"", ""found_in"": [""clinvar""]}"
ClinVar:VCV000199083	variant	NM_001032221.6(STXBP1):c.704G>A (p.Arg235Gln)	"{""consequence"": [""missense variant""], ""protein_change"": ""R235Q, R221Q, R232Q"", ""classification"": ""Pathogenic"", ""found_in"": [""clinvar""]}"
ClinVar:VCV000207105	variant	NM_001330260.2(SCN8A):c.1099A>G (p.Met367Val)	"{""consequence"": [""missense variant""], ""protein_change"": ""M367V"", ""classification"": ""Likely pathogenic"", ""found_in"": [""clinvar""]}"
ClinVar:VCV000207109	variant	NM_001330260.2(SCN8A):c.2534C>T (p.Ser845Phe)	"{""consequence"": [""missense variant""], ""protein_change"": ""S845F"", ""classification"": ""Likely pathogenic"", ""found_in"": [""clinvar""]}"
ClinVar:VCV000207117	variant	NM_001330260.2(SCN8A):c.3955G>T (p.Ala1319Ser)	"{""consequence"": [""missense variant""], ""protein_change"": ""A1319S, A1278S"", ""classification"": ""Pathogenic"", ""found_in"": [""clinvar""]}"
ClinVar:VCV000207119	variant	NM_001330260.2(SCN8A):c.4423G>A (p.Gly1475Arg)	"{""consequence"": [""missense variant""], ""protein_change"": ""G1475R, G1434R"", ""classification"": ""Pathogenic/Likely pathogenic"", ""found_in"": [""clinvar""]}"
ClinVar:VCV000207120	variant	NM_001330260.2(SCN8A):c.4435A>G (p.Ile1479Val)	"{""consequence"": [""missense variant""], ""protein_change"": ""I1479V, I1438V"", ""classification"": ""Pathogenic"", ""found_in"": [""clinvar""]}"
ClinVar:VCV000207123	variant	NM_001330260.2(SCN8A):c.4472C>T (p.Ala1491Val)	"{""consequence"": [""missense variant""], ""protein_change"": ""A1491V, A1450V"", ""classification"": ""Pathogenic"", ""found_in"": [""clinvar""]}"
ClinVar:VCV000207127	variant	NM_001330260.2(SCN8A):c.4949C>T (p.Ala1650Val)	"{""consequence"": [""missense variant""], ""protein_change"": ""A1650V, A1609V"", ""classification"": ""Pathogenic/Likely pathogenic"", ""found_in"": [""clinvar""]}"
ClinVar:VCV000207131	variant	NM_001330260.2(SCN8A):c.5614C>T (p.Arg1872Trp)	"{""consequence"": [""missense variant""], ""protein_change"": ""R1872W, R1831W"", ""classification"": ""Pathogenic"", ""found_in"": [""clinvar""]}"
ClinVar:VCV000207132	variant	NM_001330260.2(SCN8A):c.5615G>T (p.Arg1872Leu)	"{""consequence"": [""missense variant""], ""protein_change"": ""R1872L, R1831L"", ""classification"": ""Pathogenic"", ""found_in"": [""clinvar""]}"
ClinVar:VCV000207140	variant	NM_001330260.2(SCN8A):c.614C>A (p.Ala205Glu)	"{""consequence"": [""missense variant""], ""protein_change"": ""A205E"", ""classification"": ""Likely pathogenic"", ""found_in"": [""clinvar""]}"
ClinVar:VCV000207412	variant	NM_001032221.6(STXBP1):c.87+1G>A	"{""consequence"": [""splice donor variant""], ""protein_change"": """", ""classification"": ""Pathogenic/Likely pathogenic"", ""found_in"": [""clinvar""]}"
ClinVar:VCV000207413	variant	NM_001032221.6(STXBP1):c.88-2A>C	"{""consequence"": [""splice acceptor variant""], ""protein_change"": """", ""classification"": ""Pathogenic"", ""found_in"": [""clinvar""]}"
ClinVar:VCV000207414	variant	NM_001032221.6(STXBP1):c.224A>G (p.Tyr75Cys)	"{""consequence"": [""missense variant""], ""protein_change"": ""Y75C, Y61C"", ""classification"": ""Likely pathogenic"", ""found_in"": [""clinvar""]}"
ClinVar:VCV000207415	variant	NM_001032221.6(STXBP1):c.416C>T (p.Pro139Leu)	"{""consequence"": [""missense variant""], ""protein_change"": ""P139L, P125L, P136L"", ""classification"": ""Pathogenic/Likely pathogenic"", ""found_in"": [""clinvar""]}"
ClinVar:VCV000207416	variant	NM_001032221.6(STXBP1):c.430-1G>T	"{""consequence"": [""splice acceptor variant""], ""protein_change"": """", ""classification"": ""Pathogenic"", ""found_in"": [""clinvar""]}"
ClinVar:VCV000207417	variant	NM_001032221.6(STXBP1):c.568C>T (p.Arg190Trp)	"{""consequence"": [""missense variant""], ""protein_change"": ""R190W, R176W, R187W"", ""classification"": ""Pathogenic"", ""found_in"": [""clinvar""]}"
ClinVar:VCV000207419	variant	NM_001032221.6(STXBP1):c.578+1G>T	"{""consequence"": [""splice donor variant""], ""protein_change"": """", ""classification"": ""Pathogenic"", ""found_in"": [""clinvar""]}"
ClinVar:VCV000207422	variant	NM_001032221.6(STXBP1):c.703C>T (p.Arg235Ter)	"{""consequence"": [""nonsense""], ""protein_change"": ""R235*, R221*, R232*"", ""classification"": ""Pathogenic"", ""found_in"": [""clinvar""]}"
ClinVar:VCV000207424	variant	NM_001032221.6(STXBP1):c.875G>A (p.Arg292His)	"{""consequence"": [""missense variant"", ""intron variant""], ""protein_change"": ""R292H, R278H, R289H"", ""classification"": ""Pathogenic/Likely pathogenic"", ""found_in"": [""clinvar""]}"
ClinVar:VCV000207425	variant	NM_001032221.6(STXBP1):c.904G>T (p.Glu302Ter)	"{""consequence"": [""nonsense""], ""protein_change"": ""E302*, E266*, E288*, E299*"", ""classification"": ""Pathogenic"", ""found_in"": [""clinvar""]}"
ClinVar:VCV000207427	variant	NM_001032221.6(STXBP1):c.1030-1G>T	"{""consequence"": [""splice acceptor variant""], ""protein_change"": """", ""classification"": ""Pathogenic"", ""found_in"": [""clinvar""]}"
ClinVar:VCV000207428	variant	NM_001032221.6(STXBP1):c.1061G>A (p.Cys354Tyr)	"{""consequence"": [""missense variant""], ""protein_change"": ""C354Y, C318Y, C340Y, C351Y"", ""classification"": ""Pathogenic/Likely pathogenic"", ""found_in"": [""clinvar""]}"
ClinVar:VCV000207429	variant	NM_001032221.6(STXBP1):c.1099C>T (p.Arg367Ter)	"{""consequence"": [""nonsense""], ""protein_change"": ""R367*, R331*, R353*, R364*"", ""classification"": ""Pathogenic"", ""found_in"": [""clinvar""]}"
ClinVar:VCV000207431	variant	NM_001032221.6(STXBP1):c.1216C>T (p.Arg406Cys)	"{""consequence"": [""missense variant""], ""protein_change"": ""R406C, R370C, R392C, R403C"", ""classification"": ""Pathogenic/Likely pathogenic"", ""found_in"": [""clinvar""]}"
ClinVar:VCV000207432	variant	NM_001032221.6(STXBP1):c.1439C>T (p.Pro480Leu)	"{""consequence"": [""missense variant""], ""protein_change"": ""P480L, P444L, P466L, P477L"", ""classification"": ""Pathogenic"", ""found_in"": [""clinvar""]}"
ClinVar:VCV000207435	variant	NM_001032221.6(STXBP1):c.1359+1G>A	"{""consequence"": [""splice donor variant""], ""protein_change"": """", ""classification"": ""Pathogenic"", ""found_in"": [""clinvar""]}"
ClinVar:VCV000207439	variant	NM_001032221.6(STXBP1):c.1651C>A (p.Arg551Ser)	"{""consequence"": [""missense variant""], ""protein_change"": ""R551S, R515S, R537S, R548S"", ""classification"": ""Pathogenic/Likely pathogenic"", ""found_in"": [""clinvar""]}"
ClinVar:VCV000207440	variant	NM_001032221.6(STXBP1):c.1651C>T (p.Arg551Cys)	"{""consequence"": [""missense variant""], ""protein_change"": ""R551C, R515C, R537C, R548C"", ""classification"": ""Pathogenic"", ""found_in"": [""clinvar""]}"
ClinVar:VCV000207441	variant	NM_001032221.6(STXBP1):c.1652G>C (p.Arg551Pro)	"{""consequence"": [""missense variant""], ""protein_change"": ""R551P, R515P, R537P, R548P"", ""classification"": ""Pathogenic"", ""found_in"": [""clinvar""]}"
ClinVar:VCV000207443	variant	NM_001032221.6(STXBP1):c.1672C>T (p.Gln558Ter)	"{""consequence"": [""nonsense""], ""protein_change"": ""Q558*, Q522*, Q544*, Q555*"", ""classification"": ""Pathogenic"", ""found_in"": [""clinvar""]}"
ClinVar:VCV000207444	variant	NM_001032221.6(STXBP1):c.1702+1G>A	"{""consequence"": [""splice donor variant""], ""protein_change"": """", ""classification"": ""Pathogenic"", ""found_in"": [""clinvar""]}"
ClinVar:VCV000207447	variant	NM_001032221.6(STXBP1):c.124del (p.Ser42fs)	"{""consequence"": [""frameshift variant""], ""protein_change"": ""S42fs, S28fs"", ""classification"": ""Pathogenic"", ""found_in"": [""clinvar""]}"
ClinVar:VCV000207449	variant	NM_001032221.6(STXBP1):c.578+1dup	"{""consequence"": [""splice donor variant""], ""protein_change"": """", ""classification"": ""Pathogenic"", ""found_in"": [""clinvar""]}"
ClinVar:VCV000207450	variant	NM_001032221.6(STXBP1):c.897_898del (p.Ser300fs)	"{""consequence"": [""frameshift variant"", ""intron variant""], ""protein_change"": ""S300fs, S286fs, S297fs"", ""classification"": ""Pathogenic"", ""found_in"": [""clinvar""]}"
ClinVar:VCV000207451	variant	NM_001032221.6(STXBP1):c.1169_1175dup (p.Ile393fs)	"{""consequence"": [""frameshift variant""], ""protein_change"": ""I393fs, I357fs, I379fs, I390fs"", ""classification"": ""Pathogenic"", ""found_in"": [""clinvar""]}"
ClinVar:VCV000207452	variant	NM_001032221.6(STXBP1):c.1296dup (p.Pro433fs)	"{""consequence"": [""frameshift variant""], ""protein_change"": ""P433fs, P397fs, P419fs, P430fs"", ""classification"": ""Pathogenic"", ""found_in"": [""clinvar""]}"
ClinVar:VCV000207453	variant	NM_001032221.6(STXBP1):c.1611CAT[1] (p.Ile539del)	"{""consequence"": [""inframe_deletion""], ""protein_change"": ""I539del, I503del, I525del, I536del"", ""classification"": ""Pathogenic"", ""found_in"": [""clinvar""]}"
ClinVar:VCV000207458	variant	NM_001032221.6(STXBP1):c.388_389del (p.Leu130fs)	"{""consequence"": [""frameshift variant""], ""protein_change"": ""L130fs, L116fs, L127fs"", ""classification"": ""Pathogenic"", ""found_in"": [""clinvar""]}"
ClinVar:VCV000207460	variant	NM_001032221.6(STXBP1):c.1470del (p.Ile490fs)	"{""consequence"": [""frameshift variant""], ""protein_change"": ""I490fs, I454fs, I476fs, I487fs"", ""classification"": ""Pathogenic"", ""found_in"": [""clinvar""]}"
ClinVar:VCV000207461	variant	NM_001032221.6(STXBP1):c.1510del (p.Thr504fs)	"{""consequence"": [""frameshift variant""], ""protein_change"": ""T504fs, T468fs, T490fs, T501fs"", ""classification"": ""Pathogenic"", ""found_in"": [""clinvar""]}"
ClinVar:VCV000207462	variant	NM_001032221.6(STXBP1):c.1726del (p.Gln576fs)	"{""consequence"": [""frameshift variant"", ""3 prime UTR variant"", ""intron variant""], ""protein_change"": ""Q576fs, Q562fs, Q573fs"", ""classification"": ""Pathogenic"", ""found_in"": [""clinvar""]}"
ClinVar:VCV000207499	variant	NM_001199107.2(TBC1D24):c.457G>A (p.Glu153Lys)	"{""consequence"": [""missense variant""], ""protein_change"": ""E153K"", ""classification"": ""Pathogenic/Likely pathogenic"", ""found_in"": [""clinvar""]}"
ClinVar:VCV000207505	variant	NM_001199107.2(TBC1D24):c.845C>G (p.Pro282Arg)	"{""consequence"": [""missense variant""], ""protein_change"": ""P282R"", ""classification"": ""Pathogenic/Likely pathogenic"", ""found_in"": [""clinvar""]}"
ClinVar:VCV000207507	variant	NM_001199107.2(TBC1D24):c.475del (p.Leu159fs)	"{""consequence"": [""frameshift variant""], ""protein_change"": ""L159fs"", ""classification"": ""Pathogenic"", ""found_in"": [""clinvar""]}"
ClinVar:VCV000207516	variant	NM_001199107.2(TBC1D24):c.691_700delinsCTT (p.Val231fs)	"{""consequence"": [""frameshift variant""], ""protein_change"": ""V231fs"", ""classification"": ""Pathogenic"", ""found_in"": [""clinvar""]}"
ClinVar:VCV000208500	variant	NM_001330260.2(SCN8A):c.2300C>T (p.Thr767Ile)	"{""consequence"": [""missense variant""], ""protein_change"": ""T767I"", ""classification"": ""Pathogenic/Likely pathogenic"", ""found_in"": [""clinvar""]}"
ClinVar:VCV000208686	variant	NM_001032221.6(STXBP1):c.875G>T (p.Arg292Leu)	"{""consequence"": [""missense variant"", ""intron variant""], ""protein_change"": ""R292L, R278L, R289L"", ""classification"": ""Pathogenic"", ""found_in"": [""clinvar""]}"
ClinVar:VCV000210581	variant	NM_001367721.1(CASK):c.1981del (p.Leu661fs)	"{""consequence"": [""frameshift variant""], ""protein_change"": ""L638fs, L661fs, L632fs"", ""classification"": ""Pathogenic"", ""found_in"": [""clinvar""]}"
ClinVar:VCV000210585	variant	NM_001367721.1(CASK):c.2392C>T (p.Gln798Ter)	"{""consequence"": [""nonsense""], ""protein_change"": ""Q793*, Q798*, Q769*, Q770*, Q792*"", ""classification"": ""Pathogenic"", ""found_in"": [""clinvar""]}"
ClinVar:VCV000210586	variant	NM_001367721.1(CASK):c.2546_2547del (p.Glu849fs)	"{""consequence"": [""frameshift variant""], ""protein_change"": ""E849fs, E820fs, E821fs, E844fs"", ""classification"": ""Pathogenic"", ""found_in"": [""clinvar""]}"
ClinVar:VCV000212326	variant	NM_001032221.6(STXBP1):c.1029+1G>C	"{""consequence"": [""splice donor variant""], ""protein_change"": """", ""classification"": ""Pathogenic"", ""found_in"": [""clinvar""]}"
ClinVar:VCV000216899	variant	NM_001367721.1(CASK):c.2318-2A>G	"{""consequence"": [""splice acceptor variant""], ""protein_change"": """", ""classification"": ""Pathogenic"", ""found_in"": [""clinvar""]}"
ClinVar:VCV000217880	variant	NM_001330260.2(SCN8A):c.2675T>G (p.Val892Gly)	"{""consequence"": [""missense variant""], ""protein_change"": ""V892G"", ""classification"": ""Likely pathogenic"", ""found_in"": [""clinvar""]}"
ClinVar:VCV000224126	variant	NM_001330260.2(SCN8A):c.5276A>G (p.Asn1759Ser)	"{""consequence"": [""missense variant""], ""protein_change"": ""N1759S, N1718S"", ""classification"": ""Likely pathogenic"", ""found_in"": [""clinvar""]}"
ClinVar:VCV000225100	variant	NM_001330260.2(SCN8A):c.4859G>T (p.Arg1620Leu)	"{""consequence"": [""missense variant""], ""protein_change"": ""R1620L, R1579L"", ""classification"": ""Pathogenic"", ""found_in"": [""clinvar""]}"
ClinVar:VCV000236046	variant	NM_001199107.2(TBC1D24):c.194G>T (p.Arg65Leu)	"{""consequence"": [""missense variant""], ""protein_change"": ""R65L"", ""classification"": ""Pathogenic"", ""found_in"": [""clinvar""]}"
ClinVar:VCV000236207	variant	NM_001330260.2(SCN8A):c.800T>C (p.Leu267Ser)	"{""consequence"": [""missense variant""], ""protein_change"": ""L267S"", ""classification"": ""Pathogenic"", ""found_in"": [""clinvar""]}"
ClinVar:VCV000239512	variant	NM_001032221.6(STXBP1):c.798T>G (p.Tyr266Ter)	"{""consequence"": [""nonsense"", ""intron variant""], ""protein_change"": ""Y266*, Y252*, Y263*"", ""classification"": ""Pathogenic/Likely pathogenic"", ""found_in"": [""clinvar""]}"
ClinVar:VCV000240885	variant	NM_001330260.2(SCN8A):c.2519T>G (p.Leu840Arg)	"{""consequence"": [""missense variant""], ""protein_change"": ""L840R"", ""classification"": ""Likely pathogenic"", ""found_in"": [""clinvar""]}"
ClinVar:VCV000253195	variant	NM_001330260.2(SCN8A):c.4447G>A (p.Glu1483Lys)	"{""consequence"": [""missense variant""], ""protein_change"": ""E1483K, E1442K"", ""classification"": ""Pathogenic"", ""found_in"": [""clinvar""]}"
ClinVar:VCV000253276	variant	NM_014191.4(SCN8A):c.641G>A (p.Gly214Asp)	"{""consequence"": [""missense variant"", ""intron variant""], ""protein_change"": ""G214D"", ""classification"": ""Likely pathogenic"", ""found_in"": [""clinvar""]}"
ClinVar:VCV000253277	variant	NM_014191.4(SCN8A):c.643A>G (p.Asn215Asp)	"{""consequence"": [""missense variant"", ""intron variant""], ""protein_change"": ""N215D"", ""classification"": ""Pathogenic"", ""found_in"": [""clinvar""]}"
ClinVar:VCV000253279	variant	NM_001330260.2(SCN8A):c.779T>C (p.Phe260Ser)	"{""consequence"": [""missense variant""], ""protein_change"": ""F260S"", ""classification"": ""Pathogenic"", ""found_in"": [""clinvar""]}"
ClinVar:VCV000253284	variant	NM_001330260.2(SCN8A):c.2537T>C (p.Phe846Ser)	"{""consequence"": [""missense variant""], ""protein_change"": ""F846S"", ""classification"": ""Pathogenic"", ""found_in"": [""clinvar""]}"
ClinVar:VCV000253287	variant	NM_001330260.2(SCN8A):c.2879T>A (p.Val960Asp)	"{""consequence"": [""missense variant""], ""protein_change"": ""V960D"", ""classification"": ""Pathogenic"", ""found_in"": [""clinvar""]}"
ClinVar:VCV000253288	variant	NM_001330260.2(SCN8A):c.3979A>G (p.Ile1327Val)	"{""consequence"": [""missense variant""], ""protein_change"": ""I1327V, I1286V"", ""classification"": ""Pathogenic"", ""found_in"": [""clinvar""]}"
ClinVar:VCV000253289	variant	NP_055006.1(SCN8A):p.Pro1428_Lys1473del	"{""consequence"": [], ""protein_change"": """", ""classification"": ""Pathogenic"", ""found_in"": [""clinvar""]}"
ClinVar:VCV000253290	variant	NM_001330260.2(SCN8A):c.4787C>G (p.Ser1596Cys)	"{""consequence"": [""missense variant""], ""protein_change"": ""S1596C, S1555C"", ""classification"": ""Pathogenic"", ""found_in"": [""clinvar""]}"
ClinVar:VCV000253292	variant	NM_001330260.2(SCN8A):c.4862T>G (p.Leu1621Trp)	"{""consequence"": [""missense variant""], ""protein_change"": ""L1621W, L1580W"", ""classification"": ""Pathogenic/Likely pathogenic"", ""found_in"": [""clinvar""]}"
ClinVar:VCV000253294	variant	NM_001330260.2(SCN8A):c.4948G>A (p.Ala1650Thr)	"{""consequence"": [""missense variant""], ""protein_change"": ""A1650T, A1609T"", ""classification"": ""Pathogenic"", ""found_in"": [""clinvar""]}"
ClinVar:VCV000253295	variant	NM_001330260.2(SCN8A):c.5401C>G (p.Gln1801Glu)	"{""consequence"": [""missense variant""], ""protein_change"": ""Q1801E, Q1760E"", ""classification"": ""Pathogenic"", ""found_in"": [""clinvar""]}"
ClinVar:VCV000253297	variant	NM_001330260.2(SCN8A):c.5615G>A (p.Arg1872Gln)	"{""consequence"": [""missense variant""], ""protein_change"": ""R1872Q, R1831Q"", ""classification"": ""Pathogenic"", ""found_in"": [""clinvar""]}"
ClinVar:VCV000253429	variant	GRCh37/hg19 9q34.11(chr9:130373225-130453427)x1	"{""consequence"": [], ""protein_change"": """", ""classification"": ""Pathogenic"", ""found_in"": [""clinvar""]}"
ClinVar:VCV000253463	variant	GRCh37/hg19 9q34.11(chr9:130415943-130420935)x1	"{""consequence"": [], ""protein_change"": """", ""classification"": ""Pathogenic"", ""found_in"": [""clinvar""]}"
ClinVar:VCV000253486	variant	GRCh37/hg19 9q34.11(chr9:130420443-130420935)x1	"{""consequence"": [], ""protein_change"": """", ""classification"": ""Pathogenic"", ""found_in"": [""clinvar""]}"
ClinVar:VCV000253494	variant	GRCh37/hg19 9q34.11(chr9:130430429-130430704)x1	"{""consequence"": [], ""protein_change"": """", ""classification"": ""Pathogenic"", ""found_in"": [""clinvar""]}"
ClinVar:VCV000253662	variant	GRCh37/hg19 Xp11.4(chrX:41485589-41486197)x1	"{""consequence"": [], ""protein_change"": """", ""classification"": ""Pathogenic"", ""found_in"": [""clinvar""]}"
ClinVar:VCV000254208	variant	NM_001367721.1(CASK):c.1465C>T (p.Arg489Trp)	"{""consequence"": [""missense variant""], ""protein_change"": ""R489W, R483W"", ""classification"": ""Pathogenic/Likely pathogenic"", ""found_in"": [""clinvar""]}"
ClinVar:VCV000265263	variant	NM_001032221.6(STXBP1):c.1277T>C (p.Leu426Pro)	"{""consequence"": [""missense variant""], ""protein_change"": ""L426P, L390P, L412P, L423P"", ""classification"": ""Pathogenic"", ""found_in"": [""clinvar""]}"
ClinVar:VCV000265316	variant	NM_001367721.1(CASK):c.2521-2A>G	"{""consequence"": [""splice acceptor variant""], ""protein_change"": """", ""classification"": ""Pathogenic/Likely pathogenic"", ""found_in"": [""clinvar""]}"
ClinVar:VCV000265320	variant	NM_001367721.1(CASK):c.609G>A (p.Trp203Ter)	"{""consequence"": [""nonsense""], ""protein_change"": ""W203*"", ""classification"": ""Pathogenic"", ""found_in"": [""clinvar""]}"
ClinVar:VCV000265323	variant	NM_001367721.1(CASK):c.2344G>T (p.Glu782Ter)	"{""consequence"": [""nonsense""], ""protein_change"": ""E777*, E753*, E754*, E782*, E776*"", ""classification"": ""Pathogenic"", ""found_in"": [""clinvar""]}"
ClinVar:VCV000265594	variant	NM_001367721.1(CASK):c.2527A>T (p.Lys843Ter)	"{""consequence"": [""nonsense""], ""protein_change"": ""K838*, K815*, K814*, K843*, K837*"", ""classification"": ""Pathogenic"", ""found_in"": [""clinvar""]}"
ClinVar:VCV000265654	variant	NM_001367721.1(CASK):c.2100G>A (p.Trp700Ter)	"{""consequence"": [""nonsense""], ""protein_change"": ""W700*, W677*, W671*, W694*"", ""classification"": ""Pathogenic"", ""found_in"": [""clinvar""]}"
ClinVar:VCV000279730	variant	NM_001367721.1(CASK):c.429+1G>A	"{""consequence"": [""splice donor variant""], ""protein_change"": """", ""classification"": ""Pathogenic"", ""found_in"": [""clinvar""]}"
ClinVar:VCV000279904	variant	NM_001032221.6(STXBP1):c.1217G>A (p.Arg406His)	"{""consequence"": [""missense variant""], ""protein_change"": ""R406H, R370H, R403H, R392H"", ""classification"": ""Pathogenic/Likely pathogenic"", ""found_in"": [""clinvar""]}"
ClinVar:VCV000279959	variant	NM_001367721.1(CASK):c.523dup (p.Val175fs)	"{""consequence"": [""frameshift variant""], ""protein_change"": ""V175fs"", ""classification"": ""Pathogenic"", ""found_in"": [""clinvar""]}"
ClinVar:VCV000280041	variant	NM_001032221.6(STXBP1):c.1060T>C (p.Cys354Arg)	"{""consequence"": [""missense variant""], ""protein_change"": ""C354R, C318R, C340R, C351R"", ""classification"": ""Pathogenic"", ""found_in"": [""clinvar""]}"
ClinVar:VCV000280437	variant	NM_001367721.1(CASK):c.2270dup (p.Asn757fs)	"{""consequence"": [""frameshift variant""], ""protein_change"": ""N757fs, N729fs, N752fs, N728fs"", ""classification"": ""Pathogenic"", ""found_in"": [""clinvar""]}"
ClinVar:VCV000280467	variant	NM_001032221.6(STXBP1):c.124T>C (p.Ser42Pro)	"{""consequence"": [""missense variant""], ""protein_change"": ""S42P, S28P"", ""classification"": ""Pathogenic/Likely pathogenic"", ""found_in"": [""clinvar""]}"
ClinVar:VCV000280771	variant	NM_001032221.6(STXBP1):c.662dup (p.Asp224fs)	"{""consequence"": [""frameshift variant""], ""protein_change"": ""D224fs, D210fs, D221fs"", ""classification"": ""Pathogenic"", ""found_in"": [""clinvar""]}"
ClinVar:VCV000280844	variant	NM_001032221.6(STXBP1):c.902+1G>C	"{""consequence"": [""splice donor variant"", ""intron variant""], ""protein_change"": """", ""classification"": ""Pathogenic"", ""found_in"": [""clinvar""]}"
ClinVar:VCV000280913	variant	NM_001032221.6(STXBP1):c.634delinsCAACAATGATG (p.Tyr212delinsGlnGlnTer)	"{""consequence"": [""nonsense""], ""protein_change"": """", ""classification"": ""Pathogenic"", ""found_in"": [""clinvar""]}"
ClinVar:VCV000289276	variant	NM_001032221.6(STXBP1):c.400_401del (p.Asn134fs)	"{""consequence"": [""frameshift variant""], ""protein_change"": ""N134fs, N120fs, N131fs"", ""classification"": ""Pathogenic"", ""found_in"": [""clinvar""]}"
ClinVar:VCV000290005	variant	NM_001330260.2(SCN8A):c.4877G>A (p.Arg1626His)	"{""consequence"": [""missense variant""], ""protein_change"": ""R1626H, R1585H"", ""classification"": ""Pathogenic/Likely pathogenic"", ""found_in"": [""clinvar""]}"
ClinVar:VCV000372559	variant	NM_001032221.6(STXBP1):c.1012C>T (p.Gln338Ter)	"{""consequence"": [""nonsense""], ""protein_change"": ""Q338*, Q302*, Q324*, Q335*"", ""classification"": ""Pathogenic"", ""found_in"": [""clinvar""]}"
ClinVar:VCV000372683	variant	NM_001367721.1(CASK):c.1582G>A (p.Gly528Ser)	"{""consequence"": [""missense variant""], ""protein_change"": ""G528S, G522S"", ""classification"": ""Likely pathogenic"", ""found_in"": [""clinvar""]}"
ClinVar:VCV000372989	variant	NM_001032221.6(STXBP1):c.1549G>T (p.Ala517Ser)	"{""consequence"": [""missense variant""], ""protein_change"": ""A517S, A481S, A503S, A514S"", ""classification"": ""Likely pathogenic"", ""found_in"": [""clinvar""]}"
ClinVar:VCV000373029	variant	NM_001032221.6(STXBP1):c.1095_1096del (p.Cys366fs)	"{""consequence"": [""frameshift variant""], ""protein_change"": ""C366fs, C330fs, C352fs, C363fs"", ""classification"": ""Pathogenic"", ""found_in"": [""clinvar""]}"
ClinVar:VCV000373045	variant	NM_001032221.6(STXBP1):c.148dup (p.Ile50fs)	"{""consequence"": [""frameshift variant""], ""protein_change"": ""I50fs, I36fs"", ""classification"": ""Pathogenic"", ""found_in"": [""clinvar""]}"
ClinVar:VCV000373139	variant	NM_001367721.1(CASK):c.2383C>T (p.Gln795Ter)	"{""consequence"": [""nonsense""], ""protein_change"": ""Q790*, Q767*, Q766*, Q795*, Q789*"", ""classification"": ""Pathogenic"", ""found_in"": [""clinvar""]}"
ClinVar:VCV000373210	variant	NM_001032221.6(STXBP1):c.1652G>T (p.Arg551Leu)	"{""consequence"": [""missense variant""], ""protein_change"": ""R551L, R515L, R537L, R548L"", ""classification"": ""Pathogenic"", ""found_in"": [""clinvar""]}"
ClinVar:VCV000373333	variant	NM_001330260.2(SCN8A):c.2533T>C (p.Ser845Pro)	"{""consequence"": [""missense variant""], ""protein_change"": ""S845P"", ""classification"": ""Likely pathogenic"", ""found_in"": [""clinvar""]}"
ClinVar:VCV000374223	variant	NM_001032221.6(STXBP1):c.1082C>T (p.Thr361Ile)	"{""consequence"": [""missense variant""], ""protein_change"": ""T361I, T325I, T347I, T358I"", ""classification"": ""Likely pathogenic"", ""found_in"": [""clinvar""]}"
ClinVar:VCV000374227	variant	NM_001032221.6(STXBP1):c.1072del (p.Tyr358fs)	"{""consequence"": [""frameshift variant""], ""protein_change"": ""Y358fs, Y322fs, Y344fs, Y355fs"", ""classification"": ""Likely pathogenic"", ""found_in"": [""clinvar""]}"
ClinVar:VCV000374298	variant	NM_014191.4(SCN8A):c.647T>G (p.Val216Gly)	"{""consequence"": [""missense variant"", ""intron variant""], ""protein_change"": ""V216G"", ""classification"": ""Likely pathogenic"", ""found_in"": [""clinvar""]}"
ClinVar:VCV000374375	variant	NM_001330260.2(SCN8A):c.4403A>G (p.Asn1468Ser)	"{""consequence"": [""missense variant""], ""protein_change"": ""N1468S, N1427S"", ""classification"": ""Likely pathogenic"", ""found_in"": [""clinvar""]}"
ClinVar:VCV000374662	variant	NM_001032221.6(STXBP1):c.1249+1G>C	"{""consequence"": [""splice donor variant""], ""protein_change"": """", ""classification"": ""Pathogenic"", ""found_in"": [""clinvar""]}"
ClinVar:VCV000374707	variant	NM_001330260.2(SCN8A):c.1141C>T (p.Arg381Ter)	"{""consequence"": [""nonsense""], ""protein_change"": ""R381*"", ""classification"": ""Pathogenic/Likely pathogenic"", ""found_in"": [""clinvar""]}"
ClinVar:VCV000374802	variant	NM_003688.3:c.116_117delCA	"{""consequence"": [], ""protein_change"": """", ""classification"": ""Pathogenic"", ""found_in"": [""clinvar""]}"
ClinVar:VCV000375214	variant	NM_001032221.6(STXBP1):c.902+1G>A	"{""consequence"": [""splice donor variant"", ""intron variant""], ""protein_change"": """", ""classification"": ""Pathogenic"", ""found_in"": [""clinvar""]}"
ClinVar:VCV000375464	variant	NM_001032221.6(STXBP1):c.1006C>T (p.Gln336Ter)	"{""consequence"": [""nonsense""], ""protein_change"": ""Q336*, Q300*, Q322*, Q333*"", ""classification"": ""Pathogenic"", ""found_in"": [""clinvar""]}"
ClinVar:VCV000375519	variant	NM_001032221.6(STXBP1):c.1565G>A (p.Trp522Ter)	"{""consequence"": [""nonsense""], ""protein_change"": ""W522*, W486*, W508*, W519*"", ""classification"": ""Pathogenic"", ""found_in"": [""clinvar""]}"
ClinVar:VCV000375520	variant	NM_001032221.6(STXBP1):c.57_59del (p.Ile19_Lys20delinsMet)	"{""consequence"": [""inframe_indel""], ""protein_change"": """", ""classification"": ""Pathogenic"", ""found_in"": [""clinvar""]}"
ClinVar:VCV000375521	variant	NM_001032221.6(STXBP1):c.1408G>T (p.Glu470Ter)	"{""consequence"": [""nonsense""], ""protein_change"": ""E470*, E434*, E456*, E467*"", ""classification"": ""Pathogenic"", ""found_in"": [""clinvar""]}"
ClinVar:VCV000375522	variant	NM_001330260.2(SCN8A):c.2932A>G (p.Ser978Gly)	"{""consequence"": [""missense variant""], ""protein_change"": ""S978G"", ""classification"": ""Pathogenic/Likely pathogenic"", ""found_in"": [""clinvar""]}"
ClinVar:VCV000377169	variant	NM_001330260.2(SCN8A):c.4501C>A (p.Gln1501Lys)	"{""consequence"": [""missense variant""], ""protein_change"": ""Q1501K, Q1460K"", ""classification"": ""Likely pathogenic"", ""found_in"": [""clinvar""]}"
ClinVar:VCV000379255	variant	NM_001032221.6(STXBP1):c.1689G>A (p.Trp563Ter)	"{""consequence"": [""nonsense""], ""protein_change"": ""W563*, W527*, W549*, W560*"", ""classification"": ""Pathogenic"", ""found_in"": [""clinvar""]}"
ClinVar:VCV000379533	variant	NM_001032221.6(STXBP1):c.794+5G>A	"{""consequence"": [""intron variant""], ""protein_change"": """", ""classification"": ""Pathogenic"", ""found_in"": [""clinvar""]}"
ClinVar:VCV000379855	variant	NM_001032221.6(STXBP1):c.579-2A>G	"{""consequence"": [""splice acceptor variant""], ""protein_change"": """", ""classification"": ""Pathogenic"", ""found_in"": [""clinvar""]}"
ClinVar:VCV000383440	variant	NM_001330260.2(SCN8A):c.4873G>T (p.Gly1625Trp)	"{""consequence"": [""missense variant""], ""protein_change"": ""G1625W, G1584W"", ""classification"": ""Likely pathogenic"", ""found_in"": [""clinvar""]}"
ClinVar:VCV000383545	variant	NM_001330260.2(SCN8A):c.2890G>C (p.Gly964Arg)	"{""consequence"": [""missense variant""], ""protein_change"": ""G964R"", ""classification"": ""Pathogenic"", ""found_in"": [""clinvar""]}"
ClinVar:VCV000383841	variant	NM_001367721.1(CASK):c.493G>C (p.Val165Leu)	"{""consequence"": [""missense variant""], ""protein_change"": ""V165L"", ""classification"": ""Likely pathogenic"", ""found_in"": [""clinvar""]}"
ClinVar:VCV000388057	variant	NM_001032221.6(STXBP1):c.1360-2A>G	"{""consequence"": [""splice acceptor variant""], ""protein_change"": """", ""classification"": ""Pathogenic"", ""found_in"": [""clinvar""]}"
ClinVar:VCV000389269	variant	NM_001032221.6(STXBP1):c.1642A>G (p.Asn548Asp)	"{""consequence"": [""missense variant""], ""protein_change"": ""N548D, N512D, N534D, N545D"", ""classification"": ""Likely pathogenic"", ""found_in"": [""clinvar""]}"
ClinVar:VCV000390566	variant	NM_001367721.1(CASK):c.2018C>T (p.Pro673Leu)	"{""consequence"": [""missense variant""], ""protein_change"": ""P673L, P650L, P644L, P667L"", ""classification"": ""Likely pathogenic"", ""found_in"": [""clinvar""]}"
ClinVar:VCV000391391	variant	NM_001330260.2(SCN8A):c.4438T>A (p.Phe1480Ile)	"{""consequence"": [""missense variant""], ""protein_change"": ""F1480I, F1439I"", ""classification"": ""Pathogenic"", ""found_in"": [""clinvar""]}"
ClinVar:VCV000391687	variant	NM_001199107.2(TBC1D24):c.121C>T (p.Gln41Ter)	"{""consequence"": [""nonsense""], ""protein_change"": ""Q41*"", ""classification"": ""Pathogenic"", ""found_in"": [""clinvar""]}"
ClinVar:VCV000391688	variant	NM_001199107.2(TBC1D24):c.321T>A (p.Asn107Lys)	"{""consequence"": [""missense variant""], ""protein_change"": ""N107K"", ""classification"": ""Likely pathogenic"", ""found_in"": [""clinvar""]}"
ClinVar:VCV000392425	variant	NM_001367721.1(CASK):c.1504-2A>C	"{""consequence"": [""splice acceptor variant""], ""protein_change"": """", ""classification"": ""Pathogenic"", ""found_in"": [""clinvar""]}"
ClinVar:VCV000393201	variant	NM_001032221.6(STXBP1):c.767T>C (p.Leu256Pro)	"{""consequence"": [""missense variant""], ""protein_change"": ""L256P, L242P, L253P"", ""classification"": ""Likely pathogenic"", ""found_in"": [""clinvar""]}"
ClinVar:VCV000402136	variant	NM_006651.4(CPLX1):c.322G>T (p.Glu108Ter)	"{""consequence"": [""nonsense""], ""protein_change"": ""E108*"", ""classification"": ""Likely pathogenic"", ""found_in"": [""clinvar""]}"
ClinVar:VCV000406260	variant	NM_001330260.2(SCN8A):c.1339C>T (p.Gln447Ter)	"{""consequence"": [""nonsense""], ""protein_change"": ""Q447*"", ""classification"": ""Pathogenic"", ""found_in"": [""clinvar""]}"
ClinVar:VCV000407777	variant	NM_001032221.6(STXBP1):c.1434G>A (p.Trp478Ter)	"{""consequence"": [""nonsense""], ""protein_change"": ""W478*, W442*, W464*, W475*"", ""classification"": ""Pathogenic"", ""found_in"": [""clinvar""]}"
ClinVar:VCV000407778	variant	NM_001032221.6(STXBP1):c.265del (p.Ser89fs)	"{""consequence"": [""frameshift variant""], ""protein_change"": ""S89fs, S75fs"", ""classification"": ""Pathogenic"", ""found_in"": [""clinvar""]}"
ClinVar:VCV000407780	variant	NM_001032221.6(STXBP1):c.385A>C (p.Thr129Pro)	"{""consequence"": [""missense variant""], ""protein_change"": ""T129P, T115P, T126P"", ""classification"": ""Likely pathogenic"", ""found_in"": [""clinvar""]}"
ClinVar:VCV000413875	variant	NM_014191.4(SCN8A):c.615-2A>C	"{""consequence"": [""splice acceptor variant"", ""intron variant""], ""protein_change"": """", ""classification"": ""Likely pathogenic"", ""found_in"": [""clinvar""]}"
ClinVar:VCV000418109	variant	NM_001367721.1(CASK):c.1837C>T (p.Arg613Ter)	"{""consequence"": [""nonsense""], ""protein_change"": ""R613*, R584*, R590*, R607*"", ""classification"": ""Pathogenic/Likely pathogenic"", ""found_in"": [""clinvar""]}"
ClinVar:VCV000418760	variant	NM_001032221.6(STXBP1):c.1204del (p.Tyr402fs)	"{""consequence"": [""frameshift variant""], ""protein_change"": ""Y402fs, Y366fs, Y388fs, Y399fs"", ""classification"": ""Pathogenic"", ""found_in"": [""clinvar""]}"
ClinVar:VCV000419208	variant	NM_001330260.2(SCN8A):c.4419+1A>G	"{""consequence"": [""splice donor variant""], ""protein_change"": """", ""classification"": ""Pathogenic"", ""found_in"": [""clinvar""]}"
ClinVar:VCV000419223	variant	NM_001032221.6(STXBP1):c.1217G>T (p.Arg406Leu)	"{""consequence"": [""missense variant""], ""protein_change"": ""R406L, R370L, R392L, R403L"", ""classification"": ""Pathogenic/Likely pathogenic"", ""found_in"": [""clinvar""]}"
ClinVar:VCV000419296	variant	NM_001199107.2(TBC1D24):c.1499C>T (p.Ala500Val)	"{""consequence"": [""missense variant""], ""protein_change"": ""A500V, A494V"", ""classification"": ""Pathogenic/Likely pathogenic"", ""found_in"": [""clinvar""]}"
ClinVar:VCV000419511	variant	NM_001330260.2(SCN8A):c.718A>C (p.Ile240Leu)	"{""consequence"": [""missense variant""], ""protein_change"": ""I240L"", ""classification"": ""Pathogenic"", ""found_in"": [""clinvar""]}"
ClinVar:VCV000419568	variant	NM_001330260.2(SCN8A):c.718A>G (p.Ile240Val)	"{""consequence"": [""missense variant""], ""protein_change"": ""I240V"", ""classification"": ""Pathogenic/Likely pathogenic"", ""found_in"": [""clinvar""]}"
ClinVar:VCV000419604	variant	NM_001032221.6(STXBP1):c.84G>A (p.Trp28Ter)	"{""consequence"": [""nonsense""], ""protein_change"": ""W28*, W14*"", ""classification"": ""Pathogenic"", ""found_in"": [""clinvar""]}"
ClinVar:VCV000419724	variant	NM_001032221.6(STXBP1):c.260_261dup (p.Ile88fs)	"{""consequence"": [""frameshift variant""], ""protein_change"": ""I88fs, I74fs"", ""classification"": ""Pathogenic"", ""found_in"": [""clinvar""]}"
ClinVar:VCV000419782	variant	NM_001199107.2(TBC1D24):c.58C>T (p.Gln20Ter)	"{""consequence"": [""nonsense""], ""protein_change"": ""Q20*"", ""classification"": ""Pathogenic"", ""found_in"": [""clinvar""]}"
ClinVar:VCV000420307	variant	NM_001367721.1(CASK):c.1586C>A (p.Thr529Lys)	"{""consequence"": [""missense variant""], ""protein_change"": ""T529K, T523K"", ""classification"": ""Likely pathogenic"", ""found_in"": [""clinvar""]}"
ClinVar:VCV000420809	variant	NM_014191.4(SCN8A):c.649T>C (p.Ser217Pro)	"{""consequence"": [""missense variant"", ""intron variant""], ""protein_change"": ""S217P"", ""classification"": ""Pathogenic"", ""found_in"": [""clinvar""]}"
ClinVar:VCV000420831	variant	NM_001330260.2(SCN8A):c.5606T>C (p.Met1869Thr)	"{""consequence"": [""missense variant""], ""protein_change"": ""M1869T, M1828T"", ""classification"": ""Pathogenic/Likely pathogenic"", ""found_in"": [""clinvar""]}"
ClinVar:VCV000420906	variant	NM_001330260.2(SCN8A):c.769C>G (p.Leu257Val)	"{""consequence"": [""missense variant""], ""protein_change"": ""L257V"", ""classification"": ""Likely pathogenic"", ""found_in"": [""clinvar""]}"
ClinVar:VCV000421141	variant	NM_001367721.1(CASK):c.763C>T (p.Arg255Cys)	"{""consequence"": [""missense variant""], ""protein_change"": ""R255C"", ""classification"": ""Pathogenic/Likely pathogenic"", ""found_in"": [""clinvar""]}"
ClinVar:VCV000421795	variant	NM_001199107.2(TBC1D24):c.1360_1363dup (p.Pro455fs)	"{""consequence"": [""frameshift variant""], ""protein_change"": ""P455fs, P449fs"", ""classification"": ""Pathogenic/Likely pathogenic"", ""found_in"": [""clinvar""]}"
ClinVar:VCV000422098	variant	NM_001199107.2(TBC1D24):c.192C>A (p.Cys64Ter)	"{""consequence"": [""nonsense""], ""protein_change"": ""C64*"", ""classification"": ""Likely pathogenic"", ""found_in"": [""clinvar""]}"
ClinVar:VCV000422789	variant	NM_001032221.6(STXBP1):c.709_715del (p.Phe237fs)	"{""consequence"": [""frameshift variant""], ""protein_change"": ""F237fs, F223fs, F234fs"", ""classification"": ""Pathogenic"", ""found_in"": [""clinvar""]}"
ClinVar:VCV000423147	variant	NM_001330260.2(SCN8A):c.5077_5091del (p.Asn1693_Cys1697del)	"{""consequence"": [""inframe_deletion""], ""protein_change"": """", ""classification"": ""Likely pathogenic"", ""found_in"": [""clinvar""]}"
ClinVar:VCV000423284	variant	NM_001367721.1(CASK):c.59+2T>C	"{""consequence"": [""splice donor variant""], ""protein_change"": """", ""classification"": ""Pathogenic/Likely pathogenic"", ""found_in"": [""clinvar""]}"
ClinVar:VCV000423552	variant	NM_001367721.1(CASK):c.2191GTA[1] (p.Val732del)	"{""consequence"": [""inframe_indel"", ""inframe_deletion""], ""protein_change"": ""V727del, V704del, V732del, V703del, V726del"", ""classification"": ""Pathogenic"", ""found_in"": [""clinvar""]}"
ClinVar:VCV000423968	variant	NM_001032221.6(STXBP1):c.748C>T (p.Gln250Ter)	"{""consequence"": [""nonsense""], ""protein_change"": ""Q250*, Q236*, Q247*"", ""classification"": ""Pathogenic"", ""found_in"": [""clinvar""]}"
ClinVar:VCV000424249	variant	NM_001367721.1(CASK):c.1480C>T (p.Gln494Ter)	"{""consequence"": [""nonsense""], ""protein_change"": ""Q494*, Q488*"", ""classification"": ""Pathogenic/Likely pathogenic"", ""found_in"": [""clinvar""]}"
ClinVar:VCV000424258	variant	NM_001367721.1(CASK):c.2425G>A (p.Gly809Ser)	"{""consequence"": [""missense variant""], ""protein_change"": ""G804S, G780S, G809S, G781S, G803S"", ""classification"": ""Likely pathogenic"", ""found_in"": [""clinvar""]}"
ClinVar:VCV000424476	variant	NM_001032221.6(STXBP1):c.420T>A (p.Tyr140Ter)	"{""consequence"": [""nonsense""], ""protein_change"": ""Y140*, Y126*, Y137*"", ""classification"": ""Pathogenic"", ""found_in"": [""clinvar""]}"
ClinVar:VCV000425556	variant	NM_001199107.2(TBC1D24):c.919A>C (p.Asn307His)	"{""consequence"": [""missense variant""], ""protein_change"": ""N307H"", ""classification"": ""Pathogenic"", ""found_in"": [""clinvar""]}"
ClinVar:VCV000426136	variant	NM_001032221.6(STXBP1):c.963+1G>T	"{""consequence"": [""splice donor variant""], ""protein_change"": """", ""classification"": ""Pathogenic"", ""found_in"": [""clinvar""]}"
ClinVar:VCV000426434	variant	NM_001330260.2(SCN8A):c.5614C>G (p.Arg1872Gly)	"{""consequence"": [""missense variant""], ""protein_change"": ""R1872G, R1831G"", ""classification"": ""Pathogenic"", ""found_in"": [""clinvar""]}"
ClinVar:VCV000427016	variant	NM_001032221.6(STXBP1):c.107T>G (p.Leu36Ter)	"{""consequence"": [""nonsense""], ""protein_change"": ""L36*, L22*"", ""classification"": ""Pathogenic"", ""found_in"": [""clinvar""]}"
ClinVar:VCV000427039	variant	NM_001032221.6(STXBP1):c.1003C>T (p.Pro335Ser)	"{""consequence"": [""missense variant""], ""protein_change"": ""P335S, P299S, P321S, P332S"", ""classification"": ""Pathogenic/Likely pathogenic"", ""found_in"": [""clinvar""]}"
ClinVar:VCV000427069	variant	NM_001330260.2(SCN8A):c.2525T>A (p.Val842Glu)	"{""consequence"": [""missense variant""], ""protein_change"": ""V842E"", ""classification"": ""Pathogenic"", ""found_in"": [""clinvar""]}"
ClinVar:VCV000427167	variant	NM_001330260.2(SCN8A):c.4892T>A (p.Ile1631Asn)	"{""consequence"": [""missense variant""], ""protein_change"": ""I1631N, I1590N"", ""classification"": ""Likely pathogenic"", ""found_in"": [""clinvar""]}"
ClinVar:VCV000427189	variant	NM_001330260.2(SCN8A):c.802A>C (p.Ile268Leu)	"{""consequence"": [""missense variant""], ""protein_change"": ""I268L"", ""classification"": ""Likely pathogenic"", ""found_in"": [""clinvar""]}"
ClinVar:VCV000427203	variant	NM_001032221.6(STXBP1):c.695T>A (p.Ile232Asn)	"{""consequence"": [""missense variant""], ""protein_change"": ""I232N, I218N, I229N"", ""classification"": ""Likely pathogenic"", ""found_in"": [""clinvar""]}"
ClinVar:VCV000429337	variant	NM_001330260.2(SCN8A):c.1759G>T (p.Glu587Ter)	"{""consequence"": [""nonsense""], ""protein_change"": ""E587*"", ""classification"": ""Likely pathogenic"", ""found_in"": [""clinvar""]}"
ClinVar:VCV000429498	variant	NM_001330260.2(SCN8A):c.4879A>C (p.Ile1627Leu)	"{""consequence"": [""missense variant""], ""protein_change"": ""I1627L, I1586L"", ""classification"": ""Likely pathogenic"", ""found_in"": [""clinvar""]}"
ClinVar:VCV000429567	variant	NM_001330260.2(SCN8A):c.1342-3T>G	"{""consequence"": [""intron variant""], ""protein_change"": """", ""classification"": ""Likely pathogenic"", ""found_in"": [""clinvar""]}"
ClinVar:VCV000429630	variant	NM_001199107.2(TBC1D24):c.679C>T (p.Arg227Trp)	"{""consequence"": [""missense variant""], ""protein_change"": ""R227W"", ""classification"": ""Pathogenic/Likely pathogenic"", ""found_in"": [""clinvar""]}"
ClinVar:VCV000429757	variant	NM_001032221.6(STXBP1):c.1631G>T (p.Gly544Val)	"{""consequence"": [""missense variant""], ""protein_change"": ""G544V, G508V, G530V, G541V"", ""classification"": ""Pathogenic"", ""found_in"": [""clinvar""]}"
ClinVar:VCV000430018	variant	NM_001199107.2(TBC1D24):c.557del (p.Leu186fs)	"{""consequence"": [""frameshift variant""], ""protein_change"": ""L186fs"", ""classification"": ""Pathogenic"", ""found_in"": [""clinvar""]}"
ClinVar:VCV000430025	variant	NM_003165.6(STXBP1):c.1708A>G (p.Thr570Ala)	"{""consequence"": [""missense variant"", ""intron variant""], ""protein_change"": ""T570A, T534A, T556A"", ""classification"": ""Likely pathogenic"", ""found_in"": [""clinvar""]}"
ClinVar:VCV000430208	variant	NM_001330260.2(SCN8A):c.5360C>A (p.Thr1787Asn)	"{""consequence"": [""missense variant""], ""protein_change"": ""T1787N, T1746N"", ""classification"": ""Pathogenic/Likely pathogenic"", ""found_in"": [""clinvar""]}"
ClinVar:VCV000430369	variant	NM_001032221.6(STXBP1):c.872T>C (p.Leu291Pro)	"{""consequence"": [""missense variant"", ""intron variant""], ""protein_change"": ""L291P, L277P, L288P"", ""classification"": ""Likely pathogenic"", ""found_in"": [""clinvar""]}"
ClinVar:VCV000431135	variant	NM_001330260.2(SCN8A):c.4394A>T (p.Asp1465Val)	"{""consequence"": [""missense variant""], ""protein_change"": ""D1465V, D1424V"", ""classification"": ""Pathogenic"", ""found_in"": [""clinvar""]}"
ClinVar:VCV000431176	variant	NM_001367721.1(CASK):c.68del (p.Phe23fs)	"{""consequence"": [""frameshift variant""], ""protein_change"": ""F23fs"", ""classification"": ""Pathogenic"", ""found_in"": [""clinvar""]}"
ClinVar:VCV000431484	variant	NM_005639.3(SYT1):c.1103T>C (p.Ile368Thr)	"{""consequence"": [""missense variant""], ""protein_change"": ""I365T, I368T"", ""classification"": ""Pathogenic/Likely pathogenic"", ""found_in"": [""clinvar""]}"
ClinVar:VCV000432074	variant	NM_001367721.1(CASK):c.496G>C (p.Ala166Pro)	"{""consequence"": [""missense variant""], ""protein_change"": ""A166P"", ""classification"": ""Likely pathogenic"", ""found_in"": [""clinvar""]}"
ClinVar:VCV000432103	variant	NM_001330260.2(SCN8A):c.1219T>A (p.Leu407Met)	"{""consequence"": [""missense variant""], ""protein_change"": ""L407M"", ""classification"": ""Likely pathogenic"", ""found_in"": [""clinvar""]}"
ClinVar:VCV000432242	variant	NM_001367721.1(CASK):c.660C>G (p.Tyr220Ter)	"{""consequence"": [""nonsense""], ""protein_change"": ""Y220*"", ""classification"": ""Pathogenic"", ""found_in"": [""clinvar""]}"
ClinVar:VCV000432816	variant	NM_001367721.1(CASK):c.626T>C (p.Leu209Pro)	"{""consequence"": [""missense variant""], ""protein_change"": ""L209P"", ""classification"": ""Pathogenic/Likely pathogenic"", ""found_in"": [""clinvar""]}"
ClinVar:VCV000432948	variant	NM_001330260.2(SCN8A):c.3943G>T (p.Val1315Leu)	"{""consequence"": [""missense variant""], ""protein_change"": ""V1315L, V1274L"", ""classification"": ""Pathogenic/Likely pathogenic"", ""found_in"": [""clinvar""]}"
ClinVar:VCV000433537	variant	NM_001367721.1(CASK):c.2604+1G>T	"{""consequence"": [""splice donor variant""], ""protein_change"": """", ""classification"": ""Pathogenic"", ""found_in"": [""clinvar""]}"
ClinVar:VCV000434586	variant	NM_001367721.1(CASK):c.2549_2550del (p.Phe850fs)	"{""consequence"": [""frameshift variant""], ""protein_change"": ""F822fs, F845fs, F850fs, F821fs"", ""classification"": ""Pathogenic"", ""found_in"": [""clinvar""]}"
ClinVar:VCV000434587	variant	NM_001367721.1(CASK):c.1864G>T (p.Glu622Ter)	"{""consequence"": [""nonsense""], ""protein_change"": ""E622*, E593*, E599*, E616*"", ""classification"": ""Pathogenic"", ""found_in"": [""clinvar""]}"
ClinVar:VCV000434588	variant	NM_001367721.1(CASK):c.846C>G (p.Tyr282Ter)	"{""consequence"": [""nonsense""], ""protein_change"": ""Y282*"", ""classification"": ""Pathogenic"", ""found_in"": [""clinvar""]}"
ClinVar:VCV000436672	variant	NM_001330260.2(SCN8A):c.2603T>C (p.Ile868Thr)	"{""consequence"": [""missense variant""], ""protein_change"": ""I868T"", ""classification"": ""Pathogenic/Likely pathogenic"", ""found_in"": [""clinvar""]}"
ClinVar:VCV000436894	variant	NM_001032221.6(STXBP1):c.87+2T>C	"{""consequence"": [""splice donor variant""], ""protein_change"": """", ""classification"": ""Pathogenic"", ""found_in"": [""clinvar""]}"
ClinVar:VCV000436948	variant	NM_001199107.2(TBC1D24):c.866C>T (p.Ala289Val)	"{""consequence"": [""missense variant""], ""protein_change"": ""A289V"", ""classification"": ""Likely pathogenic"", ""found_in"": [""clinvar""]}"
ClinVar:VCV000443361	variant	GRCh37/hg19 Xp11.4(chrX:41708906-41713659)x1	"{""consequence"": [], ""protein_change"": """", ""classification"": ""Pathogenic"", ""found_in"": [""clinvar""]}"
ClinVar:VCV000444778	variant	NM_001032221.6(STXBP1):c.664-1G>A	"{""consequence"": [""splice acceptor variant""], ""protein_change"": """", ""classification"": ""Likely pathogenic"", ""found_in"": [""clinvar""]}"
ClinVar:VCV000445354	variant	NM_001367721.1(CASK):c.1033+1G>A	"{""consequence"": [""intron variant"", ""splice donor variant""], ""protein_change"": """", ""classification"": ""Likely pathogenic"", ""found_in"": [""clinvar""]}"
ClinVar:VCV000446287	variant	NM_001367721.1(CASK):c.1315-7A>G	"{""consequence"": [""intron variant""], ""protein_change"": """", ""classification"": ""Pathogenic"", ""found_in"": [""clinvar""]}"
ClinVar:VCV000446288	variant	NM_001367721.1(CASK):c.109C>T (p.Gln37Ter)	"{""consequence"": [""nonsense""], ""protein_change"": ""Q37*"", ""classification"": ""Pathogenic"", ""found_in"": [""clinvar""]}"
ClinVar:VCV000446289	variant	NM_001367721.1(CASK):c.2317+1G>A	"{""consequence"": [""splice donor variant""], ""protein_change"": """", ""classification"": ""Pathogenic/Likely pathogenic"", ""found_in"": [""clinvar""]}"
ClinVar:VCV000449337	variant	NM_001032221.6(STXBP1):c.1381_1390del (p.Lys461fs)	"{""consequence"": [""frameshift variant""], ""protein_change"": ""K461fs, K425fs, K447fs, K458fs"", ""classification"": ""Pathogenic"", ""found_in"": [""clinvar""]}"
ClinVar:VCV000449752	variant	NM_001032221.6(STXBP1):c.1461G>C (p.Glu487Asp)	"{""consequence"": [""missense variant""], ""protein_change"": ""E487D, E451D, E473D, E484D"", ""classification"": ""Likely pathogenic"", ""found_in"": [""clinvar""]}"
ClinVar:VCV000450231	variant	NM_001032221.6(STXBP1):c.1597del (p.Ser533fs)	"{""consequence"": [""frameshift variant""], ""protein_change"": ""S533fs, S497fs, S519fs, S530fs"", ""classification"": ""Pathogenic"", ""found_in"": [""clinvar""]}"
ClinVar:VCV000450327	variant	NM_001032221.6(STXBP1):c.707G>A (p.Gly236Asp)	"{""consequence"": [""missense variant""], ""protein_change"": ""G236D, G222D, G233D"", ""classification"": ""Likely pathogenic"", ""found_in"": [""clinvar""]}"
ClinVar:VCV000450347	variant	NM_001330260.2(SCN8A):c.4883T>G (p.Leu1628Trp)	"{""consequence"": [""missense variant""], ""protein_change"": ""L1628W, L1587W"", ""classification"": ""Likely pathogenic"", ""found_in"": [""clinvar""]}"
ClinVar:VCV000450510	variant	NM_001367721.1(CASK):c.184del (p.Glu62fs)	"{""consequence"": [""frameshift variant""], ""protein_change"": ""E62fs"", ""classification"": ""Pathogenic"", ""found_in"": [""clinvar""]}"
ClinVar:VCV000450795	variant	NM_001032221.6(STXBP1):c.767TGC[3] (p.Leu257dup)	"{""consequence"": [""inframe_insertion""], ""protein_change"": """", ""classification"": ""Likely pathogenic"", ""found_in"": [""clinvar""]}"
ClinVar:VCV000451175	variant	NM_001367721.1(CASK):c.2155+2T>C	"{""consequence"": [""splice donor variant""], ""protein_change"": """", ""classification"": ""Pathogenic"", ""found_in"": [""clinvar""]}"
ClinVar:VCV000461208	variant	NC_000009.12:g.(?_127658355)_(127658471_?)del	"{""consequence"": [], ""protein_change"": """", ""classification"": ""Pathogenic"", ""found_in"": [""clinvar""]}"
ClinVar:VCV000461286	variant	NM_001032221.6(STXBP1):c.1111-2A>G	"{""consequence"": [""splice acceptor variant""], ""protein_change"": """", ""classification"": ""Pathogenic"", ""found_in"": [""clinvar""]}"
ClinVar:VCV000461288	variant	NM_001032221.6(STXBP1):c.1360-2A>T	"{""consequence"": [""splice acceptor variant""], ""protein_change"": """", ""classification"": ""Likely pathogenic"", ""found_in"": [""clinvar""]}"
ClinVar:VCV000461293	variant	NM_001032221.6(STXBP1):c.326-1G>T	"{""consequence"": [""splice acceptor variant"", ""intron variant""], ""protein_change"": """", ""classification"": ""Pathogenic/Likely pathogenic"", ""found_in"": [""clinvar""]}"
ClinVar:VCV000461331	variant	NM_001330260.2(SCN8A):c.1101G>A (p.Met367Ile)	"{""consequence"": [""missense variant""], ""protein_change"": ""M367I"", ""classification"": ""Likely pathogenic"", ""found_in"": [""clinvar""]}"
ClinVar:VCV000461350	variant	NM_001330260.2(SCN8A):c.832C>T (p.Arg278Ter)	"{""consequence"": [""nonsense""], ""protein_change"": ""R278*"", ""classification"": ""Pathogenic"", ""found_in"": [""clinvar""]}"
ClinVar:VCV000470207	variant	NM_001367721.1(CASK):c.1592A>C (p.His531Pro)	"{""consequence"": [""missense variant""], ""protein_change"": ""H531P, H525P"", ""classification"": ""Likely pathogenic"", ""found_in"": [""clinvar""]}"
ClinVar:VCV000474299	variant	NC_000016.10:g.(?_2496129)_(2500978_?)del	"{""consequence"": [], ""protein_change"": """", ""classification"": ""Pathogenic"", ""found_in"": [""clinvar""]}"
ClinVar:VCV000474302	variant	NM_001199107.2(TBC1D24):c.116C>T (p.Ala39Val)	"{""consequence"": [""missense variant""], ""protein_change"": ""A39V"", ""classification"": ""Pathogenic"", ""found_in"": [""clinvar""]}"
ClinVar:VCV000488800	variant	NM_001032221.6(STXBP1):c.170-2A>G	"{""consequence"": [""splice acceptor variant""], ""protein_change"": """", ""classification"": ""Pathogenic"", ""found_in"": [""clinvar""]}"
ClinVar:VCV000488989	variant	NM_001032221.6(STXBP1):c.1075C>T (p.Gln359Ter)	"{""consequence"": [""nonsense""], ""protein_change"": ""Q359*, Q323*, Q345*, Q356*"", ""classification"": ""Pathogenic"", ""found_in"": [""clinvar""]}"
ClinVar:VCV000489049	variant	NM_001367721.1(CASK):c.846C>A (p.Tyr282Ter)	"{""consequence"": [""nonsense""], ""protein_change"": ""Y282*"", ""classification"": ""Pathogenic"", ""found_in"": [""clinvar""]}"
ClinVar:VCV000489132	variant	NM_001032221.6(STXBP1):c.88-2A>G	"{""consequence"": [""splice acceptor variant""], ""protein_change"": """", ""classification"": ""Pathogenic"", ""found_in"": [""clinvar""]}"
ClinVar:VCV000489154	variant	NM_001367721.1(CASK):c.1A>T (p.Met1Leu)	"{""consequence"": [""missense variant"", ""initiator_codon_variant""], ""protein_change"": ""M1L"", ""classification"": ""Pathogenic"", ""found_in"": [""clinvar""]}"
ClinVar:VCV000489172	variant	NM_001199107.2(TBC1D24):c.483C>A (p.Cys161Ter)	"{""consequence"": [""nonsense""], ""protein_change"": ""C161*"", ""classification"": ""Pathogenic/Likely pathogenic"", ""found_in"": [""clinvar""]}"
ClinVar:VCV000489373	variant	NM_014191.4(SCN8A):c.615-1G>A	"{""consequence"": [""splice acceptor variant"", ""intron variant""], ""protein_change"": """", ""classification"": ""Pathogenic"", ""found_in"": [""clinvar""]}"
ClinVar:VCV000495260	variant	NM_001330260.2(SCN8A):c.2620G>A (p.Ala874Thr)	"{""consequence"": [""missense variant""], ""protein_change"": ""A874T"", ""classification"": ""Pathogenic/Likely pathogenic"", ""found_in"": [""clinvar""]}"
ClinVar:VCV000496686	variant	NM_001032221.6(STXBP1):c.325+2_325+3del	"{""consequence"": [""splice donor variant""], ""protein_change"": """", ""classification"": ""Pathogenic/Likely pathogenic"", ""found_in"": [""clinvar""]}"
ClinVar:VCV000497406	variant	NM_001032221.6(STXBP1):c.794+1G>A	"{""consequence"": [""splice donor variant""], ""protein_change"": """", ""classification"": ""Pathogenic"", ""found_in"": [""clinvar""]}"
ClinVar:VCV000503609	variant	NM_001367721.1(CASK):c.1609C>T (p.Arg537Ter)	"{""consequence"": [""nonsense""], ""protein_change"": ""R537*, R531*"", ""classification"": ""Pathogenic/Likely pathogenic"", ""found_in"": [""clinvar""]}"
ClinVar:VCV000503942	variant	NM_001032221.6(STXBP1):c.1569_1570del (p.His523fs)	"{""consequence"": [""frameshift variant""], ""protein_change"": ""H523fs, H487fs, H509fs, H520fs"", ""classification"": ""Pathogenic"", ""found_in"": [""clinvar""]}"
ClinVar:VCV000520620	variant	NM_001367721.1(CASK):c.2065A>T (p.Lys689Ter)	"{""consequence"": [""nonsense""], ""protein_change"": ""K689*, K660*, K666*, K683*"", ""classification"": ""Pathogenic"", ""found_in"": [""clinvar""]}"
ClinVar:VCV000520653	variant	NM_001330260.2(SCN8A):c.4865C>A (p.Ala1622Asp)	"{""consequence"": [""missense variant""], ""protein_change"": ""A1622D, A1581D"", ""classification"": ""Pathogenic"", ""found_in"": [""clinvar""]}"
ClinVar:VCV000520654	variant	NM_001032221.6(STXBP1):c.639dup (p.Ala214fs)	"{""consequence"": [""frameshift variant""], ""protein_change"": ""A214fs, A200fs, A211fs"", ""classification"": ""Pathogenic"", ""found_in"": [""clinvar""]}"
ClinVar:VCV000520694	variant	NM_001032221.6(STXBP1):c.1631del (p.Gly544fs)	"{""consequence"": [""frameshift variant""], ""protein_change"": ""G544fs, G508fs, G530fs, G541fs"", ""classification"": ""Pathogenic"", ""found_in"": [""clinvar""]}"
ClinVar:VCV000520745	variant	NM_001032221.6(STXBP1):c.298del (p.Arg100fs)	"{""consequence"": [""frameshift variant""], ""protein_change"": ""R100fs, R86fs"", ""classification"": ""Pathogenic"", ""found_in"": [""clinvar""]}"
ClinVar:VCV000520961	variant	NM_001032221.6(STXBP1):c.1359+2T>C	"{""consequence"": [""splice donor variant""], ""protein_change"": """", ""classification"": ""Pathogenic"", ""found_in"": [""clinvar""]}"
ClinVar:VCV000520996	variant	NM_001032221.6(STXBP1):c.1110G>A (p.Gln370=)	"{""consequence"": [""synonymous variant""], ""protein_change"": """", ""classification"": ""Pathogenic"", ""found_in"": [""clinvar""]}"
ClinVar:VCV000521069	variant	NM_001032221.6(STXBP1):c.1593C>A (p.Tyr531Ter)	"{""consequence"": [""nonsense""], ""protein_change"": ""Y531*, Y495*, Y517*, Y528*"", ""classification"": ""Pathogenic/Likely pathogenic"", ""found_in"": [""clinvar""]}"
ClinVar:VCV000521079	variant	NM_001367721.1(CASK):c.845dup (p.Tyr282Ter)	"{""consequence"": [""nonsense"", ""frameshift variant""], ""protein_change"": ""Y282*"", ""classification"": ""Pathogenic"", ""found_in"": [""clinvar""]}"
ClinVar:VCV000521149	variant	NM_005639.3(SYT1):c.1090G>A (p.Asp364Asn)	"{""consequence"": [""missense variant""], ""protein_change"": ""D364N, D361N"", ""classification"": ""Likely pathogenic"", ""found_in"": [""clinvar""]}"
ClinVar:VCV000521297	variant	NM_001330260.2(SCN8A):c.2936C>T (p.Ser979Phe)	"{""consequence"": [""missense variant""], ""protein_change"": ""S979F"", ""classification"": ""Pathogenic"", ""found_in"": [""clinvar""]}"
ClinVar:VCV000521651	variant	NM_001330260.2(SCN8A):c.5279T>C (p.Met1760Thr)	"{""consequence"": [""missense variant""], ""protein_change"": ""M1760T, M1719T"", ""classification"": ""Likely pathogenic"", ""found_in"": [""clinvar""]}"
ClinVar:VCV000521907	variant	NM_001330260.2(SCN8A):c.4754G>A (p.Trp1585Ter)	"{""consequence"": [""nonsense""], ""protein_change"": ""W1585*, W1544*"", ""classification"": ""Likely pathogenic"", ""found_in"": [""clinvar""]}"
ClinVar:VCV000522036	variant	NM_001330260.2(SCN8A):c.3448C>T (p.Gln1150Ter)	"{""consequence"": [""nonsense""], ""protein_change"": ""Q1150*"", ""classification"": ""Pathogenic"", ""found_in"": [""clinvar""]}"
ClinVar:VCV000522094	variant	NM_001032221.6(STXBP1):c.956del (p.Gly319fs)	"{""consequence"": [""frameshift variant""], ""protein_change"": ""G319fs, G283fs, G305fs, G316fs"", ""classification"": ""Pathogenic"", ""found_in"": [""clinvar""]}"
ClinVar:VCV000523457	variant	NM_001032221.6(STXBP1):c.733C>G (p.His245Asp)	"{""consequence"": [""missense variant""], ""protein_change"": ""H245D, H231D, H242D"", ""classification"": ""Pathogenic"", ""found_in"": [""clinvar""]}"
ClinVar:VCV000523458	variant	NM_001032221.6(STXBP1):c.360del (p.Lys120fs)	"{""consequence"": [""frameshift variant""], ""protein_change"": ""K120fs, K106fs, K117fs"", ""classification"": ""Pathogenic"", ""found_in"": [""clinvar""]}"
ClinVar:VCV000523464	variant	NM_001367721.1(CASK):c.2236+1delinsAT	"{""consequence"": [""splice donor variant""], ""protein_change"": """", ""classification"": ""Likely pathogenic"", ""found_in"": [""clinvar""]}"
ClinVar:VCV000523649	variant	NM_006651.4(CPLX1):c.315C>A (p.Cys105Ter)	"{""consequence"": [""nonsense""], ""protein_change"": ""C105*"", ""classification"": ""Pathogenic/Likely pathogenic"", ""found_in"": [""clinvar""]}"
ClinVar:VCV000523666	variant	NM_001367721.1(CASK):c.2155+1G>C	"{""consequence"": [""splice donor variant""], ""protein_change"": """", ""classification"": ""Likely pathogenic"", ""found_in"": [""clinvar""]}"
ClinVar:VCV000523796	variant	NM_001199107.2(TBC1D24):c.619C>T (p.Gln207Ter)	"{""consequence"": [""nonsense""], ""protein_change"": ""Q207*"", ""classification"": ""Pathogenic/Likely pathogenic"", ""found_in"": [""clinvar""]}"
ClinVar:VCV000523973	variant	NM_001367721.1(CASK):c.553_565del (p.Phe185fs)	"{""consequence"": [""frameshift variant""], ""protein_change"": ""F185fs"", ""classification"": ""Pathogenic"", ""found_in"": [""clinvar""]}"
ClinVar:VCV000524165	variant	NM_001367721.1(CASK):c.1195del (p.Arg399fs)	"{""consequence"": [""frameshift variant""], ""protein_change"": ""R393fs, R399fs"", ""classification"": ""Pathogenic"", ""found_in"": [""clinvar""]}"
ClinVar:VCV000530450	variant	NM_001330260.2(SCN8A):c.1965del (p.Gly656fs)	"{""consequence"": [""frameshift variant""], ""protein_change"": ""G656fs"", ""classification"": ""Pathogenic/Likely pathogenic"", ""found_in"": [""clinvar""]}"
ClinVar:VCV000541316	variant	NM_001199107.2(TBC1D24):c.172del (p.Arg57_Leu58insTer)	"{""consequence"": [""nonsense""], ""protein_change"": """", ""classification"": ""Pathogenic"", ""found_in"": [""clinvar""]}"
ClinVar:VCV000545907	variant	NM_001367721.1(CASK):c.21dup (p.Phe8fs)	"{""consequence"": [""frameshift variant""], ""protein_change"": ""F8fs"", ""classification"": ""Pathogenic"", ""found_in"": [""clinvar""]}"
ClinVar:VCV000546026	variant	NM_001032221.6(STXBP1):c.685C>T (p.Gln229Ter)	"{""consequence"": [""nonsense""], ""protein_change"": ""Q229*, Q215*, Q226*"", ""classification"": ""Pathogenic"", ""found_in"": [""clinvar""]}"
ClinVar:VCV000546250	variant	NM_001330260.2(SCN8A):c.2930T>C (p.Leu977Pro)	"{""consequence"": [""missense variant""], ""protein_change"": ""L977P"", ""classification"": ""Pathogenic"", ""found_in"": [""clinvar""]}"
ClinVar:VCV000546542	variant	NM_001032221.6(STXBP1):c.902+4A>G	"{""consequence"": [""intron variant""], ""protein_change"": """", ""classification"": ""Likely pathogenic"", ""found_in"": [""clinvar""]}"
ClinVar:VCV000559631	variant	NM_001367721.1(CASK):c.2040-1G>A	"{""consequence"": [""splice acceptor variant""], ""protein_change"": """", ""classification"": ""Likely pathogenic"", ""found_in"": [""clinvar""]}"
ClinVar:VCV000559632	variant	NM_001330260.2(SCN8A):c.773C>T (p.Thr258Ile)	"{""consequence"": [""missense variant""], ""protein_change"": ""T258I"", ""classification"": ""Likely pathogenic"", ""found_in"": [""clinvar""]}"
ClinVar:VCV000559650	variant	NM_001330260.2(SCN8A):c.5270T>A (p.Val1757Asp)	"{""consequence"": [""missense variant""], ""protein_change"": ""V1757D, V1716D"", ""classification"": ""Likely pathogenic"", ""found_in"": [""clinvar""]}"
ClinVar:VCV000560298	variant	NM_001032221.6(STXBP1):c.692dup (p.Ile232fs)	"{""consequence"": [""frameshift variant""], ""protein_change"": ""I232fs, I218fs, I229fs"", ""classification"": ""Pathogenic"", ""found_in"": [""clinvar""]}"
ClinVar:VCV000561119	variant	NM_001032221.6(STXBP1):c.578+1G>A	"{""consequence"": [""splice donor variant""], ""protein_change"": """", ""classification"": ""Pathogenic"", ""found_in"": [""clinvar""]}"
ClinVar:VCV000561120	variant	NM_001032221.6(STXBP1):c.79G>T (p.Glu27Ter)	"{""consequence"": [""nonsense""], ""protein_change"": ""E27*, E13*"", ""classification"": ""Pathogenic"", ""found_in"": [""clinvar""]}"
ClinVar:VCV000565622	variant	NM_001330260.2(SCN8A):c.4397A>G (p.Asn1466Ser)	"{""consequence"": [""missense variant""], ""protein_change"": ""N1466S, N1425S"", ""classification"": ""Pathogenic"", ""found_in"": [""clinvar""]}"
ClinVar:VCV000565722	variant	NM_000817.3(GAD1):c.865C>T (p.Gln289Ter)	"{""consequence"": [""nonsense""], ""protein_change"": ""Q289*"", ""classification"": ""Pathogenic"", ""found_in"": [""clinvar""]}"
ClinVar:VCV000565796	variant	NM_001330260.2(SCN8A):c.4237A>G (p.Lys1413Glu)	"{""consequence"": [""missense variant""], ""protein_change"": ""K1413E, K1372E"", ""classification"": ""Likely pathogenic"", ""found_in"": [""clinvar""]}"
ClinVar:VCV000566474	variant	NM_001032221.6(STXBP1):c.1652G>A (p.Arg551His)	"{""consequence"": [""missense variant""], ""protein_change"": ""R551H, R515H, R537H, R548H"", ""classification"": ""Pathogenic/Likely pathogenic"", ""found_in"": [""clinvar""]}"
ClinVar:VCV000567493	variant	NM_001032221.6(STXBP1):c.607C>T (p.Gln203Ter)	"{""consequence"": [""nonsense""], ""protein_change"": ""Q203*, Q189*, Q200*"", ""classification"": ""Pathogenic"", ""found_in"": [""clinvar""]}"
ClinVar:VCV000569501	variant	NM_001199107.2(TBC1D24):c.1131C>G (p.Tyr377Ter)	"{""consequence"": [""nonsense""], ""protein_change"": ""Y377*, Y371*"", ""classification"": ""Pathogenic"", ""found_in"": [""clinvar""]}"
ClinVar:VCV000569559	variant	NM_001330260.2(SCN8A):c.417G>A (p.Met139Ile)	"{""consequence"": [""missense variant""], ""protein_change"": ""M139I"", ""classification"": ""Pathogenic"", ""found_in"": [""clinvar""]}"
ClinVar:VCV000570810	variant	NM_001367721.1(CASK):c.1641_1644del (p.Thr548fs)	"{""consequence"": [""frameshift variant""], ""protein_change"": ""T542fs, T548fs"", ""classification"": ""Pathogenic/Likely pathogenic"", ""found_in"": [""clinvar""]}"
ClinVar:VCV000573250	variant	NM_001032221.6(STXBP1):c.817G>T (p.Glu273Ter)	"{""consequence"": [""nonsense"", ""intron variant""], ""protein_change"": ""E273*, E259*, E270*"", ""classification"": ""Pathogenic"", ""found_in"": [""clinvar""]}"
ClinVar:VCV000573377	variant	NM_001330260.2(SCN8A):c.4800G>A (p.Met1600Ile)	"{""consequence"": [""missense variant""], ""protein_change"": ""M1600I, M1559I"", ""classification"": ""Pathogenic/Likely pathogenic"", ""found_in"": [""clinvar""]}"
ClinVar:VCV000574400	variant	NM_001330260.2(SCN8A):c.2945C>T (p.Ala982Val)	"{""consequence"": [""missense variant""], ""protein_change"": ""A982V"", ""classification"": ""Pathogenic/Likely pathogenic"", ""found_in"": [""clinvar""]}"
ClinVar:VCV000575647	variant	NM_001367721.1(CASK):c.305A>G (p.Glu102Gly)	"{""consequence"": [""missense variant""], ""protein_change"": ""E102G"", ""classification"": ""Pathogenic/Likely pathogenic"", ""found_in"": [""clinvar""]}"
ClinVar:VCV000579748	variant	NM_001032221.6(STXBP1):c.345del (p.Phe115fs)	"{""consequence"": [""frameshift variant""], ""protein_change"": ""F115fs, F101fs, F112fs"", ""classification"": ""Pathogenic"", ""found_in"": [""clinvar""]}"
ClinVar:VCV000583850	variant	NC_000009.12:g.(?_127669878)_(127669978_?)del	"{""consequence"": [], ""protein_change"": """", ""classification"": ""Pathogenic"", ""found_in"": [""clinvar""]}"
ClinVar:VCV000587507	variant	NM_001199107.2(TBC1D24):c.346A>T (p.Lys116Ter)	"{""consequence"": [""nonsense""], ""protein_change"": ""K116*"", ""classification"": ""Pathogenic"", ""found_in"": [""clinvar""]}"
ClinVar:VCV000587865	variant	NM_001367721.1(CASK):c.1015+1G>C	"{""consequence"": [""splice donor variant""], ""protein_change"": """", ""classification"": ""Pathogenic"", ""found_in"": [""clinvar""]}"
ClinVar:VCV000589412	variant	NM_001330260.2(SCN8A):c.4189_4208del (p.Asp1397fs)	"{""consequence"": [""frameshift variant""], ""protein_change"": ""D1356fs, D1397fs"", ""classification"": ""Pathogenic"", ""found_in"": [""clinvar""]}"
ClinVar:VCV000589439	variant	NM_001330260.2(SCN8A):c.2460dup (p.Asp821Ter)	"{""consequence"": [""nonsense""], ""protein_change"": ""D821*"", ""classification"": ""Pathogenic"", ""found_in"": [""clinvar""]}"
ClinVar:VCV000589500	variant	NM_001330260.2(SCN8A):c.2023_2029dup (p.Gly677fs)	"{""consequence"": [""frameshift variant""], ""protein_change"": ""G677fs"", ""classification"": ""Pathogenic"", ""found_in"": [""clinvar""]}"
ClinVar:VCV000590278	variant	NM_005639.3(SYT1):c.908T>A (p.Met303Lys)	"{""consequence"": [""missense variant""], ""protein_change"": ""M303K, M300K"", ""classification"": ""Pathogenic/Likely pathogenic"", ""found_in"": [""clinvar""]}"
ClinVar:VCV000590279	variant	NM_005639.3(SYT1):c.911A>G (p.Asp304Gly)	"{""consequence"": [""missense variant""], ""protein_change"": ""D304G, D301G"", ""classification"": ""Pathogenic/Likely pathogenic"", ""found_in"": [""clinvar""]}"
ClinVar:VCV000590280	variant	NM_005639.3(SYT1):c.1098C>A (p.Asp366Glu)	"{""consequence"": [""missense variant""], ""protein_change"": ""D366E, D363E"", ""classification"": ""Pathogenic/Likely pathogenic"", ""found_in"": [""clinvar""]}"
ClinVar:VCV000590281	variant	NM_005639.3(SYT1):c.1113C>G (p.Asn371Lys)	"{""consequence"": [""missense variant""], ""protein_change"": ""N371K, N368K"", ""classification"": ""Pathogenic/Likely pathogenic"", ""found_in"": [""clinvar""]}"
ClinVar:VCV000590289	variant	NM_001032221.6(STXBP1):c.1557T>A (p.Tyr519Ter)	"{""consequence"": [""nonsense""], ""protein_change"": ""Y519*, Y483*, Y505*, Y516*"", ""classification"": ""Pathogenic"", ""found_in"": [""clinvar""]}"
ClinVar:VCV000592117	variant	NM_001367721.1(CASK):c.2342_2343del (p.Asp781fs)	"{""consequence"": [""frameshift variant""], ""protein_change"": ""D752fs, D781fs, D753fs, D776fs"", ""classification"": ""Likely pathogenic"", ""found_in"": [""clinvar""]}"
ClinVar:VCV000593459	variant	NM_001199107.2(TBC1D24):c.131G>A (p.Trp44Ter)	"{""consequence"": [""nonsense""], ""protein_change"": ""W44*"", ""classification"": ""Pathogenic"", ""found_in"": [""clinvar""]}"
ClinVar:VCV000595655	variant	NM_001032221.6(STXBP1):c.1454T>A (p.Ile485Asn)	"{""consequence"": [""missense variant""], ""protein_change"": ""I485N, I449N, I471N, I482N"", ""classification"": ""Likely pathogenic"", ""found_in"": [""clinvar""]}"
ClinVar:VCV000618996	variant	NM_014905.5(GLS):c.695dup (p.Asp232fs)	"{""consequence"": [""frameshift variant""], ""protein_change"": ""D232fs"", ""classification"": ""Pathogenic"", ""found_in"": [""clinvar""]}"
ClinVar:VCV000618997	variant	NM_014905.5(GLS):c.241C>T (p.Gln81Ter)	"{""consequence"": [""nonsense""], ""protein_change"": ""Q81*"", ""classification"": ""Pathogenic"", ""found_in"": [""clinvar""]}"
ClinVar:VCV000618998	variant	NM_014905.5(GLS):c.815G>A (p.Arg272Lys)	"{""consequence"": [""missense variant""], ""protein_change"": ""R272K"", ""classification"": ""Pathogenic"", ""found_in"": [""clinvar""]}"
ClinVar:VCV000619106	variant	NM_014905.5(GLS):c.1445C>G (p.Ser482Cys)	"{""consequence"": [""missense variant""], ""protein_change"": ""S482C"", ""classification"": ""Pathogenic"", ""found_in"": [""clinvar""]}"
ClinVar:VCV000619127	variant	NM_001367721.1(CASK):c.2561T>C (p.Val854Ala)	"{""consequence"": [""missense variant""], ""protein_change"": ""V849A, V825A, V854A, V826A, V848A"", ""classification"": ""Likely pathogenic"", ""found_in"": [""clinvar""]}"
ClinVar:VCV000620007	variant	NM_001032221.6(STXBP1):c.1492dup (p.His498fs)	"{""consequence"": [""frameshift variant""], ""protein_change"": ""H498fs, H462fs, H495fs, H484fs"", ""classification"": ""Pathogenic"", ""found_in"": [""clinvar""]}"
ClinVar:VCV000620297	variant	NM_001032221.6(STXBP1):c.586A>T (p.Lys196Ter)	"{""consequence"": [""nonsense""], ""protein_change"": ""K196*, K182*, K193*"", ""classification"": ""Pathogenic"", ""found_in"": [""clinvar""]}"
ClinVar:VCV000620365	variant	NM_001199107.2(TBC1D24):c.971C>A (p.Ser324Ter)	"{""consequence"": [""nonsense"", ""intron variant""], ""protein_change"": ""S324*"", ""classification"": ""Pathogenic"", ""found_in"": [""clinvar""]}"
ClinVar:VCV000620424	variant	NM_001199107.2(TBC1D24):c.442G>T (p.Glu148Ter)	"{""consequence"": [""nonsense""], ""protein_change"": ""E148*"", ""classification"": ""Pathogenic"", ""found_in"": [""clinvar""]}"
ClinVar:VCV000620472	variant	NM_001032221.6(STXBP1):c.1427C>G (p.Ser476Ter)	"{""consequence"": [""nonsense""], ""protein_change"": ""S476*, S440*, S462*, S473*"", ""classification"": ""Pathogenic"", ""found_in"": [""clinvar""]}"
ClinVar:VCV000623637	variant	NM_001330260.2(SCN8A):c.5156C>G (p.Pro1719Arg)	"{""consequence"": [""missense variant""], ""protein_change"": ""P1719R, P1678R"", ""classification"": ""Pathogenic"", ""found_in"": [""clinvar""]}"
ClinVar:VCV000623808	variant	NM_001330260.2(SCN8A):c.614C>T (p.Ala205Val)	"{""consequence"": [""missense variant""], ""protein_change"": ""A205V"", ""classification"": ""Likely pathogenic"", ""found_in"": [""clinvar""]}"
ClinVar:VCV000623809	variant	NM_001330260.2(SCN8A):c.1603A>T (p.Arg535Ter)	"{""consequence"": [""nonsense""], ""protein_change"": ""R535*"", ""classification"": ""Likely pathogenic"", ""found_in"": [""clinvar""]}"
ClinVar:VCV000624624	variant	NM_001330260.2(SCN8A):c.3652G>A (p.Glu1218Lys)	"{""consequence"": [""missense variant""], ""protein_change"": ""E1218K"", ""classification"": ""Pathogenic"", ""found_in"": [""clinvar""]}"
ClinVar:VCV000626334	variant	NM_014905.5(GLS):c.938C>T (p.Pro313Leu)	"{""consequence"": [""missense variant""], ""protein_change"": ""P313L"", ""classification"": ""Pathogenic"", ""found_in"": [""clinvar""]}"
ClinVar:VCV000626336	variant	NM_014905.5(GLS):c.923dup (p.Tyr308Ter)	"{""consequence"": [""nonsense""], ""protein_change"": ""Y308*"", ""classification"": ""Pathogenic"", ""found_in"": [""clinvar""]}"
ClinVar:VCV000632600	variant	NM_001367721.1(CASK):c.2156-1G>A	"{""consequence"": [""splice acceptor variant"", ""intron variant""], ""protein_change"": """", ""classification"": ""Likely pathogenic"", ""found_in"": [""clinvar""]}"
ClinVar:VCV000632601	variant	NM_001367721.1(CASK):c.533-2A>G	"{""consequence"": [""splice acceptor variant""], ""protein_change"": """", ""classification"": ""Pathogenic"", ""found_in"": [""clinvar""]}"
ClinVar:VCV000632602	variant	NM_001367721.1(CASK):c.2120dup (p.Tyr708fs)	"{""consequence"": [""frameshift variant""], ""protein_change"": ""Y708fs, Y679fs, Y685fs"", ""classification"": ""Pathogenic/Likely pathogenic"", ""found_in"": [""clinvar""]}"
ClinVar:VCV000633836	variant	NM_001032221.6(STXBP1):c.116_118dup (p.Arg39dup)	"{""consequence"": [""inframe_insertion""], ""protein_change"": """", ""classification"": ""Pathogenic"", ""found_in"": [""clinvar""]}"
ClinVar:VCV000638400	variant	NM_001367721.1(CASK):c.824G>A (p.Trp275Ter)	"{""consequence"": [""nonsense""], ""protein_change"": ""W275*"", ""classification"": ""Pathogenic"", ""found_in"": [""clinvar""]}"
ClinVar:VCV000642701	variant	NM_001330260.2(SCN8A):c.3944T>C (p.Val1315Ala)	"{""consequence"": [""missense variant""], ""protein_change"": ""V1315A, V1274A"", ""classification"": ""Pathogenic/Likely pathogenic"", ""found_in"": [""clinvar""]}"
ClinVar:VCV000643045	variant	NM_001330260.2(SCN8A):c.4049C>T (p.Ala1350Val)	"{""consequence"": [""missense variant""], ""protein_change"": ""A1350V, A1309V"", ""classification"": ""Pathogenic"", ""found_in"": [""clinvar""]}"
ClinVar:VCV000645039	variant	NM_001330260.2(SCN8A):c.2486_2489delinsCCATTA (p.Leu829fs)	"{""consequence"": [""frameshift variant""], ""protein_change"": ""L829fs"", ""classification"": ""Pathogenic"", ""found_in"": [""clinvar""]}"
ClinVar:VCV000649479	variant	NM_001032221.6(STXBP1):c.578G>T (p.Gly193Val)	"{""consequence"": [""missense variant""], ""protein_change"": ""G193V, G179V, G190V"", ""classification"": ""Pathogenic"", ""found_in"": [""clinvar""]}"
ClinVar:VCV000650755	variant	NM_001330260.2(SCN8A):c.2900T>G (p.Val967Gly)	"{""consequence"": [""missense variant""], ""protein_change"": ""V967G"", ""classification"": ""Likely pathogenic"", ""found_in"": [""clinvar""]}"
ClinVar:VCV000652618	variant	NM_001199107.2(TBC1D24):c.1501G>A (p.Gly501Arg)	"{""consequence"": [""missense variant""], ""protein_change"": ""G501R, G495R"", ""classification"": ""Pathogenic"", ""found_in"": [""clinvar""]}"
ClinVar:VCV000652619	variant	NM_001199107.2(TBC1D24):c.1079G>A (p.Arg360His)	"{""consequence"": [""missense variant""], ""protein_change"": ""R360H, R354H"", ""classification"": ""Likely pathogenic"", ""found_in"": [""clinvar""]}"
ClinVar:VCV000653532	variant	NC_000023.11:g.(?_41853095)_(41853247_?)del	"{""consequence"": [], ""protein_change"": """", ""classification"": ""Pathogenic"", ""found_in"": [""clinvar""]}"
ClinVar:VCV000657717	variant	NM_001330260.2(SCN8A):c.2671G>A (p.Val891Met)	"{""consequence"": [""missense variant""], ""protein_change"": ""V891M"", ""classification"": ""Pathogenic/Likely pathogenic"", ""found_in"": [""clinvar""]}"
ClinVar:VCV000658011	variant	NM_001199107.2(TBC1D24):c.983+2T>C	"{""consequence"": [""splice donor variant"", ""intron variant""], ""protein_change"": """", ""classification"": ""Likely pathogenic"", ""found_in"": [""clinvar""]}"
ClinVar:VCV000660788	variant	NM_001032221.6(STXBP1):c.664-1G>C	"{""consequence"": [""splice acceptor variant""], ""protein_change"": """", ""classification"": ""Pathogenic"", ""found_in"": [""clinvar""]}"
ClinVar:VCV000665356	variant	NM_014191.4(SCN8A):c.669G>T (p.Arg223Ser)	"{""consequence"": [""missense variant"", ""intron variant""], ""protein_change"": ""R223S"", ""classification"": ""Pathogenic/Likely pathogenic"", ""found_in"": [""clinvar""]}"
ClinVar:VCV000665574	variant	NM_001199107.2(TBC1D24):c.725G>A (p.Arg242His)	"{""consequence"": [""missense variant""], ""protein_change"": ""R242H"", ""classification"": ""Pathogenic"", ""found_in"": [""clinvar""]}"
ClinVar:VCV000665657	variant	NC_000012.12:g.(?_51684154)_(51701227_?)del	"{""consequence"": [], ""protein_change"": """", ""classification"": ""Pathogenic"", ""found_in"": [""clinvar""]}"
ClinVar:VCV000666257	variant	NM_014232.3(VAMP2):c.128_130del	"{""consequence"": [""splice acceptor variant""], ""protein_change"": """", ""classification"": ""Pathogenic"", ""found_in"": [""clinvar""]}"
ClinVar:VCV000685469	variant	GRCh37/hg19 Xp11.4(chrX:41708911-41713656)x1	"{""consequence"": [], ""protein_change"": """", ""classification"": ""Pathogenic"", ""found_in"": [""clinvar""]}"
ClinVar:VCV000689732	variant	NM_014191.4(SCN8A):c.676A>G (p.Arg226Gly)	"{""consequence"": [""missense variant"", ""intron variant""], ""protein_change"": ""R226G"", ""classification"": ""Likely pathogenic"", ""found_in"": [""clinvar""]}"
ClinVar:VCV000689734	variant	NM_014191.4(SCN8A):c.697G>A (p.Val233Ile)	"{""consequence"": [""missense variant"", ""intron variant""], ""protein_change"": ""V233I"", ""classification"": ""Likely pathogenic"", ""found_in"": [""clinvar""]}"
ClinVar:VCV000689749	variant	NM_001367721.1(CASK):c.913_914dup (p.Gly306fs)	"{""consequence"": [""frameshift variant""], ""protein_change"": ""G306fs"", ""classification"": ""Pathogenic"", ""found_in"": [""clinvar""]}"
ClinVar:VCV000691254	variant	NM_001330260.2(SCN8A):c.4892T>C (p.Ile1631Thr)	"{""consequence"": [""missense variant""], ""protein_change"": ""I1590T, I1631T"", ""classification"": ""Likely pathogenic"", ""found_in"": [""clinvar""]}"
ClinVar:VCV000691257	variant	NM_001330260.2(SCN8A):c.4501C>T (p.Gln1501Ter)	"{""consequence"": [""nonsense""], ""protein_change"": ""Q1460*, Q1501*"", ""classification"": ""Pathogenic/Likely pathogenic"", ""found_in"": [""clinvar""]}"
ClinVar:VCV000691261	variant	NM_001330260.2(SCN8A):c.2811G>T (p.Trp937Cys)	"{""consequence"": [""missense variant""], ""protein_change"": ""W937C"", ""classification"": ""Likely pathogenic"", ""found_in"": [""clinvar""]}"
ClinVar:VCV000691268	variant	NM_001032221.6(STXBP1):c.1111-10_1111-6delinsG	"{""consequence"": [""intron variant""], ""protein_change"": """", ""classification"": ""Likely pathogenic"", ""found_in"": [""clinvar""]}"
ClinVar:VCV000692305	variant	NM_001330260.2(SCN8A):c.719T>C (p.Ile240Thr)	"{""consequence"": [""missense variant""], ""protein_change"": ""I240T"", ""classification"": ""Likely pathogenic"", ""found_in"": [""clinvar""]}"
ClinVar:VCV000694309	variant	NM_001330260.2(SCN8A):c.3953A>G (p.Asn1318Ser)	"{""consequence"": [""missense variant""], ""protein_change"": ""N1277S, N1318S"", ""classification"": ""Likely pathogenic"", ""found_in"": [""clinvar""]}"
ClinVar:VCV000763582	variant	NM_001330260.2(SCN8A):c.632T>C (p.Val211Ala)	"{""consequence"": [""missense variant"", ""intron variant""], ""protein_change"": ""V211A"", ""classification"": ""Likely pathogenic"", ""found_in"": [""clinvar""]}"
ClinVar:VCV000800908	variant	NM_000817.3(GAD1):c.1402T>G (p.Trp468Gly)	"{""consequence"": [""missense variant""], ""protein_change"": ""W468G"", ""classification"": ""Likely pathogenic"", ""found_in"": [""clinvar""]}"
ClinVar:VCV000802507	variant	NM_001032221.6(STXBP1):c.236C>T (p.Pro79Leu)	"{""consequence"": [""missense variant""], ""protein_change"": ""P65L, P79L"", ""classification"": ""Likely pathogenic"", ""found_in"": [""clinvar""]}"
ClinVar:VCV000802508	variant	NM_001032221.6(STXBP1):c.241G>T (p.Glu81Ter)	"{""consequence"": [""nonsense""], ""protein_change"": ""E67*, E81*"", ""classification"": ""Pathogenic"", ""found_in"": [""clinvar""]}"
ClinVar:VCV000802509	variant	NM_001032221.6(STXBP1):c.303_305del (p.Ala102del)	"{""consequence"": [""inframe_deletion""], ""protein_change"": ""A102del, A88del"", ""classification"": ""Likely pathogenic"", ""found_in"": [""clinvar""]}"
ClinVar:VCV000802511	variant	NM_001032221.6(STXBP1):c.430-1G>A	"{""consequence"": [""splice acceptor variant""], ""protein_change"": """", ""classification"": ""Pathogenic"", ""found_in"": [""clinvar""]}"
ClinVar:VCV000802512	variant	NM_001032221.6(STXBP1):c.579-1G>A	"{""consequence"": [""splice acceptor variant""], ""protein_change"": """", ""classification"": ""Pathogenic/Likely pathogenic"", ""found_in"": [""clinvar""]}"
ClinVar:VCV000802513	variant	NM_001032221.6(STXBP1):c.862T>C (p.Trp288Arg)	"{""consequence"": [""missense variant"", ""intron variant""], ""protein_change"": ""W274R, W285R, W288R"", ""classification"": ""Likely pathogenic"", ""found_in"": [""clinvar""]}"
ClinVar:VCV000802514	variant	NM_001032221.6(STXBP1):c.1236del (p.Phe413_Leu414insTer)	"{""consequence"": [""frameshift variant""], ""protein_change"": """", ""classification"": ""Pathogenic"", ""found_in"": [""clinvar""]}"
ClinVar:VCV000802857	variant	NM_001330260.2(SCN8A):c.1228G>T (p.Val410Leu)	"{""consequence"": [""missense variant""], ""protein_change"": ""V410L"", ""classification"": ""Likely pathogenic"", ""found_in"": [""clinvar""]}"
ClinVar:VCV000802858	variant	NM_001330260.2(SCN8A):c.2641G>C (p.Val881Leu)	"{""consequence"": [""missense variant""], ""protein_change"": ""V881L"", ""classification"": ""Likely pathogenic"", ""found_in"": [""clinvar""]}"
ClinVar:VCV000802860	variant	NM_001330260.2(SCN8A):c.4883T>C (p.Leu1628Ser)	"{""consequence"": [""missense variant""], ""protein_change"": ""L1587S, L1628S"", ""classification"": ""Likely pathogenic"", ""found_in"": [""clinvar""]}"
ClinVar:VCV000803983	variant	NM_001367721.1(CASK):c.2429G>A (p.Ser810Asn)	"{""consequence"": [""missense variant""], ""protein_change"": ""S781N, S782N, S805N, S810N, S804N"", ""classification"": ""Pathogenic"", ""found_in"": [""clinvar""]}"
ClinVar:VCV000803984	variant	NM_001367721.1(CASK):c.1385_1394del (p.Pro462fs)	"{""consequence"": [""frameshift variant""], ""protein_change"": ""P462fs, P456fs"", ""classification"": ""Pathogenic"", ""found_in"": [""clinvar""]}"
ClinVar:VCV000803986	variant	NM_001367721.1(CASK):c.774_780del (p.Met258fs)	"{""consequence"": [""frameshift variant""], ""protein_change"": ""M258fs"", ""classification"": ""Pathogenic"", ""found_in"": [""clinvar""]}"
ClinVar:VCV000807505	variant	NM_001032221.6(STXBP1):c.308A>C (p.His103Pro)	"{""consequence"": [""missense variant""], ""protein_change"": ""H89P, H103P"", ""classification"": ""Likely pathogenic"", ""found_in"": [""clinvar""]}"
ClinVar:VCV000807506	variant	NM_001032221.6(STXBP1):c.1261G>T (p.Glu421Ter)	"{""consequence"": [""nonsense""], ""protein_change"": ""E418*, E407*, E421*, E385*"", ""classification"": ""Pathogenic"", ""found_in"": [""clinvar""]}"
ClinVar:VCV000807679	variant	NM_001330260.2(SCN8A):c.2546T>A (p.Leu849His)	"{""consequence"": [""missense variant""], ""protein_change"": ""L849H"", ""classification"": ""Likely pathogenic"", ""found_in"": [""clinvar""]}"
ClinVar:VCV000810489	variant	GRCh37/hg19 9q34.11(chr9:130438083-130446756)x1	"{""consequence"": [], ""protein_change"": """", ""classification"": ""Likely pathogenic"", ""found_in"": [""clinvar""]}"
ClinVar:VCV000810578	variant	NM_001367721.1(CASK):c.1466G>A (p.Arg489Gln)	"{""consequence"": [""missense variant""], ""protein_change"": ""R483Q, R489Q"", ""classification"": ""Pathogenic/Likely pathogenic"", ""found_in"": [""clinvar""]}"
ClinVar:VCV000810580	variant	NM_001367721.1(CASK):c.36C>A (p.Tyr12Ter)	"{""consequence"": [""nonsense""], ""protein_change"": ""Y12*"", ""classification"": ""Likely pathogenic"", ""found_in"": [""clinvar""]}"
ClinVar:VCV000810675	variant	NM_014232.3(VAMP2):c.223T>C (p.Ser75Pro)	"{""consequence"": [""missense variant""], ""protein_change"": ""S75P, S77P"", ""classification"": ""Pathogenic"", ""found_in"": [""clinvar""]}"
ClinVar:VCV000810676	variant	NM_014232.3(VAMP2):c.233A>C (p.Glu78Ala)	"{""consequence"": [""missense variant""], ""protein_change"": ""E78A, E80A"", ""classification"": ""Pathogenic"", ""found_in"": [""clinvar""]}"
ClinVar:VCV000810677	variant	NM_014232.3(VAMP2):c.230T>C (p.Phe77Ser)	"{""consequence"": [""missense variant""], ""protein_change"": ""F77S, F79S"", ""classification"": ""Pathogenic"", ""found_in"": [""clinvar""]}"
ClinVar:VCV000810679	variant	NM_014232.3(VAMP2):c.132CAT[1] (p.Ile45del)	"{""consequence"": [""inframe_deletion""], ""protein_change"": ""I47del, I45del"", ""classification"": ""Pathogenic"", ""found_in"": [""clinvar""]}"
ClinVar:VCV000812177	variant	NM_001032221.6(STXBP1):c.1030del (p.Tyr344fs)	"{""consequence"": [""frameshift variant""], ""protein_change"": ""Y330fs, Y344fs, Y308fs, Y341fs"", ""classification"": ""Pathogenic"", ""found_in"": [""clinvar""]}"
ClinVar:VCV000812664	variant	NM_001032221.6(STXBP1):c.1427C>A (p.Ser476Ter)	"{""consequence"": [""nonsense""], ""protein_change"": ""S440*, S462*, S473*, S476*"", ""classification"": ""Pathogenic"", ""found_in"": [""clinvar""]}"
ClinVar:VCV000812768	variant	NM_001032221.6(STXBP1):c.1216C>G (p.Arg406Gly)	"{""consequence"": [""missense variant""], ""protein_change"": ""R403G, R392G, R370G, R406G"", ""classification"": ""Likely pathogenic"", ""found_in"": [""clinvar""]}"
ClinVar:VCV000812769	variant	NM_001032221.6(STXBP1):c.1249+1G>A	"{""consequence"": [""splice donor variant""], ""protein_change"": """", ""classification"": ""Pathogenic"", ""found_in"": [""clinvar""]}"
ClinVar:VCV000812770	variant	NM_001032221.6(STXBP1):c.1359+1G>T	"{""consequence"": [""splice donor variant""], ""protein_change"": """", ""classification"": ""Pathogenic"", ""found_in"": [""clinvar""]}"
ClinVar:VCV000812774	variant	NM_001330260.2(SCN8A):c.4922T>G (p.Leu1641Arg)	"{""consequence"": [""missense variant""], ""protein_change"": ""L1600R, L1641R"", ""classification"": ""Likely pathogenic"", ""found_in"": [""clinvar""]}"
ClinVar:VCV000812925	variant	NC_000009.12:g.127681712_127692172del	"{""consequence"": [], ""protein_change"": """", ""classification"": ""Pathogenic"", ""found_in"": [""clinvar""]}"
ClinVar:VCV000812931	variant	NC_000023.11:g.41506506_41542250del	"{""consequence"": [], ""protein_change"": """", ""classification"": ""Likely pathogenic"", ""found_in"": [""clinvar""]}"
ClinVar:VCV000812932	variant	Single allele	"{""consequence"": [], ""protein_change"": """", ""classification"": ""Likely pathogenic"", ""found_in"": [""clinvar""]}"
ClinVar:VCV000812998	variant	NM_001199107.2(TBC1D24):c.901C>T (p.Gln301Ter)	"{""consequence"": [""nonsense""], ""protein_change"": ""Q301*"", ""classification"": ""Likely pathogenic"", ""found_in"": [""clinvar""]}"
ClinVar:VCV000813732	variant	NM_001367721.1(CASK):c.359A>G (p.His120Arg)	"{""consequence"": [""missense variant""], ""protein_change"": ""H120R"", ""classification"": ""Likely pathogenic"", ""found_in"": [""clinvar""]}"
ClinVar:VCV000813735	variant	NM_001330260.2(SCN8A):c.4408C>A (p.Gln1470Lys)	"{""consequence"": [""missense variant""], ""protein_change"": ""Q1470K, Q1429K"", ""classification"": ""Likely pathogenic"", ""found_in"": [""clinvar""]}"
ClinVar:VCV000813768	variant	NM_001032221.6(STXBP1):c.122T>A (p.Leu41Gln)	"{""consequence"": [""missense variant""], ""protein_change"": ""L41Q, L27Q"", ""classification"": ""Likely pathogenic"", ""found_in"": [""clinvar""]}"
ClinVar:VCV000813773	variant	NM_001330260.2(SCN8A):c.5594T>C (p.Leu1865Pro)	"{""consequence"": [""missense variant""], ""protein_change"": ""L1824P, L1865P"", ""classification"": ""Pathogenic"", ""found_in"": [""clinvar""]}"
ClinVar:VCV000813800	variant	NM_001032221.6(STXBP1):c.1461+1G>T	"{""consequence"": [""splice donor variant""], ""protein_change"": """", ""classification"": ""Pathogenic/Likely pathogenic"", ""found_in"": [""clinvar""]}"
ClinVar:VCV000813943	variant	NM_001367721.1(CASK):c.1970G>A (p.Trp657Ter)	"{""consequence"": [""nonsense""], ""protein_change"": ""W628*, W634*, W657*, W651*"", ""classification"": ""Pathogenic"", ""found_in"": [""clinvar""]}"
ClinVar:VCV000815296	variant	GRCh37/hg19 9q34.11(chr9:130363849-130455691)x1	"{""consequence"": [], ""protein_change"": """", ""classification"": ""Pathogenic"", ""found_in"": [""clinvar""]}"
ClinVar:VCV000817014	variant	NM_001032221.6(STXBP1):c.1662delinsAA (p.Tyr554Ter)	"{""consequence"": [""nonsense""], ""protein_change"": ""Y551*, Y554*, Y518*, Y540*"", ""classification"": ""Pathogenic"", ""found_in"": [""clinvar""]}"
ClinVar:VCV000817102	variant	NM_001032221.6(STXBP1):c.1383_1388delinsC (p.Lys461fs)	"{""consequence"": [""frameshift variant""], ""protein_change"": ""K447fs, K458fs, K461fs, K425fs"", ""classification"": ""Pathogenic"", ""found_in"": [""clinvar""]}"
ClinVar:VCV000817136	variant	NM_001330260.2(SCN8A):c.2827dup (p.Asp943fs)	"{""consequence"": [""frameshift variant""], ""protein_change"": ""D943fs"", ""classification"": ""Likely pathogenic"", ""found_in"": [""clinvar""]}"
ClinVar:VCV000817203	variant	NM_001367721.1(CASK):c.543_548delinsTCCTACATAAATGACGTAGGTG (p.Thr182_Pro183delinsProThrTer)	"{""consequence"": [""nonsense"", ""frameshift variant""], ""protein_change"": """", ""classification"": ""Pathogenic"", ""found_in"": [""clinvar""]}"
ClinVar:VCV000817209	variant	NM_001032221.6(STXBP1):c.1607_1608del (p.Arg536fs)	"{""consequence"": [""frameshift variant""], ""protein_change"": ""R522fs, R500fs, R533fs, R536fs"", ""classification"": ""Pathogenic"", ""found_in"": [""clinvar""]}"
ClinVar:VCV000817213	variant	NM_001032221.6(STXBP1):c.260_261del (p.Leu87fs)	"{""consequence"": [""frameshift variant""], ""protein_change"": ""L87fs, L73fs"", ""classification"": ""Pathogenic/Likely pathogenic"", ""found_in"": [""clinvar""]}"
ClinVar:VCV000817288	variant	NM_001199107.2(TBC1D24):c.1322_1323del (p.Arg441fs)	"{""consequence"": [""frameshift variant""], ""protein_change"": ""R435fs, R441fs"", ""classification"": ""Likely pathogenic"", ""found_in"": [""clinvar""]}"
ClinVar:VCV000817601	variant	NM_001032221.6(STXBP1):c.294del (p.Lys98fs)	"{""consequence"": [""frameshift variant""], ""protein_change"": ""K98fs, K84fs"", ""classification"": ""Pathogenic"", ""found_in"": [""clinvar""]}"
ClinVar:VCV000817740	variant	NM_001367721.1(CASK):c.285_288del (p.Asp95fs)	"{""consequence"": [""frameshift variant""], ""protein_change"": ""D95fs"", ""classification"": ""Pathogenic"", ""found_in"": [""clinvar""]}"
ClinVar:VCV000818067	variant	NM_001032221.6(STXBP1):c.981_987delinsTCAGCACC (p.Ser328fs)	"{""consequence"": [""frameshift variant""], ""protein_change"": ""S292fs, S328fs, S314fs, S325fs"", ""classification"": ""Pathogenic"", ""found_in"": [""clinvar""]}"
ClinVar:VCV000827636	variant	NM_001032221.6(STXBP1):c.246+2_325+14del	"{""consequence"": [""splice acceptor variant"", ""splice donor variant""], ""protein_change"": """", ""classification"": ""Pathogenic"", ""found_in"": [""clinvar""]}"
ClinVar:VCV000828098	variant	NM_005639.3(SYT1):c.1100_1102dup (p.Lys367dup)	"{""consequence"": [""inframe_insertion""], ""protein_change"": """", ""classification"": ""Likely pathogenic"", ""found_in"": [""clinvar""]}"
ClinVar:VCV000828187	variant	NM_001367721.1(CASK):c.1997dup (p.Asn666fs)	"{""consequence"": [""frameshift variant""], ""protein_change"": ""N643fs, N637fs, N666fs"", ""classification"": ""Pathogenic"", ""found_in"": [""clinvar""]}"
ClinVar:VCV000830415	variant	NC_000009.12:g.(?_127651583)_(127653816_?)del	"{""consequence"": [], ""protein_change"": """", ""classification"": ""Pathogenic"", ""found_in"": [""clinvar""]}"
ClinVar:VCV000831065	variant	NC_000009.12:g.(?_127672031)_(127676773_?)del	"{""consequence"": [], ""protein_change"": """", ""classification"": ""Likely pathogenic"", ""found_in"": [""clinvar""]}"
ClinVar:VCV000831100	variant	NC_000009.12:g.(?_127612384)_(127690877_?)del	"{""consequence"": [], ""protein_change"": """", ""classification"": ""Pathogenic"", ""found_in"": [""clinvar""]}"
ClinVar:VCV000831403	variant	NC_000009.12:g.(?_127653695)_(127676773_?)del	"{""consequence"": [], ""protein_change"": """", ""classification"": ""Pathogenic"", ""found_in"": [""clinvar""]}"
ClinVar:VCV000832745	variant	NC_000009.12:g.(?_127651583)_(127690877_?)del	"{""consequence"": [], ""protein_change"": """", ""classification"": ""Pathogenic"", ""found_in"": [""clinvar""]}"
ClinVar:VCV000836368	variant	NM_001330260.2(SCN8A):c.4948G>T (p.Ala1650Ser)	"{""consequence"": [""missense variant""], ""protein_change"": ""A1650S, A1609S"", ""classification"": ""Likely pathogenic"", ""found_in"": [""clinvar""]}"
ClinVar:VCV000836802	variant	NM_001032221.6(STXBP1):c.157G>T (p.Glu53Ter)	"{""consequence"": [""nonsense""], ""protein_change"": ""E39*, E53*"", ""classification"": ""Pathogenic"", ""found_in"": [""clinvar""]}"
ClinVar:VCV000839506	variant	NM_001330260.2(SCN8A):c.5640A>C (p.Lys1880Asn)	"{""consequence"": [""missense variant""], ""protein_change"": ""K1880N, K1839N"", ""classification"": ""Pathogenic"", ""found_in"": [""clinvar""]}"
ClinVar:VCV000844258	variant	NM_001330260.2(SCN8A):c.1106A>T (p.Gln369Leu)	"{""consequence"": [""missense variant""], ""protein_change"": ""Q369L"", ""classification"": ""Likely pathogenic"", ""found_in"": [""clinvar""]}"
ClinVar:VCV000844622	variant	NM_001199107.2(TBC1D24):c.394C>T (p.Pro132Ser)	"{""consequence"": [""missense variant""], ""protein_change"": ""P132S"", ""classification"": ""Likely pathogenic"", ""found_in"": [""clinvar""]}"
ClinVar:VCV000846660	variant	NM_001032221.6(STXBP1):c.247-1G>A	"{""consequence"": [""splice acceptor variant""], ""protein_change"": """", ""classification"": ""Pathogenic"", ""found_in"": [""clinvar""]}"
ClinVar:VCV000847491	variant	NM_001032221.6(STXBP1):c.98T>A (p.Val33Glu)	"{""consequence"": [""missense variant""], ""protein_change"": ""V19E, V33E"", ""classification"": ""Likely pathogenic"", ""found_in"": [""clinvar""]}"
ClinVar:VCV000847572	variant	NM_001330260.2(SCN8A):c.765G>T (p.Met255Ile)	"{""consequence"": [""missense variant""], ""protein_change"": ""M255I"", ""classification"": ""Likely pathogenic"", ""found_in"": [""clinvar""]}"
ClinVar:VCV000848882	variant	NM_001032221.6(STXBP1):c.1258G>T (p.Glu420Ter)	"{""consequence"": [""nonsense""], ""protein_change"": ""E384*, E406*, E417*, E420*"", ""classification"": ""Pathogenic"", ""found_in"": [""clinvar""]}"
ClinVar:VCV000852959	variant	NM_001199107.2(TBC1D24):c.1153C>T (p.Gln385Ter)	"{""consequence"": [""nonsense""], ""protein_change"": ""Q379*, Q385*"", ""classification"": ""Pathogenic"", ""found_in"": [""clinvar""]}"
ClinVar:VCV000853495	variant	NM_001032221.6(STXBP1):c.1039C>G (p.His347Asp)	"{""consequence"": [""missense variant""], ""protein_change"": ""H311D, H333D, H347D, H344D"", ""classification"": ""Likely pathogenic"", ""found_in"": [""clinvar""]}"
ClinVar:VCV000856852	variant	NM_001199107.2(TBC1D24):c.119G>A (p.Arg40His)	"{""consequence"": [""missense variant""], ""protein_change"": ""R40H"", ""classification"": ""Pathogenic/Likely pathogenic"", ""found_in"": [""clinvar""]}"
ClinVar:VCV000869447	variant	NM_001330260.2(SCN8A):c.4436T>C (p.Ile1479Thr)	"{""consequence"": [""missense variant""], ""protein_change"": ""I1479T, I1438T"", ""classification"": ""Pathogenic/Likely pathogenic"", ""found_in"": [""clinvar""]}"
ClinVar:VCV000870198	variant	NM_001330260.2(SCN8A):c.2668G>C (p.Ala890Pro)	"{""consequence"": [""missense variant""], ""protein_change"": ""A890P"", ""classification"": ""Likely pathogenic"", ""found_in"": [""clinvar""]}"
ClinVar:VCV000870200	variant	NM_001330260.2(SCN8A):c.4443_4444delinsTG (p.Met1481_Thr1482delinsIleAla)	"{""consequence"": [""missense variant""], ""protein_change"": """", ""classification"": ""Pathogenic"", ""found_in"": [""clinvar""]}"
ClinVar:VCV000870202	variant	NM_001032221.6(STXBP1):c.1588G>T (p.Glu530Ter)	"{""consequence"": [""nonsense""], ""protein_change"": ""E527*, E516*, E530*, E494*"", ""classification"": ""Pathogenic"", ""found_in"": [""clinvar""]}"
ClinVar:VCV000870204	variant	NM_001032221.6(STXBP1):c.784G>T (p.Asp262Tyr)	"{""consequence"": [""missense variant""], ""protein_change"": ""D248Y, D259Y, D262Y"", ""classification"": ""Likely pathogenic"", ""found_in"": [""clinvar""]}"
ClinVar:VCV000870910	variant	NM_001032221.6(STXBP1):c.170-1G>C	"{""consequence"": [""splice acceptor variant""], ""protein_change"": """", ""classification"": ""Pathogenic"", ""found_in"": [""clinvar""]}"
ClinVar:VCV000870911	variant	NM_001032221.6(STXBP1):c.512_513del (p.Arg171fs)	"{""consequence"": [""frameshift variant""], ""protein_change"": ""R157fs, R168fs, R171fs"", ""classification"": ""Pathogenic"", ""found_in"": [""clinvar""]}"
ClinVar:VCV000870912	variant	NM_001032221.6(STXBP1):c.704_705insGG (p.Gly236fs)	"{""consequence"": [""frameshift variant""], ""protein_change"": ""G222fs, G233fs, G236fs"", ""classification"": ""Pathogenic"", ""found_in"": [""clinvar""]}"
ClinVar:VCV000870913	variant	NM_001032221.6(STXBP1):c.906_912del (p.Glu302fs)	"{""consequence"": [""frameshift variant""], ""protein_change"": ""E299fs, E302fs, E266fs, E288fs"", ""classification"": ""Pathogenic"", ""found_in"": [""clinvar""]}"
ClinVar:VCV000870914	variant	NM_001032221.6(STXBP1):c.1017del (p.Glu340fs)	"{""consequence"": [""frameshift variant""], ""protein_change"": ""E337fs, E304fs, E326fs, E340fs"", ""classification"": ""Pathogenic"", ""found_in"": [""clinvar""]}"
ClinVar:VCV000870915	variant	NM_001032221.6(STXBP1):c.1029+1G>A	"{""consequence"": [""splice donor variant""], ""protein_change"": """", ""classification"": ""Pathogenic/Likely pathogenic"", ""found_in"": [""clinvar""]}"
ClinVar:VCV000870916	variant	NM_001032221.6(STXBP1):c.1074C>A (p.Tyr358Ter)	"{""consequence"": [""nonsense""], ""protein_change"": ""Y344*, Y322*, Y355*, Y358*"", ""classification"": ""Pathogenic"", ""found_in"": [""clinvar""]}"
ClinVar:VCV000871196	variant	NM_001367721.1(CASK):c.721C>T (p.Gln241Ter)	"{""consequence"": [""nonsense""], ""protein_change"": ""Q241*"", ""classification"": ""Pathogenic"", ""found_in"": [""clinvar""]}"
ClinVar:VCV000871264	variant	NM_001032221.6(STXBP1):c.1092del (p.Lys364fs)	"{""consequence"": [""frameshift variant""], ""protein_change"": ""K328fs, K364fs, K350fs, K361fs"", ""classification"": ""Pathogenic"", ""found_in"": [""clinvar""]}"
ClinVar:VCV000871265	variant	NM_001032221.6(STXBP1):c.1105G>A (p.Glu369Lys)	"{""consequence"": [""missense variant""], ""protein_change"": ""E333K, E369K, E355K, E366K"", ""classification"": ""Likely pathogenic"", ""found_in"": [""clinvar""]}"
ClinVar:VCV000871267	variant	NM_001032221.6(STXBP1):c.1461+5G>A	"{""consequence"": [""intron variant""], ""protein_change"": """", ""classification"": ""Pathogenic"", ""found_in"": [""clinvar""]}"
ClinVar:VCV000871268	variant	NM_001032221.6(STXBP1):c.1606del (p.Arg536fs)	"{""consequence"": [""frameshift variant""], ""protein_change"": ""R500fs, R522fs, R533fs, R536fs"", ""classification"": ""Pathogenic"", ""found_in"": [""clinvar""]}"
ClinVar:VCV000871269	variant	NM_001032221.6(STXBP1):c.1628G>A (p.Gly543Glu)	"{""consequence"": [""missense variant""], ""protein_change"": ""G507E, G540E, G543E, G529E"", ""classification"": ""Pathogenic/Likely pathogenic"", ""found_in"": [""clinvar""]}"
ClinVar:VCV000871343	variant	NM_001330260.2(SCN8A):c.752T>G (p.Leu251Arg)	"{""consequence"": [""missense variant""], ""protein_change"": ""L251R"", ""classification"": ""Pathogenic"", ""found_in"": [""clinvar""]}"
ClinVar:VCV000871344	variant	NM_001330260.2(SCN8A):c.802A>T (p.Ile268Phe)	"{""consequence"": [""missense variant""], ""protein_change"": ""I268F"", ""classification"": ""Likely pathogenic"", ""found_in"": [""clinvar""]}"
ClinVar:VCV000871345	variant	NM_001330260.2(SCN8A):c.979A>C (p.Ser327Arg)	"{""consequence"": [""missense variant""], ""protein_change"": ""S327R"", ""classification"": ""Likely pathogenic"", ""found_in"": [""clinvar""]}"
ClinVar:VCV000872827	variant	NM_001367721.1(CASK):c.1508del (p.Ile503fs)	"{""consequence"": [""frameshift variant""], ""protein_change"": ""I497fs, I503fs"", ""classification"": ""Pathogenic"", ""found_in"": [""clinvar""]}"
ClinVar:VCV000916508	variant	NM_001367721.1(CASK):c.1843-2A>T	"{""consequence"": [""splice acceptor variant""], ""protein_change"": """", ""classification"": ""Pathogenic"", ""found_in"": [""clinvar""]}"
ClinVar:VCV000916560	variant	NM_014905.5(GLS):c.1940C>T (p.Thr647Ile)	"{""consequence"": [""missense variant""], ""protein_change"": ""T647I"", ""classification"": ""Likely pathogenic"", ""found_in"": [""clinvar""]}"
ClinVar:VCV000918042	variant	NM_080552.3(SLC32A1):c.1403T>C (p.Leu468Pro)	"{""consequence"": [""missense variant""], ""protein_change"": ""L468P"", ""classification"": ""Pathogenic/Likely pathogenic"", ""found_in"": [""clinvar""]}"
ClinVar:VCV000918043	variant	NM_080552.3(SLC32A1):c.989T>C (p.Met330Thr)	"{""consequence"": [""missense variant""], ""protein_change"": ""M330T"", ""classification"": ""Pathogenic/Likely pathogenic"", ""found_in"": [""clinvar""]}"
ClinVar:VCV000929393	variant	GRCh37/hg19 12q13.13(chr12:51946335-52024220)x1	"{""consequence"": [], ""protein_change"": """", ""classification"": ""Likely pathogenic"", ""found_in"": [""clinvar""]}"
ClinVar:VCV000929460	variant	NM_014232.3(VAMP2):c.166C>T (p.Arg56Ter)	"{""consequence"": [""nonsense""], ""protein_change"": ""R56*, R58*"", ""classification"": ""Pathogenic"", ""found_in"": [""clinvar""]}"
ClinVar:VCV000929461	variant	NM_014232.3(VAMP2):c.217G>T (p.Gly73Trp)	"{""consequence"": [""missense variant""], ""protein_change"": ""G73W, G75W"", ""classification"": ""Likely pathogenic"", ""found_in"": [""clinvar""]}"
ClinVar:VCV000929462	variant	NM_014232.3(VAMP2):c.1A>G (p.Met1Val)	"{""consequence"": [""missense variant"", ""initiator_codon_variant""], ""protein_change"": ""M1V"", ""classification"": ""Pathogenic"", ""found_in"": [""clinvar""]}"
ClinVar:VCV000929463	variant	NM_014232.3(VAMP2):c.167G>T (p.Arg56Leu)	"{""consequence"": [""missense variant""], ""protein_change"": ""R56L, R58L"", ""classification"": ""Likely pathogenic"", ""found_in"": [""clinvar""]}"
ClinVar:VCV000929464	variant	NM_014232.3(VAMP2):c.337_341del (p.Tyr113fs)	"{""consequence"": [""frameshift variant""], ""protein_change"": ""Y113fs, Y115fs"", ""classification"": ""Likely pathogenic"", ""found_in"": [""clinvar""]}"
ClinVar:VCV000930337	variant	NM_001330260.2(SCN8A):c.2617G>T (p.Gly873Cys)	"{""consequence"": [""missense variant""], ""protein_change"": ""G873C"", ""classification"": ""Likely pathogenic"", ""found_in"": [""clinvar""]}"
ClinVar:VCV000930346	variant	NM_001367721.1(CASK):c.916-1G>A	"{""consequence"": [""splice acceptor variant""], ""protein_change"": """", ""classification"": ""Pathogenic"", ""found_in"": [""clinvar""]}"
ClinVar:VCV000933386	variant	NM_001032221.6(STXBP1):c.416C>A (p.Pro139Gln)	"{""consequence"": [""missense variant""], ""protein_change"": ""P125Q, P136Q, P139Q"", ""classification"": ""Pathogenic"", ""found_in"": [""clinvar""]}"
ClinVar:VCV000934328	variant	NM_001330260.2(SCN8A):c.4393G>A (p.Asp1465Asn)	"{""consequence"": [""missense variant""], ""protein_change"": ""D1424N, D1465N"", ""classification"": ""Pathogenic/Likely pathogenic"", ""found_in"": [""clinvar""]}"
ClinVar:VCV000935285	variant	NM_001330260.2(SCN8A):c.5278A>G (p.Met1760Val)	"{""consequence"": [""missense variant""], ""protein_change"": ""M1760V, M1719V"", ""classification"": ""Likely pathogenic"", ""found_in"": [""clinvar""]}"
ClinVar:VCV000943886	variant	NM_001330260.2(SCN8A):c.5458C>T (p.Arg1820Ter)	"{""consequence"": [""nonsense""], ""protein_change"": ""R1779*, R1820*"", ""classification"": ""Pathogenic/Likely pathogenic"", ""found_in"": [""clinvar""]}"
ClinVar:VCV000944145	variant	NM_001032221.6(STXBP1):c.463del (p.Ser155fs)	"{""consequence"": [""frameshift variant""], ""protein_change"": ""S155fs, S141fs, S152fs"", ""classification"": ""Pathogenic"", ""found_in"": [""clinvar""]}"
ClinVar:VCV000944674	variant	NM_001032221.6(STXBP1):c.1656C>A (p.Cys552Ter)	"{""consequence"": [""nonsense""], ""protein_change"": ""C516*, C549*, C552*, C538*"", ""classification"": ""Pathogenic"", ""found_in"": [""clinvar""]}"
ClinVar:VCV000944708	variant	NM_001330260.2(SCN8A):c.796G>A (p.Ala266Thr)	"{""consequence"": [""missense variant""], ""protein_change"": ""A266T"", ""classification"": ""Likely pathogenic"", ""found_in"": [""clinvar""]}"
ClinVar:VCV000952587	variant	NM_001032221.6(STXBP1):c.1630G>C (p.Gly544Arg)	"{""consequence"": [""missense variant""], ""protein_change"": ""G530R, G541R, G508R, G544R"", ""classification"": ""Pathogenic"", ""found_in"": [""clinvar""]}"
ClinVar:VCV000952873	variant	NM_001367721.1(CASK):c.1578del (p.Arg526fs)	"{""consequence"": [""frameshift variant""], ""protein_change"": ""R520fs, R526fs"", ""classification"": ""Pathogenic"", ""found_in"": [""clinvar""]}"
ClinVar:VCV000955041	variant	NM_001032221.6(STXBP1):c.325+2T>A	"{""consequence"": [""splice donor variant""], ""protein_change"": """", ""classification"": ""Likely pathogenic"", ""found_in"": [""clinvar""]}"
ClinVar:VCV000956913	variant	NM_001330260.2(SCN8A):c.2799G>T (p.Leu933Phe)	"{""consequence"": [""missense variant""], ""protein_change"": ""L933F"", ""classification"": ""Pathogenic"", ""found_in"": [""clinvar""]}"
ClinVar:VCV000959024	variant	NM_001032221.6(STXBP1):c.636T>A (p.Tyr212Ter)	"{""consequence"": [""nonsense""], ""protein_change"": ""Y198*, Y209*, Y212*"", ""classification"": ""Pathogenic"", ""found_in"": [""clinvar""]}"
ClinVar:VCV000960278	variant	NM_001199107.2(TBC1D24):c.680G>A (p.Arg227Gln)	"{""consequence"": [""missense variant""], ""protein_change"": ""R227Q"", ""classification"": ""Likely pathogenic"", ""found_in"": [""clinvar""]}"
ClinVar:VCV000960778	variant	NM_001032221.6(STXBP1):c.661del (p.Glu221fs)	"{""consequence"": [""frameshift variant""], ""protein_change"": ""E221fs, E218fs, E207fs"", ""classification"": ""Pathogenic"", ""found_in"": [""clinvar""]}"
ClinVar:VCV000961971	variant	NM_001032221.6(STXBP1):c.1028del (p.Lys343fs)	"{""consequence"": [""frameshift variant""], ""protein_change"": ""K340fs, K307fs, K329fs, K343fs"", ""classification"": ""Pathogenic"", ""found_in"": [""clinvar""]}"
ClinVar:VCV000964412	variant	NM_001330260.2(SCN8A):c.4880T>A (p.Ile1627Asn)	"{""consequence"": [""missense variant""], ""protein_change"": ""I1586N, I1627N"", ""classification"": ""Pathogenic/Likely pathogenic"", ""found_in"": [""clinvar""]}"
ClinVar:VCV000966106	variant	NM_001032221.6(STXBP1):c.1153dup (p.Asp385fs)	"{""consequence"": [""frameshift variant""], ""protein_change"": ""D371fs, D385fs, D382fs, D349fs"", ""classification"": ""Pathogenic"", ""found_in"": [""clinvar""]}"
ClinVar:VCV000966922	variant	NM_001032221.6(STXBP1):c.578G>C (p.Gly193Ala)	"{""consequence"": [""missense variant""], ""protein_change"": ""G193A, G179A, G190A"", ""classification"": ""Pathogenic"", ""found_in"": [""clinvar""]}"
ClinVar:VCV000970419	variant	NM_001032221.6(STXBP1):c.636T>G (p.Tyr212Ter)	"{""consequence"": [""nonsense""], ""protein_change"": ""Y198*, Y209*, Y212*"", ""classification"": ""Pathogenic"", ""found_in"": [""clinvar""]}"
ClinVar:VCV000970956	variant	NM_001032221.6(STXBP1):c.1360-2A>C	"{""consequence"": [""splice acceptor variant""], ""protein_change"": """", ""classification"": ""Likely pathogenic"", ""found_in"": [""clinvar""]}"
ClinVar:VCV000973268	variant	NM_001032221.6(STXBP1):c.1381_1390dup (p.Arg464fs)	"{""consequence"": [""frameshift variant""], ""protein_change"": ""R464fs, R428fs, R450fs, R461fs"", ""classification"": ""Pathogenic"", ""found_in"": [""clinvar""]}"
ClinVar:VCV000973279	variant	NM_001032221.6(STXBP1):c.663+1G>A	"{""consequence"": [""splice donor variant""], ""protein_change"": """", ""classification"": ""Pathogenic"", ""found_in"": [""clinvar""]}"
ClinVar:VCV000973303	variant	NM_001330260.2(SCN8A):c.5333A>G (p.Asp1778Gly)	"{""consequence"": [""missense variant""], ""protein_change"": ""D1737G, D1778G"", ""classification"": ""Likely pathogenic"", ""found_in"": [""clinvar""]}"
ClinVar:VCV000975769	variant	NM_001330260.2(SCN8A):c.2633T>C (p.Leu878Pro)	"{""consequence"": [""missense variant""], ""protein_change"": ""L878P"", ""classification"": ""Likely pathogenic"", ""found_in"": [""clinvar""]}"
ClinVar:VCV000976007	variant	NM_001367721.1(CASK):c.725G>A (p.Trp242Ter)	"{""consequence"": [""nonsense""], ""protein_change"": ""W242*"", ""classification"": ""Likely pathogenic"", ""found_in"": [""clinvar""]}"
ClinVar:VCV000976064	variant	NM_001032221.6(STXBP1):c.374_375del (p.Lys125fs)	"{""consequence"": [""frameshift variant""], ""protein_change"": ""K111fs, K122fs, K125fs"", ""classification"": ""Pathogenic"", ""found_in"": [""clinvar""]}"
ClinVar:VCV000976197	variant	NM_001330260.2(SCN8A):c.4850G>T (p.Arg1617Leu)	"{""consequence"": [""missense variant""], ""protein_change"": ""R1576L, R1617L"", ""classification"": ""Pathogenic/Likely pathogenic"", ""found_in"": [""clinvar""]}"
ClinVar:VCV000976245	variant	NM_001032221.6(STXBP1):c.1277T>G (p.Leu426Arg)	"{""consequence"": [""missense variant""], ""protein_change"": ""L390R, L412R, L423R, L426R"", ""classification"": ""Likely pathogenic"", ""found_in"": [""clinvar""]}"
ClinVar:VCV000977145	variant	NM_005639.3(SYT1):c.1098C>G (p.Asp366Glu)	"{""consequence"": [""missense variant""], ""protein_change"": ""D363E, D366E"", ""classification"": ""Pathogenic"", ""found_in"": [""clinvar""]}"
ClinVar:VCV000977227	variant	NM_001199107.2(TBC1D24):c.965+1G>A	"{""consequence"": [""splice donor variant""], ""protein_change"": """", ""classification"": ""Pathogenic"", ""found_in"": [""clinvar""]}"
ClinVar:VCV000977820	variant	NM_001367721.1(CASK):c.2039+1del	"{""consequence"": [""splice donor variant""], ""protein_change"": """", ""classification"": ""Likely pathogenic"", ""found_in"": [""clinvar""]}"
ClinVar:VCV000977902	variant	NM_001367721.1(CASK):c.1256del (p.Tyr419fs)	"{""consequence"": [""frameshift variant""], ""protein_change"": ""Y413fs, Y419fs"", ""classification"": ""Likely pathogenic"", ""found_in"": [""clinvar""]}"
ClinVar:VCV000981292	variant	NM_001367721.1(CASK):c.490G>C (p.Gly164Arg)	"{""consequence"": [""missense variant""], ""protein_change"": ""G164R"", ""classification"": ""Likely pathogenic"", ""found_in"": [""clinvar""]}"
ClinVar:VCV000981293	variant	NM_001367721.1(CASK):c.875_877del (p.Val292del)	"{""consequence"": [""inframe_indel"", ""inframe_deletion""], ""protein_change"": ""V292del"", ""classification"": ""Likely pathogenic"", ""found_in"": [""clinvar""]}"
ClinVar:VCV000981395	variant	NM_001032221.6(STXBP1):c.554A>G (p.Glu185Gly)	"{""consequence"": [""missense variant""], ""protein_change"": ""E171G, E182G, E185G"", ""classification"": ""Likely pathogenic"", ""found_in"": [""clinvar""]}"
ClinVar:VCV000981422	variant	NM_001032221.6(STXBP1):c.660_661del (p.Glu221fs)	"{""consequence"": [""frameshift variant""], ""protein_change"": ""E207fs, E218fs, E221fs"", ""classification"": ""Likely pathogenic"", ""found_in"": [""clinvar""]}"
ClinVar:VCV000982594	variant	NM_001032221.6(STXBP1):c.1630G>T (p.Gly544Cys)	"{""consequence"": [""missense variant""], ""protein_change"": ""G508C, G530C, G541C, G544C"", ""classification"": ""Pathogenic"", ""found_in"": [""clinvar""]}"
ClinVar:VCV000982943	variant	NM_001330260.2(SCN8A):c.2518C>T (p.Leu840Phe)	"{""consequence"": [""missense variant""], ""protein_change"": ""L840F"", ""classification"": ""Likely pathogenic"", ""found_in"": [""clinvar""]}"
ClinVar:VCV000984761	variant	GRCh37/hg19 9q34.11(chr9:130431762-130432190)x1	"{""consequence"": [], ""protein_change"": """", ""classification"": ""Pathogenic"", ""found_in"": [""clinvar""]}"
ClinVar:VCV000984762	variant	NM_001032221.6(STXBP1):c.663+1G>C	"{""consequence"": [""splice donor variant""], ""protein_change"": """", ""classification"": ""Pathogenic"", ""found_in"": [""clinvar""]}"
ClinVar:VCV000984824	variant	NM_001032221.6(STXBP1):c.690_692dup (p.Leu231dup)	"{""consequence"": [""inframe_insertion""], ""protein_change"": """", ""classification"": ""Likely pathogenic"", ""found_in"": [""clinvar""]}"
ClinVar:VCV000984825	variant	NM_001032221.6(STXBP1):c.125C>A (p.Ser42Tyr)	"{""consequence"": [""missense variant""], ""protein_change"": ""S28Y, S42Y"", ""classification"": ""Likely pathogenic"", ""found_in"": [""clinvar""]}"
ClinVar:VCV000984835	variant	NM_001032221.6(STXBP1):c.1574del (p.Asn525fs)	"{""consequence"": [""frameshift variant""], ""protein_change"": ""N489fs, N511fs, N522fs, N525fs"", ""classification"": ""Pathogenic"", ""found_in"": [""clinvar""]}"
ClinVar:VCV000984865	variant	NM_001032221.6(STXBP1):c.1654T>C (p.Cys552Arg)	"{""consequence"": [""missense variant""], ""protein_change"": ""C516R, C538R, C549R, C552R"", ""classification"": ""Pathogenic"", ""found_in"": [""clinvar""]}"
ClinVar:VCV000984866	variant	NM_001032221.6(STXBP1):c.875G>C (p.Arg292Pro)	"{""consequence"": [""missense variant"", ""intron variant""], ""protein_change"": ""R278P, R289P, R292P"", ""classification"": ""Likely pathogenic"", ""found_in"": [""clinvar""]}"
ClinVar:VCV000984902	variant	NM_001032221.6(STXBP1):c.1473_1475del (p.Glu491del)	"{""consequence"": [""inframe_deletion""], ""protein_change"": ""E455del, E477del, E488del, E491del"", ""classification"": ""Likely pathogenic"", ""found_in"": [""clinvar""]}"
ClinVar:VCV000984903	variant	NM_001032221.6(STXBP1):c.755T>C (p.Met252Thr)	"{""consequence"": [""missense variant""], ""protein_change"": ""M238T, M249T, M252T"", ""classification"": ""Pathogenic"", ""found_in"": [""clinvar""]}"
ClinVar:VCV000984904	variant	NM_001032221.6(STXBP1):c.1438C>T (p.Pro480Ser)	"{""consequence"": [""missense variant""], ""protein_change"": ""P444S, P466S, P477S, P480S"", ""classification"": ""Likely pathogenic"", ""found_in"": [""clinvar""]}"
ClinVar:VCV000984905	variant	NM_001032221.6(STXBP1):c.989dup (p.Met330fs)	"{""consequence"": [""frameshift variant""], ""protein_change"": ""M294fs, M316fs, M327fs, M330fs"", ""classification"": ""Pathogenic"", ""found_in"": [""clinvar""]}"
ClinVar:VCV000985619	variant	NM_001032221.6(STXBP1):c.792C>A (p.Tyr264Ter)	"{""consequence"": [""nonsense""], ""protein_change"": ""Y250*, Y261*, Y264*"", ""classification"": ""Pathogenic"", ""found_in"": [""clinvar""]}"
ClinVar:VCV000985832	variant	NM_001032221.6(STXBP1):c.136A>G (p.Lys46Glu)	"{""consequence"": [""missense variant""], ""protein_change"": ""K32E, K46E"", ""classification"": ""Likely pathogenic"", ""found_in"": [""clinvar""]}"
ClinVar:VCV000986136	variant	NM_001330260.2(SCN8A):c.4412del (p.Lys1471fs)	"{""consequence"": [""frameshift variant""], ""protein_change"": ""K1430fs, K1471fs"", ""classification"": ""Pathogenic"", ""found_in"": [""clinvar""]}"
ClinVar:VCV000986260	variant	NM_001330260.2(SCN8A):c.2921C>G (p.Ala974Gly)	"{""consequence"": [""missense variant""], ""protein_change"": ""A974G"", ""classification"": ""Likely pathogenic"", ""found_in"": [""clinvar""]}"
ClinVar:VCV000986822	variant	NM_001032221.6(STXBP1):c.785del (p.Asp262fs)	"{""consequence"": [""frameshift variant""], ""protein_change"": ""D248fs, D259fs, D262fs"", ""classification"": ""Pathogenic"", ""found_in"": [""clinvar""]}"
ClinVar:VCV000986892	variant	NM_001032221.6(STXBP1):c.1644del (p.Asn548fs)	"{""consequence"": [""frameshift variant""], ""protein_change"": ""N512fs, N534fs, N545fs, N548fs"", ""classification"": ""Pathogenic"", ""found_in"": [""clinvar""]}"
ClinVar:VCV000987121	variant	NM_001032221.6(STXBP1):c.1176del (p.Ile393fs)	"{""consequence"": [""frameshift variant""], ""protein_change"": ""I357fs, I379fs, I390fs, I393fs"", ""classification"": ""Pathogenic"", ""found_in"": [""clinvar""]}"
ClinVar:VCV000987469	variant	NM_001032221.6(STXBP1):c.1079del (p.Gly360fs)	"{""consequence"": [""frameshift variant""], ""protein_change"": ""G324fs, G346fs, G357fs, G360fs"", ""classification"": ""Pathogenic"", ""found_in"": [""clinvar""]}"
ClinVar:VCV000987471	variant	NM_001367721.1(CASK):c.37G>T (p.Glu13Ter)	"{""consequence"": [""nonsense""], ""protein_change"": ""E13*"", ""classification"": ""Pathogenic"", ""found_in"": [""clinvar""]}"
ClinVar:VCV000987472	variant	NM_001367721.1(CASK):c.1898G>A (p.Cys633Tyr)	"{""consequence"": [""missense variant""], ""protein_change"": ""C604Y, C610Y, C633Y, C627Y"", ""classification"": ""Likely pathogenic"", ""found_in"": [""clinvar""]}"
ClinVar:VCV000988956	variant	NM_000817.3(GAD1):c.1414-1G>C	"{""consequence"": [""splice acceptor variant""], ""protein_change"": """", ""classification"": ""Pathogenic"", ""found_in"": [""clinvar""]}"
ClinVar:VCV000988957	variant	NM_000817.3(GAD1):c.692AGA[1] (p.Lys232del)	"{""consequence"": [""inframe_deletion""], ""protein_change"": ""K232del"", ""classification"": ""Pathogenic"", ""found_in"": [""clinvar""]}"
ClinVar:VCV000988958	variant	NM_000817.3(GAD1):c.812_816del (p.Val271fs)	"{""consequence"": [""frameshift variant""], ""protein_change"": ""V271fs"", ""classification"": ""Pathogenic"", ""found_in"": [""clinvar""]}"
ClinVar:VCV000988959	variant	NM_000817.3(GAD1):c.1591C>T (p.Arg531Ter)	"{""consequence"": [""nonsense""], ""protein_change"": ""R531*"", ""classification"": ""Pathogenic"", ""found_in"": [""clinvar""]}"
ClinVar:VCV000989260	variant	NM_001330260.2(SCN8A):c.4007T>C (p.Ile1336Thr)	"{""consequence"": [""missense variant""], ""protein_change"": ""I1295T, I1336T"", ""classification"": ""Likely pathogenic"", ""found_in"": [""clinvar""]}"
ClinVar:VCV000989350	variant	NM_001367721.1(CASK):c.1579C>T (p.Gln527Ter)	"{""consequence"": [""nonsense""], ""protein_change"": ""Q521*, Q527*"", ""classification"": ""Pathogenic"", ""found_in"": [""clinvar""]}"
ClinVar:VCV000996681	variant	NM_001032221.6(STXBP1):c.560C>T (p.Pro187Leu)	"{""consequence"": [""missense variant""], ""protein_change"": ""P173L, P184L, P187L"", ""classification"": ""Pathogenic/Likely pathogenic"", ""found_in"": [""clinvar""]}"
ClinVar:VCV000996906	variant	NM_001330260.2(SCN8A):c.2491G>A (p.Glu831Lys)	"{""consequence"": [""missense variant""], ""protein_change"": ""E831K"", ""classification"": ""Likely pathogenic"", ""found_in"": [""clinvar""]}"
ClinVar:VCV000997678	variant	NM_001032221.6(STXBP1):c.1570A>T (p.Lys524Ter)	"{""consequence"": [""nonsense""], ""protein_change"": ""K488*, K510*, K521*, K524*"", ""classification"": ""Pathogenic"", ""found_in"": [""clinvar""]}"
ClinVar:VCV001005108	variant	NM_001330260.2(SCN8A):c.2617G>A (p.Gly873Ser)	"{""consequence"": [""missense variant""], ""protein_change"": ""G873S"", ""classification"": ""Pathogenic"", ""found_in"": [""clinvar""]}"
ClinVar:VCV001007517	variant	NM_001330260.2(SCN8A):c.2674G>A (p.Val892Met)	"{""consequence"": [""missense variant""], ""protein_change"": ""V892M"", ""classification"": ""Pathogenic"", ""found_in"": [""clinvar""]}"
ClinVar:VCV001007610	variant	NM_001330260.2(SCN8A):c.4933A>G (p.Met1645Val)	"{""consequence"": [""missense variant""], ""protein_change"": ""M1604V, M1645V"", ""classification"": ""Likely pathogenic"", ""found_in"": [""clinvar""]}"
ClinVar:VCV001009331	variant	NM_001032221.6(STXBP1):c.88G>A (p.Val30Met)	"{""consequence"": [""missense variant""], ""protein_change"": ""V16M, V30M"", ""classification"": ""Likely pathogenic"", ""found_in"": [""clinvar""]}"
ClinVar:VCV001025361	variant	NM_001032221.6(STXBP1):c.1060T>G (p.Cys354Gly)	"{""consequence"": [""missense variant""], ""protein_change"": ""C318G, C340G, C351G, C354G"", ""classification"": ""Likely pathogenic"", ""found_in"": [""clinvar""]}"
ClinVar:VCV001027456	variant	NM_001032221.6(STXBP1):c.434A>G (p.Tyr145Cys)	"{""consequence"": [""missense variant""], ""protein_change"": ""Y131C, Y142C, Y145C"", ""classification"": ""Pathogenic/Likely pathogenic"", ""found_in"": [""clinvar""]}"
ClinVar:VCV001029242	variant	NM_001199107.2(TBC1D24):c.965+2T>C	"{""consequence"": [""splice donor variant""], ""protein_change"": """", ""classification"": ""Pathogenic/Likely pathogenic"", ""found_in"": [""clinvar""]}"
ClinVar:VCV001029253	variant	NM_001330260.2(SCN8A):c.4409A>G (p.Gln1470Arg)	"{""consequence"": [""missense variant""], ""protein_change"": ""Q1429R, Q1470R"", ""classification"": ""Pathogenic/Likely pathogenic"", ""found_in"": [""clinvar""]}"
ClinVar:VCV001031807	variant	NM_001330260.2(SCN8A):c.5297T>G (p.Leu1766Arg)	"{""consequence"": [""missense variant""], ""protein_change"": ""L1725R, L1766R"", ""classification"": ""Likely pathogenic"", ""found_in"": [""clinvar""]}"
ClinVar:VCV001031970	variant	NM_001330260.2(SCN8A):c.676C>G (p.Arg226Gly)	"{""consequence"": [""missense variant"", ""intron variant""], ""protein_change"": ""R226G"", ""classification"": ""Likely pathogenic"", ""found_in"": [""clinvar""]}"
ClinVar:VCV001043511	variant	NM_001330260.2(SCN8A):c.1100T>C (p.Met367Thr)	"{""consequence"": [""missense variant""], ""protein_change"": ""M367T"", ""classification"": ""Pathogenic"", ""found_in"": [""clinvar""]}"
ClinVar:VCV001047527	variant	NM_001330260.2(SCN8A):c.1252A>G (p.Asn418Asp)	"{""consequence"": [""missense variant""], ""protein_change"": ""N418D"", ""classification"": ""Likely pathogenic"", ""found_in"": [""clinvar""]}"
ClinVar:VCV001053572	variant	NM_001330260.2(SCN8A):c.4651dup (p.Glu1551fs)	"{""consequence"": [""frameshift variant""], ""protein_change"": ""E1510fs, E1551fs"", ""classification"": ""Pathogenic"", ""found_in"": [""clinvar""]}"
ClinVar:VCV001056257	variant	NM_001330260.2(SCN8A):c.5538C>A (p.Asp1846Glu)	"{""consequence"": [""missense variant""], ""protein_change"": ""D1805E, D1846E"", ""classification"": ""Likely pathogenic"", ""found_in"": [""clinvar""]}"
ClinVar:VCV001057399	variant	NM_001330260.2(SCN8A):c.727G>T (p.Ala243Ser)	"{""consequence"": [""missense variant""], ""protein_change"": ""A243S"", ""classification"": ""Pathogenic"", ""found_in"": [""clinvar""]}"
ClinVar:VCV001058374	variant	NM_001330260.2(SCN8A):c.3664_3719dup (p.Tyr1241fs)	"{""consequence"": [""frameshift variant""], ""protein_change"": ""Y1241fs"", ""classification"": ""Pathogenic"", ""found_in"": [""clinvar""]}"
ClinVar:VCV001064621	variant	NM_001032221.6(STXBP1):c.1249G>C (p.Gly417Arg)	"{""consequence"": [""missense variant""], ""protein_change"": ""G381R, G403R, G414R, G417R"", ""classification"": ""Pathogenic"", ""found_in"": [""clinvar""]}"
ClinVar:VCV001064808	variant	NM_001330260.2(SCN8A):c.5084T>C (p.Met1695Thr)	"{""consequence"": [""missense variant""], ""protein_change"": ""M1654T, M1695T"", ""classification"": ""Likely pathogenic"", ""found_in"": [""clinvar""]}"
ClinVar:VCV001064864	variant	NM_005639.3(SYT1):c.476T>G (p.Leu159Arg)	"{""consequence"": [""missense variant""], ""protein_change"": ""L156R, L159R"", ""classification"": ""Likely pathogenic"", ""found_in"": [""clinvar""]}"
ClinVar:VCV001065623	variant	NM_001032221.6(STXBP1):c.785A>T (p.Asp262Val)	"{""consequence"": [""missense variant""], ""protein_change"": ""D248V, D259V, D262V"", ""classification"": ""Likely pathogenic"", ""found_in"": [""clinvar""]}"
ClinVar:VCV001066340	variant	NM_001199107.2(TBC1D24):c.115G>C (p.Ala39Pro)	"{""consequence"": [""missense variant""], ""protein_change"": ""A39P"", ""classification"": ""Pathogenic"", ""found_in"": [""clinvar""]}"
ClinVar:VCV001066511	variant	NM_001032221.6(STXBP1):c.218_246+22del	"{""consequence"": [""splice donor variant""], ""protein_change"": """", ""classification"": ""Likely pathogenic"", ""found_in"": [""clinvar""]}"
ClinVar:VCV001067137	variant	NM_001330260.2(SCN8A):c.5579_5599dup (p.Arg1866_Gln1867insArgGluLeuAspIleLeuArg)	"{""consequence"": [""inframe_insertion""], ""protein_change"": """", ""classification"": ""Likely pathogenic"", ""found_in"": [""clinvar""]}"
ClinVar:VCV001068386	variant	NM_014905.5(GLS):c.1072-2A>C	"{""consequence"": [""splice acceptor variant""], ""protein_change"": """", ""classification"": ""Likely pathogenic"", ""found_in"": [""clinvar""]}"
ClinVar:VCV001068482	variant	NM_001330260.2(SCN8A):c.3943G>A (p.Val1315Met)	"{""consequence"": [""missense variant""], ""protein_change"": ""V1274M, V1315M"", ""classification"": ""Pathogenic"", ""found_in"": [""clinvar""]}"
ClinVar:VCV001069951	variant	NM_001032221.6(STXBP1):c.980dup (p.Ser328fs)	"{""consequence"": [""frameshift variant""], ""protein_change"": ""S292fs, S314fs, S325fs, S328fs"", ""classification"": ""Pathogenic"", ""found_in"": [""clinvar""]}"
ClinVar:VCV001071250	variant	NM_001032221.6(STXBP1):c.1359_1360insC (p.Ser454fs)	"{""consequence"": [""frameshift variant""], ""protein_change"": ""S418fs, S440fs, S451fs, S454fs"", ""classification"": ""Pathogenic"", ""found_in"": [""clinvar""]}"
ClinVar:VCV001071661	variant	NM_001032221.6(STXBP1):c.1641_1642insC (p.Asn548fs)	"{""consequence"": [""frameshift variant""], ""protein_change"": ""N512fs, N534fs, N545fs, N548fs"", ""classification"": ""Pathogenic"", ""found_in"": [""clinvar""]}"
ClinVar:VCV001071941	variant	NM_001199107.2(TBC1D24):c.642_793del (p.Trp215fs)	"{""consequence"": [""frameshift variant""], ""protein_change"": ""W215fs"", ""classification"": ""Pathogenic"", ""found_in"": [""clinvar""]}"
ClinVar:VCV001072207	variant	NM_001199107.2(TBC1D24):c.715del (p.Val239fs)	"{""consequence"": [""frameshift variant""], ""protein_change"": ""V239fs"", ""classification"": ""Pathogenic"", ""found_in"": [""clinvar""]}"
ClinVar:VCV001076957	variant	NM_001367721.1(CASK):c.938C>G (p.Ser313Ter)	"{""consequence"": [""nonsense""], ""protein_change"": ""S313*"", ""classification"": ""Pathogenic"", ""found_in"": [""clinvar""]}"
ClinVar:VCV001098290	variant	NM_001032221.6(STXBP1):c.1110+3A>C	"{""consequence"": [""intron variant""], ""protein_change"": """", ""classification"": ""Likely pathogenic"", ""found_in"": [""clinvar""]}"
ClinVar:VCV001098394	variant	NM_001330260.2(SCN8A):c.4911T>G (p.Ile1637Met)	"{""consequence"": [""missense variant""], ""protein_change"": ""I1596M, I1637M"", ""classification"": ""Likely pathogenic"", ""found_in"": [""clinvar""]}"
ClinVar:VCV001163029	variant	NM_001032221.6(STXBP1):c.145_148del (p.Asp49fs)	"{""consequence"": [""frameshift variant""], ""protein_change"": ""D35fs, D49fs"", ""classification"": ""Pathogenic/Likely pathogenic"", ""found_in"": [""clinvar""]}"
ClinVar:VCV001163053	variant	NM_014191.4(SCN8A):c.706+1G>A	"{""consequence"": [""splice donor variant"", ""intron variant""], ""protein_change"": """", ""classification"": ""Likely pathogenic"", ""found_in"": [""clinvar""]}"
ClinVar:VCV001164029	variant	NM_001330260.2(SCN8A):c.4064del (p.Tyr1355fs)	"{""consequence"": [""frameshift variant""], ""protein_change"": ""Y1314fs, Y1355fs"", ""classification"": ""Pathogenic"", ""found_in"": [""clinvar""]}"
ClinVar:VCV001164047	variant	NM_005639.3(SYT1):c.1198C>T (p.Arg400Ter)	"{""consequence"": [""nonsense""], ""protein_change"": ""R397*, R400*"", ""classification"": ""Pathogenic"", ""found_in"": [""clinvar""]}"
ClinVar:VCV001172654	variant	NM_001367721.1(CASK):c.487T>C (p.Phe163Leu)	"{""consequence"": [""missense variant""], ""protein_change"": ""F163L"", ""classification"": ""Likely pathogenic"", ""found_in"": [""clinvar""]}"
ClinVar:VCV001174109	variant	NM_001330260.2(SCN8A):c.4264G>A (p.Ala1422Thr)	"{""consequence"": [""missense variant""], ""protein_change"": ""A1381T, A1422T"", ""classification"": ""Likely pathogenic"", ""found_in"": [""clinvar""]}"
ClinVar:VCV001175798	variant	NM_001032221.6(STXBP1):c.842T>C (p.Leu281Pro)	"{""consequence"": [""missense variant"", ""intron variant""], ""protein_change"": ""L267P, L278P, L281P"", ""classification"": ""Pathogenic/Likely pathogenic"", ""found_in"": [""clinvar""]}"
ClinVar:VCV001176941	variant	NM_001330260.2(SCN8A):c.653C>A (p.Ala218Glu)	"{""consequence"": [""missense variant"", ""intron variant""], ""protein_change"": ""A218E"", ""classification"": ""Likely pathogenic"", ""found_in"": [""clinvar""]}"
ClinVar:VCV001180515	variant	GRCh37/hg19 Xp11.4(chrX:41700325-41826061)x1	"{""consequence"": [], ""protein_change"": """", ""classification"": ""Pathogenic"", ""found_in"": [""clinvar""]}"
ClinVar:VCV001183709	variant	NM_001330260.2(SCN8A):c.5110T>A (p.Ser1704Thr)	"{""consequence"": [""missense variant""], ""protein_change"": ""S1663T, S1704T"", ""classification"": ""Likely pathogenic"", ""found_in"": [""clinvar""]}"
ClinVar:VCV001184507	variant	NM_001032221.6(STXBP1):c.1282C>T (p.Gln428Ter)	"{""consequence"": [""nonsense""], ""protein_change"": ""Q392*, Q414*, Q425*, Q428*"", ""classification"": ""Pathogenic"", ""found_in"": [""clinvar""]}"
ClinVar:VCV001184881	variant	NM_001032221.6(STXBP1):c.721T>A (p.Ser241Thr)	"{""consequence"": [""missense variant""], ""protein_change"": ""S227T, S238T, S241T"", ""classification"": ""Likely pathogenic"", ""found_in"": [""clinvar""]}"
ClinVar:VCV001184882	variant	NM_001032221.6(STXBP1):c.722C>A (p.Ser241Tyr)	"{""consequence"": [""missense variant""], ""protein_change"": ""S227Y, S238Y, S241Y"", ""classification"": ""Likely pathogenic"", ""found_in"": [""clinvar""]}"
ClinVar:VCV001188402	variant	NM_001199107.2(TBC1D24):c.1187T>A (p.Ile396Asn)	"{""consequence"": [""missense variant""], ""protein_change"": ""I390N, I396N"", ""classification"": ""Likely pathogenic"", ""found_in"": [""clinvar""]}"
ClinVar:VCV001191017	variant	NM_001330260.2(SCN8A):c.669G>C (p.Arg223Ser)	"{""consequence"": [""intron variant"", ""missense variant""], ""protein_change"": ""R223S"", ""classification"": ""Likely pathogenic"", ""found_in"": [""clinvar""]}"
ClinVar:VCV001197048	variant	NM_001330260.2(SCN8A):c.2548C>T (p.Arg850Ter)	"{""consequence"": [""nonsense""], ""protein_change"": ""R850*"", ""classification"": ""Pathogenic/Likely pathogenic"", ""found_in"": [""clinvar""]}"
ClinVar:VCV001201358	variant	NM_001032221.6(STXBP1):c.1726C>T (p.Gln576Ter)	"{""consequence"": [""nonsense"", ""3 prime UTR variant"", ""intron variant""], ""protein_change"": ""Q562*, Q573*, Q576*"", ""classification"": ""Pathogenic"", ""found_in"": [""clinvar""]}"
ClinVar:VCV001202095	variant	NM_001032221.6(STXBP1):c.616C>T (p.Gln206Ter)	"{""consequence"": [""nonsense""], ""protein_change"": ""Q192*, Q203*, Q206*"", ""classification"": ""Pathogenic"", ""found_in"": [""clinvar""]}"
ClinVar:VCV001203100	variant	NM_001199107.2(TBC1D24):c.1206+2T>C	"{""consequence"": [""splice donor variant""], ""protein_change"": """", ""classification"": ""Pathogenic"", ""found_in"": [""clinvar""]}"
ClinVar:VCV001205490	variant	NM_001367721.1(CASK):c.437G>A (p.Cys146Tyr)	"{""consequence"": [""missense variant""], ""protein_change"": ""C146Y"", ""classification"": ""Pathogenic"", ""found_in"": [""clinvar""]}"
ClinVar:VCV001212681	variant	NM_001032221.6(STXBP1):c.164T>C (p.Ile55Thr)	"{""consequence"": [""missense variant""], ""protein_change"": ""I41T, I55T"", ""classification"": ""Likely pathogenic"", ""found_in"": [""clinvar""]}"
ClinVar:VCV001212923	variant	NM_001032221.6(STXBP1):c.1655G>A (p.Cys552Tyr)	"{""consequence"": [""missense variant""], ""protein_change"": ""C516Y, C538Y, C549Y, C552Y"", ""classification"": ""Pathogenic/Likely pathogenic"", ""found_in"": [""clinvar""]}"
ClinVar:VCV001216663	variant	NM_001330260.2(SCN8A):c.4585A>G (p.Met1529Val)	"{""consequence"": [""missense variant""], ""protein_change"": ""M1488V, M1529V"", ""classification"": ""Pathogenic/Likely pathogenic"", ""found_in"": [""clinvar""]}"
ClinVar:VCV001219777	variant	NM_001330260.2(SCN8A):c.5157del (p.Asp1720fs)	"{""consequence"": [""frameshift variant""], ""protein_change"": ""D1679fs, D1720fs"", ""classification"": ""Likely pathogenic"", ""found_in"": [""clinvar""]}"
ClinVar:VCV001220318	variant	NM_001199107.2(TBC1D24):c.574C>T (p.Gln192Ter)	"{""consequence"": [""nonsense""], ""protein_change"": ""Q192*"", ""classification"": ""Likely pathogenic"", ""found_in"": [""clinvar""]}"
ClinVar:VCV001254380	variant	NM_001330260.2(SCN8A):c.3914G>C (p.Arg1305Thr)	"{""consequence"": [""missense variant"", ""intron variant""], ""protein_change"": ""R1305T"", ""classification"": ""Pathogenic"", ""found_in"": [""clinvar""]}"
ClinVar:VCV001256052	variant	NM_014905.5(GLS):c.866A>T (p.Lys289Ile)	"{""consequence"": [""missense variant""], ""protein_change"": ""K289I"", ""classification"": ""Likely pathogenic"", ""found_in"": [""clinvar""]}"
ClinVar:VCV001275769	variant	NM_001032221.6(STXBP1):c.915del (p.Ser306fs)	"{""consequence"": [""frameshift variant""], ""protein_change"": ""S270fs, S292fs, S303fs, S306fs"", ""classification"": ""Likely pathogenic"", ""found_in"": [""clinvar""]}"
ClinVar:VCV001285460	variant	NM_001330260.2(SCN8A):c.2901+1G>C	"{""consequence"": [""splice donor variant""], ""protein_change"": """", ""classification"": ""Likely pathogenic"", ""found_in"": [""clinvar""]}"
ClinVar:VCV001285486	variant	NM_001330260.2(SCN8A):c.718A>T (p.Ile240Phe)	"{""consequence"": [""missense variant""], ""protein_change"": ""I240F"", ""classification"": ""Likely pathogenic"", ""found_in"": [""clinvar""]}"
ClinVar:VCV001285578	variant	NM_001330260.2(SCN8A):c.4391T>C (p.Ile1464Thr)	"{""consequence"": [""missense variant""], ""protein_change"": ""I1423T, I1464T"", ""classification"": ""Pathogenic/Likely pathogenic"", ""found_in"": [""clinvar""]}"
ClinVar:VCV001297002	variant	NM_001032221.6(STXBP1):c.860T>C (p.Leu287Pro)	"{""consequence"": [""missense variant"", ""intron variant""], ""protein_change"": ""L273P, L284P, L287P"", ""classification"": ""Likely pathogenic"", ""found_in"": [""clinvar""]}"
ClinVar:VCV001297049	variant	NM_005639.3(SYT1):c.928G>A (p.Asp310Asn)	"{""consequence"": [""missense variant""], ""protein_change"": ""D307N, D310N"", ""classification"": ""Pathogenic/Likely pathogenic"", ""found_in"": [""clinvar""]}"
ClinVar:VCV001298369	variant	NM_001032221.6(STXBP1):c.122T>G (p.Leu41Arg)	"{""consequence"": [""missense variant""], ""protein_change"": ""L27R, L41R"", ""classification"": ""Pathogenic"", ""found_in"": [""clinvar""]}"
ClinVar:VCV001298370	variant	NM_001032221.6(STXBP1):c.1227_1229del (p.Leu410del)	"{""consequence"": [""inframe_deletion""], ""protein_change"": ""L374del, L396del, L407del, L410del"", ""classification"": ""Pathogenic"", ""found_in"": [""clinvar""]}"
ClinVar:VCV001298371	variant	NM_003165.6(STXBP1):c.664-1delG	"{""consequence"": [""splice acceptor variant""], ""protein_change"": """", ""classification"": ""Pathogenic"", ""found_in"": [""clinvar""]}"
ClinVar:VCV001298372	variant	NM_001032221.6(STXBP1):c.1457T>G (p.Met486Arg)	"{""consequence"": [""missense variant""], ""protein_change"": ""M450R, M472R, M483R, M486R"", ""classification"": ""Likely pathogenic"", ""found_in"": [""clinvar""]}"
ClinVar:VCV001298373	variant	NM_001032221.6(STXBP1):c.733C>A (p.His245Asn)	"{""consequence"": [""missense variant""], ""protein_change"": ""H231N, H242N, H245N"", ""classification"": ""Pathogenic"", ""found_in"": [""clinvar""]}"
ClinVar:VCV001298374	variant	NM_001032221.6(STXBP1):c.1493_1505del (p.His498fs)	"{""consequence"": [""frameshift variant""], ""protein_change"": ""H462fs, H484fs, H495fs, H498fs"", ""classification"": ""Likely pathogenic"", ""found_in"": [""clinvar""]}"
ClinVar:VCV001298546	variant	NM_001330260.2(SCN8A):c.4916C>T (p.Thr1639Ile)	"{""consequence"": [""missense variant""], ""protein_change"": ""T1598I, T1639I"", ""classification"": ""Likely pathogenic"", ""found_in"": [""clinvar""]}"
ClinVar:VCV001299158	variant	NM_001032221.6(STXBP1):c.963+3A>C	"{""consequence"": [""intron variant""], ""protein_change"": """", ""classification"": ""Likely pathogenic"", ""found_in"": [""clinvar""]}"
ClinVar:VCV001299183	variant	NM_001367721.1(CASK):c.588C>G (p.Tyr196Ter)	"{""consequence"": [""nonsense""], ""protein_change"": ""Y196*"", ""classification"": ""Pathogenic"", ""found_in"": [""clinvar""]}"
ClinVar:VCV001299336	variant	NM_001330260.2(SCN8A):c.2706del (p.Glu903fs)	"{""consequence"": [""frameshift variant""], ""protein_change"": ""E903fs"", ""classification"": ""Pathogenic/Likely pathogenic"", ""found_in"": [""clinvar""]}"
ClinVar:VCV001299648	variant	NM_001032221.6(STXBP1):c.993del (p.Lys332fs)	"{""consequence"": [""frameshift variant""], ""protein_change"": ""K296fs, K318fs, K329fs, K332fs"", ""classification"": ""Likely pathogenic"", ""found_in"": [""clinvar""]}"
ClinVar:VCV001309093	variant	NM_005639.3(SYT1):c.1093T>C (p.Tyr365His)	"{""consequence"": [""missense variant""], ""protein_change"": ""Y362H, Y365H"", ""classification"": ""Likely pathogenic"", ""found_in"": [""clinvar""]}"
ClinVar:VCV001318723	variant	NM_001330260.2(SCN8A):c.2916del (p.Leu973fs)	"{""consequence"": [""frameshift variant""], ""protein_change"": ""L973fs"", ""classification"": ""Pathogenic"", ""found_in"": [""clinvar""]}"
ClinVar:VCV001318747	variant	NM_001330260.2(SCN8A):c.2539C>T (p.Arg847Ter)	"{""consequence"": [""nonsense""], ""protein_change"": ""R847*"", ""classification"": ""Pathogenic/Likely pathogenic"", ""found_in"": [""clinvar""]}"
ClinVar:VCV001318887	variant	NM_001330260.2(SCN8A):c.1511_1512del (p.Leu503_Ser504insTer)	"{""consequence"": [""nonsense""], ""protein_change"": """", ""classification"": ""Pathogenic"", ""found_in"": [""clinvar""]}"
ClinVar:VCV001318918	variant	NM_001330260.2(SCN8A):c.3440del (p.Pro1147fs)	"{""consequence"": [""frameshift variant""], ""protein_change"": ""P1147fs"", ""classification"": ""Likely pathogenic"", ""found_in"": [""clinvar""]}"
ClinVar:VCV001319147	variant	NM_001367721.1(CASK):c.1424G>T (p.Ser475Ile)	"{""consequence"": [""missense variant""], ""protein_change"": ""S469I, S475I"", ""classification"": ""Likely pathogenic"", ""found_in"": [""clinvar""]}"
ClinVar:VCV001319789	variant	NM_001330260.2(SCN8A):c.2792G>A (p.Arg931Gln)	"{""consequence"": [""missense variant""], ""protein_change"": ""R931Q"", ""classification"": ""Likely pathogenic"", ""found_in"": [""clinvar""]}"
ClinVar:VCV001319790	variant	NM_001330260.2(SCN8A):c.1168T>A (p.Phe390Ile)	"{""consequence"": [""missense variant""], ""protein_change"": ""F390I"", ""classification"": ""Likely pathogenic"", ""found_in"": [""clinvar""]}"
ClinVar:VCV001320055	variant	NM_001330260.2(SCN8A):c.3995T>C (p.Leu1332Pro)	"{""consequence"": [""missense variant""], ""protein_change"": ""L1291P, L1332P"", ""classification"": ""Pathogenic/Likely pathogenic"", ""found_in"": [""clinvar""]}"
ClinVar:VCV001320078	variant	NM_001330260.2(SCN8A):c.4949C>A (p.Ala1650Asp)	"{""consequence"": [""missense variant""], ""protein_change"": ""A1609D, A1650D"", ""classification"": ""Likely pathogenic"", ""found_in"": [""clinvar""]}"
ClinVar:VCV001325767	variant	NM_001330260.2(SCN8A):c.4079C>A (p.Thr1360Asn)	"{""consequence"": [""missense variant""], ""protein_change"": ""T1319N, T1360N"", ""classification"": ""Likely pathogenic"", ""found_in"": [""clinvar""]}"
ClinVar:VCV001325768	variant	NM_001330260.2(SCN8A):c.2464G>A (p.Gly822Arg)	"{""consequence"": [""missense variant""], ""protein_change"": ""G822R"", ""classification"": ""Likely pathogenic"", ""found_in"": [""clinvar""]}"
ClinVar:VCV001325882	variant	NM_001032221.6(STXBP1):c.1392del (p.Lys465fs)	"{""consequence"": [""frameshift variant""], ""protein_change"": ""K429fs, K451fs, K462fs, K465fs"", ""classification"": ""Pathogenic"", ""found_in"": [""clinvar""]}"
ClinVar:VCV001326849	variant	NM_001367721.1(CASK):c.2155G>A (p.Val719Met)	"{""consequence"": [""missense variant""], ""protein_change"": ""D696N, D719N, V690M, V719M, V713M"", ""classification"": ""Likely pathogenic"", ""found_in"": [""clinvar""]}"
ClinVar:VCV001327513	variant	NM_000817.3(GAD1):c.1691A>G (p.Asn564Ser)	"{""consequence"": [""missense variant""], ""protein_change"": """", ""classification"": ""Pathogenic"", ""found_in"": [""clinvar""]}"
ClinVar:VCV001327514	variant	NM_000817.3(GAD1):c.639-1445del	"{""consequence"": [""frameshift variant"", ""intron variant""], ""protein_change"": ""R224fs"", ""classification"": ""Pathogenic"", ""found_in"": [""clinvar""]}"
ClinVar:VCV001327515	variant	NM_000817.3(GAD1):c.87C>G (p.Tyr29Ter)	"{""consequence"": [""nonsense""], ""protein_change"": """", ""classification"": ""Pathogenic"", ""found_in"": [""clinvar""]}"
ClinVar:VCV001327516	variant	NM_000817.3(GAD1):c.1119+1G>A	"{""consequence"": [""splice donor variant""], ""protein_change"": """", ""classification"": ""Pathogenic"", ""found_in"": [""clinvar""]}"
ClinVar:VCV001327823	variant	NM_001367721.1(CASK):c.173-1G>T	"{""consequence"": [""splice acceptor variant""], ""protein_change"": """", ""classification"": ""Likely pathogenic"", ""found_in"": [""clinvar""]}"
ClinVar:VCV001329949	variant	NM_080552.3(SLC32A1):c.806T>C (p.Leu269Pro)	"{""consequence"": [""missense variant""], ""protein_change"": ""L269P"", ""classification"": ""Likely pathogenic"", ""found_in"": [""clinvar""]}"
ClinVar:VCV001329950	variant	NM_080552.3(SLC32A1):c.965T>G (p.Phe322Cys)	"{""consequence"": [""missense variant""], ""protein_change"": ""F322C"", ""classification"": ""Likely pathogenic"", ""found_in"": [""clinvar""]}"
ClinVar:VCV001333658	variant	NM_001367721.1(CASK):c.1582+1G>A	"{""consequence"": [""splice donor variant""], ""protein_change"": """", ""classification"": ""Likely pathogenic"", ""found_in"": [""clinvar""]}"
ClinVar:VCV001333907	variant	NM_001367721.1(CASK):c.915+1G>A	"{""consequence"": [""splice donor variant""], ""protein_change"": """", ""classification"": ""Likely pathogenic"", ""found_in"": [""clinvar""]}"
ClinVar:VCV001334502	variant	NM_001330260.2(SCN8A):c.2824_2825insA (p.Trp942Ter)	"{""consequence"": [""nonsense""], ""protein_change"": ""W942*"", ""classification"": ""Likely pathogenic"", ""found_in"": [""clinvar""]}"
ClinVar:VCV001338270	variant	NM_001367721.1(CASK):c.1683dup (p.Ser562fs)	"{""consequence"": [""frameshift variant""], ""protein_change"": ""S556fs, S562fs"", ""classification"": ""Pathogenic"", ""found_in"": [""clinvar""]}"
ClinVar:VCV001338766	variant	NM_001330260.2(SCN8A):c.761T>G (p.Val254Gly)	"{""consequence"": [""missense variant""], ""protein_change"": ""V254G"", ""classification"": ""Likely pathogenic"", ""found_in"": [""clinvar""]}"
ClinVar:VCV001339566	variant	NM_001199107.2(TBC1D24):c.1652G>A (p.Trp551Ter)	"{""consequence"": [""nonsense""], ""protein_change"": ""W545*, W551*"", ""classification"": ""Likely pathogenic"", ""found_in"": [""clinvar""]}"
ClinVar:VCV001341561	variant	NM_001032221.6(STXBP1):c.898del (p.Ser300fs)	"{""consequence"": [""frameshift variant"", ""intron variant""], ""protein_change"": ""S286fs, S297fs, S300fs"", ""classification"": ""Pathogenic"", ""found_in"": [""clinvar""]}"
ClinVar:VCV001342316	variant	NM_001330260.2(SCN8A):c.2901+2T>C	"{""consequence"": [""splice donor variant""], ""protein_change"": """", ""classification"": ""Pathogenic"", ""found_in"": [""clinvar""]}"
ClinVar:VCV001342560	variant	NM_001032221.6(STXBP1):c.1043T>C (p.Leu348Pro)	"{""consequence"": [""missense variant""], ""protein_change"": ""L312P, L334P, L345P, L348P"", ""classification"": ""Likely pathogenic"", ""found_in"": [""clinvar""]}"
ClinVar:VCV001343125	variant	NM_001330260.2(SCN8A):c.1483_1484insT (p.Arg495fs)	"{""consequence"": [""frameshift variant""], ""protein_change"": ""R495fs"", ""classification"": ""Likely pathogenic"", ""found_in"": [""clinvar""]}"
ClinVar:VCV001343138	variant	NM_001367721.1(CASK):c.2317+5G>A	"{""consequence"": [""intron variant""], ""protein_change"": """", ""classification"": ""Pathogenic/Likely pathogenic"", ""found_in"": [""clinvar""]}"
ClinVar:VCV001343235	variant	NM_001367721.1(CASK):c.356+1G>T	"{""consequence"": [""splice donor variant""], ""protein_change"": """", ""classification"": ""Likely pathogenic"", ""found_in"": [""clinvar""]}"
ClinVar:VCV001345807	variant	NM_001330260.2(SCN8A):c.4423G>C (p.Gly1475Arg)	"{""consequence"": [""missense variant""], ""protein_change"": ""G1434R, G1475R"", ""classification"": ""Pathogenic"", ""found_in"": [""clinvar""]}"
ClinVar:VCV001346284	variant	NM_001330260.2(SCN8A):c.4583T>A (p.Ile1528Asn)	"{""consequence"": [""missense variant""], ""protein_change"": ""I1487N, I1528N"", ""classification"": ""Pathogenic"", ""found_in"": [""clinvar""]}"
ClinVar:VCV001346826	variant	NM_001330260.2(SCN8A):c.4613C>A (p.Thr1538Lys)	"{""consequence"": [""missense variant""], ""protein_change"": ""T1538K, T1497K"", ""classification"": ""Pathogenic"", ""found_in"": [""clinvar""]}"
ClinVar:VCV001348839	variant	NM_001032221.6(STXBP1):c.863_865delinsTGG (p.Trp288_Ile289delinsLeuVal)	"{""consequence"": [""missense variant"", ""intron variant""], ""protein_change"": """", ""classification"": ""Likely pathogenic"", ""found_in"": [""clinvar""]}"
ClinVar:VCV001354780	variant	NM_001330260.2(SCN8A):c.4568C>A (p.Ala1523Asp)	"{""consequence"": [""missense variant""], ""protein_change"": ""A1523D, A1482D"", ""classification"": ""Pathogenic"", ""found_in"": [""clinvar""]}"
ClinVar:VCV001357131	variant	NM_001199107.2(TBC1D24):c.1397del (p.Pro466fs)	"{""consequence"": [""frameshift variant""], ""protein_change"": ""P466fs, P460fs"", ""classification"": ""Pathogenic"", ""found_in"": [""clinvar""]}"
ClinVar:VCV001369893	variant	NM_001199107.2(TBC1D24):c.56del (p.Ile19fs)	"{""consequence"": [""frameshift variant""], ""protein_change"": ""I19fs"", ""classification"": ""Pathogenic"", ""found_in"": [""clinvar""]}"
ClinVar:VCV001377157	variant	NM_001330260.2(SCN8A):c.3562C>T (p.Arg1188Trp)	"{""consequence"": [""missense variant""], ""protein_change"": ""R1188W"", ""classification"": ""Likely pathogenic"", ""found_in"": [""clinvar""]}"
ClinVar:VCV001377857	variant	NM_001367721.1(CASK):c.29_30dup (p.Val11fs)	"{""consequence"": [""frameshift variant""], ""protein_change"": ""V11fs"", ""classification"": ""Pathogenic"", ""found_in"": [""clinvar""]}"
ClinVar:VCV001378399	variant	NM_001199107.2(TBC1D24):c.979A>T (p.Lys327Ter)	"{""consequence"": [""nonsense"", ""intron variant""], ""protein_change"": ""K327*"", ""classification"": ""Pathogenic"", ""found_in"": [""clinvar""]}"
ClinVar:VCV001382874	variant	NM_001032221.6(STXBP1):c.323_325+1del	"{""consequence"": [""splice donor variant""], ""protein_change"": """", ""classification"": ""Pathogenic"", ""found_in"": [""clinvar""]}"
ClinVar:VCV001385042	variant	NM_001330260.2(SCN8A):c.1226T>C (p.Val409Ala)	"{""consequence"": [""missense variant""], ""protein_change"": ""V409A"", ""classification"": ""Pathogenic/Likely pathogenic"", ""found_in"": [""clinvar""]}"
ClinVar:VCV001388120	variant	NM_001032221.6(STXBP1):c.225T>G (p.Tyr75Ter)	"{""consequence"": [""nonsense""], ""protein_change"": ""Y61*, Y75*"", ""classification"": ""Pathogenic"", ""found_in"": [""clinvar""]}"
ClinVar:VCV001393473	variant	NM_001330260.2(SCN8A):c.2364_2370+1del	"{""consequence"": [""splice donor variant""], ""protein_change"": """", ""classification"": ""Pathogenic"", ""found_in"": [""clinvar""]}"
ClinVar:VCV001397090	variant	NM_001199107.2(TBC1D24):c.1540C>T (p.Gln514Ter)	"{""consequence"": [""nonsense""], ""protein_change"": ""Q514*, Q508*"", ""classification"": ""Pathogenic"", ""found_in"": [""clinvar""]}"
ClinVar:VCV001398686	variant	NM_001032221.6(STXBP1):c.971del (p.Met324fs)	"{""consequence"": [""frameshift variant""], ""protein_change"": ""M324fs, M310fs, M288fs, M321fs"", ""classification"": ""Pathogenic"", ""found_in"": [""clinvar""]}"
ClinVar:VCV001399415	variant	NM_001330260.2(SCN8A):c.632T>G (p.Val211Gly)	"{""consequence"": [""missense variant"", ""intron variant""], ""protein_change"": ""V211G"", ""classification"": ""Pathogenic"", ""found_in"": [""clinvar""]}"
ClinVar:VCV001400645	variant	NM_001032221.6(STXBP1):c.1503T>A (p.Tyr501Ter)	"{""consequence"": [""nonsense""], ""protein_change"": ""Y487*, Y501*, Y465*, Y498*"", ""classification"": ""Pathogenic"", ""found_in"": [""clinvar""]}"
ClinVar:VCV001402576	variant	NC_000016.9:g.(?_2546150)_(2550959_?)del	"{""consequence"": [], ""protein_change"": """", ""classification"": ""Pathogenic"", ""found_in"": [""clinvar""]}"
ClinVar:VCV001403332	variant	NM_001032221.6(STXBP1):c.663+5G>A	"{""consequence"": [""intron variant""], ""protein_change"": """", ""classification"": ""Pathogenic"", ""found_in"": [""clinvar""]}"
ClinVar:VCV001413674	variant	NM_001032221.6(STXBP1):c.1359+3A>C	"{""consequence"": [""intron variant""], ""protein_change"": """", ""classification"": ""Pathogenic"", ""found_in"": [""clinvar""]}"
ClinVar:VCV001414886	variant	NM_001330260.2(SCN8A):c.4586dup (p.Met1529fs)	"{""consequence"": [""frameshift variant""], ""protein_change"": ""M1488fs, M1529fs"", ""classification"": ""Pathogenic"", ""found_in"": [""clinvar""]}"
ClinVar:VCV001426285	variant	NM_001330260.2(SCN8A):c.1087T>G (p.Leu363Val)	"{""consequence"": [""missense variant""], ""protein_change"": ""L363V"", ""classification"": ""Likely pathogenic"", ""found_in"": [""clinvar""]}"
ClinVar:VCV001435255	variant	NM_001032221.6(STXBP1):c.325+4A>T	"{""consequence"": [""intron variant""], ""protein_change"": """", ""classification"": ""Pathogenic"", ""found_in"": [""clinvar""]}"
ClinVar:VCV001439030	variant	NM_001330260.2(SCN8A):c.4122_4123del (p.Glu1375fs)	"{""consequence"": [""frameshift variant""], ""protein_change"": ""E1334fs, E1375fs"", ""classification"": ""Pathogenic"", ""found_in"": [""clinvar""]}"
ClinVar:VCV001440705	variant	NM_001367721.1(CASK):c.2138T>A (p.Leu713Ter)	"{""consequence"": [""nonsense""], ""protein_change"": ""L690*, L684*, L713*, L707*"", ""classification"": ""Pathogenic"", ""found_in"": [""clinvar""]}"
ClinVar:VCV001448037	variant	NM_001330260.2(SCN8A):c.4605_4606del (p.Met1536fs)	"{""consequence"": [""frameshift variant""], ""protein_change"": ""M1536fs, M1495fs"", ""classification"": ""Pathogenic"", ""found_in"": [""clinvar""]}"
ClinVar:VCV001448441	variant	NM_001032221.6(STXBP1):c.1092dup (p.Leu365fs)	"{""consequence"": [""frameshift variant""], ""protein_change"": ""L351fs, L362fs, L329fs, L365fs"", ""classification"": ""Pathogenic"", ""found_in"": [""clinvar""]}"
ClinVar:VCV001451981	variant	NM_001199107.2(TBC1D24):c.1141dup (p.Arg381fs)	"{""consequence"": [""frameshift variant""], ""protein_change"": ""R375fs, R381fs"", ""classification"": ""Pathogenic"", ""found_in"": [""clinvar""]}"
ClinVar:VCV001453163	variant	NC_000009.11:g.(?_130374683)_(130416095_?)del	"{""consequence"": [], ""protein_change"": """", ""classification"": ""Pathogenic"", ""found_in"": [""clinvar""]}"
ClinVar:VCV001453222	variant	NM_001367721.1(CASK):c.1652_1655dup (p.Gln553fs)	"{""consequence"": [""frameshift variant""], ""protein_change"": ""Q553fs, Q547fs"", ""classification"": ""Pathogenic"", ""found_in"": [""clinvar""]}"
ClinVar:VCV001453407	variant	NM_001199107.2(TBC1D24):c.636G>A (p.Trp212Ter)	"{""consequence"": [""nonsense""], ""protein_change"": ""W212*"", ""classification"": ""Pathogenic"", ""found_in"": [""clinvar""]}"
ClinVar:VCV001453697	variant	NM_001032221.6(STXBP1):c.920_921del (p.Leu307fs)	"{""consequence"": [""frameshift variant""], ""protein_change"": ""L271fs, L293fs, L304fs, L307fs"", ""classification"": ""Pathogenic"", ""found_in"": [""clinvar""]}"
ClinVar:VCV001454627	variant	NC_000009.12:g.127660030_127660059del	"{""consequence"": [], ""protein_change"": """", ""classification"": ""Pathogenic"", ""found_in"": [""clinvar""]}"
ClinVar:VCV001456194	variant	NM_001330260.2(SCN8A):c.4245G>A (p.Trp1415Ter)	"{""consequence"": [""nonsense""], ""protein_change"": ""W1374*, W1415*"", ""classification"": ""Pathogenic"", ""found_in"": [""clinvar""]}"
ClinVar:VCV001456242	variant	NC_000009.12:g.127669899del	"{""consequence"": [], ""protein_change"": """", ""classification"": ""Pathogenic"", ""found_in"": [""clinvar""]}"
ClinVar:VCV001456664	variant	NM_001199107.2(TBC1D24):c.752del (p.Phe251fs)	"{""consequence"": [""frameshift variant""], ""protein_change"": ""F251fs"", ""classification"": ""Pathogenic"", ""found_in"": [""clinvar""]}"
ClinVar:VCV001457463	variant	NM_001032221.6(STXBP1):c.175G>A (p.Glu59Lys)	"{""consequence"": [""missense variant""], ""protein_change"": ""E45K, E59K"", ""classification"": ""Pathogenic"", ""found_in"": [""clinvar""]}"
ClinVar:VCV001459471	variant	NM_001199107.2(TBC1D24):c.806del (p.Ile269fs)	"{""consequence"": [""frameshift variant""], ""protein_change"": ""I269fs"", ""classification"": ""Pathogenic"", ""found_in"": [""clinvar""]}"
ClinVar:VCV001460075	variant	NM_001032221.6(STXBP1):c.520del (p.Glu174fs)	"{""consequence"": [""frameshift variant""], ""protein_change"": ""E160fs, E174fs, E171fs"", ""classification"": ""Pathogenic"", ""found_in"": [""clinvar""]}"
ClinVar:VCV001460206	variant	NM_001367721.1(CASK):c.2040-2A>G	"{""consequence"": [""splice acceptor variant""], ""protein_change"": """", ""classification"": ""Pathogenic"", ""found_in"": [""clinvar""]}"
ClinVar:VCV001465027	variant	NM_001330260.2(SCN8A):c.424A>G (p.Ile142Val)	"{""consequence"": [""missense variant""], ""protein_change"": ""I142V"", ""classification"": ""Pathogenic/Likely pathogenic"", ""found_in"": [""clinvar""]}"
ClinVar:VCV001472032	variant	NM_001330260.2(SCN8A):c.3967G>T (p.Ala1323Ser)	"{""consequence"": [""missense variant""], ""protein_change"": ""A1323S, A1282S"", ""classification"": ""Pathogenic/Likely pathogenic"", ""found_in"": [""clinvar""]}"
ClinVar:VCV001473155	variant	NM_001199107.2(TBC1D24):c.706G>A (p.Gly236Ser)	"{""consequence"": [""missense variant""], ""protein_change"": ""G236S"", ""classification"": ""Pathogenic"", ""found_in"": [""clinvar""]}"
ClinVar:VCV001473691	variant	NM_001367721.1(CASK):c.2237-2A>G	"{""consequence"": [""splice acceptor variant""], ""protein_change"": """", ""classification"": ""Likely pathogenic"", ""found_in"": [""clinvar""]}"
ClinVar:VCV001475067	variant	NM_001032221.6(STXBP1):c.1627G>C (p.Gly543Arg)	"{""consequence"": [""missense variant""], ""protein_change"": ""G507R, G540R, G543R, G529R"", ""classification"": ""Pathogenic"", ""found_in"": [""clinvar""]}"
ClinVar:VCV001482151	variant	NM_001330260.2(SCN8A):c.4487G>A (p.Gly1496Asp)	"{""consequence"": [""missense variant""], ""protein_change"": ""G1455D, G1496D"", ""classification"": ""Pathogenic"", ""found_in"": [""clinvar""]}"
ClinVar:VCV001487855	variant	NM_003165.6(STXBP1):c.1809G>T (p.Glu603Asp)	"{""consequence"": [""missense variant"", ""intron variant""], ""protein_change"": ""E603D, E567D, E589D"", ""classification"": ""Likely pathogenic"", ""found_in"": [""clinvar""]}"
ClinVar:VCV001491768	variant	NM_001330260.2(SCN8A):c.3942+1G>T	"{""consequence"": [""splice donor variant"", ""intron variant""], ""protein_change"": """", ""classification"": ""Likely pathogenic"", ""found_in"": [""clinvar""]}"
ClinVar:VCV001497566	variant	NM_001032221.6(STXBP1):c.167C>G (p.Thr56Arg)	"{""consequence"": [""missense variant""], ""protein_change"": ""T56R, T42R"", ""classification"": ""Pathogenic"", ""found_in"": [""clinvar""]}"
ClinVar:VCV001504766	variant	NM_001330260.2(SCN8A):c.3250A>G (p.Met1084Val)	"{""consequence"": [""missense variant""], ""protein_change"": ""M1084V"", ""classification"": ""Likely pathogenic"", ""found_in"": [""clinvar""]}"
ClinVar:VCV001505439	variant	NM_001330260.2(SCN8A):c.5605A>G (p.Met1869Val)	"{""consequence"": [""missense variant""], ""protein_change"": ""M1869V, M1828V"", ""classification"": ""Likely pathogenic"", ""found_in"": [""clinvar""]}"
ClinVar:VCV001512107	variant	NM_001032221.6(STXBP1):c.328T>C (p.Cys110Arg)	"{""consequence"": [""missense variant"", ""intron variant""], ""protein_change"": ""C96R, C110R"", ""classification"": ""Likely pathogenic"", ""found_in"": [""clinvar""]}"
ClinVar:VCV001512442	variant	NM_001199107.2(TBC1D24):c.983+1G>C	"{""consequence"": [""splice donor variant"", ""intron variant""], ""protein_change"": """", ""classification"": ""Likely pathogenic"", ""found_in"": [""clinvar""]}"
ClinVar:VCV001514484	variant	NM_001330260.2(SCN8A):c.828C>A (p.Asn276Lys)	"{""consequence"": [""missense variant""], ""protein_change"": ""N276K"", ""classification"": ""Likely pathogenic"", ""found_in"": [""clinvar""]}"
ClinVar:VCV001514764	variant	NM_001330260.2(SCN8A):c.1201T>C (p.Tyr401His)	"{""consequence"": [""missense variant""], ""protein_change"": ""Y401H"", ""classification"": ""Likely pathogenic"", ""found_in"": [""clinvar""]}"
ClinVar:VCV001515093	variant	NM_001330260.2(SCN8A):c.4384G>A (p.Val1462Ile)	"{""consequence"": [""missense variant""], ""protein_change"": ""V1462I, V1421I"", ""classification"": ""Pathogenic/Likely pathogenic"", ""found_in"": [""clinvar""]}"
ClinVar:VCV001517295	variant	NM_001199107.2(TBC1D24):c.1303-2A>G	"{""consequence"": [""splice acceptor variant""], ""protein_change"": """", ""classification"": ""Likely pathogenic"", ""found_in"": [""clinvar""]}"
ClinVar:VCV001526059	variant	NM_014905.5(GLS):c.1460dup (p.Ile488fs)	"{""consequence"": [""frameshift variant""], ""protein_change"": ""I488fs"", ""classification"": ""Pathogenic"", ""found_in"": [""clinvar""]}"
ClinVar:VCV001526183	variant	NM_001330260.2(SCN8A):c.2548C>G (p.Arg850Gly)	"{""consequence"": [""missense variant""], ""protein_change"": ""R850G"", ""classification"": ""Pathogenic/Likely pathogenic"", ""found_in"": [""clinvar""]}"
ClinVar:VCV001676383	variant	NM_001367721.1(CASK):c.1972C>T (p.Gln658Ter)	"{""consequence"": [""nonsense""], ""protein_change"": ""Q629*, Q635*, Q658*, Q652*"", ""classification"": ""Pathogenic"", ""found_in"": [""clinvar""]}"
ClinVar:VCV001676875	variant	NM_001330260.2(SCN8A):c.5156dup (p.Pro1719_Asp1720insTer)	"{""consequence"": [""frameshift variant""], ""protein_change"": """", ""classification"": ""Likely pathogenic"", ""found_in"": [""clinvar""]}"
ClinVar:VCV001677247	variant	NM_001032221.6(STXBP1):c.963+2T>C	"{""consequence"": [""splice donor variant""], ""protein_change"": """", ""classification"": ""Pathogenic"", ""found_in"": [""clinvar""]}"
ClinVar:VCV001677950	variant	NM_001330260.2(SCN8A):c.4849C>T (p.Arg1617Ter)	"{""consequence"": [""nonsense""], ""protein_change"": ""R1576*, R1617*"", ""classification"": ""Likely pathogenic"", ""found_in"": [""clinvar""]}"
ClinVar:VCV001685436	variant	NM_001330260.2(SCN8A):c.4937T>C (p.Met1646Thr)	"{""consequence"": [""missense variant""], ""protein_change"": ""M1605T, M1646T"", ""classification"": ""Likely pathogenic"", ""found_in"": [""clinvar""]}"
ClinVar:VCV001686171	variant	NM_001330260.2(SCN8A):c.2693del (p.Gly898fs)	"{""consequence"": [""frameshift variant""], ""protein_change"": ""G898fs"", ""classification"": ""Pathogenic"", ""found_in"": [""clinvar""]}"
ClinVar:VCV001686172	variant	NM_001330260.2(SCN8A):c.4876C>T (p.Arg1626Cys)	"{""consequence"": [""missense variant""], ""protein_change"": ""R1585C, R1626C"", ""classification"": ""Pathogenic/Likely pathogenic"", ""found_in"": [""clinvar""]}"
ClinVar:VCV001686236	variant	NM_001032221.6(STXBP1):c.795-2A>C	"{""consequence"": [""splice acceptor variant"", ""intron variant""], ""protein_change"": """", ""classification"": ""Pathogenic"", ""found_in"": [""clinvar""]}"
ClinVar:VCV001686237	variant	NM_001032221.6(STXBP1):c.1108C>T (p.Gln370Ter)	"{""consequence"": [""nonsense""], ""protein_change"": ""Q334*, Q356*, Q367*, Q370*"", ""classification"": ""Pathogenic"", ""found_in"": [""clinvar""]}"
ClinVar:VCV001686243	variant	NM_005639.3(SYT1):c.926C>T (p.Ser309Phe)	"{""consequence"": [""missense variant""], ""protein_change"": ""S306F, S309F"", ""classification"": ""Pathogenic/Likely pathogenic"", ""found_in"": [""clinvar""]}"
ClinVar:VCV001687308	variant	NM_001367721.1(CASK):c.506T>G (p.Leu169Ter)	"{""consequence"": [""nonsense""], ""protein_change"": ""L169*"", ""classification"": ""Likely pathogenic"", ""found_in"": [""clinvar""]}"
ClinVar:VCV001690348	variant	NM_001199107.2(TBC1D24):c.535dup (p.Ser179fs)	"{""consequence"": [""frameshift variant""], ""protein_change"": ""S179fs"", ""classification"": ""Pathogenic"", ""found_in"": [""clinvar""]}"
ClinVar:VCV001691863	variant	NM_001032221.6(STXBP1):c.1672delinsAACGGAAAGTGGGAGGTGGGAGG (p.Gln558fs)	"{""consequence"": [""frameshift variant""], ""protein_change"": ""Q522fs, Q544fs, Q555fs, Q558fs"", ""classification"": ""Pathogenic"", ""found_in"": [""clinvar""]}"
ClinVar:VCV001692990	variant	NM_001367721.1(CASK):c.825G>A (p.Trp275Ter)	"{""consequence"": [""nonsense""], ""protein_change"": ""W275*"", ""classification"": ""Pathogenic"", ""found_in"": [""clinvar""]}"
ClinVar:VCV001699023	variant	NM_001032221.6(STXBP1):c.795-1G>A	"{""consequence"": [""splice acceptor variant"", ""intron variant""], ""protein_change"": """", ""classification"": ""Pathogenic"", ""found_in"": [""clinvar""]}"
ClinVar:VCV001699202	variant	NM_001330260.2(SCN8A):c.971G>A (p.Cys324Tyr)	"{""consequence"": [""missense variant""], ""protein_change"": ""C324Y"", ""classification"": ""Pathogenic/Likely pathogenic"", ""found_in"": [""clinvar""]}"
ClinVar:VCV001699292	variant	NM_001367721.1(CASK):c.2039+1G>A	"{""consequence"": [""splice donor variant""], ""protein_change"": """", ""classification"": ""Pathogenic"", ""found_in"": [""clinvar""]}"
ClinVar:VCV001700412	variant	NM_001330260.2(SCN8A):c.3922T>C (p.Ser1308Pro)	"{""consequence"": [""missense variant"", ""intron variant""], ""protein_change"": ""S1308P"", ""classification"": ""Pathogenic"", ""found_in"": [""clinvar""]}"
ClinVar:VCV001701580	variant	NM_001032221.6(STXBP1):c.536T>A (p.Leu179His)	"{""consequence"": [""missense variant""], ""protein_change"": ""L165H, L176H, L179H"", ""classification"": ""Likely pathogenic"", ""found_in"": [""clinvar""]}"
ClinVar:VCV001701837	variant	NM_001330260.2(SCN8A):c.736C>T (p.Gln246Ter)	"{""consequence"": [""nonsense""], ""protein_change"": ""Q246*"", ""classification"": ""Likely pathogenic"", ""found_in"": [""clinvar""]}"
ClinVar:VCV001701858	variant	NM_001367721.1(CASK):c.2252_2253del (p.Gly751fs)	"{""consequence"": [""frameshift variant""], ""protein_change"": ""G722fs, G723fs, G746fs, G751fs"", ""classification"": ""Pathogenic"", ""found_in"": [""clinvar""]}"
ClinVar:VCV001702816	variant	NM_001032221.6(STXBP1):c.1462-2A>G	"{""consequence"": [""splice acceptor variant""], ""protein_change"": """", ""classification"": ""Pathogenic"", ""found_in"": [""clinvar""]}"
ClinVar:VCV001703489	variant	NM_001032221.6(STXBP1):c.82T>G (p.Trp28Gly)	"{""consequence"": [""missense variant""], ""protein_change"": ""W14G, W28G"", ""classification"": ""Pathogenic"", ""found_in"": [""clinvar""]}"
ClinVar:VCV001704956	variant	NM_001032221.6(STXBP1):c.889G>T (p.Ala297Ser)	"{""consequence"": [""missense variant"", ""intron variant""], ""protein_change"": ""A283S, A294S, A297S"", ""classification"": ""Likely pathogenic"", ""found_in"": [""clinvar""]}"
ClinVar:VCV001705448	variant	NM_005639.3(SYT1):c.1101_1103dup (p.Lys367_Ile368insMet)	"{""consequence"": [""inframe_insertion""], ""protein_change"": """", ""classification"": ""Likely pathogenic"", ""found_in"": [""clinvar""]}"
ClinVar:VCV001705649	variant	NM_001367721.1(CASK):c.1510del (p.Thr504fs)	"{""consequence"": [""frameshift variant""], ""protein_change"": ""T498fs, T504fs"", ""classification"": ""Likely pathogenic"", ""found_in"": [""clinvar""]}"
ClinVar:VCV001705830	variant	NM_001330260.2(SCN8A):c.4399T>G (p.Phe1467Val)	"{""consequence"": [""missense variant""], ""protein_change"": ""F1426V, F1467V"", ""classification"": ""Likely pathogenic"", ""found_in"": [""clinvar""]}"
ClinVar:VCV001707506	variant	NM_001330260.2(SCN8A):c.3942+1387_4135del	"{""consequence"": [""splice acceptor variant""], ""protein_change"": """", ""classification"": ""Likely pathogenic"", ""found_in"": [""clinvar""]}"
ClinVar:VCV001707714	variant	NC_000023.10:g.(?_41387096)_(41396627_?)del	"{""consequence"": [], ""protein_change"": """", ""classification"": ""Pathogenic"", ""found_in"": [""clinvar""]}"
ClinVar:VCV001708503	variant	NM_001032221.6(STXBP1):c.579-1G>C	"{""consequence"": [""splice acceptor variant""], ""protein_change"": """", ""classification"": ""Pathogenic"", ""found_in"": [""clinvar""]}"
ClinVar:VCV001709375	variant	NM_005639.3(SYT1):c.920G>A (p.Gly307Asp)	"{""consequence"": [""missense variant""], ""protein_change"": ""G304D, G307D"", ""classification"": ""Likely pathogenic"", ""found_in"": [""clinvar""]}"
ClinVar:VCV001709566	variant	NM_001032221.6(STXBP1):c.1359+5G>C	"{""consequence"": [""intron variant""], ""protein_change"": """", ""classification"": ""Likely pathogenic"", ""found_in"": [""clinvar""]}"
ClinVar:VCV001721320	variant	NM_001330260.2(SCN8A):c.2675T>C (p.Val892Ala)	"{""consequence"": [""missense variant""], ""protein_change"": ""V892A"", ""classification"": ""Pathogenic/Likely pathogenic"", ""found_in"": [""clinvar""]}"
ClinVar:VCV001721655	variant	NM_001330260.2(SCN8A):c.3988G>A (p.Val1330Met)	"{""consequence"": [""missense variant""], ""protein_change"": ""V1289M, V1330M"", ""classification"": ""Pathogenic"", ""found_in"": [""clinvar""]}"
ClinVar:VCV001732348	variant	NM_001199107.2(TBC1D24):c.352del (p.Leu118fs)	"{""consequence"": [""frameshift variant""], ""protein_change"": ""L118fs"", ""classification"": ""Pathogenic"", ""found_in"": [""clinvar""]}"
ClinVar:VCV001737351	variant	NM_001199107.2(TBC1D24):c.404del (p.Pro135fs)	"{""consequence"": [""frameshift variant""], ""protein_change"": ""P135fs"", ""classification"": ""Pathogenic"", ""found_in"": [""clinvar""]}"
ClinVar:VCV001769478	variant	NM_001032221.6(STXBP1):c.1304del (p.Glu435fs)	"{""consequence"": [""frameshift variant""], ""protein_change"": ""E435fs, E421fs, E399fs, E432fs"", ""classification"": ""Pathogenic"", ""found_in"": [""clinvar""]}"
ClinVar:VCV001772191	variant	NM_001032221.6(STXBP1):c.1419C>A (p.Tyr473Ter)	"{""consequence"": [""nonsense""], ""protein_change"": ""Y459*, Y470*, Y473*, Y437*"", ""classification"": ""Pathogenic"", ""found_in"": [""clinvar""]}"
ClinVar:VCV001784171	variant	NM_001367721.1(CASK):c.1A>G (p.Met1Val)	"{""consequence"": [""missense variant"", ""initiator_codon_variant""], ""protein_change"": ""M1V"", ""classification"": ""Pathogenic"", ""found_in"": [""clinvar""]}"
ClinVar:VCV001787036	variant	NM_001330260.2(SCN8A):c.2169G>A (p.Trp723Ter)	"{""consequence"": [""nonsense""], ""protein_change"": ""W723*"", ""classification"": ""Pathogenic"", ""found_in"": [""clinvar""]}"
ClinVar:VCV001799561	variant	NM_001032221.6(STXBP1):c.1336C>T (p.Leu446Phe)	"{""consequence"": [""missense variant""], ""protein_change"": ""L410F, L432F, L443F"", ""classification"": ""Pathogenic"", ""found_in"": [""clinvar""]}"
ClinVar:VCV001801498	variant	NM_001032221.6(STXBP1):c.1110+2T>G	"{""consequence"": [""splice donor variant""], ""protein_change"": """", ""classification"": ""Pathogenic/Likely pathogenic"", ""found_in"": [""clinvar""]}"
ClinVar:VCV001802551	variant	NM_001330260.2(SCN8A):c.2734T>G (p.Cys912Gly)	"{""consequence"": [""missense variant""], ""protein_change"": ""C912G"", ""classification"": ""Likely pathogenic"", ""found_in"": [""clinvar""]}"
ClinVar:VCV001803064	variant	NM_001330260.2(SCN8A):c.2934C>A (p.Ser978Arg)	"{""consequence"": [""missense variant""], ""protein_change"": ""S978R"", ""classification"": ""Likely pathogenic"", ""found_in"": [""clinvar""]}"
ClinVar:VCV001803066	variant	NM_001330260.2(SCN8A):c.778T>G (p.Phe260Val)	"{""consequence"": [""missense variant""], ""protein_change"": ""F260V"", ""classification"": ""Likely pathogenic"", ""found_in"": [""clinvar""]}"
ClinVar:VCV001803067	variant	NM_001330260.2(SCN8A):c.4871T>G (p.Ile1624Ser)	"{""consequence"": [""missense variant""], ""protein_change"": ""I1583S, I1624S"", ""classification"": ""Likely pathogenic"", ""found_in"": [""clinvar""]}"
ClinVar:VCV001803077	variant	NM_001032221.6(STXBP1):c.701A>G (p.Asp234Gly)	"{""consequence"": [""missense variant""], ""protein_change"": ""D220G, D231G, D234G"", ""classification"": ""Likely pathogenic"", ""found_in"": [""clinvar""]}"
ClinVar:VCV001803078	variant	NM_001032221.6(STXBP1):c.1657G>C (p.Ala553Pro)	"{""consequence"": [""missense variant""], ""protein_change"": ""A517P, A539P, A550P, A553P"", ""classification"": ""Likely pathogenic"", ""found_in"": [""clinvar""]}"
ClinVar:VCV001803079	variant	NM_001032221.6(STXBP1):c.620A>G (p.Asp207Gly)	"{""consequence"": [""missense variant""], ""protein_change"": ""D193G, D204G, D207G"", ""classification"": ""Likely pathogenic"", ""found_in"": [""clinvar""]}"
ClinVar:VCV001803080	variant	NM_001032221.6(STXBP1):c.748C>G (p.Gln250Glu)	"{""consequence"": [""missense variant""], ""protein_change"": ""Q236E, Q247E, Q250E"", ""classification"": ""Likely pathogenic"", ""found_in"": [""clinvar""]}"
ClinVar:VCV001803081	variant	NM_001032221.6(STXBP1):c.1030-2A>G	"{""consequence"": [""splice acceptor variant""], ""protein_change"": """", ""classification"": ""Pathogenic/Likely pathogenic"", ""found_in"": [""clinvar""]}"
ClinVar:VCV001803976	variant	NM_000817.3(GAD1):c.1370G>A (p.Arg457His)	"{""consequence"": [""missense variant""], ""protein_change"": ""R457H"", ""classification"": ""Likely pathogenic"", ""found_in"": [""clinvar""]}"
ClinVar:VCV001804044	variant	NM_001330260.2(SCN8A):c.844_845del (p.Val282fs)	"{""consequence"": [""frameshift variant""], ""protein_change"": ""V282fs"", ""classification"": ""Likely pathogenic"", ""found_in"": [""clinvar""]}"
ClinVar:VCV001804158	variant	NM_001032221.6(STXBP1):c.690_697delinsT (p.Leu231fs)	"{""consequence"": [""frameshift variant""], ""protein_change"": ""L217fs, L228fs, L231fs"", ""classification"": ""Likely pathogenic"", ""found_in"": [""clinvar""]}"
ClinVar:VCV001805441	variant	NM_001032221.6(STXBP1):c.1462-2A>C	"{""consequence"": [""splice acceptor variant""], ""protein_change"": """", ""classification"": ""Pathogenic"", ""found_in"": [""clinvar""]}"
ClinVar:VCV001805469	variant	NM_001032221.6(STXBP1):c.386_393delinsATCTGA (p.Thr129fs)	"{""consequence"": [""frameshift variant""], ""protein_change"": ""T115fs, T126fs, T129fs"", ""classification"": ""Pathogenic"", ""found_in"": [""clinvar""]}"
ClinVar:VCV001810253	variant	NM_001032221.6(STXBP1):c.1315A>T (p.Ile439Phe)	"{""consequence"": [""missense variant""], ""protein_change"": ""I403F, I425F, I436F, I439F"", ""classification"": ""Likely pathogenic"", ""found_in"": [""clinvar""]}"
ClinVar:VCV001878431	variant	NM_005639.3(SYT1):c.551T>C (p.Val184Ala)	"{""consequence"": [""missense variant""], ""protein_change"": ""V181A, V184A"", ""classification"": ""Likely pathogenic"", ""found_in"": [""clinvar""]}"
ClinVar:VCV001879237	variant	NM_001330260.2(SCN8A):c.4683_4686del (p.Phe1561fs)	"{""consequence"": [""frameshift variant""], ""protein_change"": ""F1520fs, F1561fs"", ""classification"": ""Pathogenic"", ""found_in"": [""clinvar""]}"
ClinVar:VCV001895387	variant	NM_001330260.2(SCN8A):c.536del (p.Ala179fs)	"{""consequence"": [""frameshift variant""], ""protein_change"": ""A179fs"", ""classification"": ""Likely pathogenic"", ""found_in"": [""clinvar""]}"
ClinVar:VCV001895463	variant	NM_014191.4(SCN8A):c.668G>C (p.Arg223Thr)	"{""consequence"": [""missense variant"", ""intron variant""], ""protein_change"": ""R223T"", ""classification"": ""Likely pathogenic"", ""found_in"": [""clinvar""]}"
ClinVar:VCV001966628	variant	NM_001199107.2(TBC1D24):c.1505dup (p.Ser503fs)	"{""consequence"": [""frameshift variant""], ""protein_change"": ""S497fs, S503fs"", ""classification"": ""Pathogenic/Likely pathogenic"", ""found_in"": [""clinvar""]}"
ClinVar:VCV001970211	variant	NM_001199107.2(TBC1D24):c.668_669delinsAA (p.Cys223Ter)	"{""consequence"": [""nonsense""], ""protein_change"": ""C223*"", ""classification"": ""Pathogenic"", ""found_in"": [""clinvar""]}"
ClinVar:VCV001992424	variant	NM_003660.4(PPFIA3):c.2717C>T (p.Ser906Leu)	"{""consequence"": [""missense variant"", ""non-coding transcript variant""], ""protein_change"": ""S906L"", ""classification"": ""Pathogenic/Likely pathogenic"", ""found_in"": [""clinvar""]}"
ClinVar:VCV001992425	variant	NM_003660.4(PPFIA3):c.3307del (p.Glu1103fs)	"{""consequence"": [""frameshift variant"", ""non-coding transcript variant""], ""protein_change"": ""E1103fs"", ""classification"": ""Likely pathogenic"", ""found_in"": [""clinvar""]}"
ClinVar:VCV001995692	variant	NM_001032221.6(STXBP1):c.910_917del (p.Thr304fs)	"{""consequence"": [""frameshift variant""], ""protein_change"": ""T268fs, T301fs, T304fs, T290fs"", ""classification"": ""Pathogenic"", ""found_in"": [""clinvar""]}"
ClinVar:VCV001997152	variant	NM_001330260.2(SCN8A):c.2942G>T (p.Ser981Ile)	"{""consequence"": [""missense variant""], ""protein_change"": ""S981I"", ""classification"": ""Pathogenic"", ""found_in"": [""clinvar""]}"
ClinVar:VCV002001117	variant	NM_001330260.2(SCN8A):c.4934T>G (p.Met1645Arg)	"{""consequence"": [""missense variant""], ""protein_change"": ""M1604R, M1645R"", ""classification"": ""Pathogenic"", ""found_in"": [""clinvar""]}"
ClinVar:VCV002007067	variant	NM_001032221.6(STXBP1):c.1702+2T>G	"{""consequence"": [""splice donor variant""], ""protein_change"": """", ""classification"": ""Pathogenic"", ""found_in"": [""clinvar""]}"
ClinVar:VCV002008823	variant	NM_001330260.2(SCN8A):c.5816C>T (p.Pro1939Leu)	"{""consequence"": [""missense variant""], ""protein_change"": ""P1939L, P1898L"", ""classification"": ""Likely pathogenic"", ""found_in"": [""clinvar""]}"
ClinVar:VCV002021368	variant	NM_001032221.6(STXBP1):c.1011C>G (p.Tyr337Ter)	"{""consequence"": [""nonsense""], ""protein_change"": ""Y301*, Y334*, Y337*, Y323*"", ""classification"": ""Pathogenic"", ""found_in"": [""clinvar""]}"
ClinVar:VCV002029854	variant	NM_001032221.6(STXBP1):c.1702+2T>C	"{""consequence"": [""splice donor variant""], ""protein_change"": """", ""classification"": ""Pathogenic"", ""found_in"": [""clinvar""]}"
ClinVar:VCV002032711	variant	NM_001032221.6(STXBP1):c.1354dup (p.Thr452fs)	"{""consequence"": [""frameshift variant""], ""protein_change"": ""T416fs, T438fs, T449fs, T452fs"", ""classification"": ""Pathogenic"", ""found_in"": [""clinvar""]}"
ClinVar:VCV002035641	variant	NM_001199107.2(TBC1D24):c.1574del (p.Gly525fs)	"{""consequence"": [""frameshift variant""], ""protein_change"": ""G519fs, G525fs"", ""classification"": ""Pathogenic"", ""found_in"": [""clinvar""]}"
ClinVar:VCV002053773	variant	NM_001032221.6(STXBP1):c.148_149del (p.Ile50fs)	"{""consequence"": [""frameshift variant""], ""protein_change"": ""I36fs, I50fs"", ""classification"": ""Pathogenic"", ""found_in"": [""clinvar""]}"
ClinVar:VCV002055230	variant	NM_001032221.6(STXBP1):c.1568_1569insAGTACCCA (p.His523fs)	"{""consequence"": [""frameshift variant""], ""protein_change"": ""H509fs, H487fs, H523fs, H520fs"", ""classification"": ""Pathogenic"", ""found_in"": [""clinvar""]}"
ClinVar:VCV002055422	variant	NM_001032221.6(STXBP1):c.1702G>C (p.Gly568Arg)	"{""consequence"": [""missense variant""], ""protein_change"": ""G568R, G565R, G532R, G554R, V568L"", ""classification"": ""Pathogenic"", ""found_in"": [""clinvar""]}"
ClinVar:VCV002060555	variant	NM_001032221.6(STXBP1):c.663+2T>C	"{""consequence"": [""splice donor variant""], ""protein_change"": """", ""classification"": ""Pathogenic"", ""found_in"": [""clinvar""]}"
ClinVar:VCV002094661	variant	NM_001032221.6(STXBP1):c.1074C>G (p.Tyr358Ter)	"{""consequence"": [""nonsense""], ""protein_change"": ""Y344*, Y322*, Y358*, Y355*"", ""classification"": ""Pathogenic"", ""found_in"": [""clinvar""]}"
ClinVar:VCV002096989	variant	NM_001032221.6(STXBP1):c.903-69_905del	"{""consequence"": [""splice acceptor variant""], ""protein_change"": """", ""classification"": ""Pathogenic"", ""found_in"": [""clinvar""]}"
ClinVar:VCV002101079	variant	NM_001032221.6(STXBP1):c.1067dup (p.His357fs)	"{""consequence"": [""frameshift variant""], ""protein_change"": ""H354fs, H357fs, H343fs, H321fs"", ""classification"": ""Pathogenic"", ""found_in"": [""clinvar""]}"
ClinVar:VCV002101220	variant	NM_001199107.2(TBC1D24):c.1402_1409dup (p.Ser472fs)	"{""consequence"": [""frameshift variant""], ""protein_change"": ""S466fs, S472fs"", ""classification"": ""Pathogenic/Likely pathogenic"", ""found_in"": [""clinvar""]}"
ClinVar:VCV002106005	variant	NM_001032221.6(STXBP1):c.912_915del (p.Arg305fs)	"{""consequence"": [""frameshift variant""], ""protein_change"": ""R269fs, R291fs, R302fs, R305fs"", ""classification"": ""Pathogenic"", ""found_in"": [""clinvar""]}"
ClinVar:VCV002112939	variant	NM_001330260.2(SCN8A):c.828C>G (p.Asn276Lys)	"{""consequence"": [""missense variant""], ""protein_change"": ""N276K"", ""classification"": ""Likely pathogenic"", ""found_in"": [""clinvar""]}"
ClinVar:VCV002116337	variant	NM_001032221.6(STXBP1):c.1316T>A (p.Ile439Asn)	"{""consequence"": [""missense variant""], ""protein_change"": ""I436N, I403N, I425N, I439N"", ""classification"": ""Likely pathogenic"", ""found_in"": [""clinvar""]}"
ClinVar:VCV002120788	variant	NM_001367721.1(CASK):c.457_461del (p.Glu153fs)	"{""consequence"": [""frameshift variant""], ""protein_change"": ""E153fs"", ""classification"": ""Pathogenic"", ""found_in"": [""clinvar""]}"
ClinVar:VCV002121170	variant	NM_001199107.2(TBC1D24):c.1488del (p.Met497fs)	"{""consequence"": [""frameshift variant""], ""protein_change"": ""M491fs, M497fs"", ""classification"": ""Pathogenic"", ""found_in"": [""clinvar""]}"
ClinVar:VCV002121448	variant	NM_001367721.1(CASK):c.608G>A (p.Trp203Ter)	"{""consequence"": [""nonsense""], ""protein_change"": ""W203*"", ""classification"": ""Pathogenic"", ""found_in"": [""clinvar""]}"
ClinVar:VCV002127078	variant	NM_001199107.2(TBC1D24):c.270_286del (p.Pro91fs)	"{""consequence"": [""frameshift variant""], ""protein_change"": ""P91fs"", ""classification"": ""Pathogenic"", ""found_in"": [""clinvar""]}"
ClinVar:VCV002129007	variant	NM_001330260.2(SCN8A):c.2266G>A (p.Asp756Asn)	"{""consequence"": [""missense variant""], ""protein_change"": ""D756N"", ""classification"": ""Pathogenic/Likely pathogenic"", ""found_in"": [""clinvar""]}"
ClinVar:VCV002129735	variant	NM_000817.3(GAD1):c.548-2A>C	"{""consequence"": [""splice acceptor variant""], ""protein_change"": """", ""classification"": ""Likely pathogenic"", ""found_in"": [""clinvar""]}"
ClinVar:VCV002136813	variant	NM_001032221.6(STXBP1):c.429+1G>A	"{""consequence"": [""splice donor variant""], ""protein_change"": """", ""classification"": ""Pathogenic"", ""found_in"": [""clinvar""]}"
ClinVar:VCV002136814	variant	NM_001032221.6(STXBP1):c.1110+1G>A	"{""consequence"": [""splice donor variant""], ""protein_change"": """", ""classification"": ""Likely pathogenic"", ""found_in"": [""clinvar""]}"
ClinVar:VCV002162152	variant	NM_001199107.2(TBC1D24):c.1499C>G (p.Ala500Gly)	"{""consequence"": [""missense variant""], ""protein_change"": ""A494G, A500G"", ""classification"": ""Likely pathogenic"", ""found_in"": [""clinvar""]}"
ClinVar:VCV002163597	variant	NM_001199107.2(TBC1D24):c.132G>A (p.Trp44Ter)	"{""consequence"": [""nonsense""], ""protein_change"": ""W44*"", ""classification"": ""Pathogenic"", ""found_in"": [""clinvar""]}"
ClinVar:VCV002231762	variant	NM_001330260.2(SCN8A):c.1228G>A (p.Val410Met)	"{""consequence"": [""missense variant""], ""protein_change"": ""V410M"", ""classification"": ""Likely pathogenic"", ""found_in"": [""clinvar""]}"
ClinVar:VCV002424643	variant	NC_000009.11:g.(?_130438083)_(130439032_?)del	"{""consequence"": [], ""protein_change"": """", ""classification"": ""Pathogenic"", ""found_in"": [""clinvar""]}"
ClinVar:VCV002424644	variant	NC_000009.11:g.(?_130413862)_(130439052_?)del	"{""consequence"": [], ""protein_change"": """", ""classification"": ""Pathogenic"", ""found_in"": [""clinvar""]}"
ClinVar:VCV002424645	variant	NC_000009.11:g.(?_130441808)_(130444802_?)del	"{""consequence"": [], ""protein_change"": """", ""classification"": ""Pathogenic"", ""found_in"": [""clinvar""]}"
ClinVar:VCV002424724	variant	NC_000023.10:g.(?_41428901)_(41429019_?)del	"{""consequence"": [], ""protein_change"": """", ""classification"": ""Pathogenic"", ""found_in"": [""clinvar""]}"
ClinVar:VCV002424725	variant	NC_000023.10:g.(?_41712348)_(41782241_?)del	"{""consequence"": [], ""protein_change"": """", ""classification"": ""Pathogenic"", ""found_in"": [""clinvar""]}"
ClinVar:VCV002424726	variant	NC_000023.10:g.(?_41412952)_(41429019_?)del	"{""consequence"": [], ""protein_change"": """", ""classification"": ""Pathogenic"", ""found_in"": [""clinvar""]}"
ClinVar:VCV002424727	variant	NC_000023.10:g.(?_41401924)_(41416373_?)del	"{""consequence"": [], ""protein_change"": """", ""classification"": ""Pathogenic"", ""found_in"": [""clinvar""]}"
ClinVar:VCV002424728	variant	NC_000023.10:g.(?_41598617)_(41604874_?)del	"{""consequence"": [], ""protein_change"": """", ""classification"": ""Pathogenic"", ""found_in"": [""clinvar""]}"
ClinVar:VCV002429366	variant	NM_003660.4(PPFIA3):c.1675C>T (p.Arg559Trp)	"{""consequence"": [""missense variant"", ""non-coding transcript variant""], ""protein_change"": ""R559W"", ""classification"": ""Likely pathogenic"", ""found_in"": [""clinvar""]}"
ClinVar:VCV002429367	variant	NM_003660.4(PPFIA3):c.1285C>T (p.Arg429Trp)	"{""consequence"": [""missense variant"", ""non-coding transcript variant""], ""protein_change"": ""R429W"", ""classification"": ""Likely pathogenic"", ""found_in"": [""clinvar""]}"
ClinVar:VCV002429368	variant	NM_003660.4(PPFIA3):c.2350C>T (p.Arg784Trp)	"{""consequence"": [""missense variant"", ""non-coding transcript variant""], ""protein_change"": ""R784W"", ""classification"": ""Pathogenic"", ""found_in"": [""clinvar""]}"
ClinVar:VCV002429864	variant	NM_001367721.1(CASK):c.497C>A (p.Ala166Asp)	"{""consequence"": [""missense variant""], ""protein_change"": ""A166D"", ""classification"": ""Pathogenic"", ""found_in"": [""clinvar""]}"
ClinVar:VCV002429865	variant	NM_001367721.1(CASK):c.794_796delinsAG (p.Ile265fs)	"{""consequence"": [""frameshift variant""], ""protein_change"": ""I265fs"", ""classification"": ""Pathogenic"", ""found_in"": [""clinvar""]}"
ClinVar:VCV002430186	variant	NM_003660.4(PPFIA3):c.1243C>T (p.Arg415Trp)	"{""consequence"": [""missense variant"", ""non-coding transcript variant""], ""protein_change"": ""R415W"", ""classification"": ""Pathogenic/Likely pathogenic"", ""found_in"": [""clinvar""]}"
ClinVar:VCV002430187	variant	NM_003660.4(PPFIA3):c.1638G>T (p.Trp546Cys)	"{""consequence"": [""missense variant"", ""non-coding transcript variant""], ""protein_change"": ""W546C"", ""classification"": ""Likely pathogenic"", ""found_in"": [""clinvar""]}"
ClinVar:VCV002430194	variant	NM_001032221.6(STXBP1):c.103_119del (p.Gln35fs)	"{""consequence"": [""frameshift variant""], ""protein_change"": ""Q21fs, Q35fs"", ""classification"": ""Pathogenic"", ""found_in"": [""clinvar""]}"
ClinVar:VCV002430619	variant	NM_001330260.2(SCN8A):c.5636C>T (p.Ser1879Phe)	"{""consequence"": [""missense variant""], ""protein_change"": ""S1838F, S1879F"", ""classification"": ""Likely pathogenic"", ""found_in"": [""clinvar""]}"
ClinVar:VCV002431222	variant	NM_001367721.1(CASK):c.2521-6A>G	"{""consequence"": [""intron variant""], ""protein_change"": """", ""classification"": ""Pathogenic"", ""found_in"": [""clinvar""]}"
ClinVar:VCV002434011	variant	NM_001032221.6(STXBP1):c.107T>A (p.Leu36Ter)	"{""consequence"": [""nonsense""], ""protein_change"": ""L22*, L36*"", ""classification"": ""Likely pathogenic"", ""found_in"": [""clinvar""]}"
ClinVar:VCV002434089	variant	NM_001199107.2(TBC1D24):c.1101del (p.Leu368fs)	"{""consequence"": [""frameshift variant""], ""protein_change"": ""L362fs, L368fs"", ""classification"": ""Likely pathogenic"", ""found_in"": [""clinvar""]}"
ClinVar:VCV002438847	variant	NM_001367721.1(CASK):c.1565dup (p.Met523fs)	"{""consequence"": [""frameshift variant""], ""protein_change"": ""M517fs, M523fs"", ""classification"": ""Likely pathogenic"", ""found_in"": [""clinvar""]}"
ClinVar:VCV002440527	variant	NM_014905.5(GLS):c.338_339dup (p.Ala114fs)	"{""consequence"": [""frameshift variant""], ""protein_change"": ""A114fs"", ""classification"": ""Likely pathogenic"", ""found_in"": [""clinvar""]}"
ClinVar:VCV002441639	variant	NM_001367721.1(CASK):c.589G>T (p.Gly197Ter)	"{""consequence"": [""nonsense""], ""protein_change"": ""G197*"", ""classification"": ""Pathogenic"", ""found_in"": [""clinvar""]}"
ClinVar:VCV002442359	variant	NM_001032221.6(STXBP1):c.1495_1496dup (p.Pro500fs)	"{""consequence"": [""frameshift variant""], ""protein_change"": ""P464fs, P486fs, P497fs, P500fs"", ""classification"": ""Pathogenic"", ""found_in"": [""clinvar""]}"
ClinVar:VCV002443088	variant	NM_001367721.1(CASK):c.1155+1G>T	"{""consequence"": [""splice donor variant""], ""protein_change"": """", ""classification"": ""Likely pathogenic"", ""found_in"": [""clinvar""]}"
ClinVar:VCV002444005	variant	NM_003660.4(PPFIA3):c.1492C>T (p.Arg498Trp)	"{""consequence"": [""missense variant"", ""non-coding transcript variant""], ""protein_change"": ""R498W"", ""classification"": ""Likely pathogenic"", ""found_in"": [""clinvar""]}"
ClinVar:VCV002444142	variant	NM_001367721.1(CASK):c.2169A>G (p.Leu723=)	"{""consequence"": [""synonymous variant"", ""splice acceptor variant""], ""protein_change"": """", ""classification"": ""Likely pathogenic"", ""found_in"": [""clinvar""]}"
ClinVar:VCV002444343	variant	NM_001367721.1(CASK):c.1583-1G>T	"{""consequence"": [""splice acceptor variant""], ""protein_change"": """", ""classification"": ""Likely pathogenic"", ""found_in"": [""clinvar""]}"
ClinVar:VCV002446196	variant	NM_001367721.1(CASK):c.1015+1G>A	"{""consequence"": [""splice donor variant""], ""protein_change"": """", ""classification"": ""Pathogenic"", ""found_in"": [""clinvar""]}"
ClinVar:VCV002498299	variant	NM_004758.4(TSPOAP1):c.1567C>T (p.Gln523Ter)	"{""consequence"": [""nonsense""], ""protein_change"": ""Q463*, Q523*"", ""classification"": ""Pathogenic"", ""found_in"": [""clinvar""]}"
ClinVar:VCV002499295	variant	NM_001330260.2(SCN8A):c.811C>T (p.Gln271Ter)	"{""consequence"": [""nonsense""], ""protein_change"": ""Q271*"", ""classification"": ""Pathogenic"", ""found_in"": [""clinvar""]}"
ClinVar:VCV002499548	variant	NM_001330260.2(SCN8A):c.5284A>C (p.Ile1762Leu)	"{""consequence"": [""missense variant""], ""protein_change"": ""I1721L, I1762L"", ""classification"": ""Pathogenic/Likely pathogenic"", ""found_in"": [""clinvar""]}"
ClinVar:VCV002499609	variant	NM_001032221.6(STXBP1):c.1533_1543del (p.Thr512fs)	"{""consequence"": [""frameshift variant""], ""protein_change"": ""T476fs, T498fs, T509fs, T512fs"", ""classification"": ""Likely pathogenic"", ""found_in"": [""clinvar""]}"
ClinVar:VCV002500264	variant	NM_014905.5(GLS):c.1270T>C (p.Cys424Arg)	"{""consequence"": [""missense variant""], ""protein_change"": ""C424R"", ""classification"": ""Likely pathogenic"", ""found_in"": [""clinvar""]}"
ClinVar:VCV002501091	variant	NM_000817.3(GAD1):c.1297G>T (p.Gly433Ter)	"{""consequence"": [""nonsense""], ""protein_change"": ""G433*"", ""classification"": ""Likely pathogenic"", ""found_in"": [""clinvar""]}"
ClinVar:VCV002501688	variant	NM_001330260.2(SCN8A):c.4841C>A (p.Thr1614Asn)	"{""consequence"": [""missense variant""], ""protein_change"": ""T1573N, T1614N"", ""classification"": ""Likely pathogenic"", ""found_in"": [""clinvar""]}"
ClinVar:VCV002504970	variant	NM_005639.3(SYT1):c.1115A>G (p.Asp372Gly)	"{""consequence"": [""missense variant""], ""protein_change"": ""D369G, D372G"", ""classification"": ""Pathogenic"", ""found_in"": [""clinvar""]}"
ClinVar:VCV002505544	variant	NM_001032221.6(STXBP1):c.1481_1487del (p.Leu494fs)	"{""consequence"": [""frameshift variant""], ""protein_change"": ""L458fs, L480fs, L491fs, L494fs"", ""classification"": ""Pathogenic"", ""found_in"": [""clinvar""]}"
ClinVar:VCV002505887	variant	NM_001330260.2(SCN8A):c.3739A>T (p.Met1247Leu)	"{""consequence"": [""missense variant""], ""protein_change"": ""M1247L"", ""classification"": ""Likely pathogenic"", ""found_in"": [""clinvar""]}"
ClinVar:VCV002506011	variant	NM_001367721.1(CASK):c.278+2_278+3del	"{""consequence"": [""splice donor variant""], ""protein_change"": """", ""classification"": ""Pathogenic"", ""found_in"": [""clinvar""]}"
ClinVar:VCV002506584	variant	NM_001367721.1(CASK):c.1811del (p.Leu604fs)	"{""consequence"": [""frameshift variant""], ""protein_change"": ""L575fs, L581fs, L598fs, L604fs"", ""classification"": ""Pathogenic"", ""found_in"": [""clinvar""]}"
ClinVar:VCV002570697	variant	NM_001032221.6(STXBP1):c.451_454del (p.Asp151fs)	"{""consequence"": [""frameshift variant""], ""protein_change"": ""D137fs, D151fs, D148fs"", ""classification"": ""Likely pathogenic"", ""found_in"": [""clinvar""]}"
ClinVar:VCV002572216	variant	NM_001330260.2(SCN8A):c.4044G>C (p.Leu1348Phe)	"{""consequence"": [""missense variant""], ""protein_change"": ""L1307F, L1348F"", ""classification"": ""Likely pathogenic"", ""found_in"": [""clinvar""]}"
ClinVar:VCV002572743	variant	NM_001330260.2(SCN8A):c.1214T>G (p.Leu405Trp)	"{""consequence"": [""missense variant""], ""protein_change"": ""L405W"", ""classification"": ""Likely pathogenic"", ""found_in"": [""clinvar""]}"
ClinVar:VCV002573030	variant	NM_001330260.2(SCN8A):c.4017dup (p.Ile1340fs)	"{""consequence"": [""frameshift variant""], ""protein_change"": ""I1299fs, I1340fs"", ""classification"": ""Likely pathogenic"", ""found_in"": [""clinvar""]}"
ClinVar:VCV002573201	variant	NM_001032221.6(STXBP1):c.947_962del (p.Met316fs)	"{""consequence"": [""frameshift variant""], ""protein_change"": ""M280fs, M302fs, M313fs, M316fs"", ""classification"": ""Likely pathogenic"", ""found_in"": [""clinvar""]}"
ClinVar:VCV002573500	variant	NC_000009.11:g.(130420731_130422308)_(130428576_130430358)del	"{""consequence"": [], ""protein_change"": """", ""classification"": ""Pathogenic"", ""found_in"": [""clinvar""]}"
ClinVar:VCV002574147	variant	NM_001032221.6(STXBP1):c.325+1G>A	"{""consequence"": [""splice donor variant""], ""protein_change"": """", ""classification"": ""Pathogenic"", ""found_in"": [""clinvar""]}"
ClinVar:VCV002574617	variant	NM_004758.4(TSPOAP1):c.2449_2450inv (p.Gln817Ter)	"{""consequence"": [""nonsense""], ""protein_change"": ""Q817*, Q757*"", ""classification"": ""Pathogenic"", ""found_in"": [""clinvar""]}"
ClinVar:VCV002575977	variant	NM_004758.4(TSPOAP1):c.2277del (p.Ser759fs)	"{""consequence"": [""frameshift variant""], ""protein_change"": ""S699fs, S759fs"", ""classification"": ""Pathogenic"", ""found_in"": [""clinvar""]}"
ClinVar:VCV002576604	variant	NM_001032221.6(STXBP1):c.1454T>C (p.Ile485Thr)	"{""consequence"": [""missense variant""], ""protein_change"": ""I449T, I471T, I482T, I485T"", ""classification"": ""Pathogenic"", ""found_in"": [""clinvar""]}"
ClinVar:VCV002576771	variant	NM_001330260.2(SCN8A):c.396-1C>T	"{""consequence"": [""splice acceptor variant""], ""protein_change"": """", ""classification"": ""Likely pathogenic"", ""found_in"": [""clinvar""]}"
ClinVar:VCV002576971	variant	NM_001330260.2(SCN8A):c.737A>G (p.Gln246Arg)	"{""consequence"": [""missense variant""], ""protein_change"": ""Q246R"", ""classification"": ""Likely pathogenic"", ""found_in"": [""clinvar""]}"
ClinVar:VCV002578022	variant	NM_001330260.2(SCN8A):c.1238C>A (p.Ala413Asp)	"{""consequence"": [""missense variant""], ""protein_change"": ""A413D"", ""classification"": ""Likely pathogenic"", ""found_in"": [""clinvar""]}"
ClinVar:VCV002580660	variant	NM_001367721.1(CASK):c.1469del (p.Leu490fs)	"{""consequence"": [""frameshift variant""], ""protein_change"": ""L484fs, L490fs"", ""classification"": ""Pathogenic"", ""found_in"": [""clinvar""]}"
ClinVar:VCV002582326	variant	NM_001367721.1(CASK):c.1690_1691del (p.Thr564fs)	"{""consequence"": [""frameshift variant""], ""protein_change"": ""T558fs, T564fs"", ""classification"": ""Likely pathogenic"", ""found_in"": [""clinvar""]}"
ClinVar:VCV002582519	variant	NM_001330260.2(SCN8A):c.2935_2936delinsAA (p.Ser979Asn)	"{""consequence"": [""missense variant""], ""protein_change"": ""S979N"", ""classification"": ""Likely pathogenic"", ""found_in"": [""clinvar""]}"
ClinVar:VCV002582700	variant	NM_003660.4(PPFIA3):c.943G>T (p.Ala315Ser)	"{""consequence"": [""missense variant"", ""non-coding transcript variant""], ""protein_change"": ""A315S"", ""classification"": ""Likely pathogenic"", ""found_in"": [""clinvar""]}"
ClinVar:VCV002583123	variant	NM_003660.4(PPFIA3):c.2609T>A (p.Ile870Asn)	"{""consequence"": [""missense variant"", ""non-coding transcript variant""], ""protein_change"": ""I870N"", ""classification"": ""Likely pathogenic"", ""found_in"": [""clinvar""]}"
ClinVar:VCV002584351	variant	NM_001032221.6(STXBP1):c.1661A>C (p.Tyr554Ser)	"{""consequence"": [""missense variant""], ""protein_change"": ""Y518S, Y540S, Y551S, Y554S"", ""classification"": ""Likely pathogenic"", ""found_in"": [""clinvar""]}"
ClinVar:VCV002584400	variant	NM_001330260.2(SCN8A):c.2812A>T (p.Ile938Phe)	"{""consequence"": [""missense variant""], ""protein_change"": ""I938F"", ""classification"": ""Likely pathogenic"", ""found_in"": [""clinvar""]}"
ClinVar:VCV002585235	variant	NM_001367721.1(CASK):c.1999G>T (p.Gly667Ter)	"{""consequence"": [""nonsense""], ""protein_change"": ""G638*, G644*, G661*, G667*"", ""classification"": ""Likely pathogenic"", ""found_in"": [""clinvar""]}"
ClinVar:VCV002585547	variant	NM_001032221.6(STXBP1):c.429+2T>G	"{""consequence"": [""splice donor variant""], ""protein_change"": """", ""classification"": ""Likely pathogenic"", ""found_in"": [""clinvar""]}"
ClinVar:VCV002626912	variant	NM_001367721.1(CASK):c.2080C>T (p.Gln694Ter)	"{""consequence"": [""nonsense""], ""protein_change"": ""Q665*, Q671*, Q688*, Q694*"", ""classification"": ""Pathogenic"", ""found_in"": [""clinvar""]}"
ClinVar:VCV002627813	variant	NM_001330260.2(SCN8A):c.2683C>G (p.Gln895Glu)	"{""consequence"": [""missense variant""], ""protein_change"": ""Q895E"", ""classification"": ""Likely pathogenic"", ""found_in"": [""clinvar""]}"
ClinVar:VCV002627865	variant	NM_001330260.2(SCN8A):c.755C>G (p.Ser252Ter)	"{""consequence"": [""nonsense""], ""protein_change"": ""S252*"", ""classification"": ""Pathogenic"", ""found_in"": [""clinvar""]}"
ClinVar:VCV002627876	variant	NM_001367721.1(CASK):c.38_39del (p.Glu13fs)	"{""consequence"": [""frameshift variant""], ""protein_change"": ""E13fs"", ""classification"": ""Pathogenic"", ""found_in"": [""clinvar""]}"
ClinVar:VCV002630033	variant	NM_001367721.1(CASK):c.2440del (p.Ala814fs)	"{""consequence"": [""frameshift variant""], ""protein_change"": ""A785fs, A786fs, A808fs, A809fs, A814fs"", ""classification"": ""Likely pathogenic"", ""found_in"": [""clinvar""]}"
ClinVar:VCV002630945	variant	NM_001199107.2(TBC1D24):c.1302+1G>T	"{""consequence"": [""splice donor variant""], ""protein_change"": """", ""classification"": ""Likely pathogenic"", ""found_in"": [""clinvar""]}"
ClinVar:VCV002632769	variant	NM_001367721.1(CASK):c.1668+5G>A	"{""consequence"": [""intron variant""], ""protein_change"": """", ""classification"": ""Likely pathogenic"", ""found_in"": [""clinvar""]}"
ClinVar:VCV002633506	variant	NM_001330260.2(SCN8A):c.751C>G (p.Leu251Val)	"{""consequence"": [""missense variant""], ""protein_change"": ""L251V"", ""classification"": ""Likely pathogenic"", ""found_in"": [""clinvar""]}"
ClinVar:VCV002635125	variant	NM_001032221.6(STXBP1):c.1216C>A (p.Arg406Ser)	"{""consequence"": [""missense variant""], ""protein_change"": ""R370S, R392S, R403S, R406S"", ""classification"": ""Likely pathogenic"", ""found_in"": [""clinvar""]}"
ClinVar:VCV002663291	variant	NM_001330260.2(SCN8A):c.4465T>C (p.Tyr1489His)	"{""consequence"": [""missense variant""], ""protein_change"": ""Y1448H, Y1489H"", ""classification"": ""Likely pathogenic"", ""found_in"": [""clinvar""]}"
ClinVar:VCV002663924	variant	NM_003660.4(PPFIA3):c.2706dup (p.Ser903fs)	"{""consequence"": [""frameshift variant"", ""non-coding transcript variant""], ""protein_change"": ""S903fs"", ""classification"": ""Pathogenic"", ""found_in"": [""clinvar""]}"
ClinVar:VCV002664477	variant	NM_001032221.6(STXBP1):c.1390C>G (p.Arg464Gly)	"{""consequence"": [""missense variant""], ""protein_change"": ""R428G, R450G, R461G, R464G"", ""classification"": ""Likely pathogenic"", ""found_in"": [""clinvar""]}"
ClinVar:VCV002664985	variant	NM_001330260.2(SCN8A):c.4125_4126del (p.Glu1375_Cys1376insTer)	"{""consequence"": [""frameshift variant""], ""protein_change"": """", ""classification"": ""Likely pathogenic"", ""found_in"": [""clinvar""]}"
ClinVar:VCV002671713	variant	NM_001032221.6(STXBP1):c.1662C>G (p.Tyr554Ter)	"{""consequence"": [""nonsense""], ""protein_change"": ""Y518*, Y540*, Y551*, Y554*"", ""classification"": ""Likely pathogenic"", ""found_in"": [""clinvar""]}"
ClinVar:VCV002683924	variant	NM_001032221.6(STXBP1):c.325+5G>A	"{""consequence"": [""intron variant""], ""protein_change"": """", ""classification"": ""Pathogenic"", ""found_in"": [""clinvar""]}"
ClinVar:VCV002687749	variant	NM_001330260.2(SCN8A):c.4460A>T (p.Lys1487Met)	"{""consequence"": [""missense variant""], ""protein_change"": ""K1446M, K1487M"", ""classification"": ""Likely pathogenic"", ""found_in"": [""clinvar""]}"
ClinVar:VCV002690491	variant	NM_001330260.2(SCN8A):c.4408C>G (p.Gln1470Glu)	"{""consequence"": [""missense variant""], ""protein_change"": ""Q1429E, Q1470E"", ""classification"": ""Pathogenic"", ""found_in"": [""clinvar""]}"
ClinVar:VCV002693125	variant	NM_001032221.6(STXBP1):c.754A>G (p.Met252Val)	"{""consequence"": [""missense variant""], ""protein_change"": ""M249V, M252V, M238V"", ""classification"": ""Likely pathogenic"", ""found_in"": [""clinvar""]}"
ClinVar:VCV002697063	variant	NM_001367721.1(CASK):c.1189C>T (p.Gln397Ter)	"{""consequence"": [""nonsense""], ""protein_change"": ""Q391*, Q397*"", ""classification"": ""Pathogenic"", ""found_in"": [""clinvar""]}"
ClinVar:VCV002702457	variant	NM_001330260.2(SCN8A):c.929-2A>G	"{""consequence"": [""splice acceptor variant""], ""protein_change"": """", ""classification"": ""Pathogenic"", ""found_in"": [""clinvar""]}"
ClinVar:VCV002706369	variant	NM_001032221.6(STXBP1):c.969del (p.Met324fs)	"{""consequence"": [""frameshift variant""], ""protein_change"": ""M321fs, M324fs, M310fs, M288fs"", ""classification"": ""Pathogenic"", ""found_in"": [""clinvar""]}"
ClinVar:VCV002707574	variant	NM_001330260.2(SCN8A):c.1498C>T (p.Gln500Ter)	"{""consequence"": [""nonsense""], ""protein_change"": ""Q500*"", ""classification"": ""Pathogenic"", ""found_in"": [""clinvar""]}"
ClinVar:VCV002735862	variant	NM_001330260.2(SCN8A):c.4889T>C (p.Leu1630Pro)	"{""consequence"": [""missense variant""], ""protein_change"": ""L1630P, L1589P"", ""classification"": ""Pathogenic"", ""found_in"": [""clinvar""]}"
ClinVar:VCV002743423	variant	NM_001330260.2(SCN8A):c.1101G>C (p.Met367Ile)	"{""consequence"": [""missense variant""], ""protein_change"": ""M367I"", ""classification"": ""Likely pathogenic"", ""found_in"": [""clinvar""]}"
ClinVar:VCV002763139	variant	NM_001367721.1(CASK):c.1315-1G>A	"{""consequence"": [""splice acceptor variant""], ""protein_change"": """", ""classification"": ""Pathogenic/Likely pathogenic"", ""found_in"": [""clinvar""]}"
ClinVar:VCV002766603	variant	NM_001032221.6(STXBP1):c.1305_1312dup (p.Glu438fs)	"{""consequence"": [""frameshift variant""], ""protein_change"": ""E435fs, E438fs, E424fs, E402fs"", ""classification"": ""Pathogenic"", ""found_in"": [""clinvar""]}"
ClinVar:VCV002780249	variant	NM_001330260.2(SCN8A):c.2791C>T (p.Arg931Ter)	"{""consequence"": [""nonsense""], ""protein_change"": ""R931*"", ""classification"": ""Pathogenic"", ""found_in"": [""clinvar""]}"
ClinVar:VCV002810214	variant	NM_001330260.2(SCN8A):c.5633C>G (p.Pro1878Arg)	"{""consequence"": [""missense variant""], ""protein_change"": ""P1837R, P1878R"", ""classification"": ""Pathogenic"", ""found_in"": [""clinvar""]}"
ClinVar:VCV002812823	variant	NM_001330260.2(SCN8A):c.2617G>C (p.Gly873Arg)	"{""consequence"": [""missense variant""], ""protein_change"": ""G873R"", ""classification"": ""Pathogenic"", ""found_in"": [""clinvar""]}"
ClinVar:VCV002815824	variant	NM_001367721.1(CASK):c.532+2T>C	"{""consequence"": [""splice donor variant""], ""protein_change"": """", ""classification"": ""Likely pathogenic"", ""found_in"": [""clinvar""]}"
ClinVar:VCV002819322	variant	NM_001032221.6(STXBP1):c.903-2A>G	"{""consequence"": [""splice acceptor variant""], ""protein_change"": """", ""classification"": ""Pathogenic"", ""found_in"": [""clinvar""]}"
ClinVar:VCV002820766	variant	NM_001330260.2(SCN8A):c.2534C>G (p.Ser845Cys)	"{""consequence"": [""missense variant""], ""protein_change"": ""S845C"", ""classification"": ""Likely pathogenic"", ""found_in"": [""clinvar""]}"
ClinVar:VCV002822114	variant	NM_001032221.6(STXBP1):c.84dup (p.Lys29fs)	"{""consequence"": [""frameshift variant""], ""protein_change"": ""K15fs, K29fs"", ""classification"": ""Pathogenic"", ""found_in"": [""clinvar""]}"
ClinVar:VCV002822576	variant	NM_001032221.6(STXBP1):c.78_79dup (p.Glu27fs)	"{""consequence"": [""frameshift variant""], ""protein_change"": ""E13fs, E27fs"", ""classification"": ""Pathogenic"", ""found_in"": [""clinvar""]}"
ClinVar:VCV002825850	variant	NM_001032221.6(STXBP1):c.1250-2A>G	"{""consequence"": [""splice acceptor variant""], ""protein_change"": """", ""classification"": ""Likely pathogenic"", ""found_in"": [""clinvar""]}"
ClinVar:VCV002828198	variant	NM_001330260.2(SCN8A):c.4935G>T (p.Met1645Ile)	"{""consequence"": [""missense variant""], ""protein_change"": ""M1645I, M1604I"", ""classification"": ""Likely pathogenic"", ""found_in"": [""clinvar""]}"
ClinVar:VCV002831124	variant	NM_001330260.2(SCN8A):c.1222G>T (p.Ala408Ser)	"{""consequence"": [""missense variant""], ""protein_change"": ""A408S"", ""classification"": ""Likely pathogenic"", ""found_in"": [""clinvar""]}"
ClinVar:VCV002831357	variant	NM_001330260.2(SCN8A):c.4438T>G (p.Phe1480Val)	"{""consequence"": [""missense variant""], ""protein_change"": ""F1480V, F1439V"", ""classification"": ""Pathogenic"", ""found_in"": [""clinvar""]}"
ClinVar:VCV002834882	variant	NM_001032221.6(STXBP1):c.749A>G (p.Gln250Arg)	"{""consequence"": [""missense variant""], ""protein_change"": ""Q247R, Q236R, Q250R"", ""classification"": ""Pathogenic/Likely pathogenic"", ""found_in"": [""clinvar""]}"
ClinVar:VCV002839267	variant	NM_001330260.2(SCN8A):c.4948G>C (p.Ala1650Pro)	"{""consequence"": [""missense variant""], ""protein_change"": ""A1609P, A1650P"", ""classification"": ""Likely pathogenic"", ""found_in"": [""clinvar""]}"
ClinVar:VCV002839546	variant	NM_001330260.2(SCN8A):c.4304_4305del (p.Glu1435fs)	"{""consequence"": [""frameshift variant""], ""protein_change"": ""E1435fs, E1394fs"", ""classification"": ""Pathogenic"", ""found_in"": [""clinvar""]}"
ClinVar:VCV002840571	variant	NM_001367721.1(CASK):c.1663del (p.Met555fs)	"{""consequence"": [""frameshift variant""], ""protein_change"": ""M549fs, M555fs"", ""classification"": ""Pathogenic"", ""found_in"": [""clinvar""]}"
ClinVar:VCV002851717	variant	NM_001330260.2(SCN8A):c.4445C>A (p.Thr1482Asn)	"{""consequence"": [""missense variant""], ""protein_change"": ""T1441N, T1482N"", ""classification"": ""Pathogenic/Likely pathogenic"", ""found_in"": [""clinvar""]}"
ClinVar:VCV002852598	variant	NM_001330260.2(SCN8A):c.4880T>C (p.Ile1627Thr)	"{""consequence"": [""missense variant""], ""protein_change"": ""I1586T, I1627T"", ""classification"": ""Likely pathogenic"", ""found_in"": [""clinvar""]}"
ClinVar:VCV002855249	variant	NM_001032221.6(STXBP1):c.1461+1G>A	"{""consequence"": [""splice donor variant""], ""protein_change"": """", ""classification"": ""Pathogenic"", ""found_in"": [""clinvar""]}"
ClinVar:VCV002856219	variant	NM_001032221.6(STXBP1):c.1457T>C (p.Met486Thr)	"{""consequence"": [""missense variant""], ""protein_change"": ""M472T, M486T, M450T, M483T"", ""classification"": ""Pathogenic"", ""found_in"": [""clinvar""]}"
ClinVar:VCV002856716	variant	NM_001032221.6(STXBP1):c.457_458del (p.Phe153fs)	"{""consequence"": [""frameshift variant""], ""protein_change"": ""F150fs, F153fs, F139fs"", ""classification"": ""Pathogenic"", ""found_in"": [""clinvar""]}"
ClinVar:VCV002862850	variant	NM_001032221.6(STXBP1):c.223T>C (p.Tyr75His)	"{""consequence"": [""missense variant""], ""protein_change"": ""Y61H, Y75H"", ""classification"": ""Pathogenic"", ""found_in"": [""clinvar""]}"
ClinVar:VCV002865484	variant	NM_001330260.2(SCN8A):c.4377C>G (p.Phe1459Leu)	"{""consequence"": [""missense variant""], ""protein_change"": ""F1459L, F1418L"", ""classification"": ""Pathogenic"", ""found_in"": [""clinvar""]}"
ClinVar:VCV002907393	variant	NM_001032221.6(STXBP1):c.88-1G>A	"{""consequence"": [""splice acceptor variant""], ""protein_change"": """", ""classification"": ""Pathogenic"", ""found_in"": [""clinvar""]}"
ClinVar:VCV002907429	variant	NM_001330260.2(SCN8A):c.4398C>G (p.Asn1466Lys)	"{""consequence"": [""missense variant""], ""protein_change"": ""N1425K, N1466K"", ""classification"": ""Pathogenic"", ""found_in"": [""clinvar""]}"
ClinVar:VCV002920664	variant	NM_001367721.1(CASK):c.704_708delATAAG (p.Lys236fs)	"{""consequence"": [""frameshift variant""], ""protein_change"": ""K236fs"", ""classification"": ""Pathogenic"", ""found_in"": [""clinvar""]}"
ClinVar:VCV002920666	variant	NC_000023.11:g.(41853228_41922929)(41923555_?)del	"{""consequence"": [], ""protein_change"": """", ""classification"": ""Pathogenic"", ""found_in"": [""clinvar""]}"
ClinVar:VCV002923945	variant	NM_001199107.2(TBC1D24):c.965+1G>T	"{""consequence"": [""splice donor variant""], ""protein_change"": """", ""classification"": ""Likely pathogenic"", ""found_in"": [""clinvar""]}"
ClinVar:VCV002938575	variant	NM_001199107.2(TBC1D24):c.1078del (p.Arg360fs)	"{""consequence"": [""frameshift variant""], ""protein_change"": ""R360fs, R354fs"", ""classification"": ""Pathogenic"", ""found_in"": [""clinvar""]}"
ClinVar:VCV002942773	variant	NM_001199107.2(TBC1D24):c.309dup (p.Tyr104fs)	"{""consequence"": [""frameshift variant""], ""protein_change"": ""Y104fs"", ""classification"": ""Pathogenic"", ""found_in"": [""clinvar""]}"
ClinVar:VCV002943158	variant	NM_001199107.2(TBC1D24):c.540C>A (p.Cys180Ter)	"{""consequence"": [""nonsense""], ""protein_change"": ""C180*"", ""classification"": ""Pathogenic"", ""found_in"": [""clinvar""]}"
ClinVar:VCV002948198	variant	NM_001199107.2(TBC1D24):c.1306C>T (p.Gln436Ter)	"{""consequence"": [""nonsense""], ""protein_change"": ""Q430*, Q436*"", ""classification"": ""Pathogenic"", ""found_in"": [""clinvar""]}"
ClinVar:VCV002948398	variant	NM_001199107.2(TBC1D24):c.337dup (p.Ala113fs)	"{""consequence"": [""frameshift variant""], ""protein_change"": ""A113fs"", ""classification"": ""Pathogenic"", ""found_in"": [""clinvar""]}"
ClinVar:VCV002950183	variant	NM_001199107.2(TBC1D24):c.1384G>T (p.Glu462Ter)	"{""consequence"": [""nonsense""], ""protein_change"": ""E462*, E456*"", ""classification"": ""Pathogenic"", ""found_in"": [""clinvar""]}"
ClinVar:VCV003024544	variant	NM_003660.4(PPFIA3):c.586_587del (p.Leu196fs)	"{""consequence"": [""frameshift variant"", ""non-coding transcript variant""], ""protein_change"": ""L196fs"", ""classification"": ""Pathogenic"", ""found_in"": [""clinvar""]}"
ClinVar:VCV003061937	variant	NM_001199107.2(TBC1D24):c.1525+1del	"{""consequence"": [""splice donor variant""], ""protein_change"": """", ""classification"": ""Pathogenic"", ""found_in"": [""clinvar""]}"
ClinVar:VCV003062309	variant	NM_001367721.1(CASK):c.173-1G>A	"{""consequence"": [""splice acceptor variant""], ""protein_change"": """", ""classification"": ""Likely pathogenic"", ""found_in"": [""clinvar""]}"
ClinVar:VCV003063576	variant	NM_001330260.2(SCN8A):c.2507A>T (p.Asp836Val)	"{""consequence"": [""missense variant""], ""protein_change"": ""D836V"", ""classification"": ""Likely pathogenic"", ""found_in"": [""clinvar""]}"
ClinVar:VCV003063993	variant	NM_001330260.2(SCN8A):c.2642_2643insACCA (p.Leu882fs)	"{""consequence"": [""frameshift variant""], ""protein_change"": ""L882fs"", ""classification"": ""Pathogenic"", ""found_in"": [""clinvar""]}"
ClinVar:VCV003064670	variant	NM_080552.3(SLC32A1):c.806T>A (p.Leu269Gln)	"{""consequence"": [""missense variant""], ""protein_change"": ""L269Q"", ""classification"": ""Pathogenic"", ""found_in"": [""clinvar""]}"
ClinVar:VCV003064894	variant	NM_000817.3(GAD1):c.703_706del (p.Arg234_Glu235insTer)	"{""consequence"": [""nonsense""], ""protein_change"": """", ""classification"": ""Likely pathogenic"", ""found_in"": [""clinvar""]}"
ClinVar:VCV003066208	variant	NM_001032221.6(STXBP1):c.1547+2T>G	"{""consequence"": [""splice donor variant""], ""protein_change"": """", ""classification"": ""Likely pathogenic"", ""found_in"": [""clinvar""]}"
ClinVar:VCV003067598	variant	NM_001330260.2(SCN8A):c.4394A>G (p.Asp1465Gly)	"{""consequence"": [""missense variant""], ""protein_change"": ""D1424G, D1465G"", ""classification"": ""Likely pathogenic"", ""found_in"": [""clinvar""]}"
ClinVar:VCV003067813	variant	GRCh37/hg19 9q34.11(chr9:130374683-130374719)x1	"{""consequence"": [], ""protein_change"": """", ""classification"": ""Pathogenic"", ""found_in"": [""clinvar""]}"
ClinVar:VCV003068465	variant	NM_001032221.6(STXBP1):c.830_831delinsC (p.Lys277fs)	"{""consequence"": [""frameshift variant"", ""intron variant""], ""protein_change"": ""K263fs, K274fs, K277fs"", ""classification"": ""Pathogenic"", ""found_in"": [""clinvar""]}"
ClinVar:VCV003068556	variant	NM_014232.3(VAMP2):c.226C>T (p.Gln76Ter)	"{""consequence"": [""nonsense""], ""protein_change"": ""Q76*, Q78*"", ""classification"": ""Likely pathogenic"", ""found_in"": [""clinvar""]}"
ClinVar:VCV003075664	variant	NM_001367721.1(CASK):c.1843-1G>A	"{""consequence"": [""splice acceptor variant""], ""protein_change"": """", ""classification"": ""Pathogenic"", ""found_in"": [""clinvar""]}"
ClinVar:VCV003158573	variant	NM_001330260.2(SCN8A):c.1402del (p.Glu468fs)	"{""consequence"": [""frameshift variant""], ""protein_change"": ""E468fs"", ""classification"": ""Pathogenic"", ""found_in"": [""clinvar""]}"
ClinVar:VCV003235156	variant	NM_001032221.6(STXBP1):c.1018G>T (p.Glu340Ter)	"{""consequence"": [""nonsense""], ""protein_change"": ""E304*, E326*, E337*, E340*"", ""classification"": ""Pathogenic"", ""found_in"": [""clinvar""]}"
ClinVar:VCV003235701	variant	NM_001330260.2(SCN8A):c.445A>G (p.Met149Val)	"{""consequence"": [""missense variant""], ""protein_change"": ""M149V"", ""classification"": ""Pathogenic/Likely pathogenic"", ""found_in"": [""clinvar""]}"
ClinVar:VCV003236709	variant	NM_001032221.6(STXBP1):c.614_615del (p.Ile205fs)	"{""consequence"": [""frameshift variant""], ""protein_change"": ""I191fs, I202fs, I205fs"", ""classification"": ""Pathogenic"", ""found_in"": [""clinvar""]}"
ClinVar:VCV003238793	variant	NM_001330260.2(SCN8A):c.677G>C (p.Arg226Pro)	"{""consequence"": [""missense variant"", ""intron variant""], ""protein_change"": ""R226P"", ""classification"": ""Likely pathogenic"", ""found_in"": [""clinvar""]}"
ClinVar:VCV003238817	variant	NM_001330260.2(SCN8A):c.4442T>A (p.Met1481Lys)	"{""consequence"": [""missense variant""], ""protein_change"": ""M1481K, M1440K"", ""classification"": ""Likely pathogenic"", ""found_in"": [""clinvar""]}"
ClinVar:VCV003239378	variant	NM_001330260.2(SCN8A):c.3552G>A (p.Trp1184Ter)	"{""consequence"": [""nonsense""], ""protein_change"": ""W1184*"", ""classification"": ""Pathogenic/Likely pathogenic"", ""found_in"": [""clinvar""]}"
ClinVar:VCV003239445	variant	NM_001032221.6(STXBP1):c.1124del (p.Gly375fs)	"{""consequence"": [""frameshift variant""], ""protein_change"": ""G339fs, G361fs, G372fs, G375fs"", ""classification"": ""Pathogenic"", ""found_in"": [""clinvar""]}"
ClinVar:VCV003245120	variant	NC_000009.11:g.(?_130374683)_(130374739_?)del	"{""consequence"": [], ""protein_change"": """", ""classification"": ""Pathogenic"", ""found_in"": [""clinvar""]}"
ClinVar:VCV003245121	variant	NC_000009.11:g.(?_130415974)_(130416095_?)del	"{""consequence"": [], ""protein_change"": """", ""classification"": ""Pathogenic"", ""found_in"": [""clinvar""]}"
ClinVar:VCV003245122	variant	NC_000009.11:g.(?_130432157)_(130435560_?)del	"{""consequence"": [], ""protein_change"": """", ""classification"": ""Pathogenic"", ""found_in"": [""clinvar""]}"
ClinVar:VCV003245123	variant	NC_000009.11:g.(?_130444665)_(130446756_?)del	"{""consequence"": [], ""protein_change"": """", ""classification"": ""Pathogenic"", ""found_in"": [""clinvar""]}"
ClinVar:VCV003245125	variant	NC_000009.11:g.(?_130425464)_(130432257_?)del	"{""consequence"": [], ""protein_change"": """", ""classification"": ""Pathogenic"", ""found_in"": [""clinvar""]}"
ClinVar:VCV003245306	variant	NC_000023.10:g.(?_41646411)_(41646556_?)del	"{""consequence"": [], ""protein_change"": """", ""classification"": ""Pathogenic"", ""found_in"": [""clinvar""]}"
ClinVar:VCV003245373	variant	NC_000023.10:g.(?_41412952)_(41530803_?)dup	"{""consequence"": [], ""protein_change"": """", ""classification"": ""Likely pathogenic"", ""found_in"": [""clinvar""]}"
ClinVar:VCV003252044	variant	NM_001199107.2(TBC1D24):c.2T>C (p.Met1Thr)	"{""consequence"": [""missense variant"", ""initiator_codon_variant""], ""protein_change"": ""M1T"", ""classification"": ""Likely pathogenic"", ""found_in"": [""clinvar""]}"
ClinVar:VCV003254723	variant	NM_001367721.1(CASK):c.464C>T (p.Ser155Leu)	"{""consequence"": [""missense variant""], ""protein_change"": ""S155L"", ""classification"": ""Likely pathogenic"", ""found_in"": [""clinvar""]}"
ClinVar:VCV003254875	variant	NM_001330260.2(SCN8A):c.5282A>G (p.Tyr1761Cys)	"{""consequence"": [""missense variant""], ""protein_change"": ""Y1720C, Y1761C"", ""classification"": ""Pathogenic"", ""found_in"": [""clinvar""]}"
ClinVar:VCV003254918	variant	NM_001032221.6(STXBP1):c.92T>C (p.Leu31Pro)	"{""consequence"": [""missense variant""], ""protein_change"": ""L17P, L31P"", ""classification"": ""Likely pathogenic"", ""found_in"": [""clinvar""]}"
ClinVar:VCV003256791	variant	NM_001199107.2(TBC1D24):c.857T>C (p.Leu286Pro)	"{""consequence"": [""missense variant""], ""protein_change"": ""L286P"", ""classification"": ""Likely pathogenic"", ""found_in"": [""clinvar""]}"
ClinVar:VCV003257619	variant	NM_001199107.2(TBC1D24):c.910C>T (p.Gln304Ter)	"{""consequence"": [""nonsense""], ""protein_change"": ""Q304*"", ""classification"": ""Pathogenic"", ""found_in"": [""clinvar""]}"
ClinVar:VCV003337560	variant	NM_001330260.2(SCN8A):c.2396A>G (p.Glu799Gly)	"{""consequence"": [""missense variant""], ""protein_change"": ""E799G"", ""classification"": ""Likely pathogenic"", ""found_in"": [""clinvar""]}"
ClinVar:VCV003337639	variant	NM_001032221.6(STXBP1):c.1252A>T (p.Ile418Phe)	"{""consequence"": [""missense variant""], ""protein_change"": ""I382F, I404F, I415F, I418F"", ""classification"": ""Likely pathogenic"", ""found_in"": [""clinvar""]}"
ClinVar:VCV003338999	variant	NM_001032221.6(STXBP1):c.478del (p.His160fs)	"{""consequence"": [""frameshift variant""], ""protein_change"": ""H146fs, H157fs, H160fs"", ""classification"": ""Pathogenic"", ""found_in"": [""clinvar""]}"
ClinVar:VCV003340911	variant	NM_001330260.2(SCN8A):c.4672A>G (p.Asn1558Asp)	"{""consequence"": [""missense variant""], ""protein_change"": ""N1517D, N1558D"", ""classification"": ""Likely pathogenic"", ""found_in"": [""clinvar""]}"
ClinVar:VCV003341966	variant	NM_001032221.6(STXBP1):c.1022T>C (p.Leu341Pro)	"{""consequence"": [""missense variant""], ""protein_change"": ""L305P, L327P, L338P, L341P"", ""classification"": ""Likely pathogenic"", ""found_in"": [""clinvar""]}"
ClinVar:VCV003342372	variant	NM_001032221.6(STXBP1):c.863G>A (p.Trp288Ter)	"{""consequence"": [""nonsense"", ""intron variant""], ""protein_change"": ""W274*, W285*, W288*"", ""classification"": ""Pathogenic"", ""found_in"": [""clinvar""]}"
ClinVar:VCV003342471	variant	NM_003660.4(PPFIA3):c.281_285del (p.Glu94fs)	"{""consequence"": [""frameshift variant"", ""non-coding transcript variant""], ""protein_change"": ""E94fs"", ""classification"": ""Likely pathogenic"", ""found_in"": [""clinvar""]}"
ClinVar:VCV003344041	variant	NM_001330260.2(SCN8A):c.782G>T (p.Cys261Phe)	"{""consequence"": [""missense variant""], ""protein_change"": ""C261F"", ""classification"": ""Likely pathogenic"", ""found_in"": [""clinvar""]}"
ClinVar:VCV003352028	variant	NM_001330260.2(SCN8A):c.1225G>C (p.Val409Leu)	"{""consequence"": [""missense variant""], ""protein_change"": ""V409L"", ""classification"": ""Likely pathogenic"", ""found_in"": [""clinvar""]}"
ClinVar:VCV003358970	variant	NM_001032221.6(STXBP1):c.1557T>G (p.Tyr519Ter)	"{""consequence"": [""nonsense""], ""protein_change"": ""Y483*, Y505*, Y516*, Y519*"", ""classification"": ""Pathogenic"", ""found_in"": [""clinvar""]}"
ClinVar:VCV003359013	variant	NM_001330260.2(SCN8A):c.2857T>C (p.Cys953Arg)	"{""consequence"": [""missense variant""], ""protein_change"": ""C953R"", ""classification"": ""Likely pathogenic"", ""found_in"": [""clinvar""]}"
ClinVar:VCV003359076	variant	NM_001330260.2(SCN8A):c.4963G>A (p.Gly1655Ser)	"{""consequence"": [""missense variant""], ""protein_change"": ""G1614S, G1655S"", ""classification"": ""Likely pathogenic"", ""found_in"": [""clinvar""]}"
ClinVar:VCV003359106	variant	NM_001330260.2(SCN8A):c.323C>T (p.Ala108Val)	"{""consequence"": [""missense variant""], ""protein_change"": ""A108V"", ""classification"": ""Likely pathogenic"", ""found_in"": [""clinvar""]}"
ClinVar:VCV003363855	variant	NM_001330260.2(SCN8A):c.643A>G (p.Asn215Asp)	"{""consequence"": [""missense variant"", ""intron variant""], ""protein_change"": ""N215D"", ""classification"": ""Likely pathogenic"", ""found_in"": [""clinvar""]}"
ClinVar:VCV003364564	variant	NM_014905.5(GLS):c.671_681del (p.Phe224fs)	"{""consequence"": [""frameshift variant""], ""protein_change"": ""F224fs"", ""classification"": ""Pathogenic"", ""found_in"": [""clinvar""]}"
ClinVar:VCV003365638	variant	NM_080552.3(SLC32A1):c.272C>G (p.Ala91Gly)	"{""consequence"": [""missense variant""], ""protein_change"": ""A91G"", ""classification"": ""Likely pathogenic"", ""found_in"": [""clinvar""]}"
ClinVar:VCV003366192	variant	NM_001330260.2(SCN8A):c.3916G>A (p.Ala1306Thr)	"{""consequence"": [""missense variant"", ""intron variant""], ""protein_change"": ""A1306T"", ""classification"": ""Likely pathogenic"", ""found_in"": [""clinvar""]}"
ClinVar:VCV003366943	variant	NM_001032221.6(STXBP1):c.103C>T (p.Gln35Ter)	"{""consequence"": [""nonsense""], ""protein_change"": ""Q21*, Q35*"", ""classification"": ""Pathogenic"", ""found_in"": [""clinvar""]}"
ClinVar:VCV003366977	variant	NM_001032221.6(STXBP1):c.236del (p.Pro79fs)	"{""consequence"": [""frameshift variant""], ""protein_change"": ""P65fs, P79fs"", ""classification"": ""Pathogenic"", ""found_in"": [""clinvar""]}"
ClinVar:VCV003366996	variant	NM_001032221.6(STXBP1):c.1428dup (p.Arg477fs)	"{""consequence"": [""frameshift variant""], ""protein_change"": ""R441fs, R463fs, R474fs, R477fs"", ""classification"": ""Likely pathogenic"", ""found_in"": [""clinvar""]}"
ClinVar:VCV003369138	variant	NM_003660.4(PPFIA3):c.241-1G>A	"{""consequence"": [""splice acceptor variant""], ""protein_change"": """", ""classification"": ""Likely pathogenic"", ""found_in"": [""clinvar""]}"
ClinVar:VCV003370500	variant	NM_001330260.2(SCN8A):c.4784T>C (p.Leu1595Pro)	"{""consequence"": [""missense variant""], ""protein_change"": ""L1554P, L1595P"", ""classification"": ""Likely pathogenic"", ""found_in"": [""clinvar""]}"
ClinVar:VCV003375736	variant	NM_001330260.2(SCN8A):c.677G>A (p.Arg226Gln)	"{""consequence"": [""missense variant"", ""intron variant""], ""protein_change"": ""R226Q"", ""classification"": ""Likely pathogenic"", ""found_in"": [""clinvar""]}"
ClinVar:VCV003375774	variant	NM_001330260.2(SCN8A):c.4774G>T (p.Val1592Leu)	"{""consequence"": [""missense variant""], ""protein_change"": ""V1551L, V1592L"", ""classification"": ""Pathogenic/Likely pathogenic"", ""found_in"": [""clinvar""]}"
ClinVar:VCV003376284	variant	NM_001367721.1(CASK):c.2236+1G>C	"{""consequence"": [""splice donor variant""], ""protein_change"": """", ""classification"": ""Likely pathogenic"", ""found_in"": [""clinvar""]}"
ClinVar:VCV003377217	variant	NM_001330260.2(SCN8A):c.4674C>A (p.Asn1558Lys)	"{""consequence"": [""missense variant""], ""protein_change"": ""N1517K, N1558K"", ""classification"": ""Likely pathogenic"", ""found_in"": [""clinvar""]}"
ClinVar:VCV003377237	variant	NM_005639.3(SYT1):c.911A>T (p.Asp304Val)	"{""consequence"": [""missense variant""], ""protein_change"": ""D301V, D304V"", ""classification"": ""Likely pathogenic"", ""found_in"": [""clinvar""]}"
ClinVar:VCV003378401	variant	NM_001330260.2(SCN8A):c.1723C>T (p.Arg575Ter)	"{""consequence"": [""nonsense""], ""protein_change"": ""R575*"", ""classification"": ""Likely pathogenic"", ""found_in"": [""clinvar""]}"
ClinVar:VCV003382844	variant	NM_005639.3(SYT1):c.931C>T (p.Pro311Ser)	"{""consequence"": [""missense variant""], ""protein_change"": ""P308S, P311S"", ""classification"": ""Likely pathogenic"", ""found_in"": [""clinvar""]}"
ClinVar:VCV003387775	variant	NM_001032221.6(STXBP1):c.550_552del (p.Lys184del)	"{""consequence"": [], ""protein_change"": ""K170del, K181del, K184del"", ""classification"": ""Likely pathogenic"", ""found_in"": [""clinvar""]}"
ClinVar:VCV003390945	variant	NM_001330260.2(SCN8A):c.596T>G (p.Phe199Cys)	"{""consequence"": [""missense variant""], ""protein_change"": ""F199C"", ""classification"": ""Pathogenic"", ""found_in"": [""clinvar""]}"
ClinVar:VCV003391176	variant	NM_001032221.6(STXBP1):c.326-1G>C	"{""consequence"": [""splice acceptor variant"", ""intron variant""], ""protein_change"": """", ""classification"": ""Likely pathogenic"", ""found_in"": [""clinvar""]}"
ClinVar:VCV003391489	variant	NM_001330260.2(SCN8A):c.2570C>A (p.Ser857Tyr)	"{""consequence"": [""missense variant""], ""protein_change"": ""S857Y"", ""classification"": ""Pathogenic"", ""found_in"": [""clinvar""]}"
ClinVar:VCV003392605	variant	NM_001330260.2(SCN8A):c.691A>C (p.Ile231Leu)	"{""consequence"": [""missense variant"", ""intron variant""], ""protein_change"": ""I231L"", ""classification"": ""Likely pathogenic"", ""found_in"": [""clinvar""]}"
ClinVar:VCV003393446	variant	NM_001330260.2(SCN8A):c.842G>A (p.Cys281Tyr)	"{""consequence"": [""missense variant""], ""protein_change"": ""C281Y"", ""classification"": ""Likely pathogenic"", ""found_in"": [""clinvar""]}"
ClinVar:VCV003393534	variant	NM_001032221.6(STXBP1):c.269A>G (p.Asp90Gly)	"{""consequence"": [""missense variant""], ""protein_change"": ""D76G, D90G"", ""classification"": ""Likely pathogenic"", ""found_in"": [""clinvar""]}"
ClinVar:VCV003520672	variant	NM_014905.5(GLS):c.1709G>A (p.Arg570Gln)	"{""consequence"": [""missense variant""], ""protein_change"": ""R570Q"", ""classification"": ""Likely pathogenic"", ""found_in"": [""clinvar""]}"
ClinVar:VCV003572563	variant	NM_003660.4(PPFIA3):c.2332C>T (p.Arg778Ter)	"{""consequence"": [""nonsense"", ""non-coding transcript variant""], ""protein_change"": ""R778*"", ""classification"": ""Pathogenic"", ""found_in"": [""clinvar""]}"
ClinVar:VCV003572965	variant	NM_001367721.1(CASK):c.291del (p.Asp98fs)	"{""consequence"": [""frameshift variant""], ""protein_change"": ""D98fs"", ""classification"": ""Pathogenic"", ""found_in"": [""clinvar""]}"
ClinVar:VCV003584960	variant	NM_000817.3(GAD1):c.719C>G (p.Ser240Ter)	"{""consequence"": [""nonsense""], ""protein_change"": ""S240*"", ""classification"": ""Likely pathogenic"", ""found_in"": [""clinvar""]}"
ClinVar:VCV003600649	variant	NM_001330260.2(SCN8A):c.431C>G (p.Thr144Ser)	"{""consequence"": [""missense variant""], ""protein_change"": ""T144S"", ""classification"": ""Likely pathogenic"", ""found_in"": [""clinvar""]}"
ClinVar:VCV003601004	variant	NM_014905.5(GLS):c.1382A>T (p.His461Leu)	"{""consequence"": [""missense variant""], ""protein_change"": ""H461L"", ""classification"": ""Pathogenic"", ""found_in"": [""clinvar""]}"
ClinVar:VCV003601864	variant	NM_001199107.2(TBC1D24):c.1207-1G>C	"{""consequence"": [""splice acceptor variant""], ""protein_change"": """", ""classification"": ""Likely pathogenic"", ""found_in"": [""clinvar""]}"
ClinVar:VCV003601865	variant	NM_001199107.2(TBC1D24):c.1505del (p.Gly502fs)	"{""consequence"": [""frameshift variant""], ""protein_change"": ""G496fs, G502fs"", ""classification"": ""Likely pathogenic"", ""found_in"": [""clinvar""]}"
ClinVar:VCV003601866	variant	NM_001199107.2(TBC1D24):c.1526G>C (p.Gly509Ala)	"{""consequence"": [""missense variant""], ""protein_change"": ""G503A, G509A"", ""classification"": ""Likely pathogenic"", ""found_in"": [""clinvar""]}"
ClinVar:VCV003601867	variant	NM_001199107.2(TBC1D24):c.76G>T (p.Glu26Ter)	"{""consequence"": [""nonsense""], ""protein_change"": ""E26*"", ""classification"": ""Pathogenic"", ""found_in"": [""clinvar""]}"
ClinVar:VCV003602909	variant	NM_001330260.2(SCN8A):c.4419+1_4419+4del	"{""consequence"": [""splice donor variant""], ""protein_change"": """", ""classification"": ""Pathogenic"", ""found_in"": [""clinvar""]}"
ClinVar:VCV003635183	variant	NM_001330260.2(SCN8A):c.1202A>C (p.Tyr401Ser)	"{""consequence"": [""missense variant""], ""protein_change"": ""Y401S"", ""classification"": ""Likely pathogenic"", ""found_in"": [""clinvar""]}"
ClinVar:VCV003635206	variant	NM_001330260.2(SCN8A):c.4424G>C (p.Gly1475Ala)	"{""consequence"": [""missense variant""], ""protein_change"": ""G1434A, G1475A"", ""classification"": ""Likely pathogenic"", ""found_in"": [""clinvar""]}"
ClinVar:VCV003635209	variant	NM_001330260.2(SCN8A):c.4863G>C (p.Leu1621Phe)	"{""consequence"": [""missense variant""], ""protein_change"": ""L1621F, L1580F"", ""classification"": ""Pathogenic"", ""found_in"": [""clinvar""]}"
ClinVar:VCV003635210	variant	NM_001330260.2(SCN8A):c.4893C>G (p.Ile1631Met)	"{""consequence"": [""missense variant""], ""protein_change"": ""I1631M, I1590M"", ""classification"": ""Pathogenic"", ""found_in"": [""clinvar""]}"
ClinVar:VCV003639255	variant	NM_001330260.2(SCN8A):c.1967del (p.Gly656fs)	"{""consequence"": [""frameshift variant""], ""protein_change"": ""G656fs"", ""classification"": ""Pathogenic"", ""found_in"": [""clinvar""]}"
ClinVar:VCV003643400	variant	NM_001032221.6(STXBP1):c.87+5G>A	"{""consequence"": [""intron variant""], ""protein_change"": """", ""classification"": ""Pathogenic"", ""found_in"": [""clinvar""]}"
ClinVar:VCV003644942	variant	NM_001367721.1(CASK):c.1072del (p.His358fs)	"{""consequence"": [""frameshift variant""], ""protein_change"": ""H352fs, H358fs"", ""classification"": ""Pathogenic"", ""found_in"": [""clinvar""]}"
ClinVar:VCV003645694	variant	NM_001367721.1(CASK):c.2059A>G (p.Met687Val)	"{""consequence"": [""missense variant""], ""protein_change"": ""M664V, M687V, M658V, M681V"", ""classification"": ""Likely pathogenic"", ""found_in"": [""clinvar""]}"
ClinVar:VCV003656575	variant	NM_001330260.2(SCN8A):c.3350C>A (p.Ser1117Ter)	"{""consequence"": [""nonsense""], ""protein_change"": ""S1117*"", ""classification"": ""Pathogenic"", ""found_in"": [""clinvar""]}"
ClinVar:VCV003677082	variant	NM_001032221.6(STXBP1):c.751G>C (p.Ala251Pro)	"{""consequence"": [""missense variant""], ""protein_change"": ""A248P, A237P, A251P"", ""classification"": ""Pathogenic"", ""found_in"": [""clinvar""]}"
ClinVar:VCV003720906	variant	NM_001032221.6(STXBP1):c.1672del (p.Gln558fs)	"{""consequence"": [""frameshift variant""], ""protein_change"": ""Q522fs, Q555fs, Q544fs, Q558fs"", ""classification"": ""Pathogenic"", ""found_in"": [""clinvar""]}"
ClinVar:VCV003725179	variant	NM_001032221.6(STXBP1):c.1593C>G (p.Tyr531Ter)	"{""consequence"": [""nonsense""], ""protein_change"": ""Y495*, Y528*, Y517*, Y531*"", ""classification"": ""Pathogenic"", ""found_in"": [""clinvar""]}"
ClinVar:VCV003728554	variant	NM_001330260.2(SCN8A):c.3925C>T (p.Arg1309Ter)	"{""consequence"": [""nonsense"", ""intron variant""], ""protein_change"": ""R1309*"", ""classification"": ""Pathogenic/Likely pathogenic"", ""found_in"": [""clinvar""]}"
ClinVar:VCV003753121	variant	NM_001199107.2(TBC1D24):c.445dup (p.Ala149fs)	"{""consequence"": [""frameshift variant""], ""protein_change"": ""A149fs"", ""classification"": ""Pathogenic"", ""found_in"": [""clinvar""]}"
ClinVar:VCV003756846	variant	NM_001199107.2(TBC1D24):c.1235G>A (p.Trp412Ter)	"{""consequence"": [""nonsense""], ""protein_change"": ""W406*, W412*"", ""classification"": ""Pathogenic"", ""found_in"": [""clinvar""]}"
ClinVar:VCV003759338	variant	NM_001199107.2(TBC1D24):c.1384del (p.Glu462fs)	"{""consequence"": [""frameshift variant""], ""protein_change"": ""E456fs, E462fs"", ""classification"": ""Pathogenic"", ""found_in"": [""clinvar""]}"
ClinVar:VCV003764159	variant	NM_001330260.2(SCN8A):c.3926G>T (p.Arg1309Leu)	"{""consequence"": [""missense variant"", ""intron variant""], ""protein_change"": ""R1309L"", ""classification"": ""Pathogenic"", ""found_in"": [""clinvar""]}"
ClinVar:VCV003764230	variant	NM_003660.4(PPFIA3):c.2374del (p.Thr792fs)	"{""consequence"": [""frameshift variant"", ""non-coding transcript variant""], ""protein_change"": ""T792fs"", ""classification"": ""Likely pathogenic"", ""found_in"": [""clinvar""]}"
ClinVar:VCV003769824	variant	NM_001032221.6(STXBP1):c.712G>C (p.Asp238His)	"{""consequence"": [""missense variant""], ""protein_change"": ""D224H, D235H, D238H"", ""classification"": ""Pathogenic"", ""found_in"": [""clinvar""]}"
ClinVar:VCV003770212	variant	NM_001330260.2(SCN8A):c.2942G>C (p.Ser981Thr)	"{""consequence"": [""missense variant""], ""protein_change"": ""S981T"", ""classification"": ""Likely pathogenic"", ""found_in"": [""clinvar""]}"
ClinVar:VCV003775072	variant	NM_001330260.2(SCN8A):c.3792G>A (p.Trp1264Ter)	"{""consequence"": [""nonsense""], ""protein_change"": ""W1264*"", ""classification"": ""Likely pathogenic"", ""found_in"": [""clinvar""]}"
ClinVar:VCV003775645	variant	NM_001330260.2(SCN8A):c.4469A>G (p.Asn1490Ser)	"{""consequence"": [""missense variant""], ""protein_change"": ""N1449S, N1490S"", ""classification"": ""Likely pathogenic"", ""found_in"": [""clinvar""]}"
ClinVar:VCV003775820	variant	NM_001330260.2(SCN8A):c.1229_1232dup (p.Met412fs)	"{""consequence"": [""frameshift variant""], ""protein_change"": ""M412fs"", ""classification"": ""Likely pathogenic"", ""found_in"": [""clinvar""]}"
ClinVar:VCV003778455	variant	NM_001330260.2(SCN8A):c.786_799del (p.Ser263fs)	"{""consequence"": [""frameshift variant""], ""protein_change"": ""S263fs"", ""classification"": ""Pathogenic"", ""found_in"": [""clinvar""]}"
ClinVar:VCV003778759	variant	NM_005639.3(SYT1):c.935A>G (p.Tyr312Cys)	"{""consequence"": [""missense variant""], ""protein_change"": ""Y309C, Y312C"", ""classification"": ""Likely pathogenic"", ""found_in"": [""clinvar""]}"
ClinVar:VCV003793258	variant	NM_001330260.2(SCN8A):c.506A>G (p.Tyr169Cys)	"{""consequence"": [""missense variant""], ""protein_change"": ""Y169C"", ""classification"": ""Likely pathogenic"", ""found_in"": [""clinvar""]}"
ClinVar:VCV003893314	variant	NM_001330260.2(SCN8A):c.752T>C (p.Leu251Pro)	"{""consequence"": [""missense variant""], ""protein_change"": ""L251P"", ""classification"": ""Pathogenic"", ""found_in"": [""clinvar""]}"
ClinVar:VCV003895616	variant	NM_001199107.2(TBC1D24):c.984-1G>C	"{""consequence"": [""splice acceptor variant""], ""protein_change"": """", ""classification"": ""Likely pathogenic"", ""found_in"": [""clinvar""]}"
ClinVar:VCV003897546	variant	NM_001032221.6(STXBP1):c.707G>T (p.Gly236Val)	"{""consequence"": [""missense variant""], ""protein_change"": ""G222V, G233V, G236V"", ""classification"": ""Likely pathogenic"", ""found_in"": [""clinvar""]}"
ClinVar:VCV003897553	variant	NM_001032221.6(STXBP1):c.260T>A (p.Leu87His)	"{""consequence"": [""missense variant""], ""protein_change"": ""L73H, L87H"", ""classification"": ""Likely pathogenic"", ""found_in"": [""clinvar""]}"
ClinVar:VCV003897604	variant	NM_005639.3(SYT1):c.724G>A (p.Gly242Arg)	"{""consequence"": [""missense variant""], ""protein_change"": ""G239R, G242R"", ""classification"": ""Likely pathogenic"", ""found_in"": [""clinvar""]}"
ClinVar:VCV003897633	variant	NM_001330260.2(SCN8A):c.5555_5557del (p.Thr1852del)	"{""consequence"": [], ""protein_change"": ""T1811del, T1852del"", ""classification"": ""Likely pathogenic"", ""found_in"": [""clinvar""]}"
ClinVar:VCV003897719	variant	NM_001330260.2(SCN8A):c.2641G>T (p.Val881Leu)	"{""consequence"": [""missense variant""], ""protein_change"": ""V881L"", ""classification"": ""Likely pathogenic"", ""found_in"": [""clinvar""]}"
ClinVar:VCV003897877	variant	NM_001367721.1(CASK):c.2262_2263del (p.Ile755fs)	"{""consequence"": [""frameshift variant""], ""protein_change"": ""I726fs, I727fs, I749fs, I750fs, I755fs"", ""classification"": ""Likely pathogenic"", ""found_in"": [""clinvar""]}"
ClinVar:VCV003900179	variant	NM_014905.5(GLS):c.1609G>C (p.Ala537Pro)	"{""consequence"": [""missense variant""], ""protein_change"": ""A537P"", ""classification"": ""Likely pathogenic"", ""found_in"": [""clinvar""]}"
ClinVar:VCV003901164	variant	NM_001032221.6(STXBP1):c.1061G>T (p.Cys354Phe)	"{""consequence"": [""missense variant""], ""protein_change"": ""C318F, C340F, C351F, C354F"", ""classification"": ""Likely pathogenic"", ""found_in"": [""clinvar""]}"
ClinVar:VCV003906353	variant	NM_001330260.2(SCN8A):c.2903_2916del (p.Val968fs)	"{""consequence"": [""frameshift variant""], ""protein_change"": ""V968fs"", ""classification"": ""Pathogenic"", ""found_in"": [""clinvar""]}"
ClinVar:VCV003906519	variant	NM_001330260.2(SCN8A):c.4958A>T (p.Asn1653Ile)	"{""consequence"": [""missense variant""], ""protein_change"": ""N1612I, N1653I"", ""classification"": ""Likely pathogenic"", ""found_in"": [""clinvar""]}"
ClinVar:VCV003911256	variant	NM_001032221.6(STXBP1):c.112del (p.Ser37_Met38insTer)	"{""consequence"": [""nonsense""], ""protein_change"": """", ""classification"": ""Likely pathogenic"", ""found_in"": [""clinvar""]}"
ClinVar:VCV003911734	variant	NM_001330260.2(SCN8A):c.1788_1795del (p.Arg597fs)	"{""consequence"": [""frameshift variant""], ""protein_change"": ""R597fs"", ""classification"": ""Likely pathogenic"", ""found_in"": [""clinvar""]}"
ClinVar:VCV003951000	variant	NM_001330260.2(SCN8A):c.2347_2365del (p.His783fs)	"{""consequence"": [""frameshift variant""], ""protein_change"": ""H783fs"", ""classification"": ""Pathogenic"", ""found_in"": [""clinvar""]}"
ClinVar:VCV003951001	variant	NM_001330260.2(SCN8A):c.1870dup (p.Ser624fs)	"{""consequence"": [""frameshift variant""], ""protein_change"": ""S624fs"", ""classification"": ""Pathogenic"", ""found_in"": [""clinvar""]}"
ClinVar:VCV003963722	variant	NM_001032221.6(STXBP1):c.578+49A>G	"{""consequence"": [""intron variant""], ""protein_change"": """", ""classification"": ""Likely pathogenic"", ""found_in"": [""clinvar""]}"
ClinVar:VCV004055786	variant	NM_014232.3(VAMP2):c.197G>C (p.Arg66Pro)	"{""consequence"": [""missense variant""], ""protein_change"": ""R68P, R66P"", ""classification"": ""Pathogenic"", ""found_in"": [""clinvar""]}"
ClinVar:VCV004056319	variant	NM_001330260.2(SCN8A):c.2363_2370+1del	"{""consequence"": [""splice donor variant""], ""protein_change"": """", ""classification"": ""Pathogenic"", ""found_in"": [""clinvar""]}"
ClinVar:VCV004056325	variant	NM_001330260.2(SCN8A):c.2858G>A (p.Cys953Tyr)	"{""consequence"": [""missense variant""], ""protein_change"": ""C953Y"", ""classification"": ""Likely pathogenic"", ""found_in"": [""clinvar""]}"
ClinVar:VCV004056382	variant	NM_001367721.1(CASK):c.556dup (p.Met186fs)	"{""consequence"": [""frameshift variant""], ""protein_change"": ""M186fs"", ""classification"": ""Pathogenic"", ""found_in"": [""clinvar""]}"
ClinVar:VCV004056851	variant	NM_001330260.2(SCN8A):c.2525T>C (p.Val842Ala)	"{""consequence"": [""missense variant""], ""protein_change"": ""V842A"", ""classification"": ""Likely pathogenic"", ""found_in"": [""clinvar""]}"
ClinVar:VCV004056866	variant	NM_001330260.2(SCN8A):c.3819+2T>C	"{""consequence"": [""splice donor variant""], ""protein_change"": """", ""classification"": ""Likely pathogenic"", ""found_in"": [""clinvar""]}"
ClinVar:VCV004070522	variant	NM_004758.4(TSPOAP1):c.3172dup (p.Arg1058fs)	"{""consequence"": [""frameshift variant""], ""protein_change"": ""R1058fs, R998fs"", ""classification"": ""Likely pathogenic"", ""found_in"": [""clinvar""]}"
ClinVar:VCV004071002	variant	NM_001367721.1(CASK):c.173-2331_278+1542del	"{""consequence"": [""splice acceptor variant"", ""splice donor variant""], ""protein_change"": """", ""classification"": ""Pathogenic"", ""found_in"": [""clinvar""]}"
ClinVar:VCV004072008	variant	NM_001032221.6(STXBP1):c.1518del (p.Ser507fs)	"{""consequence"": [""frameshift variant""], ""protein_change"": ""S471fs, S493fs, S504fs, S507fs"", ""classification"": ""Pathogenic"", ""found_in"": [""clinvar""]}"
ClinVar:VCV004072125	variant	NM_001367721.1(CASK):c.184G>A (p.Glu62Lys)	"{""consequence"": [""missense variant""], ""protein_change"": ""E62K"", ""classification"": ""Likely pathogenic"", ""found_in"": [""clinvar""]}"
ClinVar:VCV004073673	variant	NM_001330260.2(SCN8A):c.4935G>A (p.Met1645Ile)	"{""consequence"": [""missense variant""], ""protein_change"": ""M1604I, M1645I"", ""classification"": ""Pathogenic"", ""found_in"": [""clinvar""]}"
ClinVar:VCV004075081	variant	NM_001032221.6(STXBP1):c.193A>T (p.Arg65Ter)	"{""consequence"": [""nonsense""], ""protein_change"": ""R51*, R65*"", ""classification"": ""Likely pathogenic"", ""found_in"": [""clinvar""]}"
ClinVar:VCV004075082	variant	NM_001032221.6(STXBP1):c.974_991del (p.Arg325_Met330del)	"{""consequence"": [], ""protein_change"": """", ""classification"": ""Likely pathogenic"", ""found_in"": [""clinvar""]}"
ClinVar:VCV004076227	variant	NM_001032221.6(STXBP1):c.1249+1G>T	"{""consequence"": [""splice donor variant""], ""protein_change"": """", ""classification"": ""Pathogenic"", ""found_in"": [""clinvar""]}"
ClinVar:VCV004081876	variant	NM_001330260.2(SCN8A):c.730del (p.Ala243_Leu244insTer)	"{""consequence"": [""nonsense""], ""protein_change"": """", ""classification"": ""Pathogenic"", ""found_in"": [""clinvar""]}"
ClinVar:VCV004081895	variant	NM_001032221.6(STXBP1):c.1249G>A (p.Gly417Ser)	"{""consequence"": [""missense variant""], ""protein_change"": ""G381S, G403S, G414S, G417S"", ""classification"": ""Likely pathogenic"", ""found_in"": [""clinvar""]}"
ClinVar:VCV004082354	variant	NM_001032221.6(STXBP1):c.296A>G (p.Tyr99Cys)	"{""consequence"": [""missense variant""], ""protein_change"": ""Y85C, Y99C"", ""classification"": ""Likely pathogenic"", ""found_in"": [""clinvar""]}"
ClinVar:VCV004082617	variant	NM_001330260.2(SCN8A):c.5054T>A (p.Met1685Lys)	"{""consequence"": [""missense variant""], ""protein_change"": ""M1644K, M1685K"", ""classification"": ""Likely pathogenic"", ""found_in"": [""clinvar""]}"
ClinVar:VCV004083413	variant	NM_001330260.2(SCN8A):c.3601G>A (p.Glu1201Lys)	"{""consequence"": [""missense variant""], ""protein_change"": ""E1201K"", ""classification"": ""Pathogenic"", ""found_in"": [""clinvar""]}"
ClinVar:VCV004086070	variant	NM_001032221.6(STXBP1):c.901C>T (p.Gln301Ter)	"{""consequence"": [""nonsense"", ""intron variant""], ""protein_change"": ""Q287*, Q298*, Q301*"", ""classification"": ""Pathogenic"", ""found_in"": [""clinvar""]}"
ClinVar:VCV004086453	variant	NM_001330260.2(SCN8A):c.692T>C (p.Ile231Thr)	"{""consequence"": [""missense variant"", ""intron variant""], ""protein_change"": ""I231T"", ""classification"": ""Pathogenic"", ""found_in"": [""clinvar""]}"
ClinVar:VCV004087720	variant	NM_001367721.1(CASK):c.708+2T>G	"{""consequence"": [""splice donor variant""], ""protein_change"": """", ""classification"": ""Pathogenic"", ""found_in"": [""clinvar""]}"
ClinVar:VCV004277481	variant	NM_001032221.6(STXBP1):c.1109A>C (p.Gln370Pro)	"{""consequence"": [""missense variant""], ""protein_change"": ""Q334P, Q356P, Q367P, Q370P"", ""classification"": ""Pathogenic"", ""found_in"": [""clinvar""]}"
ClinVar:VCV004277482	variant	NM_001032221.6(STXBP1):c.553_555del (p.Glu185del)	"{""consequence"": [], ""protein_change"": ""E171del, E182del, E185del"", ""classification"": ""Likely pathogenic"", ""found_in"": [""clinvar""]}"
ClinVar:VCV004277912	variant	NM_001330260.2(SCN8A):c.1079T>C (p.Phe360Ser)	"{""consequence"": [""missense variant""], ""protein_change"": ""F360S"", ""classification"": ""Likely pathogenic"", ""found_in"": [""clinvar""]}"
ClinVar:VCV004281986	variant	NM_003660.4(PPFIA3):c.2945G>A (p.Arg982Gln)	"{""consequence"": [""missense variant"", ""non-coding transcript variant""], ""protein_change"": ""R982Q"", ""classification"": ""Likely pathogenic"", ""found_in"": [""clinvar""]}"
ClinVar:VCV004282385	variant	NM_001367721.1(CASK):c.1231G>T (p.Glu411Ter)	"{""consequence"": [""nonsense""], ""protein_change"": ""E405*, E411*"", ""classification"": ""Pathogenic"", ""found_in"": [""clinvar""]}"
ClinVar:VCV004291098	variant	NM_001330260.2(SCN8A):c.3946G>A (p.Val1316Met)	"{""consequence"": [""missense variant""], ""protein_change"": ""V1275M, V1316M"", ""classification"": ""Likely pathogenic"", ""found_in"": [""clinvar""]}"
ClinVar:VCV004291118	variant	NM_001367721.1:c.1156-4408_1503+2676dup	"{""consequence"": [], ""protein_change"": """", ""classification"": ""Likely pathogenic"", ""found_in"": [""clinvar""]}"
ClinVar:VCV004291786	variant	NM_001032221.6(STXBP1):c.125C>G (p.Ser42Cys)	"{""consequence"": [""missense variant""], ""protein_change"": ""S28C, S42C"", ""classification"": ""Likely pathogenic"", ""found_in"": [""clinvar""]}"
ClinVar:VCV004291837	variant	NM_001367721.1(CASK):c.1234-1G>C	"{""consequence"": [""splice acceptor variant""], ""protein_change"": """", ""classification"": ""Likely pathogenic"", ""found_in"": [""clinvar""]}"
ClinVar:VCV004291884	variant	NM_001032221.6(STXBP1):c.578+3A>T	"{""consequence"": [""intron variant""], ""protein_change"": """", ""classification"": ""Likely pathogenic"", ""found_in"": [""clinvar""]}"
ClinVar:VCV004292416	variant	NM_001330260.2(SCN8A):c.5290A>G (p.Ile1764Val)	"{""consequence"": [""missense variant""], ""protein_change"": ""I1723V, I1764V"", ""classification"": ""Likely pathogenic"", ""found_in"": [""clinvar""]}"
ClinVar:VCV004292841	variant	NM_001032221.6(STXBP1):c.1420C>T (p.Gln474Ter)	"{""consequence"": [""nonsense""], ""protein_change"": ""Q438*, Q460*, Q471*, Q474*"", ""classification"": ""Pathogenic"", ""found_in"": [""clinvar""]}"
ClinVar:VCV004293383	variant	NM_001330260.2(SCN8A):c.5383T>C (p.Phe1795Leu)	"{""consequence"": [""missense variant""], ""protein_change"": ""F1754L, F1795L"", ""classification"": ""Likely pathogenic"", ""found_in"": [""clinvar""]}"
ClinVar:VCV004293410	variant	NM_001330260.2(SCN8A):c.3968C>A (p.Ala1323Asp)	"{""consequence"": [""missense variant""], ""protein_change"": ""A1282D, A1323D"", ""classification"": ""Likely pathogenic"", ""found_in"": [""clinvar""]}"
ClinVar:VCV004294530	variant	NM_001032221.6(STXBP1):c.1630G>A (p.Gly544Ser)	"{""consequence"": [""missense variant""], ""protein_change"": ""G508S, G530S, G544S, G541S"", ""classification"": ""Likely pathogenic"", ""found_in"": [""clinvar""]}"
ClinVar:VCV004489342	variant	NM_001367721.1(CASK):c.1807-1G>T	"{""consequence"": [""splice acceptor variant""], ""protein_change"": """", ""classification"": ""Likely pathogenic"", ""found_in"": [""clinvar""]}"
ClinVar:VCV004489349	variant	NM_001367721.1(CASK):c.1737+2T>A	"{""consequence"": [""splice donor variant""], ""protein_change"": """", ""classification"": ""Pathogenic"", ""found_in"": [""clinvar""]}"
ClinVar:VCV004526558	variant	NM_014191.4(SCN8A):c.644A>G (p.Asn215Ser)	"{""consequence"": [""missense variant"", ""intron variant""], ""protein_change"": ""N215S"", ""classification"": ""Likely pathogenic"", ""found_in"": [""clinvar""]}"
ClinVar:VCV004527033	variant	NM_001032221.6(STXBP1):c.890C>T (p.Ala297Val)	"{""consequence"": [""missense variant"", ""intron variant""], ""protein_change"": ""A283V, A294V, A297V"", ""classification"": ""Likely pathogenic"", ""found_in"": [""clinvar""]}"
ClinVar:VCV004528278	variant	NM_001330260.2(SCN8A):c.4214C>A (p.Ala1405Asp)	"{""consequence"": [""missense variant""], ""protein_change"": ""A1364D, A1405D"", ""classification"": ""Likely pathogenic"", ""found_in"": [""clinvar""]}"
ClinVar:VCV004528294	variant	NM_001032221.6(STXBP1):c.963G>T (p.Lys321Asn)	"{""consequence"": [""missense variant""], ""protein_change"": ""K285N, K307N, K318N, K321N"", ""classification"": ""Pathogenic"", ""found_in"": [""clinvar""]}"
ClinVar:VCV004528360	variant	NM_014232.3(VAMP2):c.148G>A (p.Val50Met)	"{""consequence"": [""missense variant""], ""protein_change"": ""V50M, V52M"", ""classification"": ""Likely pathogenic"", ""found_in"": [""clinvar""]}"
ClinVar:VCV004528921	variant	NM_000817.3(GAD1):c.611G>A (p.Trp204Ter)	"{""consequence"": [""nonsense""], ""protein_change"": ""W204*"", ""classification"": ""Likely pathogenic"", ""found_in"": [""clinvar""]}"
ClinVar:VCV004531271	variant	NM_001367721.1(CASK):c.1838del (p.Arg613fs)	"{""consequence"": [""frameshift variant""], ""protein_change"": ""R584fs, R590fs, R607fs, R613fs"", ""classification"": ""Likely pathogenic"", ""found_in"": [""clinvar""]}"
ClinVar:VCV004532115	variant	NM_001032221.6(STXBP1):c.392delinsAT (p.Thr131fs)	"{""consequence"": [""frameshift variant""], ""protein_change"": ""T117fs, T128fs, T131fs"", ""classification"": ""Pathogenic"", ""found_in"": [""clinvar""]}"
ClinVar:VCV004533283	variant	NM_001367721.1(CASK):c.612del (p.Cys205fs)	"{""consequence"": [""frameshift variant""], ""protein_change"": ""C205fs"", ""classification"": ""Likely pathogenic"", ""found_in"": [""clinvar""]}"
ClinVar:VCV004536239	variant	NM_001032221.6(STXBP1):c.1548-2A>G	"{""consequence"": [""splice acceptor variant""], ""protein_change"": """", ""classification"": ""Pathogenic"", ""found_in"": [""clinvar""]}"
ClinVar:VCV004681338	variant	NM_001330260.2(SCN8A):c.5590A>T (p.Ile1864Phe)	"{""consequence"": [""missense variant""], ""protein_change"": ""I1823F, I1864F"", ""classification"": ""Likely pathogenic"", ""found_in"": [""clinvar""]}"
ClinVar:VCV004683079	variant	NM_000817.3(GAD1):c.87C>A (p.Tyr29Ter)	"{""consequence"": [""nonsense""], ""protein_change"": ""Y29*"", ""classification"": ""Pathogenic"", ""found_in"": [""clinvar""]}"
ClinVar:VCV004683110	variant	NM_001330260.2(SCN8A):c.1135-1G>A	"{""consequence"": [""splice acceptor variant""], ""protein_change"": """", ""classification"": ""Likely pathogenic"", ""found_in"": [""clinvar""]}"
ClinVar:VCV004683118	variant	NM_001330260.2(SCN8A):c.2112del (p.Thr705fs)	"{""consequence"": [""frameshift variant""], ""protein_change"": ""T705fs"", ""classification"": ""Likely pathogenic"", ""found_in"": [""clinvar""]}"
ClinVar:VCV004685081	variant	NM_001330260.2(SCN8A):c.5304C>A (p.Asn1768Lys)	"{""consequence"": [""missense variant""], ""protein_change"": ""N1727K, N1768K"", ""classification"": ""Likely pathogenic"", ""found_in"": [""clinvar""]}"
ClinVar:VCV004685498	variant	NM_001330260.2(SCN8A):c.2540G>C (p.Arg847Pro)	"{""consequence"": [""missense variant""], ""protein_change"": ""R847P"", ""classification"": ""Pathogenic"", ""found_in"": [""clinvar""]}"
ClinVar:VCV004686867	variant	NM_001330260.2(SCN8A):c.3926G>C (p.Arg1309Pro)	"{""consequence"": [""missense variant"", ""intron variant""], ""protein_change"": ""R1309P"", ""classification"": ""Pathogenic"", ""found_in"": [""clinvar""]}"
ClinVar:VCV004688643	variant	NM_001032221.6(STXBP1):c.795-2A>G	"{""consequence"": [""splice acceptor variant"", ""intron variant""], ""protein_change"": """", ""classification"": ""Pathogenic"", ""found_in"": [""clinvar""]}"
ClinVar:VCV004690235	variant	NC_000023.11:g.41772635_41895004del	"{""consequence"": [], ""protein_change"": """", ""classification"": ""Likely pathogenic"", ""found_in"": [""clinvar""]}"
ClinVar:VCV004690245	variant	NM_001367721.1(CASK):c.665_666delinsT (p.Thr222fs)	"{""consequence"": [""frameshift variant""], ""protein_change"": ""T222fs"", ""classification"": ""Likely pathogenic"", ""found_in"": [""clinvar""]}"
ClinVar:VCV004690246	variant	NM_001367721.1(CASK):c.1315-4_1315-1dup	"{""consequence"": [""splice acceptor variant""], ""protein_change"": """", ""classification"": ""Likely pathogenic"", ""found_in"": [""clinvar""]}"
ClinVar:VCV004709697	variant	NM_003165.6(STXBP1):c.1720A>C (p.Thr574Pro)	"{""consequence"": [""missense variant"", ""intron variant""], ""protein_change"": ""T538P, T560P, T574P"", ""classification"": ""Pathogenic"", ""found_in"": [""clinvar""]}"
ClinVar:VCV004710756	variant	NM_001032221.6(STXBP1):c.214G>T (p.Glu72Ter)	"{""consequence"": [""nonsense""], ""protein_change"": ""E58*, E72*"", ""classification"": ""Pathogenic"", ""found_in"": [""clinvar""]}"
ClinVar:VCV004711088	variant	NM_001330260.2(SCN8A):c.2826_2827dup (p.Asp943fs)	"{""consequence"": [""frameshift variant""], ""protein_change"": ""D943fs"", ""classification"": ""Pathogenic"", ""found_in"": [""clinvar""]}"
ClinVar:VCV004715720	variant	NM_001367721.1(CASK):c.2448T>G (p.Tyr816Ter)	"{""consequence"": [""nonsense""], ""protein_change"": ""Y787*, Y788*, Y811*, Y810*, Y816*"", ""classification"": ""Pathogenic"", ""found_in"": [""clinvar""]}"
ClinVar:VCV004723833	variant	NM_001367721.1(CASK):c.430-1G>A	"{""consequence"": [""splice acceptor variant""], ""protein_change"": """", ""classification"": ""Likely pathogenic"", ""found_in"": [""clinvar""]}"
ClinVar:VCV004725966	variant	NM_000817.3(GAD1):c.1264-350_1289delinsGAGGTATCCAGCACATCCTGGCTG	"{""consequence"": [""splice acceptor variant""], ""protein_change"": """", ""classification"": ""Likely pathogenic"", ""found_in"": [""clinvar""]}"
ClinVar:VCV004728952	variant	NM_001367721.1(CASK):c.2451_2458dup (p.Leu820fs)	"{""consequence"": [""frameshift variant""], ""protein_change"": ""L815fs, L820fs, L814fs, L791fs, L792fs"", ""classification"": ""Pathogenic"", ""found_in"": [""clinvar""]}"
ClinVar:VCV004731744	variant	NM_001330260.2(SCN8A):c.614+1G>C	"{""consequence"": [""splice donor variant""], ""protein_change"": """", ""classification"": ""Likely pathogenic"", ""found_in"": [""clinvar""]}"
ClinVar:VCV004734403	variant	NM_001367721.1(CASK):c.828dup (p.Lys277Ter)	"{""consequence"": [""nonsense""], ""protein_change"": ""K277*"", ""classification"": ""Pathogenic"", ""found_in"": [""clinvar""]}"
ClinVar:VCV004739097	variant	NM_001330260.2(SCN8A):c.5632C>T (p.Pro1878Ser)	"{""consequence"": [""missense variant""], ""protein_change"": ""P1878S, P1837S"", ""classification"": ""Likely pathogenic"", ""found_in"": [""clinvar""]}"
ClinVar:VCV004750144	variant	NM_001330260.2(SCN8A):c.667A>G (p.Arg223Gly)	"{""consequence"": [""missense variant"", ""intron variant""], ""protein_change"": ""R223G"", ""classification"": ""Pathogenic"", ""found_in"": [""clinvar""]}"
ClinVar:VCV004755391	variant	NM_001367721.1(CASK):c.512dup (p.Ser172fs)	"{""consequence"": [""frameshift variant""], ""protein_change"": ""S172fs"", ""classification"": ""Likely pathogenic"", ""found_in"": [""clinvar""]}"
ClinVar:VCV004755408	variant	NM_001367721.1(CASK):c.477del (p.Lys159fs)	"{""consequence"": [""frameshift variant""], ""protein_change"": ""K159fs"", ""classification"": ""Likely pathogenic"", ""found_in"": [""clinvar""]}"
ClinVar:VCV004755409	variant	NM_001367721.1(CASK):c.2313_2317del (p.Pro772fs)	"{""consequence"": [""frameshift variant""], ""protein_change"": ""P743fs, P744fs, P766fs, P767fs, P772fs"", ""classification"": ""Likely pathogenic"", ""found_in"": [""clinvar""]}"
ClinVar:VCV004755410	variant	NM_001367721.1(CASK):c.1944del (p.Ile649fs)	"{""consequence"": [""frameshift variant""], ""protein_change"": ""I620fs, I626fs, I643fs, I649fs"", ""classification"": ""Likely pathogenic"", ""found_in"": [""clinvar""]}"
ClinVar:VCV004759222	variant	NM_001367721.1(CASK):c.396C>A (p.Cys132Ter)	"{""consequence"": [""nonsense""], ""protein_change"": ""C132*"", ""classification"": ""Likely pathogenic"", ""found_in"": [""clinvar""]}"
ClinVar:VCV004759348	variant	NM_001367721.1(CASK):c.559dup (p.Ala187fs)	"{""consequence"": [""frameshift variant""], ""protein_change"": ""A187fs"", ""classification"": ""Likely pathogenic"", ""found_in"": [""clinvar""]}"
ClinVar:VCV004795756	variant	NM_014905.5(GLS):c.637C>T (p.Gln213Ter)	"{""consequence"": [""nonsense""], ""protein_change"": ""Q213*"", ""classification"": ""Likely pathogenic"", ""found_in"": [""clinvar""]}"
ClinVar:VCV004795944	variant	NM_001367721.1(CASK):c.916-2A>T	"{""consequence"": [""splice acceptor variant""], ""protein_change"": """", ""classification"": ""Likely pathogenic"", ""found_in"": [""clinvar""]}"
ClinVar:VCV004801270	variant	NM_001330260.2(SCN8A):c.1103C>T (p.Thr368Ile)	"{""consequence"": [""missense variant""], ""protein_change"": ""T368I"", ""classification"": ""Likely pathogenic"", ""found_in"": [""clinvar""]}"
ClinVar:VCV004801272	variant	NM_001330260.2(SCN8A):c.1124T>C (p.Leu375Ser)	"{""consequence"": [""missense variant""], ""protein_change"": ""L375S"", ""classification"": ""Pathogenic"", ""found_in"": [""clinvar""]}"
ClinVar:VCV004801286	variant	NM_001330260.2(SCN8A):c.4612A>G (p.Thr1538Ala)	"{""consequence"": [""missense variant""], ""protein_change"": ""T1497A, T1538A"", ""classification"": ""Likely pathogenic"", ""found_in"": [""clinvar""]}"
ClinVar:VCV004801820	variant	NM_001032221.6(STXBP1):c.194G>T (p.Arg65Ile)	"{""consequence"": [""missense variant""], ""protein_change"": ""R51I, R65I"", ""classification"": ""Pathogenic"", ""found_in"": [""clinvar""]}"
ClinVar:VCV004801824	variant	NM_001032221.6(STXBP1):c.1217G>C (p.Arg406Pro)	"{""consequence"": [""missense variant""], ""protein_change"": ""R370P, R392P, R403P, R406P"", ""classification"": ""Likely pathogenic"", ""found_in"": [""clinvar""]}"
ClinVar:VCV004801829	variant	NM_001032221.6(STXBP1):c.1649T>G (p.Met550Arg)	"{""consequence"": [""missense variant""], ""protein_change"": ""M514R, M536R, M547R, M550R"", ""classification"": ""Pathogenic"", ""found_in"": [""clinvar""]}"
ClinVar:VCV004812133	variant	NM_001330260.2(SCN8A):c.4859G>C (p.Arg1620Pro)	"{""consequence"": [""missense variant""], ""protein_change"": ""R1579P, R1620P"", ""classification"": ""Pathogenic"", ""found_in"": [""clinvar""]}"
ClinVar:VCV004812382	variant	NM_001199107.2(TBC1D24):c.937C>T (p.Gln313Ter)	"{""consequence"": [""nonsense""], ""protein_change"": ""Q313*"", ""classification"": ""Pathogenic"", ""found_in"": [""clinvar""]}"
ClinVar:VCV004812516	variant	NM_001199107.2(TBC1D24):c.1198C>T (p.Gln400Ter)	"{""consequence"": [""nonsense""], ""protein_change"": ""Q394*, Q400*"", ""classification"": ""Pathogenic"", ""found_in"": [""clinvar""]}"
ClinVar:VCV004812606	variant	NM_001199107.2(TBC1D24):c.400del (p.Leu134fs)	"{""consequence"": [""frameshift variant""], ""protein_change"": ""L134fs"", ""classification"": ""Pathogenic"", ""found_in"": [""clinvar""]}"
ClinVar:VCV004812900	variant	NM_014905.5(GLS):c.386+2T>C	"{""consequence"": [""splice donor variant""], ""protein_change"": """", ""classification"": ""Likely pathogenic"", ""found_in"": [""clinvar""]}"
ClinVar:VCV004813220	variant	NM_001032221.6(STXBP1):c.1743del (p.Thr581_Leu582insTer)	"{""consequence"": [""frameshift variant"", ""3 prime UTR variant"", ""intron variant""], ""protein_change"": """", ""classification"": ""Likely pathogenic"", ""found_in"": [""clinvar""]}"
ClinVar:VCV004813319	variant	NM_005639.3(SYT1):c.352_810+1del	"{""consequence"": [""splice acceptor variant"", ""splice donor variant""], ""protein_change"": """", ""classification"": ""Likely pathogenic"", ""found_in"": [""clinvar""]}"
ClinVar:VCV004813972	variant	GRCh37/hg19 12q21.2(chr12:79685787-79693331)x1	"{""consequence"": [], ""protein_change"": """", ""classification"": ""Likely pathogenic"", ""found_in"": [""clinvar""]}"
ClinVar:VCV004814213	variant	NM_001367721.1(CASK):c.1504-2_1504-1del	"{""consequence"": [""splice acceptor variant""], ""protein_change"": """", ""classification"": ""Likely pathogenic"", ""found_in"": [""clinvar""]}"
ClinVar:VCV004819275	variant	Single allele	"{""consequence"": [], ""protein_change"": """", ""classification"": ""Likely pathogenic"", ""found_in"": [""clinvar""]}"
ClinVar:VCV004819533	variant	NM_001032221.6(STXBP1):c.169+5G>A	"{""consequence"": [""intron variant""], ""protein_change"": """", ""classification"": ""Pathogenic"", ""found_in"": [""clinvar""]}"
ClinVar:VCV004820078	variant	NM_001032221.6(STXBP1):c.722C>T (p.Ser241Phe)	"{""consequence"": [""missense variant""], ""protein_change"": ""S227F, S238F, S241F"", ""classification"": ""Likely pathogenic"", ""found_in"": [""clinvar""]}"
ClinVar:VCV004820176	variant	NM_001367721.1(CASK):c.173-1145_278+7387del	"{""consequence"": [""splice acceptor variant"", ""splice donor variant""], ""protein_change"": """", ""classification"": ""Likely pathogenic"", ""found_in"": [""clinvar""]}"
ClinVar:VCV004820633	variant	NM_001330260.2(SCN8A):c.3943-1G>A	"{""consequence"": [""splice acceptor variant""], ""protein_change"": """", ""classification"": ""Likely pathogenic"", ""found_in"": [""clinvar""]}"
ClinVar:VCV004822516	variant	NM_001367721.1(CASK):c.2160del (p.Phe720fs)	"{""consequence"": [""frameshift variant"", ""intron variant""], ""protein_change"": ""F691fs, F714fs, F720fs"", ""classification"": ""Likely pathogenic"", ""found_in"": [""clinvar""]}"
ClinVar:VCV004840022	variant	NM_001330260.2(SCN8A):c.1242T>G (p.Tyr414Ter)	"{""consequence"": [""nonsense""], ""protein_change"": ""Y414*"", ""classification"": ""Pathogenic"", ""found_in"": [""clinvar""]}"
ClinVar:VCV004840838	variant	NM_001330260.2(SCN8A):c.1202A>G (p.Tyr401Cys)	"{""consequence"": [""missense variant""], ""protein_change"": ""Y401C"", ""classification"": ""Pathogenic"", ""found_in"": [""clinvar""]}"
ClinVar:VCV004849373	variant	NM_004758.4(TSPOAP1):c.5134_5141dup (p.Glu1715fs)	"{""consequence"": [""frameshift variant""], ""protein_change"": ""E1655fs, E1715fs"", ""classification"": ""Likely pathogenic"", ""found_in"": [""clinvar""]}"
ClinVar:VCV004849577	variant	NM_001032221.6(STXBP1):c.170-1G>A	"{""consequence"": [""splice acceptor variant""], ""protein_change"": """", ""classification"": ""Likely pathogenic"", ""found_in"": [""clinvar""]}"
ClinVar:VCV004850030	variant	NM_001199107.2(TBC1D24):c.61del (p.Asp21fs)	"{""consequence"": [""frameshift variant""], ""protein_change"": ""D21fs"", ""classification"": ""Likely pathogenic"", ""found_in"": [""clinvar""]}"
ClinVar:VCV004850190	variant	NM_001330260.2(SCN8A):c.2575C>T (p.Pro859Ser)	"{""consequence"": [""missense variant""], ""protein_change"": ""P859S"", ""classification"": ""Likely pathogenic"", ""found_in"": [""clinvar""]}"
ClinVar:VCV004850191	variant	NM_001330260.2(SCN8A):c.4911dup (p.Arg1638fs)	"{""consequence"": [""frameshift variant""], ""protein_change"": ""R1597fs, R1638fs"", ""classification"": ""Likely pathogenic"", ""found_in"": [""clinvar""]}"
ClinVar:VCV004850703	variant	NM_004758.4(TSPOAP1):c.1090C>T (p.Arg364Ter)	"{""consequence"": [""nonsense""], ""protein_change"": ""R304*, R364*"", ""classification"": ""Likely pathogenic"", ""found_in"": [""clinvar""]}"
ClinVar:VCV004852193	variant	NM_014905.5(GLS):c.1645C>T (p.Gln549Ter)	"{""consequence"": [""nonsense""], ""protein_change"": ""Q549*"", ""classification"": ""Pathogenic"", ""found_in"": [""clinvar""]}"
ClinVar:VCV004852513	variant	NM_001032221.6(STXBP1):c.1547+1G>A	"{""consequence"": [""splice donor variant""], ""protein_change"": """", ""classification"": ""Likely pathogenic"", ""found_in"": [""clinvar""]}"
ClinVar:VCV004852878	variant	NM_001330260.2(SCN8A):c.4502A>G (p.Gln1501Arg)	"{""consequence"": [""missense variant""], ""protein_change"": ""Q1460R, Q1501R"", ""classification"": ""Likely pathogenic"", ""found_in"": [""clinvar""]}"
ClinVar:VCV004854753	variant	NM_001367721.1(CASK):c.59+5G>A	"{""consequence"": [""intron variant""], ""protein_change"": """", ""classification"": ""Likely pathogenic"", ""found_in"": [""clinvar""]}"
ClinVar:VCV004854873	variant	NM_001367721.1(CASK):c.1233+1G>T	"{""consequence"": [""splice donor variant""], ""protein_change"": """", ""classification"": ""Likely pathogenic"", ""found_in"": [""clinvar""]}"
ClinVar:VCV004854974	variant	NM_001032221.6(STXBP1):c.257del (p.Ser86fs)	"{""consequence"": [""frameshift variant""], ""protein_change"": ""S72fs, S86fs"", ""classification"": ""Likely pathogenic"", ""found_in"": [""clinvar""]}"
ClinVar:VCV004854991	variant	NM_001330260.2(SCN8A):c.4282-1G>A	"{""consequence"": [""splice acceptor variant""], ""protein_change"": """", ""classification"": ""Likely pathogenic"", ""found_in"": [""clinvar""]}"
ClinVar:VCV004855099	variant	NM_001367721.1(CASK):c.984dup (p.Pro329fs)	"{""consequence"": [""frameshift variant""], ""protein_change"": ""P329fs"", ""classification"": ""Likely pathogenic"", ""found_in"": [""clinvar""]}"
ClinVar:VCV004855563	variant	NM_001330260.2(SCN8A):c.2549G>T (p.Arg850Leu)	"{""consequence"": [""missense variant""], ""protein_change"": ""R850L"", ""classification"": ""Likely pathogenic"", ""found_in"": [""clinvar""]}"
ClinVar:VCV004856066	variant	NM_005639.3(SYT1):c.930T>A (p.Asp310Glu)	"{""consequence"": [""missense variant""], ""protein_change"": ""D307E, D310E"", ""classification"": ""Pathogenic"", ""found_in"": [""clinvar""]}"
ClinVar:VCV004856827	variant	NM_001367721.1(CASK):c.556del (p.Met186fs)	"{""consequence"": [""frameshift variant""], ""protein_change"": ""M186fs"", ""classification"": ""Likely pathogenic"", ""found_in"": [""clinvar""]}"
ClinVar:VCV004864180	variant	NM_001330260.2(SCN8A):c.4876C>G (p.Arg1626Gly)	"{""consequence"": [""missense variant""], ""protein_change"": ""R1585G, R1626G"", ""classification"": ""Likely pathogenic"", ""found_in"": [""clinvar""]}"
ClinVar:VCV004864181	variant	NM_001330260.2(SCN8A):c.714G>C (p.Lys238Asn)	"{""consequence"": [""missense variant""], ""protein_change"": ""K238N"", ""classification"": ""Likely pathogenic"", ""found_in"": [""clinvar""]}"
ClinVar:VCV004871762	variant	NM_001330260.2(SCN8A):c.5615G>C (p.Arg1872Pro)	"{""consequence"": [""missense variant""], ""protein_change"": ""R1831P, R1872P"", ""classification"": ""Likely pathogenic"", ""found_in"": [""clinvar""]}"
ClinVar:VCV004874832	variant	NM_001032221.6(STXBP1):c.736G>C (p.Glu246Gln)	"{""consequence"": [""missense variant""], ""protein_change"": ""E232Q, E243Q, E246Q"", ""classification"": ""Likely pathogenic"", ""found_in"": [""clinvar""]}"
ClinVar:VCV004875630	variant	NM_003660.4(PPFIA3):c.1258del (p.Glu420fs)	"{""consequence"": [""frameshift variant"", ""non-coding transcript variant""], ""protein_change"": ""E420fs"", ""classification"": ""Likely pathogenic"", ""found_in"": [""clinvar""]}"
ClinVar:VCV004876701	variant	NM_001330260.2(SCN8A):c.1067T>A (p.Phe356Tyr)	"{""consequence"": [""missense variant""], ""protein_change"": ""F356Y"", ""classification"": ""Likely pathogenic"", ""found_in"": [""clinvar""]}"
ClinVar:VCV004879779	variant	NM_001367721.1(CASK):c.796A>G (p.Thr266Ala)	"{""consequence"": [""missense variant""], ""protein_change"": ""T266A"", ""classification"": ""Likely pathogenic"", ""found_in"": [""clinvar""]}"
ClinVar:VCV004879780	variant	NM_001367721.1(CASK):c.356+1G>C	"{""consequence"": [""splice donor variant""], ""protein_change"": """", ""classification"": ""Pathogenic"", ""found_in"": [""clinvar""]}"
ClinVar:VCV004879832	variant	NM_014191.4(SCN8A):c.669G>C (p.Arg223Ser)	"{""consequence"": [""intron variant"", ""missense variant""], ""protein_change"": ""R223S"", ""classification"": ""Likely pathogenic"", ""found_in"": [""clinvar""]}"
ClinVar:VCV004881607	variant	NM_001032221.6(STXBP1):c.1206T>G (p.Tyr402Ter)	"{""consequence"": [""nonsense""], ""protein_change"": ""Y366*, Y388*, Y399*, Y402*"", ""classification"": ""Pathogenic/Likely pathogenic"", ""found_in"": [""clinvar""]}"
ClinVar:VCV004885767	variant	NM_001367721.1(CASK):c.1295T>G (p.Leu432Ter)	"{""consequence"": [""nonsense""], ""protein_change"": ""L426*, L432*"", ""classification"": ""Likely pathogenic"", ""found_in"": [""clinvar""]}"
ClinVar:VCV004886801	variant	GRCh38/hg38 Xp11.4(chrX:41530454-41538463)x1	"{""consequence"": [], ""protein_change"": """", ""classification"": ""Pathogenic"", ""found_in"": [""clinvar""]}"
ClinVar:VCV004886846	variant	NM_001330260.2(SCN8A):c.3827_3846del (p.Leu1276fs)	"{""consequence"": [""frameshift variant"", ""intron variant""], ""protein_change"": ""L1276fs"", ""classification"": ""Likely pathogenic"", ""found_in"": [""clinvar""]}"
ClinVar:VCV004888367	variant	NM_001367721.1(CASK):c.2581_2584del (p.Thr861fs)	"{""consequence"": [""frameshift variant""], ""protein_change"": ""T832fs, T833fs, T855fs, T856fs, T861fs"", ""classification"": ""Likely pathogenic"", ""found_in"": [""clinvar""]}"
ClinVar:VCV004890765	variant	NM_001367721.1(CASK):c.2119C>T (p.Gln707Ter)	"{""consequence"": [""nonsense""], ""protein_change"": ""Q678*, Q684*, Q701*, Q707*"", ""classification"": ""Likely pathogenic"", ""found_in"": [""clinvar""]}"
ClinVar:VCV004890782	variant	NM_001032221.6(STXBP1):c.937del (p.Ser313fs)	"{""consequence"": [""frameshift variant""], ""protein_change"": ""S277fs, S299fs, S310fs, S313fs"", ""classification"": ""Likely pathogenic"", ""found_in"": [""clinvar""]}"
ClinVar:VCV004890915	variant	NM_014905.5(GLS):c.1713-9C>G	"{""consequence"": [""intron variant""], ""protein_change"": """", ""classification"": ""Pathogenic"", ""found_in"": [""clinvar""]}"
ClinVar:VCV004891524	variant	NM_001330260.2(SCN8A):c.4161C>G (p.Ile1387Met)	"{""consequence"": [""missense variant""], ""protein_change"": ""I1346M, I1387M"", ""classification"": ""Likely pathogenic"", ""found_in"": [""clinvar""]}"
ClinVar:VCV004904528	variant	NM_001032221.6(STXBP1):c.353del (p.Leu118fs)	"{""consequence"": [""frameshift variant""], ""protein_change"": ""L118fs, L104fs, L115fs"", ""classification"": ""Likely pathogenic"", ""found_in"": [""clinvar""]}"
ClinVar:VCV004904529	variant	NM_001032221.6(STXBP1):c.413T>C (p.Leu138Pro)	"{""consequence"": [""missense variant""], ""protein_change"": ""L135P, L124P, L138P"", ""classification"": ""Likely pathogenic"", ""found_in"": [""clinvar""]}"
ClinVar:VCV004904530	variant	NM_001032221.6(STXBP1):c.429+1G>T	"{""consequence"": [""splice donor variant""], ""protein_change"": """", ""classification"": ""Pathogenic"", ""found_in"": [""clinvar""]}"
ClinVar:VCV004904531	variant	NM_001032221.6(STXBP1):c.558C>G (p.Tyr186Ter)	"{""consequence"": [""nonsense""], ""protein_change"": ""Y172*, Y186*, Y183*"", ""classification"": ""Likely pathogenic"", ""found_in"": [""clinvar""]}"
ClinVar:VCV004904533	variant	NM_001032221.6(STXBP1):c.734A>T (p.His245Leu)	"{""consequence"": [""missense variant""], ""protein_change"": ""H231L, H245L, H242L"", ""classification"": ""Likely pathogenic"", ""found_in"": [""clinvar""]}"
ClinVar:VCV004904534	variant	NM_001032221.6(STXBP1):c.751G>A (p.Ala251Thr)	"{""consequence"": [""missense variant""], ""protein_change"": ""A248T, A251T, A237T"", ""classification"": ""Likely pathogenic"", ""found_in"": [""clinvar""]}"
ClinVar:VCV004904538	variant	NM_001032221.6(STXBP1):c.1005_1012del (p.Gln336fs)	"{""consequence"": [""frameshift variant""], ""protein_change"": ""Q300fs, Q322fs, Q336fs, Q333fs"", ""classification"": ""Likely pathogenic"", ""found_in"": [""clinvar""]}"
ClinVar:VCV004904542	variant	NM_001032221.6(STXBP1):c.1426_1427del (p.Ser476fs)	"{""consequence"": [""frameshift variant""], ""protein_change"": ""S462fs, S476fs, S440fs, S473fs"", ""classification"": ""Pathogenic"", ""found_in"": [""clinvar""]}"
ClinVar:VCV004904543	variant	NM_001032221.6(STXBP1):c.1494_1495del (p.His498fs)	"{""consequence"": [""frameshift variant""], ""protein_change"": ""H462fs, H484fs, H495fs, H498fs"", ""classification"": ""Likely pathogenic"", ""found_in"": [""clinvar""]}"
ClinVar:VCV004904545	variant	NM_001032221.6(STXBP1):c.1547+2T>C	"{""consequence"": [""splice donor variant""], ""protein_change"": """", ""classification"": ""Likely pathogenic"", ""found_in"": [""clinvar""]}"
ClinVar:VCV004904546	variant	NM_001032221.6(STXBP1):c.1628_1635del (p.Gly543fs)	"{""consequence"": [""frameshift variant""], ""protein_change"": ""G543fs, G507fs, G529fs, G540fs"", ""classification"": ""Likely pathogenic"", ""found_in"": [""clinvar""]}"
ClinVar:VCV004904548	variant	NM_001032221.6(STXBP1):c.1655G>T (p.Cys552Phe)	"{""consequence"": [""missense variant""], ""protein_change"": ""C552F, C538F, C516F, C549F"", ""classification"": ""Likely pathogenic"", ""found_in"": [""clinvar""]}"
ClinVar:VCV004904550	variant	NM_003165.6(STXBP1):c.1710del (p.His571fs)	"{""consequence"": [""frameshift variant"", ""intron variant""], ""protein_change"": ""H535fs, H557fs, H571fs"", ""classification"": ""Likely pathogenic"", ""found_in"": [""clinvar""]}"
ClinVar:VCV004916823	variant	NM_001330260.2(SCN8A):c.309_310del (p.Phe104fs)	"{""consequence"": [""frameshift variant""], ""protein_change"": ""F104fs"", ""classification"": ""Likely pathogenic"", ""found_in"": [""clinvar""]}"
ClinVar:VCV004916824	variant	NM_001330260.2(SCN8A):c.415A>T (p.Met139Leu)	"{""consequence"": [""missense variant""], ""protein_change"": ""M139L"", ""classification"": ""Likely pathogenic"", ""found_in"": [""clinvar""]}"
ClinVar:VCV004916830	variant	NM_001330260.2(SCN8A):c.994C>T (p.Gln332Ter)	"{""consequence"": [""nonsense""], ""protein_change"": ""Q332*"", ""classification"": ""Likely pathogenic"", ""found_in"": [""clinvar""]}"
ClinVar:VCV004916831	variant	NM_001330260.2(SCN8A):c.1234A>C (p.Met412Leu)	"{""consequence"": [""missense variant""], ""protein_change"": ""M412L"", ""classification"": ""Likely pathogenic"", ""found_in"": [""clinvar""]}"
ClinVar:VCV004916844	variant	NM_001330260.2(SCN8A):c.2543T>C (p.Leu848Ser)	"{""consequence"": [""missense variant""], ""protein_change"": ""L848S"", ""classification"": ""Likely pathogenic"", ""found_in"": [""clinvar""]}"
ClinVar:VCV004916846	variant	NM_001330260.2(SCN8A):c.2764T>C (p.Phe922Leu)	"{""consequence"": [""missense variant""], ""protein_change"": ""F922L"", ""classification"": ""Likely pathogenic"", ""found_in"": [""clinvar""]}"
ClinVar:VCV004916856	variant	NM_001330260.2(SCN8A):c.3976T>C (p.Ser1326Pro)	"{""consequence"": [""missense variant""], ""protein_change"": ""S1285P, S1326P"", ""classification"": ""Likely pathogenic"", ""found_in"": [""clinvar""]}"
ClinVar:VCV004916858	variant	NM_001330260.2(SCN8A):c.4231A>G (p.Thr1411Ala)	"{""consequence"": [""missense variant""], ""protein_change"": ""T1370A, T1411A"", ""classification"": ""Likely pathogenic"", ""found_in"": [""clinvar""]}"
ClinVar:VCV004916861	variant	NM_001330260.2(SCN8A):c.4444A>C (p.Thr1482Pro)	"{""consequence"": [""missense variant""], ""protein_change"": ""T1482P, T1441P"", ""classification"": ""Likely pathogenic"", ""found_in"": [""clinvar""]}"
ClinVar:VCV004916868	variant	NM_001330260.2(SCN8A):c.5190T>A (p.Ser1730Arg)	"{""consequence"": [""missense variant""], ""protein_change"": ""S1730R, S1689R"", ""classification"": ""Likely pathogenic"", ""found_in"": [""clinvar""]}"
ClinVar:VCV004917664	variant	NM_005639.3(SYT1):c.902AGA[1] (p.Lys302del)	"{""consequence"": [], ""protein_change"": ""K302del, K299del"", ""classification"": ""Likely pathogenic"", ""found_in"": [""clinvar""]}"
ClinVar:VCV004917666	variant	NM_005639.3(SYT1):c.1096G>A (p.Asp366Asn)	"{""consequence"": [""missense variant""], ""protein_change"": ""D363N, D366N"", ""classification"": ""Likely pathogenic"", ""found_in"": [""clinvar""]}"
ClinVar:VCV004928131	variant	NM_001199107.2(TBC1D24):c.166C>T (p.Gln56Ter)	"{""consequence"": [""nonsense""], ""protein_change"": ""Q56*"", ""classification"": ""Likely pathogenic"", ""found_in"": [""clinvar""]}"
ClinVar:VCV004928140	variant	NM_001199107.2(TBC1D24):c.1214G>A (p.Gly405Asp)	"{""consequence"": [""missense variant""], ""protein_change"": ""G399D, G405D"", ""classification"": ""Likely pathogenic"", ""found_in"": [""clinvar""]}"
ClinVar:VCV004933594	variant	NM_014232.3(VAMP2):c.2+2T>C	"{""consequence"": [""5 prime UTR variant"", ""splice donor variant""], ""protein_change"": """", ""classification"": ""Likely pathogenic"", ""found_in"": [""clinvar""]}"
ClinVar:VCV004943304	variant	NM_003660.4(PPFIA3):c.1637G>A (p.Trp546Ter)	"{""consequence"": [""nonsense"", ""non-coding transcript variant""], ""protein_change"": ""W546*"", ""classification"": ""Likely pathogenic"", ""found_in"": [""clinvar""]}"
ClinVar:VCV004950058	variant	NM_001367721.1(CASK):c.2518C>T (p.Gln840Ter)	"{""consequence"": [""nonsense""], ""protein_change"": ""Q811*, Q835*, Q840*, Q834*, Q812*"", ""classification"": ""Likely pathogenic"", ""found_in"": [""clinvar""]}"
ClinVar:VCV004950066	variant	NM_001367721.1(CASK):c.1663dup (p.Met555fs)	"{""consequence"": [""frameshift variant""], ""protein_change"": ""M549fs, M555fs"", ""classification"": ""Likely pathogenic"", ""found_in"": [""clinvar""]}"
ClinVar:VCV004950067	variant	NM_001367721.1(CASK):c.1559del (p.His520fs)	"{""consequence"": [""frameshift variant""], ""protein_change"": ""H514fs, H520fs"", ""classification"": ""Likely pathogenic"", ""found_in"": [""clinvar""]}"
ClinVar:VCV004950070	variant	NM_001367721.1(CASK):c.1177_1178del (p.Lys393fs)	"{""consequence"": [""frameshift variant""], ""protein_change"": ""K393fs, K387fs"", ""classification"": ""Likely pathogenic"", ""found_in"": [""clinvar""]}"
ClinVar:VCV004950077	variant	NM_001367721.1(CASK):c.709-1G>A	"{""consequence"": [""splice acceptor variant""], ""protein_change"": """", ""classification"": ""Likely pathogenic"", ""found_in"": [""clinvar""]}"
ClinVar:VCV004950080	variant	NM_001367721.1(CASK):c.410_411del (p.Ile137fs)	"{""consequence"": [""frameshift variant""], ""protein_change"": ""I137fs"", ""classification"": ""Likely pathogenic"", ""found_in"": [""clinvar""]}"
ClinVar:VCV004974528	variant	NM_001032221.6(STXBP1):c.170-3_325+2del	"{""consequence"": [""splice acceptor variant"", ""splice donor variant""], ""protein_change"": """", ""classification"": ""Likely pathogenic"", ""found_in"": [""clinvar""]}"
ClinVar:VCV004975122	variant	NM_001367721.1(CASK):c.1840C>T (p.Gln614Ter)	"{""consequence"": [""nonsense""], ""protein_change"": ""Q585*, Q591*, Q608*, Q614*"", ""classification"": ""Pathogenic"", ""found_in"": [""clinvar""]}"
ClinVar:VCV004975160	variant	NM_001330260.2(SCN8A):c.5114C>A (p.Ala1705Asp)	"{""consequence"": [""missense variant""], ""protein_change"": ""A1664D, A1705D"", ""classification"": ""Likely pathogenic"", ""found_in"": [""clinvar""]}"
FUNDER:NCATS	funder	National Center for Advancing Translational Sciences	"{""abbreviation"": ""NCATS"", ""found_in"": [""reporter""]}"
FUNDER:NCI	funder	National Cancer Institute	"{""abbreviation"": ""NCI"", ""found_in"": [""reporter""]}"
FUNDER:NEI	funder	National Eye Institute	"{""abbreviation"": ""NEI"", ""found_in"": [""reporter""]}"
FUNDER:NHGRI	funder	National Human Genome Research Institute	"{""abbreviation"": ""NHGRI"", ""found_in"": [""reporter""]}"
FUNDER:NHLBI	funder	National Heart Lung and Blood Institute	"{""abbreviation"": ""NHLBI"", ""found_in"": [""reporter""]}"
FUNDER:NIA	funder	National Institute on Aging	"{""abbreviation"": ""NIA"", ""found_in"": [""reporter""]}"
FUNDER:NIAID	funder	National Institute of Allergy and Infectious Diseases	"{""abbreviation"": ""NIAID"", ""found_in"": [""reporter""]}"
FUNDER:NIAMS	funder	National Institute of Arthritis and Musculoskeletal and Skin Diseases	"{""abbreviation"": ""NIAMS"", ""found_in"": [""reporter""]}"
FUNDER:NICHD	funder	Eunice Kennedy Shriver National Institute of Child Health and Human Development	"{""abbreviation"": ""NICHD"", ""found_in"": [""reporter""]}"
FUNDER:NIDDK	funder	National Institute of Diabetes and Digestive and Kidney Diseases	"{""abbreviation"": ""NIDDK"", ""found_in"": [""reporter""]}"
FUNDER:NIGMS	funder	National Institute of General Medical Sciences	"{""abbreviation"": ""NIGMS"", ""found_in"": [""reporter""]}"
FUNDER:NIMH	funder	National Institute of Mental Health	"{""abbreviation"": ""NIMH"", ""found_in"": [""reporter""]}"
FUNDER:NINDS	funder	National Institute of Neurological Disorders and Stroke	"{""abbreviation"": ""NINDS"", ""found_in"": [""reporter""]}"
FUNDER:VA	funder	Veterans Affairs	"{""abbreviation"": ""VA"", ""found_in"": [""reporter""]}"
GRANT:F30CA239367	grant	Glycolysis and Glutaminase in CD8 T cell differentiation and anti-tumor immunity	"{""activity_code"": ""F30"", ""fiscal_years"": [2021, 2022], ""is_active"": false, ""total_award"": 99732, ""start"": ""2020-01-01"", ""end"": ""2022-12-31"", ""abstract"": ""Summary\nImmunotherapy has transformed cancer treatment and improved clinical outcomes, but it does not cure most\npatients. Treatments such as anti-PD1 monoclonal antibodies and chimeric antigen receptor (CAR) T cells\nfunction by boosting the activity of cancer-specific interferon gamma-producing Th1 CD4 T cells and\ncytotoxic CD8 T cells (CTL). Increased effector function, however, must be balanced with the ability of anti-\ncancer T cells to persist long-term. A key goal of immunotherapy is to enhance effector function while\nmaintaining T cell longevity and memory. It is now clear from work in the Rathmell lab that effector T cells\nutilize high rates of glycolysis while memory cells utilize mitochondrial pathways. Here I propose to test cell\nmetabolism as a means to enhance both effector and memory T cell populations in immunotherapy. T cells\nradically alter their metabolism upon activation and increase glycolysis and glutamine oxidation\n(glutaminolysis) to support differentiation, effector function, and eventual generation of long-term memory that\ndepend on mitochondria. Modulation of T cell glutamine metabolism may augment the efficacy of\nimmunotherapy by enhancing both T cell effector function or memory capacity. The Rathmell Lab has shown\nthat the metabolic program aerobic glycolysis is essential for effector T cell (Teff) function in inflammation and\nin tumors. Glutaminolysis complements glycolysis to fuel T cells by converting glutamine to the tricarboxylic\nacid cycle intermediate alpha-ketoglutarate (aKG). Using a conditional knockout of the glutaminolysis enzyme\nGlutaminase (GLS), which converts glutamine to glutamate, and an inhibitor of GLS that is currently in clinical\ntrials as an anti-cancer agent, we have found that inhibition of GLS leads to a compensatory increase in\nglycolysis that enhances Th1 and CTL Teff function and differentiation. In addition to increasing effector\nfunction, however, I found that GLS inhibition also increases expression of inhibitory receptors, and chronic\nGLS deficiency ultimately suppresses T cells. In contrast, transient GLS inhibition enhanced Teff function while\nalso priming mitochondrial metabolism for a memory-like differentiation, and led to improved T cell persistence\nin vivo. In this proposal, I will test the hypothesis that transient GLS inhibition can augment Teff function and\nmaintain T cell survival and memory to boost anti-cancer immunotherapy efficacy, whereas chronic GLS\ninhibition will drive compensatory glycolysis, terminal Teff differentiation, and exhaustion. I will: (1) Test how\ntransient versus chronic GLS inhibition affects CTL fate by determining differences in memory T cell formation,\nassessing the contribution of compensatory glycolysis to Teff phenotypes, and establishing the mitochondrial\nconsequences of GLS inhibition; and (2) Test the effect of GLS inhibition on the immunotherapy efficacy of\nCD19-targeted CAR T cells and anti-PD1 treatment. These studies will demonstrate a new approach to\nimprove anti-cancer immunotherapy and highlight a strategy of using GLS inhibition to modulate T cell\nmetabolism and differentiation."", ""found_in"": [""reporter""]}"
GRANT:F30HD114410	grant	Inhibitory neuron dysfunction in intellectual disability and epilepsy	"{""activity_code"": ""F30"", ""fiscal_years"": [2024, 2025, 2026], ""is_active"": true, ""total_award"": 155315, ""start"": ""2024-03-15"", ""end"": ""2027-05-14"", ""abstract"": ""PROJECT SUMMARY\nCASK encodes the synaptic protein calcium/calmodulin-dependent serine protein kinase and is one of the five\nmost common X-linked genes with de novo variants in developmental disorders. Loss-of-function variants in\nCASK result in a heterogeneous syndrome collectively known as CASK-related disorders (CRDs) with hallmark\nsymptoms including intellectual disability (ID) and epilepsy. These patients, like many other children with rare\nneurodevelopmental disorders (NDDs), are clinically underserved without pharmacotherapies for ID and with\nincreased resistance to anti-seizure medications. There is a critical need to understand the neuronal\nmechanisms of CRDs to identify targets for therapeutics to address this gap. While mouse models of CRDs have\nepilepsy, they have not yet been investigated for cognitive deficits, despite ID being the most penetrant symptom\nin patients. Conditional Cask KO in inhibitory neurons has recapitulated epileptic phenotypes with preliminary\ndata suggesting altered synaptic function. Thus, the central hypothesis is that Cask dysfunction in inhibitory\nneurons causes both cognitive deficits and epilepsy due to impaired synaptic transmission. This will be studied\nthrough genetic manipulations in combination with various techniques. Aim 1 will test the mouse model for\ncognitive deficits and determine the contribution of inhibitory neuron specific Cask KO to the phenotype; Aim 2\nwill investigate changes in inhibitory neuron pre-synaptic output via paired whole-cell patch clamp; and Aim 3\nwill determine inhibitory neuron post-synaptic input changes via ex vivo whole-cell patch clamp and how these\nchanges translate into in vivo neuronal activity via two-photon Ca2+ imaging. The overall goal of this project uses\nmouse models to determine how the loss of Cask in inhibitory neurons alters synaptic function to result in disease\npathogenesis and is designed to prepare the applicant for a career as a pediatric neurologist specializing in\ntreating patients with and studying NDDs. This project furthers the applicant’s long-term goal of understanding\ncortical interneuron development and homeostasis and how perturbations result in NDDs, with the end goal of\ndeveloping novel therapeutics. The Xue lab has a strong track-record of successful MSTP trainees and conducts\nimpactful research using mouse models of human NDDs to discover neuronal mechanisms that contribute to\ndisease. Furthermore, the collaborative training environment of both Baylor College of Medicine and the Jan and\nDan Duncan Neurologic Research Institute provide state-of-the-art technology cores, experts in the field of\nNDDs, and a central location in the Texas Medical Center that will facilitate the success of the project and training\nof the applicant. The proposed research is expected to elucidate how inhibitory neuron dysfunction contributes\nto cognitive deficits and epilepsy in mouse models of CASK-related disorders and the concomitant synaptic input\nand output changes that result in the observed phenotypes. This contribution will be significant because the\npathophysiologic alterations identified from this study will guide molecular investigations of therapeutic targets\nin addition to contributing to discoveries of common mechanisms of intellectual disability and epilepsy in NDDs."", ""found_in"": [""reporter""]}"
GRANT:F31CA243148	grant	The Role of Vascular Endothelial Glutaminase in Tumor Vessel Normalization and Response to Therapy	"{""activity_code"": ""F31"", ""fiscal_years"": [2021], ""is_active"": false, ""total_award"": 33247, ""start"": ""2019-09-01"", ""end"": ""2022-08-31"", ""abstract"": ""Project Summary/Abstract\nTumor blood vessels provide nutrition and oxygen and eliminate waste from tumor tissue.\nHowever, tumor-associated vessels are dysfunctional and structurally abnormal. They are\noften leaky and tortuous with chaotic blood flow, resulting in decreased drug delivery and\nreduced infiltration of immune cells. Complete blockade of tumor blood vessel formation has\nresulted in hypoxia, nutrient stress, and increased tumor cell motility and metastasis. A new\nconcept to repair abnormal tumor vasculature, known as tumor vessel normalization, has been\ninvestigated to improve tumor vessel perfusion and oxygenation, reduce metastasis and\nincrease efficacy of cancer immunotherapy. Several mechanisms, including inhibition of\naerobic glycolysis in endothelium, have been shown to improve tumor vessel normalization.\nIn addition to glycolysis, glutamine metabolism is required for proliferation and migration of ECs.\nAlthough glutamine metabolism is well studied in the context of cancer, its role in tumor vascular\nendothelial cells (TEC) is poorly understood. Using endothelium-specific glutaminase knockout\nmouse model and TNBC/basal-like cell lines, I propose to fill this gap by investigating the role of\nvascular endothelial glutaminase in tumor vessel normalization, tumor growth, metastasis, and\nresponse to therapy. To achieve this goal, I will first assess tumor vasculature for pericytes,\ntortuosity, diameter, perfusion, and leakiness, as well as tumor infiltrating lymphocytes, following\nGLS deletion from endothelial cells (Aim 1). Furthermore, I will use murine tumor models in the\ncontext of GLS knockout in TEC and assess tumor growth, metastasis, and response to both\nchemotherapy and immunotherapy (Aim 2). The success of this project will provide translational\nimpact in the treatment of aggressive breast cancer TNBC or other cancers and will give me the\nknowledge and experience in the scientific method to launch my career as an independent\ninvestigator."", ""found_in"": [""reporter""]}"
GRANT:F31CA243276	grant	Metabolic alterations contributing to enzalutamide resistance in prostate cancer	"{""activity_code"": ""F31"", ""fiscal_years"": [2021, 2022], ""is_active"": false, ""total_award"": 72672, ""start"": ""2020-08-03"", ""end"": ""2023-03-31"", ""abstract"": ""Project Summary/Abstract\nResistance to the androgen receptor (AR) antagonist enzalutamide remains a major cause of mortality among\nprostate cancer (PCa) patients. Thus, it is crucial that we identify which patients will become resistant and\ndefine the mechanism by which resistance develops. Because metabolic alterations are critical for determining\nwhether cancer cells will resist stress and proliferate, this proposal aims to define the metabolic program that\ndrives enzalutamide resistance. Comparative metabolic studies in six paired enzalutamide-sensitive (EnzS)\nand enzalutamide-resistant (EnzR) PCa cell lines indicate that EnzR cells have enhanced glutamine\nmetabolism and are more glutamine dependent. This is supported by previous data showing that AR promotes\nglutamine uptake and glutaminolysis. Further characterization indicates that resistant cells have increased\noxidative stress, and the growth of EnzR cells is promoted by antioxidants, such as glutathione (GSH). The\nrole of oxidative stress is corroborated by data suggesting that enzalutamide inhibits antioxidants and induces\nreactive oxygen species (ROS). Given that an important role of glutamine is to generate antioxidants, we\npropose that enhanced glutamine metabolism drives enzalutamide resistance in prostate cancer by\nupregulating antioxidant programs to tolerate increased oxidative stress, and this resistance mechanism is\ntargetable. This proposal will test this hypothesis through the use of unbiased steady-state and metabolic flux\ntechniques in EnzS and EnzR cells in vitro, mouse xenografts in vivo, and patient tumors. The link between\nmetabolic dependencies and ROS will be further characterized by fluorescence microscopy and enzymatic\nactivity approaches. RNAi, CRISPR-Cas9, and lentiviral-mediated overexpression of glutaminase (GLS), a\ncritical enzyme in glutaminolysis, and glutamate-cysteine ligase, a rate-limiting enzyme for GSH synthesis, will\nbe used to establish the necessity and sufficiency of these alterations for driving resistance. Known inhibitors\nof these enzymes will be used in vitro, in vivo, and in patient-derived tumors cultured ex vivo to determine\nwhether these therapeutic strategies will be potentially efficacious in the treatment of EnzR PCa. This\nproposed research will provide the understanding of mechanisms that enable the evolution of enzalutamide\nresistance and allow for the development of therapies leading to more durable responses to enzalutamide in\nthe clinic."", ""found_in"": [""reporter""]}"
GRANT:F31CA294618	grant	Elucidating Glutamine Metabolism in Breast to Bone Metastasis	"{""activity_code"": ""F31"", ""fiscal_years"": [2024, 2025, 2026], ""is_active"": true, ""total_award"": 104814, ""start"": ""2024-07-01"", ""end"": ""2027-06-30"", ""abstract"": ""Project Summary\nSeveral aggressive types of breast cancer (BCa) are nutritionally reliant on glutamine metabolism, and glutamine\nuptake has been shown to be enhanced in BCa bone-homing clonal cell populations. This is especially significant\nas bone metastasis will occur in approximately 70% of women with metastatic BCa and remain clinically\nincurable. The enzyme glutaminase (GLS) catalyzes the conversion of glutamine to glutamate, and I have shown\nthat its loss in bone tropic BCa cell lines results in reduced osteolysis. During outgrowth of bone metastases,\nbone destruction is driven by changes in bone-forming osteoblasts and bone-degrading osteoclasts, known as\nthe “vicious cycle.” As the metabolic conversion catalyzed by GLS is also essential to osteoblast lineage\ncommitment, a genetically modified mouse model was used to delete Gls in osteoblast progenitors. Surprisingly,\nloss of GLS function in osteoblast progenitors led to reduced bone destruction and osteoclast numbers. This\nproposal seeks to identify the mechanisms by which glutamine metabolism in the bone niche influences bone\ndestruction and how they could be exploited therapeutically. I hypothesize that loss of functional GLS in bone-\ntropic BCa cells induces a senescence-like phenotype that reduces tumor burden and confers sensitivity to\nsenolytic therapy while GLS loss in osteoblast progenitors limits release of osteoclastogenic signals, reducing\nbone destruction by cutting off the “vicious cycle.” In Specific Aim 1, I will follow up on data from an RNA-seq\nanalysis, which indicated upregulation of Ypel2 (Yippee-like protein 2) in GLS KO cells, a gene that has been\nlinked to cell cycle arrest and senescence in endothelial cells. I will use CRISPR/Cas9 to KO and overexpress\nYpel2 in various GLS WT and KO breast cancer cell lines and test for cell cycle activity and detect markers of\nsenescence. I will also test for the presence and levels of osteolytic factors such as PTHrP (in vitro) and RANKL\n(in vivo). Finally, I will test the effect of genetic deletion and pharmacologic inhibition of GLS (CB-839) on\nsensitivity of aggressive breast cancer cell lines E0771, 4T1-2, and MDA-MB-231-BoM to senolytic treatment in\nvitro and in vivo. In Specific Aim 2, to determine the effect of osx-driven GLS KO (GLSOBKO) on osteoblast\ndifferentiation and function, I will co-culture osteoblasts from mice with GLSOBKO with bone-tropic BCa cells ex\nvivo and test for osteoblast differentiation and function, including production of osteoblast-specific proteins\n(RUNX2, OPN, OCN, etc.). This will allow me to determine the effect of tumor cell signaling on the compromised\nosteoblast progenitors. To determine the effect of GLS loss in osteoblast progenitors on osteoclastogenesis and\nosteoclast function in tumor-bearing bones, I will perform RNA-scope analysis and Tartrate-Resistant Acid\nPhosphatase (TRAP) staining on tissue sections from GLSOBKO mice and wild type controls. Findings from this\nresearch have the potential to provide new information about a highly morbid, yet incurable manifestation of\nmetastatic breast cancer and could even raise the possibility of using pre-existing cancer therapies targeting\nglutamine metabolism to ameliorate bone metastatic burden in breast cancer."", ""found_in"": [""reporter""]}"
GRANT:F31DK148143	grant	The Role of Glutamine in Pancreatic Alpha Cells	"{""activity_code"": ""F31"", ""fiscal_years"": [2026], ""is_active"": true, ""total_award"": 35556, ""start"": ""2026-06-01"", ""end"": ""2029-05-31"", ""abstract"": ""PROJECT SUMMARY\nGlucagon (GCG) secreted from pancreatic islet alpha (α) cells regulates blood glucose, but increasing\nevidence has evolved our understanding of α-cells’ role as potent amino acid sensors that integrate multiple\nnutrient signals to modulate GCG secretion and the downstream homeostasis of each macronutrient. Rising\ncirculating amino acids (e.g., after meals) stimulate glucagon secretion, and in turn, glucagon stimulates\namino acid transport and catabolism in the liver, increasing hepatic glucose output. As such,\nhyperglucagonemia contributes to hyperglycemia in diabetes. Blocking GCG receptor signaling in the liver\nby any means leads to improved glycemia but also hyperaminoacidemia, hyperglucagonemia, and α-cell\nproliferation and hyperplasia. These findings support the existence of a classical endocrine feedback loop\ncalled the liver-αcell axis. However, the mechanisms linking α-cell amino acid sensing to α-cell function\nremain poorly understood. Studies from our group identify glutamine as a major regulator of α-cell\nproliferation and glucagon secretion, but the underlying mechanism has not been studied. Notably,\nglutaminase (GLS), which catalyzes the conversion of glutamine to glutamate, is highly and selectively\nexpressed in α-cells compared to other pancreatic cells, suggesting a specialized role in α-cell metabolism.\nThe overarching objective of this proposal is to define how glutamine metabolism in α-cells regulates\nproliferation, signaling, and function. Our preliminary data demonstrate that inhibition of GLS suppresses\nglutamine-driven α-cell proliferation, mTORC1 activation, and glucagon secretion, indicating that GLS-\nderived glutamate may be essential for α-cell homeostasis. Additionally, emerging evidence suggests that\nglutamate availability influences mTORC1 activation, redox balance, and mitochondrial function —critical\nregulators of cell survival and hormone secretion. Therefore, we hypothesize that inhibiting glutaminase\nactivity impairs α-cell function by decreasing glutamate availability, thereby inhibiting mTORC1 activation,\nincreasing reactive oxygen species, decreasing mitochondrial function, and ultimately decreasing GCG\nsecretion. To test this, we will use a recently generated inducible α-cell-specific Gls knock-out mouse model\nto study the role of GLS in α-cells without impacting other cell types throughout the body. To ensure our\nfindings are relevant to human physiology, we will treat human cadaveric islets with a selective\npharmacological inhibitor of GLS. Aim 1 will examine the role of GLS in proliferation, mTORC1 activation,\nglutamate content and secretion, and glucagon secretion. Aim 2 will test if GLS activity affects redox balance\nand metabolic flux. Collectively, these studies will define the molecular mechanisms linking glutamine\nmetabolism to α-cell function and establish the importance of GLS in maintaining α-cell homeostasis. Given\nthat hyperglucagonemia is a key feature of metabolic dysfunction, these findings could reveal novel\ntherapeutic targets to modulate glucagon secretion."", ""found_in"": [""reporter""]}"
GRANT:F31HL152529	grant	Connecting TCA cycle flux and epigenetic regulation of hematopoiesis	"{""activity_code"": ""F31"", ""fiscal_years"": [2021, 2022], ""is_active"": false, ""total_award"": 59669, ""start"": ""2020-05-01"", ""end"": ""2023-03-31"", ""abstract"": ""Summary\nHematopoietic Stem Cells (HSCs) possess distinct metabolic programs that regulate decisions to self-renew or\ndifferentiate. Metabolic pathways are now recognized to modulate epigenetic marks through accessibility of\nmetabolic intermediates as substrates, including α-ketoglutarate (αKG) and acetyl-CoA for post-translational\ndemethylation or acetylation, respectively. Recent research suggests that perturbations of glutamine and\nacetate metabolism may provoke lineage-specific differentiation by altering epigenetic-mediated chromatin\naccessibility and gene expression responsible for lineage determination. Indeed, data from the Rathmell lab\ndemonstrates that disruption of Glutaminase (GLS), the entry point of glutamine into the metabolic pool\nresponsible for catalyzing glutamine to glutamate, changes histone methylation patterns to promote Th1 and\ninhibit Th17 CD4+ effector T-cell differentiation, altering accessibility of the loci of cytokines Ifng and Il17. GLS\nprocesses glutamine to replenish the carbon pool of the tricarboxylic acid (TCA) cycle, contributing to TCA cycle\nintermediates that also regulate epigenetic modifying reactions. Specifically, αKG, succinate, and fumarate serve\nas regulators and substrates of histone and DNA demethylation enzymes. Similarly, ATP citrate lyase (ACLY)\nconnects TCA cycle flux with the histone acetylation substrate pool by catalyzing cytosolic citrate into acetyl-\nCoA. Maintaining both acetyl-CoA and αKG levels is crucial to epigenetic homeostasis, as reduced epigenetic\nenzyme substrates and regulators have been shown to broadly limit epigenetic modifying reaction rates.\nPreliminary data suggest that inhibiting ACLY promotes myeloid differentiation in cultured murine hematopoietic\nstem cells (HSCs). Here, I propose to use conditional knockout animals previously analyzed for T cell\ndifferentiation to disrupt GLS and ACLY in HSCs and LSCs and test the role of these enzymes in myeloid\ndifferentiation. I hypothesize that disrupting ACLY and GLS will inhibit stem cell self-renewal while promoting\nmyelomonocytic differentiation. I will tackle this central hypothesis through two aims. Aim 1: Determine how\nGLS or ACLY deficiency is sufficient to modulate HSC self-renewal and differentiation. This first aim\nrepresents a functional characterization of HSC self-renewal and differentiation both in vitro and in vivo, utilizing\nstem cell culture, flow cytometry, and CRISPR screen experiments. Aim 2: Establish how epigenetic\nmodification, gene regulator networks, and metabolic activity alter with GLS and ACLY deficiency in\nHSCs. The second aim focuses on the mechanism behind changes in stem cell self-renewal and differentiation\nexamined in Aim 1. We will assess changes in chromatin accessibility, histone modifications, transcriptome\nprofiles, and metabolite concentrations to determine how GLS and ACLY deficiencies impact stem cell regulatory\nnetworks. This project has the potential to uncover new interactions between epigenetics and metabolism in\nnormal hematopoiesis and acute myeloid leukemia with the prospect of identifying novel therapeutic targets for\nhematologic malignancies."", ""found_in"": [""reporter""]}"
GRANT:F31NS120584	grant	Differential Brain-Region Specific Roles of CASK in Optic Nerve Hypoplasia and Pontocerebellar Hypoplasia	"{""activity_code"": ""F31"", ""fiscal_years"": [2021, 2022], ""is_active"": false, ""total_award"": 55334, ""start"": ""2021-04-13"", ""end"": ""2022-05-09"", ""abstract"": ""PROJECT SUMMARY\nUnderstanding how different regions of the central nervous system (CNS) are affected by genetic insults is critical\nto advancing the study of CNS pathologies which present a major public health burden in the United States. The\ncerebellum and optic nerve are two such regions that are disproportionately hypoplastic in the majority of cases\nof CASK gene mutation in humans. CASK is an enigmatic multi-domain scaffolding protein which plays a vital\nrole in organizing protein complexes at the pre-synapse through interactions with both active zone proteins and\ntrans-synaptic adhesion molecules such as liprins-α and neurexins. Mutations in the X-linked CASK gene in\nhumans are largely post-natally lethal in the hemizygous condition and result in microcephaly with pontine and\ncerebellar hypoplasia (PCH) as well as optic nerve hypoplasia (ONH) in heterozygous mutations.\n While CASK has been traditionally regarded as playing a role in CNS development, recent data indicate\nthat it plays a continued role in the maintenance of the adult CNS. Specifically, acute global deletion of Cask in\nadult mice using a CreER-Tamoxifen system leads to progressive degeneration in motor coordination\nculminating in profound ataxia several months after tamoxifen injection. This coincides with a progressive\ndeterioration of cerebellar gross morphology. Thus, this presents a unique opportunity to understand the\ncontinued role of a gene, previously regarded as developmentally important, in the function of the adult CNS and\nhow this function may differ in a region-specific manner.\n Recently, it has been demonstrated that progression of ONH in the context of CASK-loss is non-cell\nautonomous in nature as deleting Cask from retinal ganglion cells themselves does not exacerbate ONH, but\ndeleting it from fibrous astrocytes of the optic nerve does exacerbate ONH. However, when Cask is deleted\nspecifically in granule cells (GCs) using a Calb2 promoter driven Cre recombinase, there appears to be a cell-\nautonomous death of GCs. This provides an opportunity to examine how underlying etiopathology and functional\nloss differ in two regions given the same genetic insult. As granule cells are the major excitatory driver of the\ncerebellum, this project will investigate the progression of granule cell loss, the correlation of granule cell loss to\nfunctional motor loss and ataxia, and the electrophysiological implications of loss of the major excitatory driver\nin an isolated brain region. Further, the project will elucidate whether aberrations in spike-timing and frequency\namong cerebellar Purkinje cells precede or follow anatomical reductions in granule cell number. The project will\nalso examine whether visual function correlates to optic nerve diameter in models which display ONH but not\nPCH and vice versa using visual evoked potential recordings from V1 of visual cortex and the dorsal lateral\ngeniculate nucleus of the thalamus. Finally, the study will determine molecular mechanisms of non-apoptotic or\napoptotic cell death underlying loss of GCs. Thus, the study will investigate differing causes and functional\nconsequences with region-specificity in the context of a single genetic insult using Cask deletion as a test-case."", ""found_in"": [""reporter""]}"
GRANT:F31NS134264	grant	Aberrant Parvalbumin-Positive Interneuron Activity in SCN8A Epileptic Encephalopathy	"{""activity_code"": ""F31"", ""fiscal_years"": [2024], ""is_active"": false, ""total_award"": 31801, ""start"": ""2024-04-01"", ""end"": ""2024-12-31"", ""abstract"": ""PROJECT SUMMARY\nSCN8A epileptic encephalopathy (EE) is a severe epilepsy syndrome resulting from de novo gain-of-function\nmutations in the SCN8A gene, which encodes the voltage-gated sodium channel Nav1.6. Nav1.6 is expressed\nin both excitatory and inhibitory neurons and plays a critical role in action potential (AP) generation and\npropagation in both. Multiple previous studies have indicated that a gain-of-function Nav1.6 mutant results in\nhyperexcitability of excitatory cells. However, significantly less is known about how mutant Nav1.6 may impact\ninhibitory interneurons. Proper function of inhibitory interneurons is essential to constrain activity of excitatory\nneurons, and their dysfunction has been linked to various genetic epilepsy syndromes. The most numerous\ninhibitory interneuron subtypes are parvalbumin-positive (PV) and somatostatin-positive (SST) interneurons.\nPrevious work in our lab has shown deficits in SST interneurons in models of SCN8A EE. PV interneurons play\na crucial role in Dravet Syndrome, a genetic epilepsy syndrome caused by mutations in the sodium channel\nNav1.1, and they may play a role in temporal lobe epilepsy. Despite this, there have been no studies in the\nSCN8A EE field examining the effect of mutant Nav1.6 expression on PV interneuron physiology and the role\nthat they may play in seizures. Using global (Scn8aD/+) and conditional (Scn8aW/+-PV; expression solely in PV\ninterneurons) mouse models of SCN8A EE, this proposal seeks to test whether PV interneuron excitability is\naffected by mutant Nav1.6, and if this impacts overall network excitability and seizure susceptibility. My\npreliminary data suggest that PV interneurons possessing mutant Nav1.6 have increased persistent sodium\ncurrents and reduced excitability at high-firing frequencies via a state of action potential failure known as\ndepolarization block. I have also observed that conditional expression of a patient derived SCN8A mutation\nsolely in PV interneurons leads to spontaneous seizures in mice, further indicating the importance of this\ninterneuron subtype within SCN8A EE. In aim 1 of this proposal, I will record WT, Scn8aD/+, and Scn8aW/+ PV\ninterneurons to characterize any alterations in the intrinsic excitability, voltage-gated sodium currents, and\nsynaptic physiology of PV interneurons. This will clarify the impact of gain-of-function SCN8A mutations on PV\ninterneuron function and network excitability. In aim 2, using a Cre-dependent shRNA, I will test whether\ngenetic knockdown of Nav1.6 specifically in PV interneurons will rescue their aberrant excitability and if this will\nimpact seizure frequency in Scn8aD/+ mice. Overall, completion of these aims will allow for a comprehensive\ncharacterization of PV interneurons in SCN8A EE and will assess whether the specific targeting of these\ninterneurons might provide a novel therapeutic target."", ""found_in"": [""reporter""]}"
GRANT:F31NS141322	grant	Disease mechanism and genetic therapy for a pathogenic STXBP1 variant	"{""activity_code"": ""F31"", ""fiscal_years"": [2025, 2026], ""is_active"": true, ""total_award"": 80739, ""start"": ""2024-12-16"", ""end"": ""2026-05-22"", ""abstract"": ""PROJECT SUMMARY\nSTXBP1 encodes syntaxin-binding protein 1, an essential protein for presynaptic neurotransmitter release.\nPatients with heterozygous pathogenic variants in STXBP1 are characterized by intellectual disability, epilepsy,\nmovement, and psychiatric disorders, which are collectively termed STXBP1-encephalopathy (STXBP1-E).\nSTXBP1-E is among the most common and severe forms of developmental and epileptic encephalopathy. The\ncurrent treatments at best only alleviate individual symptoms without targeting the underlying genetic defect.\nHaploinsufficiency has been clearly identified as the disease mechanism for patients with truncating variants,\nwhich is supported by multiple in vivo mammalian models that recapitulate neurological phenotypes of patients.\nIn contrast, the mechanism of action for missense variants, which make up 48% of the STXBP1-E patient\npopulation, remains unclear, in part due to the lack of in vivo mammalian models with construct and face validity.\nThis leaves a critical knowledge gap in understanding the disease mechanism and developing mechanism-based\ngenetic therapies. Thus, there is a critical need to establish a mouse model of STXBP1 missense variants to\naddress this gap. To this end, the applicant focused on one of the most common and understudied missense\nvariants in STXBP1 and has established a knock-in mouse model that recapitulates all key aspects of disease\nincluding epilepsy and impaired motor and cognitive functions. The goal of this project is to use this mouse model\nto understand the molecular and synaptic mechanisms (Aim 1) and determine the efficacy of an adeno-\nassociated virus (AAV)-based gene therapy in rescuing the neurological dysfunctions (Aim 2). The applicant will\nuse genetic manipulations in combination with various techniques including biochemistry, electrophysiology,\noptogenetics, behavioral assays, and electroencephalography (EEG) recordings. The proposed research is\nexpected to elucidate how a common missense variant contributes to neurological phenotypes in a mouse model\nof STXBP1 encephalopathy and determine the potential of gene therapy as a therapeutic option. Furthermore,\nthis project is designed to prepare the applicant for a career as an independent scientist in research and\ndevelopment and furthers the applicant’s long-term goal of performing gene therapy research to reduce the\nburden of neurological disease for all people. The Sponsor, Dr. Mingshan Xue, has a strong track-record of\nsuccessful trainees and his lab conducts impactful research using mouse models of neurodevelopmental\ndisorders to discover disease mechanisms and genetic therapies to treat the disease. Furthermore, the\ncollaborative training environment of both Baylor College of Medicine and the Jan and Dan Duncan Neurological\nResearch Institute provides state-of-the-art technology cores, experts in the field of neurological disorders, and\na central location in the Texas Medical Center that facilitates the success of the project and training of the\napplicant."", ""found_in"": [""reporter""]}"
GRANT:F31NS143361	grant	Investigating SCN8A developmental and epileptic encephalopathy mechanisms and treatments in a human cellular model of the thalamocortical circuit	"{""activity_code"": ""F31"", ""fiscal_years"": [2025, 2026], ""is_active"": true, ""total_award"": 99652, ""start"": ""2025-07-01"", ""end"": ""2027-12-31"", ""abstract"": ""PROJECT SUMMARY/ABSTRACT\n Mutations in the voltage-gated sodium channel (VGSC) gene, SCN8A, are associated with\ndevelopmental and epileptic encephalopathy (DEE). DEE is a severe condition, characterized by\nneurodevelopmental delay, behavioral and intellectual impairment, and seizures. Despite the availability of\nseveral VGSC-targeting pharmacological agents, no effective treatment exists for patients with SCN8A-DEE.\nAdditionally, seizure-altering medication rarely ameliorates DEE-associated cognitive and behavioral\ncomorbidities. To better understand the etiology of SCN8A-DEE and to test novel gene therapy approaches as\nalternatives to pharmacological interventions, I have generated a novel human induced pluripotent stem cell\n(hiPSC)-derived organoid model of the thalamocortical circuit (hTCO). This human cellular thalamocortical\nsystem produces rhythmic oscillations that resemble those that are affected in animal models of Scn8a-\nassociated epilepsy. Here, I will interrogate the underlying physiology of altered thalamocortical cellular and\nnetwork activity using whole-cell patch-clamp and two-photon calcium imaging techniques, as well as\nimmunohistochemical and transcriptomic analysis of control and SCN8A-DEE mutant hTCOs. My preliminary\nwork has already established that cells required for thalamocortical rhythm generation are present in hTCOs and\nthat hTCOs exhibit mature thalamocortical-like network activity. Using this model, I will test the hypothesis that\nSCN8A-DEE hTCOs demonstrate hypersynchronous oscillatory activity and delayed neural maturation in\ncomparison to control hTCOs. In addition to assessing circuit physiology, I will also examine the effects of two\nSCN8A-targeted gene therapies on neuronal and network physiology in SCN8A-DEE and control hTCOs. The\nfirst approach uses short hairpin RNAs (shRNAs) to knockdown SCN8A gene expression in order to reduce the\namount of hyperactive mutant SCN8A within neurons. The second approach involves the use of a novel peptide\nthat interacts with the intracellular inactivation gate to reduce SCN8A-DEE-associated increased persistent\nsodium current. This study will provide valuable training opportunities for me to learn cutting-edge approaches\nwhile I interrogate the mechanisms that lead to SCN8A-DEE. Exploration of SCN8A-DEE pathogenesis and\nexaminations of genetic therapeutic efficacy to treat SCN8A-DEE pathologies in a construct-valid, human cellular\nmodel system have strong potential to yield insights into SCN8A-DEE and improve the quality of life for patients\nliving with genetic epilepsies."", ""found_in"": [""reporter""]}"
GRANT:IK6BX005391	grant	BLRD Merit Review Research Career Scientist (RCS) Award (IK6)	"{""activity_code"": ""IK6"", ""fiscal_years"": [2021, 2022, 2023, 2024, 2025, 2026], ""is_active"": true, ""total_award"": 0, ""start"": ""2020-10-01"", ""end"": ""2027-09-30"", ""abstract"": ""Project Summary/Abstract\nThe goals of my research programs are to elucidate molecular mechanisms of tumor angiogenesis,\ncancer metabolism, and anti-tumor immunity, and to translate our discoveries towards improved\ncancer therapy. During this RCS award period I will continue to: (1) Targeting mTOR signaling\npathways in lung cancer subtypes that are refractory to current targeted therapies. We\ndemonstrated previously that mTOR is a common signaling node downstream of “bypass” kinases,\nand targeting mTOR represents a promising approach in multiple settings of drug resistance. Rictor,\na unique components of mTORC2, is commonly amplified in approximately 13% of lung cancer.\nWhile mTOR kinase inhibitors inhibit both mTORC1 and mTORC2, selective inhibition of mTORC2\nhas the advantage of not perturbing the mTORC1-dependent negative feedback loops and mTORC1-\nmediated inhibition of macropinocytosis in mutant Ras tumors. We found that point mutations\ndisrupting mLST8-mTOR binding specifically destabilize mTORC2 without affecting mTORC1,\npointing to a viable strategy for inhibitor design. We will continue to gain a rigorous understanding of\nthe contribution of mTORC2 to subtypes of lung cancer that are currently refractory to targeted\ntherapies, and to further investigate if targeting mLST8 can be used to selectively inhibit mTORC2.\n(2) Determine the therapeutic potential of low dose mTORC1 inhibitors in normalizing tumor\nblood vessels and recruiting anti-tumor lymphocytes. My lab pioneered studies of mTORC1 and\nmTORC2 in tumor blood vessels. We discovered that lymphocyte infiltration increased significantly in\nthe tumors with endothelial-specific deletion of Raptor (mTORC1 inactivation). Although standard\nhigh doses of Rapalogs can inhibit immune function, we discovered that a low, relatively immune-\nsparing dose of everolimus (RAD001), an mTORC1 inhibitor, normalized tumor blood vessels and\nenhanced tumor infiltrating lymphocytes. Promising results of pre-clinical animal studies will set the\nstage for initiating a clinical trial to improve immunotherapy. (3) Role of EphA2 RTK in glutamine\nmetabolism and anti-tumor immunity. Our serendipitous discovery that the ephrin-A1/EphA2\nsignaling axis regulates lipid accumulation in cancer cells has led us systematically to investigate the\nrole of ephrin-A1/EphA2 in tumor metabolism. Global metabolic profiling revealed a significant\nincrease in glutaminolysis, a critical metabolic pathway that generates intermediates for lipogenesis,\nin ephrin-A1 knockout or EphA2 overexpressing tumor cells. Investigation of mechanisms led us to\ndiscover that EphA2 RTK promotes glutamine metabolism by upregulation of the glutamine\ntransporter ASCT2 (encoded by SLC1A5) and glutaminase GLS via activation of the transcription\ncoactivators YAP and TAZ. Knockout of GLS in tumor cells, however, increases anti-tumor immunity.\nWe will continue to dissect the effects and mechanisms by which tumor cell-specific loss of GLS on\nimmune cells. Further, we will test and compare inhibitors of glutamine access (V-9302) or\nglutaminase (CB-839) on their effects in inhibiting tumor cells versus anti-tumor lymphocytes.\nSignificance: Success of these projects will have significant translational potential for the veteran\npopulations, by identifying new therapeutic targets for lung cancer subtypes that are refractory to\ncurrent targeted therapies, and by enhancing immunotherapies via normalization of tumor blood\nvessels and inhibition of tumor metabolism."", ""found_in"": [""reporter""]}"
GRANT:K00CA212445	grant	Myc-induced expression of glutamine synthetase	"{""activity_code"": ""K00"", ""fiscal_years"": [2021], ""is_active"": false, ""total_award"": 102501, ""start"": ""2016-09-21"", ""end"": ""2022-08-31"", ""abstract"": ""Project Summary\nThis is a F99/K00 application which will encompass my predoctoral and postdoctoral training. I have described\nmy research experience which pertains to my completed dissertation work in Aim 1. My training plan for\ndissertation work to be completed and skills to be gained are highlighted in Aim 2. Finally, Aim 3 describes my\nfuture training plans for the postdoctoral fellowship phase. My topic of research during my predoctoral training\n(F99) period is focused on understanding the regulation of glutamine metabolism by the oncogene Myc. Myc\noncoprotein is known to drive reprogramming of energy metabolism to meet the needs of energy consumption,\nmacromolecule biosynthesis, and waste disposal in cancer cells. Cancers with elevated level of Myc exhibit an\nincreased dependency on glutamine, which has been attributed to glutaminase (GLS), the enzyme catalyzing\nthe deamination of glutamine into glutamate to fuel the tricarboxylic acid (TCA) cycle. Intriguingly, my sponsor\nDr. Wei-Xing Zong’s laboratory recently found that Myc can induce the expression of glutamine synthetase\n(GS), the enzyme that catalyzes the reverse reaction of GLS, to promote the de novo synthesis of glutamine\nfrom glutamate and ammonia. My preliminary data demonstrate that ectopic GS expression leads to elevated\nglutamine that is used for nucleotide synthesis, uptake of essential amino acids, increased cell\ngrowth/proliferation/survival, and tumorigenesis. These data prompt the formation of the hypothesis that GS is\na critical mediator of Myc-driven tumorigenesis by generating glutamine to meet the increased demand of\nglutamine in cancer cells. Three specific aims are proposed to test this hypothesis: 1) Determine the metabolic\nrole of GS in the context of Myc activation; 2) Study the biological consequences of GS under Myc induction; 3)\nExplore the role of GS in vivo. Accomplishment of this project will unravel a novel mechanism through which\nMyc promotes reprogramming of cancer cell metabolism, and will help to establish GS as a therapeutic target.\nThis study will also offer a unique opportunity for me to receive top-notch training in both oncogenic signaling\nand in cancer cell metabolism, which will largely help me to transition to the postdoctoral phase (K00) which is\nan instrumental step to achieve my career goal to become an independent cancer biologist."", ""found_in"": [""reporter""]}"
GRANT:K00CA234839	grant	Metabolic Recycling and Compartmentalization in Tumor Progression	"{""activity_code"": ""K00"", ""fiscal_years"": [2021, 2022], ""is_active"": false, ""total_award"": 205497, ""start"": ""2019-03-01"", ""end"": ""2022-06-30"", ""abstract"": ""PROJECT SUMMARY\n Cancer cells elevate nutrient catabolism, causing excess production and accumulation of metabolic\nwaste, especially lactate and ammonia. Using stable isotope tracing and mass spectrometry, we discovered\nthat breast cancer cells scavenged ammonia generated by amino acid catabolism as a re-purposed nitrogen\nsource for biomass (Spinelli et al. Science, 2017). Ammonia recycling accelerated proliferation in 3D cell\nculture and in vivo mouse xenograft models. These studies lead to two follow-up questions that will be\naddressed in Specific Aim 1 (F99 phase) of this proposal. First (Aim 1A), what is the mechanism by which\nammonia stimulates breast cancer proliferation? Preliminary data supports the hypothesis that subcellular\ncompartmentalization of ammonia metabolism is required for its effect on proliferation rate. Using metabolic\ntracing and rapid immunoprecipiation, we tracked the localization of ammonia assimilation to the mitochondria\nand the subsequent efflux of metabolites to the cytosolic fraction, showing a role in ammonia-stimulated\nproliferation. Second (Aim 1B), what is the effect of this novel ammonia-recycling pathway on response to\ntherapy? Preliminary data shows that ammonia assimilation circumvents the effect of glutaminase (GLS)\ninhibitors through replenishing glutamate levels via glutamate dehydrogenase (GDH). Our proposed studies\nwill determine if GDH and GLS inhibition are synergistic in vivo and in primary breast cancer tumors to\nelucidate a mechanism by which breast cancer cells are resistant to GLS inhibition.\n Beyond ammonia, mitochondria promote tumor growth and proliferation through numerous metabolic\npathways. However, the mechanisms by which nutrients traverse the inner mitochondrial membrane are little\nstudied, particularly because 45% of the mitochondria nutrient transporter family is uncharacterized. Therefore,\nusing my expertise in metabolite tracing and mass spectrometry in addition to new skills gained in genetic\n(CRISPR) screening and bioinformatics, the proposed studies (Aim 2, K00 phase) will systematically assess\nthe role of mitochondrial nutrient transporters in tumor growth and survival. These data will be the first to\nglobally evaluate the essentiality of metabolic compartmentalization in cancer cells harboring oncogenic drivers\nsuch as KRAS, IDH and PI3K mutations. Furthermore, this study will elucidate the function of uncharacterized\nmitochondrial nutrient transporters.\n In addition to the proposed studies, the fellowship training plan includes gaining experience with\nmentorship, taking courses on responsible conduct of research, team management, and budgeting, and\nattending scientific conferences such as the Tumor Metabolism Keystone meeting to develop a network of\nscientific collaborators. The proposed studies will occur at Harvard Medical School and The Broad Institute,\nwhich have environments with the equipment, technology, core facilities, potential for collaboration, and the\nresources for research and career development needed to complete the proposed training plan."", ""found_in"": [""reporter""]}"
GRANT:K08NS119747	grant	Utilizing Human Brain Organoids to Model the Differential Effects of SCN8A Mutation on Cortex and Hippocampus	"{""activity_code"": ""K08"", ""fiscal_years"": [2021, 2022, 2023, 2024, 2025], ""is_active"": false, ""total_award"": 1120410, ""start"": ""2021-07-01"", ""end"": ""2026-06-30"", ""abstract"": ""Project Summary/Abstract\nEpilepsy is a severe and debilitating disease and a significant public health concern. Epilepsy is also a\ndisease without a medical cure, and a disease where about 1 in 3 patients fails to respond to anti-seizure\nmedications. In the most severe epilepsy syndromes of childhood, medical control of seizures can be even\nmore challenging. Novel experimental platforms have the potential to play a critical role in advancing our\nunderstanding and treatment of epilepsy. Brain organoids derived from human embryonic or induced\npluripotent stem cells are one such novel technology that has enormous potential. This is particularly true for\nsevere childhood epilepsies, as organoids are ideally suited to model early neural development. Organoids are\n3D structures that recapitulate complex elements of human brain such as its laminar organization and cell\ntypes seen in all six layers of human cortex. Since they can be human induced-pluripotent stem cell (hiPSC)\nderived, an organoid can be produced directly from patient tissue. Recent advances in organoid technology\nhave resulted in the ability to generate distinct brain region-like organoids such as forebrain cortex and\nhippocampus and to make “fusion” structures with integration of inhibitory and excitatory cell types.\n In the following proposal I will leverage these advances and build on an organoid platform that I have\nrecently developed to model brain circuit formation and dysfunction in epilepsy. Previously, l was able to\nrecapitulate hyperexcitable electrographic features in organoids derived from a patient with Rett syndrome, a\nneurological disorder highly associated with seizures and epilepsy. I have now generated cortical and\nhippocampal organoids from hiPSCs harboring mutations in the SCN8A gene. This mutation results in a\nsevere childhood epilepsy. I have found that the SCN8A mutant cortex organoids have a highly hyperexcitable\npattern of physiological activity compared to controls, whereas the SCN8A mutant hippocampus lacks a\nparticular type of neural oscillation that is important for memory consolidation called a sharp wave ripple. This\nfinding suggests that the SCN8A mutation results in different physiological activity patterns in distinct brain\nregions. Based on published studies, I hypothesize that this difference is primarily due to dysfunction of\nexcitatory neurons in the cortex versus inhibitory interneurons in the hippocampus. I will now use an array of\ntechniques such as calcium indicator imaging, extracellular recordings, immunohistochemistry, and\nmanipulation of the genetic background of excitatory and inhibitory neurons within the organoid to test this\nhypothesis. To increase the rigor and generalizability of my data, I will use hiPSC from three different patients\nwith pathogenic SCN8A mutations. Finally, I will perform drug testing to further isolate the role of specific cell\ntypes to the observed phenotypes and for consideration as therapeutic agents in patients. I expect that this will\nboth provide a blueprint for a novel methodology for epilepsy research and enhance our treatment and\nunderstanding of epilepsy and neural circuit dysfunction resulting from SCN8A mutations."", ""found_in"": [""reporter""]}"
GRANT:R00NS104215	grant	Voltage-gated sodium channel regulation of neocortical development	"{""activity_code"": ""R00"", ""fiscal_years"": [2021, 2022], ""is_active"": false, ""total_award"": 495427, ""start"": ""2018-09-15"", ""end"": ""2024-06-30"", ""abstract"": ""Voltage-gated sodium channels (VGSCs) are critical regulators of neuronal excitability and are associated with severe neurologic and neuropsychiatric disorders including autism, cognitive and motor impairment, and epilepsy. Mutations in VGSCs, including SCN8A, are among the most common genetic causes of treatment- resistant epilepsy in children. Despite recent advances, epilepsy has remained a persistent problem that needs improved treatments, as approximately 40% of epileptic patients do not achieve sufficient seizure control with current therapeutic interventions. The applicant, Dr. Makinson, has a strong background in epilepsy research. He completed his PhD at Emory University under the mentorship of Dr. Andrew Escayg, where he performed detailed genetic, molecular, and behavioral analyses of mice carrying clinically-relevant mutations, including multiple studies on the VGSCs Scn1a and Scn8a. For the first part of his postdoctoral training Dr. Makinson worked with Dr. John Huguenard (Stanford University) to identify a novel mechanism for absence seizure generation involving reductions in Scn8a and concurrent impairment in recurrent inhibition in the thalamus. He also was instrumental in a collaboration with the laboratory of Dr. Sergiu Pasca (Stanford University) in which he characterized the electrophysiological properties of neurons derived from human induced pluripotent stem cells (hiPSCs) grown into a 3D cortex-like structure. Recently, Dr. Makinson showed that region-specific spheroids, including excitatory (pallial) and GABAergic (subpallial) types, can be assembled to produce functionally integrated neural networks. In this proposal, Dr. Makinson seeks to develop rodent and in vitro human models of SCN8A impairment and to use these models to interrogate the underlying pathogenic mechanisms of clinically-relevant mutations and to identify new therapeutic strategies to treat disease. These studies are designed to provide mechanistic insight into the earliest points of disease progression that ultimately lead to severe epileptic encephalopathies and cognitive impairment. Specifically, Dr. Makinson seeks to investigate the changes in neuronal excitability, network activity, and neuronal migration that occur in cerebral spheroids carrying mutations in SCN8A. Dr. Makinson will be supervised by Drs. Huguenard (primary mentor) and Pasca (co-mentor) as well as the advisory committee including Drs. Christopher Lee-Messer, Kimford Meador, Justin Du Bois, and Liqun Luo. Dr. Makinson will receive advanced instruction in neurodevelopment and expert training in the generation of 3D hiPSC-derived neuronal cultures carrying mutations in the SCN8A gene by Dr. Pasca. Dr. Huguenard will provide advanced training in electrophysiology, optogenetics, multiphoton imaging, computer programming, and in the analysis of complex biological data. Dr. Makinson, has the long-term goal of becoming an independent tenure-track investigator studying the neuronal and molecular mechanisms of epilepsy."", ""found_in"": [""reporter""]}"
GRANT:R01AI153167	grant	Targeting Tfh Cell Metabolic Regulation in SLE and SLE-Associated Atherosclerosis	"{""activity_code"": ""R01"", ""fiscal_years"": [2021, 2022, 2023, 2024], ""is_active"": false, ""total_award"": 2227644, ""start"": ""2020-05-20"", ""end"": ""2026-04-30"", ""abstract"": ""PROJECT SUMMARY\nSystemic lupus erythematosus (SLE) is characterized by autoantibody production and immune complex\ndeposition and affects five to seven million individuals worldwide. Atherosclerosis and cardiovascular disease\nare common causes of early mortality in SLE, but immune-mediated mechanisms leading to this and other\ndisease sequelae are not well understood. Therefore, demand is high to identify targeted strategies to\novercome the undesirable side-effects of overt immunosuppression. In this application, we propose that the\ncellular metabolism of follicular helper T cells (Tfh), critical in promoting autoreactive B cell responses, may\nprovide novel SLE therapeutic targets. Conversely, regulatory T cells (Treg) may protect. Our group has\ndemonstrated that activated T cells increase glucose and glutamine consumption as they proliferate and\ndifferentiate into specific functional subsets. Importantly, differentiation and biosynthesis following activation\nrequires a distinct metabolic program. To date, Tfh metabolism remains poorly understood, but our data\nsuggest that both glucose and glutamine are essential and that Tfh appear to have high rates of glutaminolysis\nand are limited by rates of glucose uptake. It is now clear that these metabolic pathways regulate chromatin\naccessibility and gene expression by providing substrates for epigenetic modifications. Our data suggest that\nGlutaminase (GLS) and ATP-Citrate Lyase (ACLY), which regulate glutamine-dependent production of α-\nketoglutarate (αKG) and conversion of glucose-derived citrate to acetyl-CoA, respectively, regulate epigenetic\nmarks, gene expression and differentiation essential for Tfh function. These observations build on our previous\nwork demonstrating that GLS-inhibition led to reduced αKG and differential alterations to histone methylation\nand chromatin accessibility in CD4 Th1 and Th17 cells. Importantly, both GLS and ACLY-deficient T cells failed\nto generate or maintain Tfh in an in vivo model of chronic inflammation. We have also used a model for SLE-\naccelerated atherosclerosis and shown that T cells in atherosclerosis have increased rates of\nmetabolism. Further, Treg had reduced function and Tfh frequencies were increased. The current proposal\nwill test the hypothesis that Tfh cells require glutamine and citrate metabolism to regulate epigenetic marks and\nchromatin accessibility to allow gene expression for germinal centers and autoantibody production in SLE and\nthat targeting GLS or ACLY will disrupt epigenetic regulation of Tfh differentiation to treat disease. We will: (1)\nEstablish the role of GLS and ACLY in differentiation, epigenetic regulation and gene expression, and\nmetabolism of Tfh cells, and (2) Test inhibition of GLS or ACLY to decrease autoantibody production in murine\nSLE and impair circulating Tfh from SLE patients, and (3) determine the effect of manipulating Tfh metabolism\non SLE-accelerated atherosclerosis. Our proposal to test the metabolic regulators of epigenetic marks and Tfh\ndifferentiation will leverage two targets that are currently under investigation as anti-cancer metabolism\ntherapeutics and will determine if repurposing these drugs may offer new opportunities in SLE."", ""found_in"": [""reporter""]}"
GRANT:R01AI192909	grant	Determining the contribution of glutaminase-dependent metabolism ofdendritic cells to inflammatory diseases	"{""activity_code"": ""R01"", ""fiscal_years"": [2025, 2026], ""is_active"": true, ""total_award"": 1399826, ""start"": ""2026-06-13"", ""end"": ""2030-06-30"", ""abstract"": ""PROJECT SUMMARY\nDendritic cells (DCs) are professional antigen-presenting cells that initiate T-cell mediated inflammation or\nsupport tolerance to self- and environmental antigens. However, it remains unclear how DCs are programmed\nto choose between driving inflammation and immune tolerance. During immune activation, DCs profoundly\nrewire their intracellular metabolic pathways to perform their functions and interact with T cells. However, the\nmolecular mechanisms connecting metabolic changes in activated DCs to their immune functions are not\ncompletely understood. We propose that understanding the metabolic processes of DCs during antigen\npresentation offers an avenue for discovering novel mechanisms of inflammation and immune tolerance.\nResearch from our group and others has shown that DC metabolism regulates cytokine secretion and antigen\npresentation. We showed that DCs highly express the rate-limiting mitochondrial enzyme Glutaminase (GLS)\nthat converts the most abundant circulating amino acid glutamine to glutamate. Our new data suggest that\nGLS is a metabolic checkpoint that controls DC maturation and activation and enhances antigen-presentation\nto CD4 and CD8 T cells. The central hypothesis of this project is that glutamine metabolism in DCs directly\ncontrols their choice during antigen presentation between activating pro-inflammatory T cells and priming\nregulatory T cells to establish tolerance. We will capitalize on novel mouse models of GLS deficiency in DCs\nand a combination of experimental and systems immunology approaches to identify the molecular mechanisms\nby which Glutaminase-dependent metabolism in DCs controls inflammation and tolerance in two\ncomplementary aims. In Aim 1 we will determine how GLS activity in DCs regulates antigen presentation and\ninflammation. To this end, we will decipher how GLS regulates intracellular metabolism, pro-inflammatory\nsignaling pathways, gene expression and antigen processing and presentation in DCs during activation and\nmaturation. In Aim 2 we will identify cellular and molecular mechanisms connecting GLS-expressing DCs to\ninflammatory diseases. We will determine how GLS and glutamine metabolism reshape the crosstalk between\nDCs and T cells in an antigen-driven model of atopic dermatitis and a genetic model of psoriasis. This project\nwill identify new molecular mechanisms that link metabolism to antigen-driven inflammation and reveal novel\ninterventions to target GLS in DCs to control pathological inflammation, allergy, and tissue damage."", ""found_in"": [""reporter""]}"
GRANT:R01AR071967	grant	Role of Glutamine Metabolism During Osteoblast Differentiation and Bone Formation	"{""activity_code"": ""R01"", ""fiscal_years"": [2021, 2022], ""is_active"": false, ""total_award"": 706723, ""start"": ""2018-04-01"", ""end"": ""2024-03-31"", ""abstract"": ""Project Summary:\nGlutamine is a conditionally essential amino acid that has myriad uses in the cell. Aside from direct\nincorporation into protein, glutamine can be metabolized to generate nucleotides, other amino acids, ATP after\nanaplerosis into the TCA cycle, and glutathione to protect against oxidative stress. It is unknown how\nosteoblasts utilize glutamine and when it is required during differentiation. We recently identified glutaminase\n(GLS) as a critical regulator of Wnt dependent pathological bone formation. GLS deaminates glutamine to\nform glutamate, the first step in glutamine metabolism. Using a pharmacological approach, we demonstrated\nGLS activity was required for bone formation in the LRP5 human high bone mass disease mouse model.\nImportantly, GLS inhibition did not affect bone mass in otherwise wild type mice indicating GLS and glutamine\nmetabolism may not be required for physiological bone formation in mice. In this proposal, we will 1) establish\nthe necessity and sufficiency of glutaminase (GLS) to regulate osteoblast differentiation and bone formation, 2)\ndetermine if the molecular regulation of GLS activity by WNT, and 3) understand how glutamine is metabolized\nin mesenchymal stem cells. Our findings will have broad implications in bone development, maintenance of\nbone mass, skeletal repair and regeneration, as well as identify if stimulating glutamine metabolism is a viable\nosteoanabolic target to stimulate bone formation."", ""found_in"": [""reporter""]}"
GRANT:R01AR083904	grant	Metabolic regulation of osteoclast differentiation and bone resorption	"{""activity_code"": ""R01"", ""fiscal_years"": [2025, 2026], ""is_active"": true, ""total_award"": 1148700, ""start"": ""2025-02-01"", ""end"": ""2030-01-31"", ""abstract"": ""Project Summary:\nGlutamine is a conditionally essential amino acid that has myriad uses in the cell. Aside from direct\nincorporation into protein, glutamine can be metabolized to generate nucleotides, other amino acids, the Krebs\ncycle intermediate -ketoglutarate (KG) which is important for energy production and anabolic reactions, and\nglutathione (GSH) to protect against oxidative stress. We recently determined that mature osteoclasts are\ncharacterized by increased abundance of amino acids and nucleotides. Importantly, inhibiting glutamine\nmetabolism reduced nucleotide abundance and inhibited osteoclast differentiation. Unfortunately, the necessity\nof glutamine metabolism to regulate osteoclast differentiation and bone resorption in vivo has not been\ninvestigated. Moreover, how glutamine derived purine nucleotides mechanistically regulate osteoclasts\nremains enigmatic. In this proposal, we will 1) establish the necessity and sufficiency of glutaminase (GLS)\ndependent glutamine metabolism to regulate osteoclast differentiation and bone resorption, 2) evaluate the\nefficacy of the GLS inhibitor Telaglenastat to inhibit bone bone resorption in the ovariectomy mouse model of\nhuman osteoporosis, and 3) define the mechanisms by which glutamate oxaloacetate transaminase 2 (GOT2)\ndependent purine biosynthesis functions downstream of GLS to regulate osteoclast metabolism and\ndifferentiation. Our findings will have broad implications in understanding the roel and regulation of metabolism\nduring osteoclast differentiation and activity, bone homeostasis and pathological bone loss."", ""found_in"": [""reporter""]}"
GRANT:R01CA211337	grant	Molecular Imaging Markers for Glutaminolysis in Breast Cancer	"{""activity_code"": ""R01"", ""fiscal_years"": [2021], ""is_active"": false, ""total_award"": 402259, ""start"": ""2016-12-08"", ""end"": ""2022-11-30"", ""abstract"": ""Tumor-specific metabolic alterations have been increasingly recognized as a driving\nforce of tumor growth. Glutamine (Gln) is the most abundant amino acid in the blood. Glucose\nand Gln are two major nutrients utilized by cancers to meet the demand for energy production\nand biosynthesis. Gln is metabolized through the glutaminolysis pathway, which is highly active\nin many aggressive forms of human cancers, including triple-negative breast cancer (TNBC),\npancreatic and lung cancer, lymphoma and glioblastoma. The first and rate-limiting step of\nglutaminolysis is catalyzed by mitochondrial glutaminase (GLS) that converts glutamine to\nglutamate. Drugs targeting key steps of glutaminolysis pathway are being developed, and\npromising inhibitors of GLS have advanced to early phase clinical trials. However, there are no\ncurrent clinically feasible methods to estimate the level of cancer glutamine metabolism, nor is\nthere a non-invasive marker that can report the pharmacodynamic (PD) effect of GLS inhibitors.\nThese unmet needs provide strong motivation to develop imaging-based methods to measure\ncellular glutaminolysis in order to direct GLS-targeted therapy, the focus of this proposal.\n To interrogate in vivo glutamine metabolism in cancer, our Center has designed and\ndeveloped two positron emission tomography (PET) imaging probes: L-[5-11C]Glutamine\n([11C]Gln) and (2S,4R)-4[18F]Glutamine ([18F]Fluoroglutamine or [18F]4F-Gln ). This project aims\nto develop and validate quantitative analysis tools for [11C]Gln and [18F]4F-Gln PET using\nhuman breast cancer xenografts. Based on our preliminary studies, we have designed studies\nto test the central hypothesis that the distribution volume of [18F]4F-Gln is a marker of tumor\nglutamine pool that is an indirect measure of glutamine metabolism, while flux through GLS\nmeasured by [11C]Gln PET is an authentic marker of tumor GLS activity. The utility of these\nmarkers to report the pharmacodynamic effect of novel glutaminase inhibitor will be developed\nand validated using breast cancer xenograft models based on cell lines of different breast\ncancer subtype with varied degrees of dependence on glutamine.\n The outcome of the proposed project will fulfill the unmet clinical needs for quantitative,\nnon-invasive tools capable of predicting and measuring response to glutamine-targeted\ntherapies. These tools will be ready for clinical trials upon completion of this project to play a\ncritical role in development and deployment of such therapies in patients."", ""found_in"": [""reporter""]}"
GRANT:R01CA224550	grant	Glutamine synthetase in cancer cell metabolism and oncogenesis	"{""activity_code"": ""R01"", ""fiscal_years"": [2021, 2022], ""is_active"": false, ""total_award"": 893693, ""start"": ""2018-09-01"", ""end"": ""2024-05-31"", ""abstract"": ""SUMMARY\nDysregulated metabolism has long been recognized as a key hallmark of neoplastic disease. One of the major\nmetabolic changes in tumor cells is increased glutamine (Gln) usage via glutaminolysis: Gln is deaminated by\nglutaminase (GLS) to glutamate (glutamic acid, Glu), which is converted by glutamate dehydrogenase (GLUD)\nto α-ketoglutarate (aKG) to enter the tricarboxylic acid (TCA) cycle for anaplerosis (replenishment of metabolic\nintermediates for energy production or biosynthesis). It is well recognized that oncogenic c-Myc (hereafter\nreferred to as Myc) enhances Gln usage by directly transactivating the expression of Gln transporters SLC1A5\nand SLC7A5/SLC3A2, and by increasing GLS1 expression via transcriptional suppression of the GLS1\nrepressor micro RNAs (miR)-23a/b. Pharmacologically targeting GLS1 is being actively pursued as an anti-\ncancer approach, although thus far with little success. On the other hand, several recent studies, including\nthose from our laboratory, point to the importance of Gln synthesis, at least in certain cell/tissue types. Gln is\nsynthesized de novo by condensation of Glu and ammonia, catalyzed by the enzyme Gln synthetase (GS, also\nknown as glutamate ammonia ligase, GLUL). Using stable isotope-based metabolite tracing, we recently\nreported that this synthesized Gln is not used via glutaminolysis to fuel the TCA cycle; rather it is used for\nseveral TCA-independent anabolic processes including biosynthesis of nucleotides and transport of essential\namino acids. Importantly, elevated expression of GS promoted cell survival under Gln limitation; inhibition of\nGS led to decreased cell proliferation and increased cell death upon Gln limitation, and slowed xenograft tumor\ngrowth. Moreover, we recently reported that Myc can induce the expression of GS in a number of cancer cell\nlines. We also found a positive correlation between Myc activation and GS expression several mouse models\nand in human patient samples. These findings lead us to propose the following hypothesis: oncogenic Myc,\nat least in certain cell/tissue types, upregulates GS expression to promote Gln production and its\nanabolic usage (away from the TCA cycle), thereby facilitating oncogenesis. We propose two Specific\nAims to study this hypothesis: 1) Study the metabolic and cell biological consequences, and the regulation of\nincreased GS expression in the context of Myc activation; and 2) Determine the in vivo role of GS in Myc-\ndriven metabolic reprogramming and oncogenesis. If accomplished, this study will provide a novel dimension\nto understanding the functions of dysregulated Myc in cancer cells and a potential new target for treatment of\nMyc-driven tumors."", ""found_in"": [""reporter""]}"
GRANT:R01CA250506	grant	Effect of tumor cell glutamine metabolism on anti-tumor immunity in TNBC	"{""activity_code"": ""R01"", ""fiscal_years"": [2021, 2022, 2023, 2024], ""is_active"": false, ""total_award"": 1928321, ""start"": ""2020-07-17"", ""end"": ""2026-06-30"", ""abstract"": ""PROJECT SUMMARY/ ABSTRACT\nBreast cancer is the most common malignancy among western women. Although adjuvant and\nmolecularly targeted therapies significantly improve patient survival in some molecular subtypes\nof breast cancer, the prognosis of triple-negative/basal-like breast cancer (TNBC) remains grim,\ndue to lack of identification of oncogenic drivers. In searching of cancer vulnerability, it was\ndiscovered that TNBC is especially dependent on glutamine metabolism, likely due to up-\nregulation of the glutamine transporter, ASCT2/SLC1A5, and glutaminase, GLS, representing\nthe rate-limiting steps in glutamine consumption. Despite the interest in targeting glutaminolysis\nin TNBC, it is unclear how global inhibition of glutamine metabolism will affect immune cells in\nthe tumor microenvironment, particularly given that rapidly proliferating tumor infiltrating\nlymphocytes (TILs) require glutaminolysis to supply macromolecules for cell growth.\nSpecifically, the competition between tumor cells and TILs for glutamine has not been\ninvestigated thus far, but is likely to be important for anti-tumor immunity.\nWe have generated preliminary data providing evidence that knockout of GLS specifically in\ntumor cells increases glutamine concentration in the tumor interstitial fluid and enhances\ncytotoxic CD8 T lymphocyte activities. The above effects are abrogated in immune-deficient\nmice, suggesting that adaptive immunity plays a critical role. In addition, pharmacologic\ninhibition of the glutamine transporter, ASCT2, selectively targeting tumor cells while enhancing\nTIL function. Based on these findings, we hypothesize that (1) tumor cells outcompete TILs for\nglutamine to sustain their proliferative programs while simultaneously suppressing antitumor\nimmune response, and (2) selectively targeting glutamine metabolism in tumor cells enhances\nantitumor immunity. To test these hypotheses, we will first test glutamine competition between\ntumor cells and TILs and how this competition affects tumor growth, metastasis, and anti-tumor\nimmune responses (Aim 1). We will also define how metabolic changes in GLS loss specifically\nin tumor cells impact T cell recruitment and activation in situ by MALDI-imaging mass\nspectrometry (Aim 2). Finally, we will evaluate in vivo pharmacological targeting of glutamine\ntransporter and glutaminase for treating TNBC (Aim 3). The success of the project will elucidate\na long-standing issue whether there is a metabolic competition for glutamine between tumor\ncells and infiltrating lymphocytes, and leverage the knowledge for developing new therapeutic\nstrategies for treatment of glutamine-addicted cancer."", ""found_in"": [""reporter""]}"
GRANT:R01CA266285	grant	PET Imaging of Glutamine Metabolism and Glutamate Transport to Guide Metabolically Targeted Therapy in Triple-Negative Breast Cancer	"{""activity_code"": ""R01"", ""fiscal_years"": [2022, 2023, 2024, 2025, 2026], ""is_active"": true, ""total_award"": 2622088, ""start"": ""2022-05-19"", ""end"": ""2027-04-30"", ""abstract"": ""Glutaminolysis, the cellular catabolism of glutamine, is an important metabolic pathway\nfor aggressive and treatment-resistant cancers, including many triple-negative breast\ncancers (TNBCs). It is well accepted that glutamate produced from glutamine by\nmitochondrial glutaminase (GLS) fuels the TAC cycle, which provides energy and\nprecursors for biosynthesis. Emerging data have revealed a less recognized but important\ncontribution of glutaminolysis in mediating oxidative stress introduced internally by active\ngrowth of aggressive cancer cells and externally by treatments including chemotherapy\nand immunotherapy. Targeting inhibitors of GLS to block glutaminolysis is a therapeutic\nstrategy that has been tested in clinical trials of breast and other cancers with acceptable\ntoxicity, but limited efficacy, owing in good part to a lack of clinical markers to guide patient\nselection and assess target impact. Preliminary data from our lab have shown that dual\ntargeting of GLS and the plasma membrane glutamate transporter, xCT (SLC7A11),\nresulted in dramatic sensitization of resistant TNBC to chemotherapy. We propose three\naims based upon an overall theme to develop a kinetic framework for non-metabolized\namino acid analog PET tracers to measure cellular pool sizes as an indicator of\ncatabolism and cellular transport. Specifically, we will (1) validate quantitative markers for\ncellular glutamine pool size from dynamic [18F]fluciclovine PET; (2) develop and validate\nmarkers for cytosolic glutamate pool size and transport using 4-(3-[18F]fluoropropyl)-L-\nglutamic acid ([18F]FSPG) PET, and (3) determine the utility of combined [18F]fluciclovine\nand [18F]FSPG PET for predicting and measuring response to dual-targeted treatment\ndesigned to sensitize TNBC to chemotherapy. As part of this work, we will address\nmechanistic questions regarding cytosolic glutamate transport from mitochondrial pools\nand to/from extracellular fluid to guide the interpretation of PET tracer kinetics. We will\nalso test approaches to target TNBC metabolic vulnerabilities, specifically the\ndependence glutamine metabolism and glutamate transport, guided by the PET methods\nwe develop and validate in our pre-clinical TNBC models. The proposed work will lead\nto a deeper understanding of the mutual engagement between glutaminolysis and redox\nhomeostasis of cancer cells and will yield quantitative imaging methodologies ready to\ntranslate to the clinic."", ""found_in"": [""reporter""]}"
GRANT:R01CA281075	grant	Molecular Imaging and Metabolotheranostics of PDAC-Induced Cachexia	"{""activity_code"": ""R01"", ""fiscal_years"": [2025, 2026], ""is_active"": true, ""total_award"": 866825, ""start"": ""2025-04-01"", ""end"": ""2030-03-31"", ""abstract"": ""Cachexia induced by pancreatic ductal adenocarcinoma (PDAC) results in significant morbidity, mortality, and\npoor response to treatment including immune therapy. We intend to apply our molecular and functional imaging\ncapabilities, and our experience in developing theranostic nanoparticles (NPs) that deliver small interfering RNA\n(siRNA), to focus on reversing PDAC-induced cachexia. We found that a cachexia inducing PDAC xenograft\ninduced profound changes in brain, plasma and tumor interstitial fluid glutamine levels that led us to focus on\nthe glutamine/glutamate axis and disruption of glutamine metabolism in Aims 1 and 2 of this application. Our\npreliminary data with human plasma and human PDAC tissue further support targeting the glutamine/glutamate\naxis. Of all the visceral organs, the spleen showed the highest number of metabolic changes and the largest\nweight loss with cachexia. Downregulating the glutamine transporter, SLC1A5, significantly reduced body weight\nloss compared to empty vector or wild type tumors of similar volumes, and normalized spleen weights to those\nof normal non-tumor bearing mice or mice with non-cachexia inducing tumors. Since the spleen is a major\nreservoir of immune cells, the splenic weight loss and metabolic alterations have prompted us to focus on the\nspleen and tumor immune environments with cachexia, and following disruption of glutamine metabolism, in Aim\n3. In Aim 1 we will focus on the glutamine/glutamate axis, studying preclinical PDAC models in immune\nsuppressed as well as immune competent mice with SLC1A5 and glutaminase 1 and 2 (GLS1/2) downregulated.\nThese studies will expand our understanding of the effects of downregulating these target genes on cachexia,\nand on tumor and organ metabolism using 1H magnetic resonance spectroscopy (MRS), transcriptomics, and\nmolecular characterization. In Aim 2, we will downregulate these target genes in established wild type tumors\nusing biocompatible dextran siRNA NPs that can be imaged to detect tumor delivery and biodistribution. We will\nalso evaluate a pharmacological inhibitor of SLC1A5, V-9302, and of GLS, CB-839, and determine the effects of\ntreatment with siRNA NPs and of pharmacological inhibitors on cachexia and on tumor and organ metabolism\nusing 1H MRS. CB-839 is already in clinical trials for solid cancers, presenting a more immediate strategy for\nreversing or reducing cachexia. In Aim 3 we will investigate changes in T-cell exhaustion and myeloid derived\nsuppressor cells combined with metabolic changes in the spleen and tumor with or without glutamine disrupted.\nMass spectrometry imaging will be used to relate spatial metabolic information to immunostaining. Studies in\nAim 3 will include investigating paired spleen and tumor tissue from PDAC patients with or without weight loss\nand loss of muscle mass as identified in CT scans. The three aims are designed to advance understanding of\nthe consequences of cachexia on organ metabolism and the immune microenvironments in the spleen and\ntumor, and the role of glutamine metabolism disruption on reversing or reducing these consequences."", ""found_in"": [""reporter""]}"
GRANT:R01DK105550	grant	Exploiting metabolic vulnerabilities of CD4 T cell subsets to control inflammatory disease	"{""activity_code"": ""R01"", ""fiscal_years"": [2021, 2022], ""is_active"": false, ""total_award"": 762630, ""start"": ""2015-04-01"", ""end"": ""2023-02-28"", ""abstract"": ""Inflammatory diseases are often caused by inappropriate responses of effector CD4 T cells (Teff). Th17\nTeff are IL17-producing CD4 T cells that contribute to a variety of immune pathologies, including Inflammatory\nBowel Disease (IBD). Regulatory T cells (Treg), in contrast, suppress Teff to protect from disease. A key\ntherapeutic objective in efforts to shift the immunologic balance towards tolerance, therefore, is to selectively\ninhibit Teff and promote Treg. We have shown that Th17 and Treg cells utilize fundamentally different metabolic\nprograms, with Th17 being reliant on glucose uptake and glycolysis while Treg are primarily reliant on\nmitochondrial pathways. In our efforts to better understand the metabolic demands of each subset that could\nbe targeted to selectively modulate CD4 T cells in inflammatory diseases, we have found that cytokine and\ninflammatory signals that drive Th17 and Treg differentiation each play distinct roles in control of T cell\nmetabolism. Further, these metabolic changes may influence T cell fate through modulation of reactive oxygen\nspecies (ROS) and epigenetic modifications of gene expression. We showed that while Th17 require the\nglucose transporter Glut1 and glycolysis, FoxP3 and the Treg-inducing cytokine TGFβ inhibit this pathway and\nTreg can suppress independent of Glut1. Treg are metabolically flexible, however, and Toll-like receptors (TLR)\nligands can stimulate Treg to increase glycolysis but with reduced suppressive capacity and expression of\nFoxP3. To identify additional metabolic pathways that may provide new immune modulatory targets, we\nperformed high-resolution non-targeted metabolomics and metabolic network analyses. These studies\nidentified glutaminolysis and one carbon metabolism as selectively enriched in Th17 relative to Treg. Here we\nwill test the roles of Glutaminase (GLS) in glutaminolysis and Methylenetetrahydrofolate dehydrogenase 2\n(MTHFD2) in and one carbon metabolism in Th17 and Treg. Treg did not require GLS, but Treg differentiation\nand stability were suppressed by MTHFD2. In contrast, we show that Th17 cells require both GLS, and\nMTHFD2. While glycolysis, glutaminolysis, and one carbon metabolism are linked and each modulate both\nROS and epigenetic marks, mechanisms by which they affect Treg and Th17 cells, remain unknown. Our data\nhave led to the hypothesis that regulation of these metabolic pathways is essential for Treg and Th17 cells\nthrough control of ROS and epigenetic methylation and that GLS or MTHFD2 will provide new immuno-\nmodulatory targets for inflammatory diseases. We will: (1) Determine how Treg glycolysis and MTHFD2 are\nregulated by inflammatory cues to control Treg function and FoxP3 expression; (2) Test signals that regulate\nTh17 metabolism and ROS and epigenetic modifications as mechanisms by which Th17 cells require GLS and\nMTHFD2; (3) Establish the in vivo potential of GLS and MTHFD2 as therapeutic targets to enhance Treg and\nsuppress Th17 cells in inflammation. These studies will establish the opportunity and mechanisms of\nglycolysis, GLS, and MTHFD2 to suppress Th17 and promote Treg function and stability."", ""found_in"": [""reporter""]}"
GRANT:R01EY033141	grant	Investigating the Mechanism of Optic Nerve disorders associated with Down Syndrome	"{""activity_code"": ""R01"", ""fiscal_years"": [2023], ""is_active"": false, ""total_award"": 1475142, ""start"": ""2023-08-01"", ""end"": ""2026-07-31"", ""abstract"": ""PROJECT ABSTRACT\nThe prevalence of optic nerve hypoplasia (ONH) among individuals with Down syndrome (DS) is more than ~100\nfolds higher than in the general population. ONH is characterized by a thin, underdeveloped optic nerve that\noften results from secondary loss of retinal ganglion cells (RGCs) and is the leading cause of childhood legal\nblindness in developed nations. We have developed a murine model of ONH by manipulating the CASK\n(calcium/calmodulin dependent serine protein kinase) gene. The ONH pathology of CASK mutant mice\nrecapitulates many aspects of human ONH, including the timing of the onset of pathology (after RGC\ndevelopment, i.e., secondary loss) and the non-progressive nature of the pathology. In addition to ONH, DS and\npathology associated with CASK mutation share other similarities such as microcephaly. Biochemical\nexperiments suggest that similar to DS, CASK mutation alters mitochondrial function, resulting in aberrant fatty\nacid metabolism. We have uncovered a deficiency of the ω-6 polyunsaturated fatty acid arachidonic acid (ARA)\nin the central nervous system (CNS) of CASK mutant mice. A specific reduction of ARA-containing lipids has\nbeen also reported in postmortem human DS brains. In both CASK mutant mice and the DS murine model visual\ncontrast sensitivity is reduced. Based on the literature and our observations, we hypothesize that ARA\ndeficiency in the optic nerve (ON) leads to ONH in DS. If this hypothesis is correct, dietary ARA\nsupplementation could ameliorate ONH in DS. In this proposal, we plan to use two independent murine DS\nmodels (Ts65Dn and DP16 mice) to investigate retinal circuit and retinogeniculate connectivity using appropriate\nmarkers and tracers along with imaging techniques. Three-dimensional ultrastructural morphometry of the ON\nin DS murine models will be performed using serial block-face scanning electron microscopy (SBFSEM).\nBehavioral experiments will document visual defects. Visual circuit function will be evaluated with a novel in vivo\nelectrophysiological technique we have named Network Response to Visual Excitation (NeRVE), a method that\nwill be applicable beyond this proposal to better understand rodent vision processing. Mitochondrial metabolism,\nreactive oxygen species generation, oxidative damage, and fatty acid metabolic defects in the retina, optic nerve\nand brain of two independent DS mouse models will be measured. We will also quantify the levels of two ω-\npolyunsaturated fatty acids (docosahexaenoic acid and ARA), as well as phospholipids, in the ON of both types\nof DS mice. Finally, we will test if ARA supplementation ameliorates known defects in visual acuity and contrast\nsensitivity in these two DS mouse models. Our study is likely to provide data on DS pathobiology and provide a\nclear mechanism for the co-occurrence of ONH in DS. Furthermore, promising results from our ARA\nsupplementation study would be immediately translatable into clinical practice for the amelioration of ONH in\nindividuals with DS."", ""found_in"": [""reporter""]}"
GRANT:R01EY033391	grant	Role of fatty acid metabolism in optic nerve hypoplasia	"{""activity_code"": ""R01"", ""fiscal_years"": [2022, 2023, 2024, 2025], ""is_active"": true, ""total_award"": 1524121, ""start"": ""2023-08-01"", ""end"": ""2027-04-30"", ""abstract"": ""ABSTRACT\nOptic nerve hypoplasia (ONH) is a very common congenital optic nerve (ON) disorder and is the leading cause\nof childhood blindness in developed nations. ONH incidence has increased ~8-fold over the last two decades.\nONH is characterized by a thin, underdeveloped ON that often results from secondary loss of retinal ganglion\ncells (RGCs). The most common prenatal determinants of ONH are a young primiparous mother, an unhealthy\nmaternal lifestyle including alcohol abuse, and nutritional deprivation. We have developed and published murine\nmodels of ONH by manipulating the X-linked gene CASK, since CASK mutations in humans are associated with\nONH. The ONH pathology of CASK mutant mice recapitulates human ONH, including the timing of pathology\nonset (after RGC development; i.e., secondary loss) and the non-progressive nature of the pathology.\nBiochemical experiments show that CASK interacts with metabolic proteins and modulates mitochondrial\nfunction. CASK deficiency leads to increased fatty acid oxidation and a deficit of the ω-6 fatty acid arachidonic\nacid (ARA) in the central nervous system (CNS). ARA deficiency is also observed in other conditions associated\nwith ONH. We hypothesize that ONH results from an early ARA deficit, thus ONH can be exacerbated by\nperturbing brain ARA metabolism (via astrocyte dysfunction) and ameliorated by dietary ARA\nsupplementation. During the third trimester, ARA is exclusively obtained from the mother; in neonates, brain\nARA is also obtained from the diet until adequate enzymatic activity (conversion of the essential fatty acid linoleic\nacid into ARA) is reached. This post-neonatal shift in ARA acquisition from diet to synthesis may contribute to\nONH’s non-progressive nature. In the CNS, fatty acid metabolism (including ARA uptake and production) occurs\npredominantly in astrocytes. In this proposal we plan to test our hypothesis in two independent ONH mouse\nmodels: 1) CASK(+/-) heterozygous knockout mice, and 2) a previously published fetal alcohol syndrome (FAS)\nmouse model. With these models, we will examine mitochondrial metabolism, oxidative damage and fatty acid\nmetabolic defects in the retina, ON and brain. We will also quantify levels of two ω-fatty acids (docosahexaenoic\nacid and ARA), as well as phospholipids in the ON of both types of ONH mice. Next, we will genetically disrupt\nthe function of astrocytes (crucial for brain ARA metabolism) in a CASK hypomorph ONH model by complete\ndeletion of CASK in astrocytes. We will investigate if this manipulation exacerbates the metabolic defect and\nONH as assessed both morphologically and functionally, using a visual behavioral assay and an innovative\nelectrophysiological tool called Network Response to Visual Excitation (NeRVE). Finally, we will test if ARA\nsupplementation ameliorates ONH in the two models described above. Our study is likely to identify ARA\ndeficiency as the final common pathway that explains ONH’s association with nutritional deprivation, maternal\ndiabetes, infantile cholestasis and FAS. Positive results from ARA supplementation will be readily translatable."", ""found_in"": [""reporter""]}"
GRANT:R01EY037747	grant	Metabolic and molecular mechanisms by which glutamine promotes photoreceptor health	"{""activity_code"": ""R01"", ""fiscal_years"": [2026], ""is_active"": true, ""total_award"": 519644, ""start"": ""2026-08-01"", ""end"": ""2031-04-30"", ""abstract"": ""PROJECT SUMMARY: Photoreceptor (PR) death is the cause of vision loss in many retinal diseases, and\neffective therapies to prevent PR death are lacking. Metabolic dysfunction contributes to PR degeneration and\nexploiting PR metabolic dependencies is a novel strategy to improve PR survival, evidenced by an ongoing\nPhase I/II trial investigating a gene therapy that stimulates glucose metabolism in PRs to treat retinal disease.\nBeyond glucose, the metabolic pathways integral to PR health remain largely unknown. This is a gap in our\nknowledge of retinal disease pathophysiology and identification of these pathways is expected to reveal new\ntargets for preventing vision loss. To address these knowledge and therapy gaps, our long-term goal is to\nprovide fundamental insights on PR metabolism and translate these into therapeutics. We recently found that\nrod PRs are highly dependent on glutamine (Gln) catabolism to maintain their biomass and survival. The\nobjective herein is to define the downstream metabolic and molecular mechanisms by which Gln catabolism\nimpacts rod PR health. Gln catabolism is initiated primarily by the enzyme glutaminase (GLS), and we have\nshown that mice lacking GLS in rod PRs display rapid rod degeneration and activation of the integrated stress\nresponse (ISR) with global protein synthesis attenuation. The retina of these transgenic mice have decreased\nlevels of amino acids, including aspartate (Asp), and supplementing asparagine (Asn), which is directly\nsynthesized from Asp, improved PR survival. Amino acid deprivation is known to activate the ISR, and chronic\nISR activation and global protein synthesis inhibition trigger cellular apoptosis. So, we hypothesize that GLS-\ndriven Gln catabolism in rod PRs supports the production of Asp and Asn to promote anabolism and prevent\nactivation of the proapoptotic ISR pathway. We test this central hypothesis in two aims. Aim 1 tests the\nhypothesis that proapoptotic ISR signaling is a key molecular mechanism downstream of Gln catabolism\ninhibition that drives rod degeneration. In this aim, the ISR is genetically or pharmacologically antagonized in\nmice lacking GLS in rods and the consequences of these interventions on global protein synthesis, pro-\napoptotic ISR signaling, and PR survival elucidated. Aim 2 tests the hypothesis that GLS-driven Gln catabolism\nin rod PRs is critical for maintaining Asp and Asn pools to promote anabolic metabolism and suppress PR\napoptosis. Using metabolic, pharmacologic, and genetic tools, we assess the effect of increasing Asp\nsynthesis on PR health and metabolism and define the mechanism underlying the neuroprotective effect of\nAsn supplementation in mice lacking GLS in rods. Finally, the dependence of the anti-apoptotic effect of Gln\ncatabolism on de novo Asn synthesis is assessed via a novel transgenic mouse model. Gln conversion and\nAsp and Asn biosynthesis pathways have been shown to be downregulated at the onset of rod degeneration in\nhuman disease models and potential targets for neuroprotection. Hence, successful completion of the aims of\nthis proposal is expected to identify targetable nodes for therapeutic intervention."", ""found_in"": [""reporter""]}"
GRANT:R01GM149957	grant	Defining the role of phosphatidic acid as an allosteric regulator of mitochondrial glutaminase	"{""activity_code"": ""R01"", ""fiscal_years"": [2023, 2024, 2025, 2026], ""is_active"": true, ""total_award"": 1574400, ""start"": ""2023-03-15"", ""end"": ""2027-01-31"", ""abstract"": ""PROJECT SUMMARY/ABSTRACT\nMitochondrial glutaminases (GLS and GLS2) catalyze the hydrolysis of glutamine to glutamate and ammonium,\na metabolic reaction that is critical for numerous aspects of mammalian physiology. Whereas GLS2 expression\nis largely restricted to the liver, GLS is ubiquitously expressed, with particularly high levels in the kidney, digestive\ntract, and brain. Its roles include the regulation of systemic acid-base homeostasis and the biosynthesis of\nexcitatory and inhibitory neurotransmitters. Accordingly, human inborn errors of metabolism involving mutation\nof the GLS gene have severe phenotypes, including neural excitotoxicity and lethal neonatal encephalopathy. In\naddition to its functions in organismal health, dysregulated GLS activity has been implicated in a spectrum of\nhuman pathologies, ranging from neurodegeneration to cancer. Consequently, there have been intensive efforts\nto develop selective allosteric inhibitors of GLS, one of which is now being evaluated in clinical trials for the\ntreatment of solid and hematological malignancies. However, results to date indicate that the rapid development\nof resistance limits the efficacy of this therapeutic strategy. Remarkably, despite the long history of GLS research,\nit is not understood how the activity of this enzyme is regulated in cells. Purified recombinant GLS has minimal\ncatalytic activity, and vastly supraphysiological concentrations of inorganic phosphate (100-150 mM) are required\nto activate GLS in vitro. We have recently discovered that that the bioactive phospholipid phosphatidic acid (PA)\nis an extremely potent activator of GLS, approximately 107-fold more potent than inorganic phosphate.\nImportantly, we have found that PA can activate GLS even in the presence of clinical GLS inhibitors, thus\nrendering these drugs ineffective. In this project, we propose to define the molecular mechanism by which PA\nactivates GLS, and then to probe the upstream regulation of mitochondrial PA signaling, with the ultimate goal\nof perturbing this process to overcome resistance to GLS inhibitors. In the course of these studies, we will\ndevelop new chemical probes for investigating the PA-GLS interaction, including phosphorus-based covalent\ncapture probes to determine the binding site of the PA phosphomonoester head group. We will then conduct a\nscreen to identify additional potential metabolite-GLS interactions, and functionally validate any ‘hits’ obtained.\nIn the second Aim, we will build on preliminary data that strongly implicate the PA-generating enzyme\nphospholipase D2 (PLD2), as well as the uncharacterized protein PLD5, in the regulation of the mitochondrial\nPA-GLS axis. We will attempt to determine the function of PLD5, focusing on whether its reported interaction\nwith PLD2 regulates either the activity or subcellular localization of the latter. Finally, since our preliminary data\nindicate that PLD2/5 mediate resistance to clinical GLS inhibitors, we will test whether pharmacological or genetic\nblockade of PLD2 or PLD5 can overcome this resistance mechanism. Thus, our proposed studies will define the\nphysiological processes that regulate GLS activity, and will then apply this knowledge to identify opportunities\nfor enhancing the efficacy of therapeutic strategies targeting glutamine metabolism."", ""found_in"": [""reporter""]}"
GRANT:R01HL136664	grant	Targeting T cell glutamine metabolism in severe asthma	"{""activity_code"": ""R01"", ""fiscal_years"": [2021, 2022, 2023, 2024], ""is_active"": false, ""total_award"": 2375946, ""start"": ""2017-04-06"", ""end"": ""2026-05-31"", ""abstract"": ""SUMMARY\n Asthma is a debilitating disease of airway inflammation with increasing worldwide occurrence. With higher\nincidence in females, asthma is exacerbated by obesity and metabolic disease. Underlying asthma is activation\nof innate immune and T cells that drive inflammation. Airway inflammation in severe asthma is caused in part by\nan imbalance between effector CD4 T cells (including Th2 and Th17) and suppressive regulatory (Treg) T cells.\nThis imbalance is particularly heightened in obese females and leads to increased eosinophils and/or neutrophils\nin the airway, increased airway hyperresponsiveness, and increased mucus production. It is now clear that T cell\nmetabolism plays a critical role to regulate immune function and the distinct metabolic programs of each T cell\nsubset can influence inflammation and play roles in asthma. In addition to a requirement of T cells for glycolysis,\nour data show that glutamine metabolism plays a key role to support inflammatory T cells in asthma.\nMetabolomics data from bronchoalveolar fluid and mass cytometry of T cells from donors with severe asthma\nshowed markers of elevated glutaminolysis. While IL17 producing cells both in vitro and from lungs had the\nhighest expression of metabolic markers, both Th17 and Th2 cells relied on glutamine for differentiation and\ncytokine production. Glutamine metabolism is regulated through uptake by the transporter ASCT2 and\nGlutaminase (GLS)-dependent conversion to glutamate and α-ketoglutarate that supports mitochondrial electron\ntransport and regulates epigenetic marks that control chromatin and gene expression. We have now shown\nthrough inhibition, gene targeting, and in vivo primary T cell CRISPR screening in lung inflammation that ASCT2\nand GLS are essential for Th17 and Th2 cells. These genes are dispensable for Treg and blocking glutamine\nuptake can instead enhance Treg differentiation. Importantly, we also show in an animal model that high fat diet\nfed female mice have selectively increased frequencies of Th17 cells. This effect is sex-specific, as high fat diet\nfed female, but not male, mice developed increased IL17 production and we show that the Estrogen Receptor\n(ERα) plays a key role in females to elevate CD4 T cell glycolysis and mitochondrial metabolism. We hypothesize\nthat airway allergen exposure and inflammatory cytokines induce T cell glutamine metabolism, driving Th2 and\nTh17 cells that contribute to asthma incidence and severity in obese females. To test this hypothesis, we will:\n(1) Determine the role and mechanism of GLS and ASCT2-dependent glutamine metabolism to regulate the\nbalance of Th2, Th17 and Treg cells in a mixed model of allergic airway inflammation and (2) Test if obesity-\ninduced exacerbation of asthma severity in females is dependent on enhanced T cell glutamine metabolism in\nanimal models and from peripheral blood and excised lungs of healthy and severe asthma normal weight or\nobese donors. These studies will establish metabolic mechanisms and if inhibiting glutamine uptake or\nmetabolism through ASCT2 or GLS can shift the balance of Th17 and Th2 cells to instead favor Treg and protect\nagainst asthma to help alleviate this health disparity observed in females with metabolic disease."", ""found_in"": [""reporter""]}"
GRANT:R01MH067234	grant	Effects Of Environmental Challenges On Genetically Modified Interneuronal Subpopulations	"{""activity_code"": ""R01"", ""fiscal_years"": [2021], ""is_active"": false, ""total_award"": 384790, ""start"": ""2003-07-01"", ""end"": ""2022-02-28"", ""abstract"": ""Reduction of the transcript encoding glutamic acid decarboxylase 67kDa (GAD67, encoded by the Gad1 gene)\nis perhaps the most robust and consistently replicated finding across different cohorts of schizophrenia. Yet\nthis downregulation is complex: GAD67, the critical GABA synthesis enzyme in the brain, is simultaneously\nreduced in distinct interneuron populations of the human cortex. Over the last 5 years we generated and\ncharacterized five distinct, GFP/RFP-labeled, Gad1 hypomorph mice under the control of Sst, Npy, Cck, Cnr1\nand Pvalb BAC promoters. Although the same gene was downregulated (Gad1), the five transgenic mice\nshowed distinct, well-defined behavioral phenotypes depending on which interneuronal subpopulation was\ntargeted. In this application we selected two animal lines for further follow-up. The Pvalb-driven/Gad1-\nhypomorph (Pvalb/Gad1) and Npy-driven/Gad1-hypomorph (Npy/Gad1) transgenic mice were chosen based\non literature findings, their reported behavioral phenotypes, as well as their different mechanism of inhibition\n(synaptic vs. volumetric). These two mouse lines showed divergent behavioral phenotypes: the Npy/Gad1\nanimals were hypersensitive to amphetamine challenge, while fear and novelty seeking were the primarily\nimpacted behavioral domains in the Pvalb/Gad1 animals. This proposal focuses on Gene*Environment (G*E)\ninteraction, and asks how does the transgenic mouse phenotypes change when we expose them to\nschizophrenia-predisposing environmental challenges. We hypothesize that Pvalb/Gad1 and Npy/Gad1\ntransgenic mice will show enhanced susceptibility when exposed to maternal immune activation,\nresulting in emergence of novel, disease-relevant phenotypes. In Aim 1 we will perform maternal immune\nactivation (MIA) of Pvalb/Gad1 transgenic mice and matched controls, and establish their molecular/behavioral\nphenotype at adulthood using RNA-seq, neurochemical measures in striatum, hippocampus and frontal cortex,\na battery of behavioral tests at baseline and under challenge with ketamine and amphetamine, and a rescue of\nphenotype will be attempted by clozapine. In Aim 2 will perform the same experiments using Npy/Gad1\ntransgenic muse model and establish the resulting molecular/behavioral phenotypes with methods described in\nAim 1. Finally, Aim 3 will compare the obtained transcriptome findings in Aims 1-2 to human postmortem\ndatasets from patients with neuropsychiatric and neurodevelopmental disorders. The significance of the\nproposal comes from our approach, which is trying to understand the cell-type specific building blocks of\nbehavior (especially those that show alteration in schizophrenia) and how are they influenced by environmental\nfactors. We are also taking advantage of a novel technology developed in the previous grant cycle, and use\nour unique BAC-driven/miRNA-mediated silencing mice as a novel model for ascertaining of the environmental\neffects on brain function and behavior."", ""found_in"": [""reporter""]}"
GRANT:R01NS034509	grant	Functional Genetics of the Neuronal Sodium Channel Gene SCN8A	"{""activity_code"": ""R01"", ""fiscal_years"": [2021, 2022, 2023, 2024, 2025, 2026], ""is_active"": true, ""total_award"": 2834155, ""start"": ""1996-05-01"", ""end"": ""2027-01-31"", ""abstract"": ""ABSTRACT\nDuring the previous funding period, we generated a conditional mouse model of the recurrent sodium channel\nmutation SCN8A-p.R1872W that is responsible for the rare, devastating disorder Developmental Epileptic\nEncephalopathy (DEE). We demonstrated that expression of the mutant channel in excitatory neurons of the\nforebrain reproduces the seizures and sudden death of the human disorder. We also developed an effective\ntreatment for Scn8a-DEE by intracerebroventricular administration of an antisense oligonucleotide (ASO) that\nreduced both mutant and wildtype transcript level throughout the brain, resulting in delayed seizure onset and\nextended lifespan. We will build on this important preclinical result by developing improved, longeracting\ntreatments that will minimize the side effects of excess Scn8a reduction. First, AAV viral delivery of an Scn8a-\nshRNA will limit effects to specific brain regions only. Second, the multiple nucleotide substitutions in our\nengineered Scn8a-N1768D mutant make it feasible to specifically inactivate the mutant allele by CRISPR/Cas\ntargeting. The goal of these experiments is to minimize the potential side effects of Scn8a deficiency and to\navoid the repeated treatments required for ASO therapy. Finally, expression of Scn8aR1872W in cerebellar\nPurkinje cells results in elevated neuronal excitability. We will characterize mice with specific expression of the\nmutant allele in Purkinje cells to gain insight into the role of the cerebellum in the movement and cognitive co-\nmorbidities that accompany SCN8A-DEE. The work described here will extend basic understanding of SCN8A\npathophysiology and provide pre-clinical evidence regarding future translational potential of regional or mutant-\nallele-specific down-regulation of pathogenic variants of SCN8A."", ""found_in"": [""reporter""]}"
GRANT:R01NS034774	grant	Inhibitory Controls of Thalamic Neurons	"{""activity_code"": ""R01"", ""fiscal_years"": [2021], ""is_active"": false, ""total_award"": 457536, ""start"": ""1996-07-22"", ""end"": ""2024-10-31"", ""abstract"": ""The brain has likely evolved multiple control mechanisms to regulate activity and keep it\nin a robust operational state. Occasionally these regulatory mechanisms break down,\nand uncontrolled activity in the form of epileptic seizures ensues. This is especially\nevident in the syndrome of primary generalized epilepsy in which global seizures\nsuddenly arise from a normal behavioral state. A form of primary generalized epilepsy,\nabsence epilepsy, is expressed in a network composed of widespread regions of\nneocortex and a subcortical structure, the thalamus, that together form the\nthalamocortical circuit. Childhood absence seizures are characterized by widespread\nsynchronized thalamocortical activity, EEG 3/s spike and wave discharge, and loss of\nconsciousness. Validated genetic rat and mouse models of absence epilepsy have\nidentified some of the thalamic and cortical microcircuit elements, i.e. the individual\nneuron types and their synaptic connections that participate in the epileptic network, yet\nit remains unclear how the circuit suddenly and unpredictably switches its state from\nthat of normal functioning to seizure generating and back. Recent evidence suggests\nthat in one central node of the thalamocortical network, the reticular thalamus (RT), a\nsingle type of branch of RT neuron axonal output is specifically susceptible to sporadic\nfailures that might explain sudden seizure onset. Pilot data indicate that this internal\nbranch, which regulates RT itself, can fail in a use-dependent way that would lead to\nuncontrolled RT activity that can precipitate seizures. Further, Scn8a deficient mice,\nwith frequent absence seizures, show increased intra-RT failures, indicating a causative\nrole. Only recently have the methods become available to directly study axon function,\nallowing us for the first time ask questions about how the selective failure of\nneurotransmission in axon branches can occur. Experiments will utilize high resolution 2\nphoton imaging and electrophysiology to visualize the different branches of RT axons\nand address the novel hypothesis that failure, i.e. the inability to send efferent synaptic\nsignals, through individual output axon branches and their synaptic release sites could\nbe causative in epilepsy. Aims will determine the conditions in which selective branch\nfailure of intra-RT vs RT output axons to the dorsal thalamus occurs, and the\nmechanisms for the failure, whether they be through failure of action potential\ngeneration or through decreased probability of synaptic release, and whether failure\nmechanisms may apply more broadly to epilepsies. The results of these studies could\ninform the development of potential new epilepsy treatment approaches that would\nprevent the failure of key output branches."", ""found_in"": [""reporter""]}"
GRANT:R01NS103090	grant	Pathogenesis of epilepsy in a SCN8A human mutation mouse model	"{""activity_code"": ""R01"", ""fiscal_years"": [2021, 2022], ""is_active"": false, ""total_award"": 706562, ""start"": ""2018-01-01"", ""end"": ""2023-12-31"", ""abstract"": ""De novo mutations of SCN8A, the gene that encodes for the sodium (Na) channel isoform Nav1.6, are\nknown to cause early infantile epileptic encephalopathy 13 (EIEE13). To date, more than 150 SCN8A\nmutations have been identified. Patients experience a variety of seizure types and motor features that can lead\nto wheelchair dependence. Intellectual disability varies from mild to severe and becomes progressively worst\nwith seizure onset. Sudden unexpected death in epilepsy (SUDEP) occurs in approximately 10% of patients\nand increases significantly if seizures are not controlled. Unfortunately, a majority of patients have drug\nrefractory epilepsy or a mixed response to anti-epileptic drugs (AEDs).\n Very little is known about the pathogenesis of SCN8A epileptic encephalopathy or treatment options for\npatients. In this proposal we will use a highly novel and innovative knock-in mouse model, developed by the\nMeisler lab, carrying the human SCN8A encephalopathy mutation p.Asn1768Asp (N1768D). The mutation\nwas identified in a child who presented with refractory epilepsy at the age of 6 months, intellectual disability,\nataxia and SUDEP at 15 years of age. The mouse model exhibits many of the pathological phenotypes seen in\npatients, including spontaneous seizures and sudden death. In homozygous mutant mice (D/D), seizures begin\nat 3 weeks of age and progress to death within 24 hours. Heterozygous mutant mice (D/+) have later seizure\nonset starting at 8 weeks of age and progression to death within one to two months. The availability of this\nmouse model provides a unique opportunity to fully investigate the pathogenesis of this devastating human\nepileptic encephalopathy and to also test new and selective therapies.\n In this proposal we will investigate when alterations in Na channel physiology and membrane\nexcitability begin to appear in our model of epileptic encephalopathy, testing both excitatory and inhibitory\nneurons within brain regions known to be involved in seizure activity. In Aim 1 we will determine the\npathogenesis of these alterations at specific time points before and after seizure onset using mutant mice. In\nAim 2, we will silence Nav1.6 using virally delivered, dox-inducible, Nav1.6 shRNA, targeting either excitatory\nor inhibitory neurons and determine the effects on Na channel activity, neuronal excitability and seizure activity\nin mutant mice. We will determine if we can delay the onset of seizures by targeting at a time point before the\nonset of seizures and also if we can modulate seizure activity in mice with spontaneous seizures. In Aim 3, we\nwill test whether our Nav1.6 subtype selective compound (MV1505) can reduce seizure activity in heterozygous\n(D/+) mice and delay SUDEP. We will also evaluate two clinically used anticonvulsants (phenytoin and\nlacosamide). These studies will significantly impact our current understanding of the physiological\nconsequences of increased Nav1.6 activity in SCN8A epileptic encephalopathy. They will also provide\nimportant insight into the selective targeting of Nav1.6 for therapy."", ""found_in"": [""reporter""]}"
GRANT:R01NS112935	grant	Identifying SREBP-1 activation mechanism in glioblastoma and its new role in regulating glutamine metabolism	"{""activity_code"": ""R01"", ""fiscal_years"": [2021, 2022, 2023, 2024], ""is_active"": false, ""total_award"": 1427186, ""start"": ""2020-04-01"", ""end"": ""2026-01-31"", ""abstract"": ""ABSTRACT\nGlioblastoma (GBM) is the most lethal primary brain tumor, and its prognosis has no significantly improved in\nthe past two decades. It is urgent to identify effective strategies to treat GBM, but our only partial understanding\nof GBM biology significantly hinders this progress. Our laboratory has long focused on understanding GBM\nbiology and recently demonstrated that GBM reprograms lipid metabolism to support its rapid growth. We\nidentified that sterol regulatory element-binding protein-1 (SREBP-1), a master transcription factor regulating\nlipid synthesis, is highly activated in GBM and is essential for tumor growth. However, the molecular\nmechanism activating SREBP-1 and lipogenesis in cancer cells remains unclear. Moreover, whether the\nhighly activated SREBP-1 plays new roles in malignancy is unknown. In normal cells, SREBP activation is\nstrongly repressed by Insulin-induced gene (Insig), an endoplasmic reticulum (ER)-anchored protein. It binds to\nthe SREBP transporter, SREBP-cleavage protein (SCAP), preventing SREBP ER-to-Golgi translocation and\nsubsequent activation. Thus, the first key step for SREBP-1 activation is SCAP dissociation from Insig. How\ncancer cells are able to release the tight repression of Insig on SCAP to promote high levels of SREBP-\n1 activation remains unanswered. We recently found that glucose-mediated N-glycosylation stabilizes SCAP.\nInterestingly, our new preliminary data showed that in the absence of glutamine, SREBP-1 failed to be cleaved,\nalthough SCAP remained glycosylated. Inhibiting glutamine conversion to glutamate and ammonia by\nsuppressing glutaminase (GLS) markedly reduced SREBP-1 cleavage. These data strongly suggest that\nglutamine plays a critical role in SREBP-1 activation. Interestingly, expressing the active N-terminal form of\nSREBP-1 in GBM cells significantly enhanced glutamine uptake. Analysis of GBM patient samples showed that\nthe glutamine transporter, SLC1A5, is highly expressed in tumor tissues and is inversely correlated with patient\nsurvival. Promoter analysis showed multiple putative SREBP-1 binding sites in the SLC1A5 promoter region.\nBased on these new preliminary data and our published studies, we hypothesize that SCAP dissociation from\nInsig is activated by glutamine-derived metabolites, leading to SREBP-1 activation; in turn, activated\nSREBP-1 transcriptionally upregulate the expression of SLC1A5, resulting in a feedforward loop to\nincrease glutamine uptake and lipid synthesis to promote GBM growth. In this study, we will identify the\nmolecular mechanism activating SREBP-1 and lipogenesis by glutamine in GBM in Aim 1, and reveal the new\nrole of SREBP-1 in regulating glutamine metabolism in Aim 2. We will further examine whether combining\ninhibition of SREBP-1 together with SLC1A5 or GLS suppression provides strong synergy to inhibit GBM growth\n(Aim 2). Completion of this study will significantly advance our understanding of GBM biology and metabolism\nrewiring, and provide promising approaches for GBM therapy."", ""found_in"": [""reporter""]}"
GRANT:R01NS117698	grant	Understanding the Etiology of CASK Associated Epileptic Encephalopathy	"{""activity_code"": ""R01"", ""fiscal_years"": [2021, 2022, 2023, 2025, 2026], ""is_active"": true, ""total_award"": 1914842, ""start"": ""2021-04-01"", ""end"": ""2026-12-31"", ""abstract"": ""PROJECT ABSTRACT\nEpileptic encephalopathies (EEs) are severe brain disorders of early infantile and childhood age onset\ncharacterized by epileptic seizures, abnormal electroencephalogram (EEG), severe cognitive and behavioral\nimpairments that might lead to early death. It is estimated that ~2.9 million Americans live with epilepsy and\nthe mortality rate in people with epilepsy is ~2-3 times higher than the general population. Several genetic\nmutations associate with EEs including mutations in the X-linked intellectual disability gene CASK that are\nfound in patients with Ohtahara syndrome (OS) and West Syndrome (WS). Constitutive CASK deletion in\nmammals is incompatible with life and the prognosis of CASK hemizygous male patients remains extremely\ngrim. The precise function of CASK and the potential mechanisms by which CASK mutation produces EE\nremains obscure. Because the constitutive CASK-/- knockout mice exhibited neonatal lethality, we recently\ngenerated a novel mouse model of EE by deleting CASK specifically from the neurons (CASKNKO). We found\nthat CASKNKO mice display severe growth retardation, recurrent tonic spasms, EEG anomalies, and\nmyoclonus beginning postnatal day 17 that leads to death by postnatal day 25. Multiple studies have shown\nthat CASK protein is localized at the mitochondrial membranes. Recently, CASK gene expression was found\nto be regulated in an NAD+/Sirtuin1 dependent manner in mouse neurons. Moreover, we found that\nmammalian CASK interacts and co-localizes with mitochondrial proteins, and significantly modulates\nmitochondrial function and number. Based on the evidences from literature and our findings we hypothesize\nthat CASK plays a role in brain mitochondrial function and metabolism, and is critical for optimum neuronal\nexcitability in vivo. To test this hypothesis, we will examine the brain mitochondrial, metabolic, and\nelectrophysiological functional changes as well as synaptic excitatory/inhibitory balance in the CASKNKO mice.\nWe will further identify the specific domain/s of CASK that interacts with mitochondrial proteins, and determine\nif SIRT1-dependent mitochondrial biogenesis pathway is dysregulated in the brain of CASKNKO mice.\nExperiments will be performed before and after the onset of myoclonus to distinguish between a potential\ncause and consequence relation with the disease. We will also test if pharmacological activation of\nNAD+/SIRT1 pathway can stimulate mitochondrial biogenesis in the brain and CASK expression in glial cells\nto rescue EE phenotype in the CASKNKO mice. Success in the proposed project will uncover how loss of\nneuronal CASK alters mitochondrial and synaptic functions to produce EE. The long-term goal of our project\nis to use the novel CASKNKO EE mouse model to identify potential disease biomarkers and test therapeutic\nstrategies for clinical intervention."", ""found_in"": [""reporter""]}"
GRANT:R01NS120676	grant	Exploring the role of oxytocin in the regulation of neuronal excitability	"{""activity_code"": ""R01"", ""fiscal_years"": [2021, 2022, 2023, 2024, 2025], ""is_active"": false, ""total_award"": 2392065, ""start"": ""2021-05-01"", ""end"": ""2026-03-31"", ""abstract"": ""PROJECT SUMMARY\nDysfunction of voltage-gated sodium channels (VGSCs) is responsible for several forms of catastrophic\nchildhood encephalopathies. Over 1000 loss-of-function mutations in the VGSC SCN1A have been identified\nduring the last two decades and are the main cause of Dravet syndrome (DS), characterized by recurrent early-\nlife febrile seizures (FSs), severe afebrile epilepsy, cognitive and behavioral deficits, and a 15-20% mortality\nrate. Mutations in the VGSC SCN8A were more recently identified in 2012, and already over 200 gain-of-function\nSCN8A mutations have been reported in patients with a range of clinical features including catastrophic\ntreatment-resistant childhood epilepsy, autism, intellectual disability and developmental delay. Unfortunately,\nmost anti-epileptic drugs (AEDs) fail to adequately treat the broad range of severe seizures and behavioral\nphenotypes in patients with SCN1A- and SCN8A-derived epilepsy. Thus, despite recent progress in\npharmacological treatments for DS, there remains a need to develop more effective, longer lasting treatments\nwith fewer side effects. Neuropeptides are well known in animal studies to show great promise for controlling\nseizures and ameliorating behavioral abnormalities; however, they do not readily cross the blood brain barrier\nand are rapidly metabolized when given systemically. Thus, poor brain penetrance is a critical barrier to the\nclinical application of these promising therapeutics. To overcome this challenge, we developed and validated an\napproach based on the encapsulation of neuropeptides in nanoparticles conjugated to rabies virus glycoprotein\n(RVG). Using this approach, we have found that intranasal delivery of nanoparticle-encapsulated oxytocin (NP-\nOT) greatly increases brain penetrance and the capacity of OT to confer robust and sustained increases in\nresistance to seizures in mouse models of SCN1A and SCN8A dysfunction. We have also extended our strategy\nto encapsulate neuropeptide Y (NP-NPY), and similarly observed a robust improvement in its ability to confer\nseizure resistance. In the proposed study, we will establish the ability of NP-OT and NP-NPY to ameliorate\nspontaneous seizures and behavioral abnormalities in Scn1a and Scn8a mouse mutants (Aim 1). While the role\nof OT in social behavior is well-studied, less is known about the mechanisms by which it modulates seizure\nsusceptibility. Thus, we will also identify the cellular and neural circuit mechanisms that contribute to the ability\nof OT to increase seizure resistance in the Scn1a and Scn8a mutants (Aim 2). Our long-term goal is to develop\nsafe and effective approaches for the brain delivery of neuropeptides for the treatment of epilepsy and other\nneurological disorders."", ""found_in"": [""reporter""]}"
GRANT:R01NS122834	grant	Role of brainstem cardiorespiratory neurons in SUDEP	"{""activity_code"": ""R01"", ""fiscal_years"": [2022, 2023, 2024, 2025, 2026], ""is_active"": true, ""total_award"": 2109619, ""start"": ""2022-02-15"", ""end"": ""2026-12-31"", ""abstract"": ""Sudden Unexpected Death in Epilepsy (SUDEP) is defined as the sudden, unexpected, and unexplained\ndeath of a person with epilepsy. SUDEP accounts for between 8 and 17% of all epilepsy-related deaths, rising\nto 50% in patients for which current therapies are ineffective. Amongst all neurological conditions, it is second\nonly to stroke for number of life-years lost. Increasing evidence supports apnea (breathing cessation) as the\nprimary cause of death following a seizure. Apnea and oxygen desaturation have been reported in a large\npercentage of patients during and after convulsive seizures, and of the 9 SUDEP cases that were monitored by\nvideo-EEG in epilepsy monitoring units (EMUs) at the time of death, all involved respiratory arrest occurring\nbefore terminal asystole (MORTEMUS study). A better understanding of the key processes involved in\nrespiratory dysfunction and subsequent SUDEP would allow for the development of novel rescue therapies.\n SUDEP occurs across numerous epilepsy populations. One such vulnerable population are patients with\nSCN8A epileptic encephalopathy (EE), who have a gain of function mutation in the NaV1.6 sodium channel.\nOur mice models harbor Scn8a mutations identified in patients that suffered SUDEP, and produce many of the\nclinical symptoms of the patients, including spontaneous generalized tonic-clonic seizures, apnea, and\nSUDEP. Using these clinically relevant mice models we will test our CENTRAL HYPOTHESIS that SUDEP\noccurs when breathing ceases after a seizure, as a result of constant tonic inspiratory activity, and\nfailure of breathing recovery is due to impaired cardiorespiratory homeostasis. AIM 1: We will determine\nthe role of the Bötzinger complex (BötC) and retrotrapezoid nucleus (RTN) brainstem neurons on coordinating\ninspiratory activity during seizure-induced apnea using optogenetic techniques. AIM 2: Epilepsy patients at risk\nfor SUDEP have impaired central chemosensitivity. We show that our SCN8A EE mice also have impaired\ncentral chemosensitivity. We propose to assess in vivo CO2-sensitivity at developmental time points leading up\nto SUDEP and determine if inhibition of sodium channel (INa) currents can rescue CO2-sensitivity. We will\ndetermine changes in RTN neurons to determine their CO2/H+-sensitivity, intrinsic excitability, and INa currents.\nFinally, we will use shRNA to knockdown NaV1.6 in the RTN and assess its contribution to in vivo CO2-\nsensitivity and SUDEP. AIM 3: Impaired cardiac control is a contributor of SUDEP, and we find that\nbradycardia occurs immediately prior to SUDEP. We will determine in vivo parasympathetic cardiac drive\nleading up to SUDEP and determine effects of INa inhibition. We will make recordings from parasympathetic\ncardiovagal neurons and determine the effects of NaV1.6 knockdown on bradycardia and SUDEP. These\nstudies will significantly impact our current understanding of the cardiorespiratory alterations that lead to\nSUDEP and could provide important insight into novel therapeutic targets to prevent SUDEP."", ""found_in"": [""reporter""]}"
GRANT:R01NS126392	grant	SCN8A encephalopathy: disease mechanisms and treatment	"{""activity_code"": ""R01"", ""fiscal_years"": [2023, 2024, 2025, 2026], ""is_active"": true, ""total_award"": 2053302, ""start"": ""2023-03-01"", ""end"": ""2028-02-29"", ""abstract"": ""PROJECT SUMMARY\nThe mammalian genome contains four voltage-gated sodium channels that are expressed at high levels in the\ncentral nervous system: SCN1A, SCN2A, SCN3A and SCN8A. This gene family plays an important role in the\netiology of human epilepsy and mutations in each gene are associated with different types of epilepsy. However,\nthe relationship between altered SCN8A function and epilepsy appears more complex. While we have shown\nthat mice with loss-of-function Scn8a mutations are more resistant to induced seizures, many de novo gain-of-\nfunction SCN8A mutations have been identified in patients with a range of clinical features including catastrophic\nchildhood epilepsy, autism, intellectual disability and developmental delay. Individuals with SCN8A mutations\nalso face an increased risk for sudden unexpected death in epilepsy (SUDEP). The mechanisms by which\nSCN8A mutations lead to the observed range of clinically challenging features remain poorly understood, and\ncurrent therapies are often woefully inadequate. Our central hypothesis is that the development of the most\neffective therapy for SCN8A disorders requires a mechanistic understanding of the precise cell types\nand brain regions underlying SCN8A pathologies. Our proposal builds on our recent studies in which we\ndecoupled the cell types, circuits, and regions underlying seizure generation versus seizure resistance due to\nScn8a haploinsufficiency. We will expand on these findings by studying three different SCN8A variants: R850Q\n– one of the most severe and recurrent SCN8A mutations, R1620L – a mutation associated with relatively mild\nepilepsy, yet intellectual disability and social dysfunction, and N1768D – a mutation associated with epileptic\nencephalopathy. We will study the R850Q mutation in Aim 1 by using a conditional knock-in (CKI) mouse line to\nenable cell- and region-selective expression of this variant, which until now was not possible to study due to the\nsevere phenotype and premature lethality when globally expressed in mice. The CKI R850Q line will be used to\nestablish the contribution of different cell types to the seizure, behavioral, and biophysical phenotypes associated\nwith SCN8A dysfunction. In Aim 2, we will implement two parallel approaches to guide the identification of more\nefficacious SCN8A therapies using pharmacological and cell-specific manipulations in both the R1620L and\nN1768D lines, thereby spanning the range of SCN8A clinical presentations. Given the lack of optimized treatment\nstrategies for patients with SCN8A mutations, we will conduct the first systematic comparison of selected\nantiepileptic and candidate drugs for their ability to decrease spontaneous seizures and SUDEP risk, and\nnormalize behavior. We will also use a chemogenetic approach to further interrogate cell type-specific\ncontributions to disease mechanisms and establish the therapeutic potential of selectively modulating the\nexcitability of excitatory neurons, as well as parvalbumin, somatostatin, and vasoactive intestinal peptide-\nexpressing interneurons. The proposed experiments provide a path towards personalized medicine for SCN8A\npatients and a blueprint for treatment development in other neurological disorders."", ""found_in"": [""reporter""]}"
GRANT:R01NS127830	grant	Subgroup delineation in genetic epilepsies and developmental brain disorders	"{""activity_code"": ""R01"", ""fiscal_years"": [2023, 2024, 2025, 2026], ""is_active"": true, ""total_award"": 5598094, ""start"": ""2023-02-15"", ""end"": ""2028-03-31"", ""abstract"": ""PROJECT SUMMARY\nOver the last decade, there has been an exponential increase in identified genetic causes of neurodevelopmental\ndisorders and epilepsy. With more than 100 genes identified, understanding how phenotypes relate to specific\ngenetic variants is critical given the clinical complexity of developmental brain disorders. Given that treatment\nand prognosis is dependent on understanding genotype-phenotype correlations, there is a critical need to better\nassess clinical features in genetic epilepsies. However, phenotyping is a time-consuming, manual task with\nlimited throughput. To overcome this bottleneck, we have developed a novel approach, based on the Human\nPhenotype Ontology (HPO) to capture and analyze longitudinal phenotypic data. In our preliminary data for\nSTXBP1- and SCN8A-related disorders, which we have reconstructed for >550 patient months, we identified\nunique natural histories, outcomes, and distinct response patterns to specific treatment strategies. Natural history\nand treatment response in pediatric epilepsies are deeply intertwined and often difficult to disentangle.\nAccordingly, a comprehensive assessment of genetic epilepsies needs to account for two factors, subgroups\nwith common clinical trajectories as well as gene-specific treatment responses. Our suggested project therefore\nhas two aims. First, we plan to detect relevant subgroups in genetic epilepsies based on longitudinal clinical data\n(Aim #1). We will reconstruct longitudinal trajectories and outcomes in the 15 most common genetic epilepsies\nwith 50-75 individuals per gene to delineate longitudinal seizure burden, seizures types, and developmental\nmilestones. Based on this, we will then identify subgroups defined by clinical features and global clinical\nresemblance, as well as variant and gene groups. In addition (Aim #2), we will identify specific treatment\nresponses in genetic epilepsies using standardized phenotypes. We will combine reconstructed natural history\nwith treatment data to compare reduction in seizure frequencies and effect on maintaining seizure freedom\nacross >20 treatment strategies with the goal to identify the most effective treatment strategy when adjusting for\nage and seizure type. Finally, we will also compare medication response across major variant classes and across\nall genetic etiologies combined. Our team has previously pioneered computational phenotype analysis in the\nepilepsies, positioning us uniquely to address these questions. Our analysis, mapping longitudinal clinical data\nto a harmonized format will provide unprecedented granularity in deciphering the trajectory of genetic epilepsies,\ninforming clinical practice in these conditions. We hope that these results will provide a template for the analysis\nof the limited clinical data in rare diseases in order to maximize treatment-relevant information, especially in\nconditions with complex, longitudinal disease histories."", ""found_in"": [""reporter""]}"
GRANT:R01NS133139	grant	The neural circuitry of seizure-induced apnea and SUDEP	"{""activity_code"": ""R01"", ""fiscal_years"": [2023, 2024, 2025, 2026], ""is_active"": true, ""total_award"": 1819324, ""start"": ""2023-06-01"", ""end"": ""2028-05-31"", ""abstract"": ""Sudden Unexpected Death in Epilepsy (SUDEP) accounts for up to 17% of all epilepsy-related deaths, and\n50% for those refractory to treatment. There is increasing evidence that apnea (respiratory arrest) is the\nprimary cause of death from SUDEP. We have shown in a number of mouse models - including PTZ injection,\nrapid kindling (prelim. data), and mouse models harboring Scn8a mutations identified from SUDEP patients -\nthat sudden death is due to seizure-induced apnea (SIA) that occurs during tonic seizures, minutes prior\nto terminal asystole. As it pertains to this proposal, we have also made four other important observations:\n1) artificial ventilation can prevent death and suppressed cardiac activity does not increase likelihood of fatality;\n2) tonic contraction of breathing muscles represents a likely mechanism of SIA; 3) inhibition of cortical seizure\nactivity does not impact SIA; and 4) inhibition of the inspiratory oscillator does not reduce apnea (prelim. data),\nsuggesting seizure spread bypasses homeostatic elements of respiratory control circuitry. CENTRAL\nHYPOTHESIS: [AIM 1] Increased midbrain and pontine excitability is both necessary and sufficient to\nproduce SIA, [AIM 2] the parabrachial/kölliker fuse (PB/KF) nucleus in the pons represents a key nodal\npoint for SIA generation, and [AIM 3] that brainstem nuclei, like the PB/KF and PAG are recruited\nspecifically during SIA, which we will explore using electrophysiology and genetic mapping. AIM 1: We\nhave previously used chemogenetics to demonstrate that cortical ictal activity is not required for SIA and we now\npropose that hyperexcitability of the pons and midbrain drive SIA and SUDEP. We will use chemogenetics to\ninhibit different parts of the brainstem of Scn8a mutant mice to test their necessity for SIA and SUDEP.\nAdditionally, we will test sufficiency of these regions by selectively expressing an Scn8a mutation that increases\nneuronal excitability. Using the rapid kindling model, we will also perform patch clamp recordings to test whether\nincreased neuronal excitability in these regions occurs concurrently with the development of SIA. AIM 2: The\nparabrachial/kölliker fuse nucleus PB/KF in the Pons is a key nodal point for descending forebrain input and\nprojects past the inspiratory oscillator, and is modulated by the vagus nerve. In this aim, we will photoinhibit the\nFoxp2-positive PB/KF neurons to regain normal breathing pattern during SIA, photostimulate P2ry1-positive\nvagal afferent nerve fibers to interrupt inspiration during SIA, and determine if PB/KF and Npy2r-positive vagal\nneuron photostimulation rescues postictal breathing in our PTZ SUDEP mouse model. AIM 3: We have\ndemonstrated that tonic seizures with SIA and clonic seizures without SIA can occur in the very same mouse,\nboth in Scn8a mutant and rapid kindling models (prelim. data) and that certain mid- and hindbrain structures are\nactivated during SIA. We will determine the neuronal circuitry activated specifically during SIA and SUDEP using\nin vivo electrophysiology and TRAP2 identification of activated neurons."", ""found_in"": [""reporter""]}"
GRANT:R01NS143927	grant	Examining the interplay of complexin and synaptotagmin at the synapse	"{""activity_code"": ""R01"", ""fiscal_years"": [2025, 2026], ""is_active"": true, ""total_award"": 1261062, ""start"": ""2025-07-25"", ""end"": ""2030-06-30"", ""abstract"": ""Project Summary\nResearch into the molecules underlying synaptic exocytosis has revolutionized our understanding of synaptic\ntransmission and connections to a variety of neurological and psychiatric disorders, but several fundamental\nchallenges remain. In particular, decades of research have yet to resolve the precise function of a critical piece\nof the synaptic vesicle fusion apparatus: Complexin (CPX). CPX is a small cytoplasmic protein containing a\nhighly conserved SNARE-binding motif known as the central helix (CH), that is surrounded by a poorly conserved\naccessory helix (AH) and a C-terminal amphipathic domain (CTD). Past studies suggest that CPX works in\ntandem with the vesicle-associated protein Synaptotagmin-1 (Syt1) to prepare and maintain synaptic vesicles\n(SVs) in a fusion-ready state, with all domains all playing crucial roles in CPX function. However, the precise\nmechanism remains unclear. Notably, perturbations of CPX function appear to have strikingly different impact\non mammalian vs invertebrate model synapses, although few studies have directly compared CPX biochemical\nand functional properties together across widely divergent species. In this proposal, we describe a systematic\nand comprehensive approach to compare the proposed functions of worm and mouse CPX and its relationship\nto Syt1 using a combination of complementary in vitro, ex vivo and in vivo experimental systems, and\ncomputational modeling. Specifically, we aim to resolve whether AH domain function together with the CH and\nCTD domains or acts independently to determine the specificity and efficacy of the CPX inhibitory/facilitatory\nfunction. We compare the CTD-membrane interactions and curvature sensitivity to test the hypothesis that the\nCTD properly localizes CPX on vesicle membranes where it can efficiently bind assembling SNARE proteins.\nAdditionally, we assess how variations in Syt1 inhibitory function influences CPX action across species. For in\nvitro analysis, we will deploy single-vesicle docking/fusion assay with high time resolution and precise control\nover protein identity/density. We will test worm/mouse CPX and Syt1 isoforms as well as variants/chimeras, with\nthe species-specific SNARE proteins. These experiments will be complemented with physiological assays in\nboth C. elegans and in cultured mouse neurons. We will utilize CRISPR/Cas9 gene editing and single-copy\ntransgenics to explore the impact of the CPX/Syt1 variants on synaptic function in C. elegans. We will conduct\ncorrelative analysis in cultured mouse neurons by utilizing the fast fluorescent glutamate sensor iGluSnFR to\nimage quantal glutamate release at individual presynaptic boutons, followed by post-hoc immunocytochemistry\nto correlate these release events with the expression levels of release machinery proteins. To close the loop, we\nwill develop mechanistic models of synaptic transmission based on experimental data, incorporating the\nsynergistic actions of CPX and Syt1, and test their feasibility through computational modelling. We expect this\nproject will offer crucial insights into the molecular mechanisms underlying the regulation of neurotransmitter\nrelease and contribute to the development of a detailed mechanistic model."", ""found_in"": [""reporter""]}"
GRANT:R03AG087436	grant	Targeting Excitability in Alzheimer's Disease	"{""activity_code"": ""R03"", ""fiscal_years"": [2024], ""is_active"": false, ""total_award"": 307230, ""start"": ""2024-04-15"", ""end"": ""2026-03-31"", ""abstract"": ""PROJECT SUMMARY\nAlzheimer’s disease (AD) is a progressive neurodegenerative disorder that is characterized by the accumulation\nof neurofibrillary plaques and tangles, cognitive decline, mood and behavior changes, and dementia. Despite\nthe recent FDA approval of Leqembi, limited progress has been made towards identifying more efficacious AD\ntreatments, underscoring the need for new treatment strategies. Compared to the general population, patients\nwith AD have a significantly higher incidence of epilepsy, and the risk for developing epilepsy is even higher in\npatients with early-onset AD. Furthermore, over 40% of AD patients without a history of epilepsy exhibit\nsubclinical epileptiform activity. This overlap between epilepsy and AD suggests a shared underlying disease\nmechanism, and we propose that this commonality may be leveraged to guide novel treatment strategies.\nMutations that increase activity of SCN8A (which encodes the voltage-gated sodium channel Nav1.6) are\nassociated with epilepsy and a range of behavioral abnormalities. Interestingly, increased Nav1.6 expression has\nalso been observed in brains from AD patients and mouse models of AD. We hypothesize that increased\nSCN8A activity in AD contributes to multiple clinically challenging features of AD, including epileptiform\ndischarges, cognitive impairment, and AD neuropathology. Consistent with this hypothesis, Yuan et al.\nrecently reported reduced Ab plaques and amelioration of cognitive and synaptic deficits following hippocampal\nknockdown of Nav1.6 in 5-month-old male APP/PS1 mutants, and SCN8A was recently nominated as a potential\ntherapeutic target for AD (Agora AD knowledge portal).\n Hyperexcitability and tau neuropathology in AD originate in the locus coeruleus (LC), and the LC is\nanatomically and functionally connected to other vulnerable brain regions that develop AD pathology, including\nthe hippocampus which is also critical for seizure generation and cognitive behavior. Furthermore, degeneration\nof the LC is a pervasive characteristic of mid- to late-stage AD and contributes to the progression of forebrain\npathology and cognitive impairment. In our Preliminary data, we show that Scn8a is highly expressed in the LC,\nsuggesting an important role for Scn8a in the LC. As Nav1.6 is located at the axon initial segment and regulates\nneuronal excitability, we predict that reducing Nav1.6 in the LC may prevent or delay hyperexcitability of the LC,\nwhich in turn, may prevent or slow the development of multiple AD phenotypes. Thus, targeting SCN8A in the\nLC may provide a novel therapeutic opportunity to prevent disease progression in AD. In the proposed studies,\nwe will establish the effect of selectively SCN8A knockdown in the LC or hippocampus on seizure susceptibility,\nepileptiform activity, behavior, and AD neuropathology."", ""found_in"": [""reporter""]}"
GRANT:R03TR005987	grant	Gating properties of specific voltage-gated sodium channel complexes involved in rare disease	"{""activity_code"": ""R03"", ""fiscal_years"": [2026], ""is_active"": true, ""total_award"": 155500, ""start"": ""2026-02-01"", ""end"": ""2027-01-31"", ""abstract"": ""ABSTRACT\nThis proposal addresses the need to investigate understudied proteins associated with rare diseases, such as\nBrugada Syndrome (PAR-25-122). One class of proteins highlighted in this RFA—Scn2b, Scn3b, and Scn4b—\nbelongs to a family of β subunits that associate with the large pore-forming α subunits of voltage-gated sodium\nchannels (NaV), which regulate electrical excitability throughout the body. In total, there are four distinct β\nsubunits that can mix and match with nine different α subunits. Beta subunits are widely recognized for their\nability to regulate the gating properties, trafficking, and pharmacology of Nav channel complexes. Dysfunction\nof these subunits has been linked to several human diseases, including epilepsy and cardiac arrhythmias such\nas long QT syndrome, atrial fibrillation, and Brugada syndrome. Additionally, mutations in NaV α subunits have\nbeen implicated in rare diseases, including SCN8A encephalopathy (SCN8A/ NaV 1.6), hereditary sensory and\nautonomic neuropathy type 7 (SCN11A/ NaV1.9), and dilated cardiomyopathy-1E (SCN5A/ NaV1.5).\nA critical step in understanding how beta subunits contribute to disease is elucidating their precise modulatory\neffects on NaV function. Electrophysiological studies in heterologous cells have demonstrated the ability of beta\nsubunits to influence channel gating, pharmacology, and trafficking. However, results across multiple studies\nhave been inconsistent, often due to variability in the cell lines used. A major confounding factor is that many\ncell lines endogenously express beta subunits, which can interfere with exogenously introduced β subunits\nunder investigation.\nTo overcome this limitation, we developed a specialized cell line lacking all β subunits, including Scn2b, Scn3b,\nand Scn4b, as well as Scn1b, MPZ, MPZL1, MPZL2, and MPZL3. These cells, termed beHAPe cells (beta-\neliminated haploid cells for expression), provide a controlled system to study NaV channel regulation. Our initial\nelectrophysiological studies using beHAPe cells reveal novel properties of beta subunits in modulating NaV1.5,\nthe primary α subunit in cardiac tissue. Building on these findings, we propose to produce stably-expressing\nhuman (HEK) cell lines to systematically define the roles of Scn2b, Scn3b, and Scn4b in modulating additional\nα subunits, including NaV1.6 (a key subunit in the central nervous system) and NaV1.7, NaV 1.8, and NaV 1.9\n(which are predominant in the peripheral nervous system). This work will provide deeper insights into their\nfunction in these tissues and their associated diseases. Additionally, our new data suggest that Nav1.8 plays a\npreviously unrecognized role in cardiac function alongside NaV1.5. Understanding how β subunits modulate\npore-forming subunits could provide new insights into their involvement in cardiac arrhythmias, expanding their\nknown roles beyond the nervous system. Taken together, in addition to providing new information on the\nunderstudied Scn2b, Scn3b, and Scn4b proteins, our newly generated stable cell lines will enable studies for\nthe development of novel therapeutics for isoform specific modulation of specific α- and β-subunit pairs."", ""found_in"": [""reporter""]}"
GRANT:R21AR078399	grant	A Metabolic Strategy Utilizing a Zein Scaffold for Bone Repair	"{""activity_code"": ""R21"", ""fiscal_years"": [2021, 2022], ""is_active"": false, ""total_award"": 399598, ""start"": ""2022-12-20"", ""end"": ""2024-04-30"", ""abstract"": ""Project Summary\nMore than one million operations are performed annually in the United States for reconstructive surgery, trauma,\nor abnormal skeletal defects. To achieve reconstructive goals, large amounts of autologous bone graft or\nalternative large bulk allograft are needed in the surgical procedure. Autologous bone is limited in supply and\nallograft bone material and alternatives such as synthetic grafts often result in delayed osseous integration.\nAllograft bone and synthetic substitutes may provide an osteoconductive environment but they do not provide\nthe necessary cellular and/or other biological activity for bony union and healing to occur. A novel approach to\novercome these limitations is the use of a metabolic strategy to promote healing. Recent studies by our group\nhave identified the amino acid glutamine as a critical regulator of osteoblast specification and differentiation in\nmesenchymal stem cells (MSCs). MSCs are critical for bone healing and regeneration by providing a reservoir\nof osteoblasts in response to injury. The proposed studies will utilize a glutamine enriched scaffold that can\nstimulate endogenous MSCs to proliferate and differentiate into osteoblasts and be osteoconductive to promote\nbone repair of skeletal defects. Zein, which is a protein derived from corn, is high in glutamine thus providing a\nsource of glutamine to cells upon enzymatic degradation. It can be readily processed, is biocompatible and\nbiodegradable and recent studies have demonstrated that cell attachment is enhanced on zein via interaction\nwith tissue transglutaminase. We have demonstrated, for the first time, that we can form hydrolytically stable,\nfibrous zein scaffolds. Fibers are a beneficial structural feature for cell adhesion and growth due to the large\nsurface-to-volume and high aspect ratio and the fibrous structure mimics the collagen fiber structure of the native\nextracellular matrix (ECM). Zein is also classified by the U.S. Food and Drug Administration as a generally\nrecognized as safe substance (GRAS) and is being sought for a variety of biomedical applications. This proposal\nwill develop fibrous zein scaffolds for use in bone regeneration with the goal of providing a source of glutamine\nto cells to promote repair. The following specific aims will be addressed. Aim 1 will determine zein scaffolds that\npromote MSC osteogenesis. The studies will examine zein scaffolds that vary with degree of crosslinking, which\ncan affect glutamine availability, and its effect on MSC growth and osteogenesis. We also will examine glutamine\nuptake and metabolism via glutaminase (GLS) activity, which is the primary enzyme responsible for glutamine\ncatabolism. We will inhibit GLS activity to determine the contribution of zein’s glutamine content on differentiation.\nAim 2 will investigate the efficacy of zein scaffolds in a bone defect model. Bone healing will be evaluated over\ntime. We will also knockout GLS specifically in MSCs using LeprCre and determine the effects of the zein scaffold\non bone healing. This study proposes a novel fibrous zein scaffold for the repair of bone defects and findings will\nsupport future studies to validate results in larger animal models leading to clinical translation."", ""found_in"": [""reporter""]}"
GRANT:R21CA297629	grant	Co-targeting IGF-1R and Glutaminase in Ewing Sarcoma	"{""activity_code"": ""R21"", ""fiscal_years"": [2025], ""is_active"": true, ""total_award"": 391186, ""start"": ""2025-09-01"", ""end"": ""2027-08-31"", ""abstract"": ""PROJECT SUMMARY\n Aberrant activation of receptor tyrosine kinases (RTK) drives or enables tumorigenesis, metastasis, and\ntherapeutic resistance across cancers but RTK targeting is only successful in few of these. IGF-1R provides a\nkey oncogenic axis in Ewing Sarcoma (EWS), the second most common malignant bone tumor of children and\nyoung adults with a 5-year survival rate of only 39% once metastasized. Yet, clinical trials showed limited\nresponses to IGF-1R inhibitors in EWS. An essential cancer hallmark is the metabolic rewiring with enhanced\naccumulation of glucose and its aerobic glycolysis (the Warburg effect). This helps reallocate glucose-derived\nmetabolites for macromolecular synthetic needs of proliferative tumor cells and away from use in bioenergetics.\nIncreased glucose uptake (using FDG-PET scanning) is a mark of EWS patient tumors and correlates with worse\noutcomes. Yet, knockdown (KD) of the EWS driver oncogene EWS-FLI1 led to enhanced glucose uptake and\nglycolysis, suggesting other molecular pathways counter the EWS-FLI1 effect to inhibit glycolysis. We identified\nEHD1, a member of the EPS15-Homology Domain-containing (EHD) protein family, as a required element of the\nEWS tumorigenesis and metastasis. Mechanistically, EHD1 promoted the intracellular traffic of IGF-1R to elevate\nits cell surface expression and signaling. Our new data demonstrate that EHD1 overexpression upregulates\nglucose uptake, essential for glycolysis, in an IGF-1R dependent manner. Metabolomics analyses demonstrated\nthat EHD1-KO, which genetically mimics IGF-1R inhibition, in EWS cell models led to a switch to glutamine-\ndependent maintenance of TCA cycle, in the process of glutamine anaplerosis. Glutaminase 1 (GLS) or GLS2\nconvert glutamine to glutamate for entry into metabolic pathways. GLS is universally pro-oncogenic while GLS2\nis context dependent. We found that EWS cells only express GLS. GLS inhibition is untested in EWS but effective\nin other cancer models. GLS inhibitor CB-839 (Telaglenastat) was found safe in phase 1 trials and is in phase 2\ntrials in prostate cancer (NCT04824937). We found CB-839 to inhibit EWS cell proliferation and migration at\nnanomolar IC50s, and to be synergistic with Linsitinib, an IGF-1R inhibitor in advanced clinical trials. We\nhypothesize that a metabolic switch to glutamine dependence sustains EWS tumorigenesis and metastasis in\nthe face of IGF-1R inhibition, and thus concurrent targeting of IGF-1R and GLS will provide an effective targeted\ntherapy approach for EWS. We propose complementary genetic and pharmacologic studies using cell line and\nPatient-derived xenograft (PDX)-derived tumor organoid models of EWS to assess if GLS is a valid therapeutic\ntarget in EWS (Aim 1) and if its co-targeting with IGF-1R inhibitors will be additive or synergistic (Aim 2). Our\nstudies evaluate a novel hypothesis, use state of the art and innovative approaches, and explore a co-targeting\napproach not previously tested. Success of our studies will nominate IGF-1R and GLS inhibitors as a novel and\nsafe combinatorial targeted therapy for EWS. The novel principle of IGF-R plus GLS inhibition may be extendable\nto other cancers (including NSCLC, breast, and thyroid) with an overactive EHD1-RTK axis."", ""found_in"": [""reporter""]}"
GRANT:R21NS121700	grant	Hippocampal Circuit Dysfunction in SCN8A Gain-of-Function Encephalopathy	"{""activity_code"": ""R21"", ""fiscal_years"": [2021], ""is_active"": false, ""total_award"": 429000, ""start"": ""2021-04-01"", ""end"": ""2023-09-30"", ""abstract"": ""PROJECT SUMMARY / ABSTRACT\nDevelopmental epileptic encephalopathy (DEE) is a complex disorder characterized by refractory seizures,\ndevelopmental delay, cognitive disabilities, movement disorders and elevated risk of sudden unexpected death\n(SUDEP) (1-4). De novo missense mutations in the sodium channel gene SCN8A have been identified in more\nthan 300 patients with DEE, resulting in the disorder early infantile epileptic encephalopathy 13 (EIEE13;\nOMIM #614558) or SCN8A encephalopathy (3). We have reported that the most common pathogenic\nmechanism of SCN8A encephalopathy is gain-of-function (GOF) changes in sodium channel Nav1.6. We\ndeveloped a mouse model with expression of the patient mutation p.Arg1872Trp (R1872W) that is dependent\non Cre-induced recombination (5). This model allows seizures to be induced in a controlled fashion in the adult\nanimal, bypassing the early lethality of constitutively expressed mutations. By crossing conditional R1872W\nmice with CAG-Cre-ER mice expressing a tamoxifen-inducible Cre transgene, we can induce spontaneous\nseizures in adult mice that recapitulate patient phenotypes. The identical genetic background of these congenic\nmice contributes to experimental reproducibility.\nHippocampal ripples are fast oscillations seen during non-REM (NREM) sleep and quiet wakefulness. Behavioral\nactivity patterns, such as the sequential firing of hippocampal place cells during navigation, are replayed in a\ncompressed neural sequence during ripples, helping to consolidate related memories. Ripples are impaired in a\nmultitude of epilepsies, likely contributing to memory and cognitive deficits in patients. While healthy and\npathological ripple dynamics are well studied in temporal lobe epilepsy and more recently in a global SCN1A\nhaploinsufficiency model, there is a gap in knowledge regarding the impact on ripples of SCN8A\nencephalopathies. It is therefore important to investigate the effects of SCN8A encephalopathy on ripples and\nother hippocampal circuit output. Our central hypothesis is that both ripples (Aim 1) and hippocampal place cell\nfiring (Aim 2) are progressively impaired during the development of SCN8A encephalopathy. The rationale for\nthis hypothesis comes from our published observations that patient mutations cause elevated activity of Nav1.6\nchannels due to premature activation or impaired inactivation, resulting in hyperactivity of cultured hippocampal\npyramidal cells. The completion of these Aims will result in the collection of massive datasets that will be shared\nwith the epilepsy community, allowing for community-wide dissection of seizure and interictal dynamics, seizure-\nonset and SUDEP prediction algorithms, as well as changes in sleep-wake rhythms over time. The observed\nchanges in hippocampal circuit dynamics will generate further hypotheses that can be dissected using cell type-\nand region-specific CRE transgenes in a follow-up R01 application."", ""found_in"": [""reporter""]}"
GRANT:R35GM137878	grant	Molecular and Genetic Analysis of Fin Regeneration in Zebrafish	"{""activity_code"": ""R35"", ""fiscal_years"": [2021, 2022, 2023, 2024], ""is_active"": false, ""total_award"": 1754814, ""start"": ""2020-07-01"", ""end"": ""2025-06-30"", ""abstract"": ""PROJECT SUMMARY/ABSTRACT\n Regenerative capacity is widespread throughout almost all animal phyla, but the distributing pattern\nappears to be inexplicable. This diverse regenerative distribution raises questions of how animals evolve toward\nloss or gain of regenerative capacity and of what cellular and molecular mechanisms control regenerative ability.\nOne feature of regeneration is that innervation is essential for peripheral tissue regeneration. Previous studies\nhave shown that nerves are involved in multiple regeneration processes from early to late regenerative events\nand that distinct neuronal subtypes, such as cholinergic and sensory neurons, play different roles during tissue\nregeneration. However, whether neuronal excitation is required for tissue regeneration and which neuronal\nsubtypes are associated with these processes remains poorly known. Obtaining a genetically amenable animal\nmodel will uniquely permit the identification of the essential neuronal subtypes and establishing their roles in\ntissue regeneration. Through forward genetic screening to discover novel regeneration-associated genes, we\nrecently discovered a new zebrafish mutant exhibiting locomotion disorder and impaired fin regeneration in a\ntemperature-dependent manner. Whole-exome sequencing and further fine genetic mapping analysis identified\na missense mutation in the scn8a gene, which encodes the major neuronal voltage-gated sodium channel\nNav1.6. We will develop a new paradigm for ion channel-regulated tissue regeneration. We will take advantage\nof the temperature sensitivity of scn8a mutation to define how scn8a mutation influences locomotion behavior\nand multiple regenerative processes. We will elucidate principles for neurons as essential drivers of tissue\nregeneration. We will address the challenge of whether neuronal Scn8a is required for locomotion and tissue\nregeneration and which Scn8a expressing neuronal subtypes are associated with fin regenerative processes. In\naddition to scn8a mutant, we will investigate the other two mutants, each of which exhibits either fin re-growth\ndefects or impaired re-patterning, to uncover unidentified regeneration-associated genes and underlying\nmechanisms. The proposed study will construct genetic models for tissue regeneration, leading to the discovery\nof valuable genes regulating tissue regeneration and establishment of regenerative networks."", ""found_in"": [""reporter""]}"
GRANT:R56NS146956	grant	Gene editing therapeutics that prevent epileptic seizures	"{""activity_code"": ""R56"", ""fiscal_years"": [2026], ""is_active"": true, ""total_award"": 565436, ""start"": ""2026-09-09"", ""end"": ""2027-08-31"", ""abstract"": ""-------------------------------------------------------------Project Summary------ -------------------------------------------------------\nEpilepsy is a common neurological disorder that affects approximately 50 million people worldwide and a third of\nthese patients do not achieve adequate seizure control.\navailable drugs, and neurosurgical removal of large brain\nOnly ~50% of epilepsies can be controlled with currently-\nregions remains the only other alternative for patients with\ncrippling epileptic seizures, resulting in profound loss of memory and cognitive function. The voltage-gated Na+\nchannel, NaV1.6 is encoded by the SCN8A gene, and is a particularly compelling therapeutic candidate for treating\nepileptic seizures and knock-down of the Scn8a gene in the mouse brain reduces seizures. However, current\nmethods for knocking down Scn8a gene are based on antisense strategies, which are difficult to clinically implement\nbecause they require repeated injections into the brain. Gene editing of the SCN8A gene has great promise to\naddress the above-mentioned concern and additionally can permit allele-specific inactivation of dominant pathogenic\nallele in heterozygotes. Indeed, editing of a pathogenic Scn8a allele specifically has already been accomplished via\nCRISPR, using AAV as a delivery vector and rescued heterozygous mice from epileptic seizures. However, AAV-\nmediated gene editing in the brain is problematic because of prolonged expression of Cas9 as well as its\nimmunogenicity. There is consequently an urgent need to develop safe and efficient non-viral delivery vehicles that\ncan deliver CRISPR to the brain. Among non-viral delivery strategies, lipid nanoparticles (LNPs) have great potential\nfor delivering mRNA to the brain because of their well-characterized clinical track record and their versatility. However,\nmRNA delivery to the brain with LNPs is currently inefficient because of limited diffusion in the brain and low levels of\nendosomal disruption, and needs to be more efficient before it can generate significant therapeutics effects. To\naddress this critical need, we developed acid-degradable LNPs (termed ADP-LNPs), which are made with acid-\ndegradable polyethylene glycol (PEG) lipids and can transfect large volumes of brain tissue after an intracranial\ninjection, because they tolerate high levels of PEGylation without losing activity. Our preliminary results demonstrate\nthat ADP-LNPs deliver Cas9 mRNA to the brain with remarkable efficiency via an intracranial injection; ~5 times\nhigher gene editing efficiency than standard LNPs in the mouse brain. We have demonstrated that a single intracranial\ninjection of ADP-LNPs carrying Cas9 mRNA/Ai9 sgRNA could induce gene editing ~30% of the total cells in the\ndentate gyrus (DG), a part of the hippocampus using Ai9 reporter mice. Additionally, we demonstrated that ADP-\nLNPs carrying Cas9 mRNA/Scn8a sgRNA could reduce NaV1.6 expression levels by ~50% in 1/3 of the DG without\na sign of toxicity. These exciting results demonstrate that ADP-LNPs have great potential as precision-medicine\ntherapeutics for epilepsy. The central objectives of this proposal are (1) to develop new LNP variants based upon\nADP-LNPs with improved diffusion and efficiency, and (2) to develop a new therapeutic strategy for treating epileptic\nseizures based upon local CRISPR/Cas9-mediated Scn8a gene editing in the mouse hippocampus using our newly\ndeveloped LNP-mRNA complexes. The central hypothesis is: intracerebral delivery of LNP-mRNA complexes that\ncarry Cas9 mRNA and sgRNA targeting the Scn8a gene can prevent/rescue mice from epileptic seizures.\nSpecific Aim 1. Increase the mouse brain gene editing efficiency of the ADP-LNPs\nSpecific Aim 2. Reduce seizures by knocking down Scn8a in a chemically-induced mouse seizure model\nSpecific Aim 3. Reduce seizures by knocking down the pathogenic Scn8a-N1768D allele in a mouse model of\npediatric seizures\nThe experiments in this proposal are significant because if successful, they will demonstrate that non-viral gene\nediting of the Scn8a gene in the hippocampus can treat SCN8A-related epilepsies and will enable the development\nof a new class of epilepsy therapeutics. These experiments are innovative given that they demonstrate that ADP-\nLNPs provide two advantages over traditional LNPs: (1) enhanced diffusion in brain tissue and (2) enhanced\nendosomal disruption, and have great potential for developing brain therapeutics that can deliver mRNA to large\nvolumes of brain tissue."", ""found_in"": [""reporter""]}"
GRANT:U54CA274321	grant	Defining the role of KEAP/NRF2 signaling dysregulation and sensory nerve reprograming during acquisition of cisplatin resistance and metastasis in HNSCC	"{""activity_code"": ""U54"", ""fiscal_years"": [2022, 2023, 2024, 2025, 2026], ""is_active"": true, ""total_award"": 1267116, ""start"": ""2022-09-20"", ""end"": ""2027-08-31"", ""abstract"": ""Project 2 SUMMARY\n Cisplatin (CDDP) is frontline therapy for both Human Papilloma Virus (HPV) positive and negative head\nand neck squamous cell carcinomas (HNSCC). Unfortunately, there are no reproducible predictors of CDDP\nHNSCC response and patients develop acquired resistance and even distant metastasis following a course of\nthis often toxic chemotherapy. To better understand and tackle the clinical problem of CDDP treatment failure,\nwe developed multiple cell line models of acquired CDDP resistance in the laboratory using established HNSCC\ntumor lines with different genomic backgrounds and TP53 mutational and functional status. Surprisingly, nearly\nevery CDDP resistant clone developed from these various genomic driver backgrounds had hyperactivation of\nthe Nrf2 pathway either due to de novo somatic mutations in, or decreased RNA expression of, KEAP1 (negative\nregulator of Nrf2). Nrf2 activation has been linked to poor prognosis, lack of response to immune therapy,\nmetastasis, and chemotherapy resistance. We demonstrated that Nrf2 hyperactivation was necessary to\nmaintain acquired resistance, raising the possibility that the pathway could be clinically targeted to reverse or\nprevent acquired CDDP resistance in HNSCC. By targeting glutaminase 1 (GLS) with a novel drug, pools of\nglutathione needed for Nrf2 activity are depleted leading to a reversal of CDDP resistance.\n In parallel, we showed that paracrine signaling between sensory neurons that become reprogramed in\nthe tumor microenvironment can foster CDDP resistance and that it may be possible to pharmacologically inhibit\nthis signaling axis to boost CDDP sensitivity and tumor progression. Furthermore, data from our preclinical model\nsuggest that Nrf2 activation accompanying CDDP resistance may also lead to more aggressive disease by\nincreasing the rate of distant metastasis. While Nrf2 hyperactivation is likely a permissive and required step to\nacquired CDDP resistance, there may also be Nrf2 independent pathways contributing to resistance. Our central\nhypothesis is that Nrf2 hyperactivation either through somatic mutation for transcriptional control is a common\nand targetable event in development of acquired CDDP resistance across a range of genomic backgrounds. To\nbridge knowledge gaps in the pervasiveness of the Nrf2 pathway in development of CDDP resistance and tumor\nprogression and ways to overcome treatment failure we propose the following Aims: 1) Define the contribution\nof Nrf2-dependent and-independent pathways to acquired CDDP resistance in HNSCC; 2) Delineate the\nfunctional and mechanistic interactions between acquired CDDP resistance, Nrf2 activation, neuronal\nreprograming in the tumor microenvironment, and DM; 3) Determine whether acquired CDDP resistance and\ntumor progression can be overcome by drugs targeting metabolism or stabilizing p53. Accomplishment of these\nAims should yield translatable findings that will improve the treatment of patients with HNSCC and the related\nupper-aerodigestive tract cancers of the lung and esophagus and therefore have a major impact on cancer\nworldwide."", ""found_in"": [""reporter""]}"
GRANT:ZIADK057808	grant	The mutational mechanism responsible for the Repeat Expansion Diseases	"{""activity_code"": ""ZIA"", ""fiscal_years"": [2024], ""is_active"": false, ""total_award"": 1128672, ""start"": """", ""end"": """", ""abstract"": ""Background: The Repeat Expansion Diseases (REDs) are a group of  >46 human genetic disorders caused by an expansion or an increase in the size of a disease-specific short tandem repeat (STR) or microsatellite. The mechanism by which is expansion occurs is not fully understood but is thought to differ from the generalized microsatellite instability (MSI) seen in many different cancers in that instability is confined to a single genetic locus and, as we and others have shown previously, genes involved in mismatch repair (MMR) that normally protect against MSI in cancer, are actually required to generate expansions in mouse models of the these diseases (reviewed in Zhao et. al., 2021). Recent genome wide association studies (GWAS) in REDs like Huntington’s disease (HD; OMIM #143100) have implicated single-nucleotide polymorphisms (SNPs) in some of the same MMR factors in somatic expansion in patients. Our recent candidate SNP approach extends these findings to the Fragile X-related disorders (FXDs: OMIM #311360; #300623 and #300624), a group of REDs caused by a CGG-repeat expansion in the FMR1 gene (Hwang et. al., 2022; Aishworiya et. al., 2023; Protic et. al., 2023). These data lend weight to the idea that many REDs may share a common expansion mechanism and suggest that mouse models are suitable for understanding the underlying mechanism involved. Furthermore, the GWAS data support the hypothesis, that in addition to expansion that occurs on intergenerational transmission, in some REDs expansion that occurs in somatic cells during an individual’s lifetime affects not only the age-at-disease-onset but disease severity as well. In the absence of effective treatments for the downstream consequences of repeat expansion in most of these diseases, therapeutic efforts to reduce or reverse the expansions has gained interest.\n\nProgress report: We had previously shown that PMS2, MLH3 and PMS1, the binding partners of MLH1 in the MutL, MutL and MutL complexes respectively, are all required for expansion in embryonic stem cells (ESCs) derived from a mouse model of the FXDs (Miller et. al., 2020). MutL and MutL are involved in lesion processing during normal MMR, but the role of MutL is not well understood. The involvement of all three factors was surprising for several reasons. Firstly, to our knowledge, it is the first report of them all acting together, and the first essential somatic role reported for PMS1 in mammals. Furthermore, PMS2 has been shown to protect against expansion in some disease models and is important but not essential to expansion in others. To test whether the requirement for all three MutL proteins was a phenomenon limited to the FXDs or to mESCs, we used a CRISPR-Cas9 knockout approach to eliminate all three proteins in induced pluripotent stem cells (iPSCs) derived from a patient with a Glutaminase Deficiency resulting from a CAG-repeat expansion in the 5’ untranslated region of the glutaminase (GLS) gene (OMIM #618412). We showed that PMS2, MLH3 and PMS1 are also all required for expansion in these cells (Hayward et. al., 2024).  In addition to supporting a co-operative model for the role of MutL complexes in expansion, it also lends support to PMS1 as a therapeutic target to mitigate repeat expansion. To address the seemingly paradoxical effects of PMS2, we tested the effect of a Pms2 null mutation on expansion in HD and FXD model systems and showed that the effect of PMS2 depends on gene dosage, with it being protective in some cell types and promutagenic in others. The most parsimonious model to explain this effect would be consistent with in vitro work demonstrating different cleavage preferences of MutL and MutL (Walker et. al., 2024). We are also continuing our efforts to identify new Repeat Expansion Diseases and to help with the diagnosis of unusual cases of previously identified ones."", ""found_in"": [""reporter""]}"
GRANT:ZIAHG200421	grant	Undiagnosed Diseases Program	"{""activity_code"": ""ZIA"", ""fiscal_years"": [2024], ""is_active"": false, ""total_award"": 233727, ""start"": """", ""end"": """", ""abstract"": ""1. The NIH Undiagnosed Diseases Program is supported by an IC Directors’ school tax. William Gahl, MD, PhD, and David Adams, MD, PhD, co-direct the UDP; Cynthia Tifft, MD, PhD, runs the Pediatric UDP; May Malicdan, MD, PhD, manages the UDP’s translational research program; and Camilo Toro, MD, directs the adult portion of the UDP. Drs. Toro and Maria Acosta, MD, are UDP neurologists, Donna Novacic, MD, is an internist, and Francis Rossignol, MD, is a geneticist; Lynne Wolfe, NP, is the UDP Site Coordinator. In FY24, the UDP reviewed 187 applications, evaluated 31 patients, followed up on numerous previous patients, and responded to scores of inquiries. 2. One striking diagnosis occurred in a 70 year-old man with limb girdle tightness increased by standing and fast walking, dysarthria, downbeat nystagmus, mild dysmetria, and profound gait ataxia. Brain MRI confirmed slowly progressive cerebellar atrophy. Dr. Toro found a 2022 NEJM article describing late-onset cerebellar ataxia due to a deep intronic FGF14 GAA repeat expansion. Fibroblast Growth Factor 14 localizes potassium and sodium channels that regulate axon membrane potentials. Toro found an intermediate number of GAA repeats, consistent with late-onset spinocerebellar ataxia (SCA) 27B. His UDN collaborator, Dr. Stephan Zuchner, noted that 4-aminopyridine, a potassium channel blocker, relieved symptoms of the disease and the patient reported a dramatic improvement with this therapy. Other UDP diagnoses included progeria and skin ulcerations in a 13 year-old Egyptian girl with pathogenic LMNA variants, fascioscapulohumeral dystrophy (FSHD) type 1 in two adult brothers with increased D4Z4 repeats in the DUX4 gene, FSHD type 2 in a 59 year-old man with atrophy, weakness, and sensory neuropathy also with increased D4Z4 repeats, limb-girdle muscular dystrophy in a 34 year-old man and his son with an RYR1 variant, hairy cell leukemia in a 55 year-old man, autoimmune encephalitis in a 12 year-old boy, and Progressive Early-Onset Skeletal Muscle Myopathy in a 9 year-old boy with variants in TTN and SPRK3. 3. Several new genetic diseases were described. A 10 year-old boy with skeletal, cardiac, and neurological abnormalities had compound heterozygous variants in TMEM208; Baylor collaborators showed that the gene product maintains the endoplasmic reticulum and cell polarity. A 38 year-old man had cerebellar ataxia due to a de novo p.R83W change in RAB3A. Dr. Toro and collabortors identified additional patients and functional studies were performed in drosophila. With UDNI members in Mali and Thailand, Dr. Gahl helped elucidate Benign Adult Familial Myoclonic Epilepsy (BAFME) type 8. A 3 year-old boy had epileptic encephalopathy, hypotonia, and cerebral atrophy, brainstem hypoplasia, and demyelination on MRI. EMG showed axonal and demyelinating sensory-motor polyneuropathy. Serum selenium was very low, plasma selenoprotein P was zero and glutathione peroxidase was reduced; pathogenic variants in the phosphoseryl-TRNA kinase gene (PSTK) explained the disease manifestations. 4. Several UDP articles described disease-causing variants in MRTFB, STAT4, MYH2, TOP3A, SNAPC4, TUBB4B, ATG4D, KMT5B, and PAM. This year, UDP members also described an adult with neurodegeneration due to XMEN disease (X-linked MAGT1 deficiency with increased susceptibility to Epstein–Barr virus (EBV) infection and N-linked glycosylation defect). They contributed to the description of 53 KBG syndrome patients with facial dysmorphisms and delays due to ANKRD11 variants. They also found nucleotide repeat expansions within copy number variants in the glutaminase gene (GLS), and Donna Novacic, MD, published a unique UDP case of POEMS (Polyneuropathy, Organomegaly, Endocrinopathy, Monoclonal plasma cell disorder, Skin changes) in which calciphylaxis was the prominent feature. Drs. Toro and Soldatos reported on the efficacy of TNF inhibitors to prevent stokes in patients with ADA2 (Adenosine deaminase deficiency type 2), a disease they helped to describe. A signature accomplishment of the Pediatric UDP involved the use of long-term anesthesia (median 3.3h) to secure specimens, perform examinations, and obtain imaging on children who could not cooperate. The UDP Genetic Counselor, Ellen Macnamara, along with the Pediatric UDP Director, Cynthia Tifft, reported the results for 249 children. Most had severe systemic disease or a neurologic condition, but normal airways. During the anesthesia, patients had an average of 5 procedures such as a lumbar puncture, skin biopsy, MRI scan, ophthalmic exam, EMG, auditory brainstem response, dental exam and muscle biopsy. Side effects were minimal. Nearly half of the patients received a diagnosis, and the information from the anesthesia contributed to 91% of those diagnoses. 5. This year the UDP expanded its analytical repertoire to include long read sequencing, detection of repeat expansions, epigenetics study with Dr. Jill Fahrner at Hopkins, and the use of RNAseq. The UDP bioinformatics core supports clinical and translational research projects with improved genomics tools. In Frost et al. (AJHG, 2023; PMID: 36965478), UDP researchers combined bench and transcriptomic studies to describe a novel mechanism for dysregulated global splicing. UDP PhD student Sarah Silverstein used cohort RNAseq analysis to identify a deep intronic splice mutation in a patient. To establish compound heterozygous phasing without family members, we used Oxoford Nanopore sequence-based phasing, leading to a collaboration with the lab of Danny Miller at the U. of Washington. Finally, the UDP participates in UDN-wide studies such as reanalysis of network genome data supported by Amazon and long-read sequencing supported by PacBio and Oxford Nanopore. These projects have yielded potential new diagnoses. 6. UDP investigators had collaborations with NCI, NIAMS, NICHD, NHLBI, NINDS, NIAID, NIDDK, NIMH, NEI, NHGRI, and the CC. The UDP trained postbacc IRTAs (9), NHGRI genetics fellows, and medical students. Dr. Adams ran a Bioinformatic Journal Club and spoke at the Genome School. Dr. Gahl conducts weekly UDP patient rounds for 50-70 IRTAs. Gahl is PI of the UDN’s clinical protocol. He and Drs. Toro and Adams are on the UDN Executive Committee. Toro serves on the UDN Steering Committee and the Diversity Working Group; Adams is on the Clinical and Tool Building Working Groups and the Therapeutic Matching Committee; Dr. Malicdan co-chairs the Model Organisms Committee; and Lynne Wolfe chairs the Site Operations Committee. 7. Gahl leads the Undiagnosed Diseases Network International (UDNI), consisting of 170 physicians and scientists from 60 nations; with the Wilhelm Foundation (an advocacy group), he established the UDNI in 2014. Dr. Adams chairs the UDNI’s Data Sharing and Technology Working Group. Scores of UDPs now exist around the world. In FY24, Gahl coordinated the 12th and 13th UDNI conferences in Tbilisi and in Seoul and expanded the UDNI’s Champions Initiative to foster UDPs in Ghana, Congo, Mali, Pakistan, and India. He coauthored articles on the unmet needs of rare disease patients, achievements of global UDPs, and the challenges and opportunities for rare disease care and research. Gahl delivered 9 national and international talks, including at the HUGO meeting in Rome, the Genome Summit in Brazil, and at Hopkins, Baylor, Yale, Pittsburgh, Milwaukee, and Mt. Sinai. He received the Abbey Meyers Khushi Bridging RARE Award from IndoUSrare. Dr. Novacic presented at the Taiwan Human Genetics Society Annual Meeting and Dr. Malicdan spoke at the Manipal, India Genetics Update meeting, the Institute of Medical Genetics and Genomics in New Delhi, and the Asian Oceanian Myology Conference in China. Drs. Acosta, Tifft and Adams presented at the ICORD meeting in Argentina, and Ellen Macnamara spoke at Ambry’s EducateNext series."", ""found_in"": [""reporter""]}"
GRANT:ZICEY000458	grant	NEI Genetic Engineering Core	"{""activity_code"": ""ZIC"", ""fiscal_years"": [2021], ""is_active"": false, ""total_award"": 1617337, ""start"": """", ""end"": """", ""abstract"": ""Summary\n\nDespite the ongoing pandemic of Covid-19, we accomplished a total of 26 genetic engineering projects either through CRISPR-mediated mutagenesis in vivo or classic homologous recombination in mouse embryonic stem cells. Some are highly interesting and are summarized below:\n1) Human disease modeling: It is often desirable to have mutations of human genetic conditions replicated in mouse so that the diseases can be modeled. In the last year, several such models were developed at GEC in collaboration with investigators at NEI, NIDCD and NICHD. \n\nA de novo dominant neomorphic missense variant (c.926C>G:p.S309W) in SP7, a transcription factor critical for osteoblast maturation and bone formation, was observed in a patient with craniosynostosis, cranial hyperostosis, and long bone fragility. The same mutation was introduced into the mouse genome by CRISPR-mediated homologous recombination using an oligo carrying the targeted conversion. Mice with the corresponding variant showed a complex skeletal phenotype like those observed in the human patient. The mutation altered the binding specificity of SP7 from AT-rich motifs to a GC-consensus sequence (typical of other SP family members) and produced an aberrant gene expression profile, including increased expression of Col1a1 and endogenous Sp7, but decreased expression of genes involved in matrix mineralization. The study identifies a novel pathogenic mechanism in which a mutation in a transcription factor shifts DNA binding specificity. \n\nAge related macular degeneration (AMD) in humans, manifested as vision loss at older age, has been a subject of intense investigation. New candidate genes have been recently discovered by Dr. Anand Swaroop's lab at NEI, and GEC continued engineering additional mutant alleles in mouse to provide genetic confirmation of AMD candidate genes derived from GWAS. These include loss-of-function alleles of Hcls1 and Mrpp3 genes. Additional allelic series of missense mutations targeting the mouse Tbc1d24 gene have also been constructed at GEC. Pathogenic variants of the Tbc1d24 gene lead to syndromic and non-syndromic hearing loss conditions in human.  Similar disease models developed at GEC this year include additional Sp7 and Spin4 missense mutations for bone density disorders. \n  \n2) Functional genomic studies of genes predicted to be important in physiology and pathology:    \nMost of the current genome editing projects are aimed at simply understanding the functions of various genes relevant to NEI, as well as other participating IC research programs. Work in this area currently includes the construction of multiple loss-of-function mutations such as genes involved in the visual cascade and in survival of cones and rods; several knockin lines with reporters have also been developed. One of such examples is the development of a GFP knockin allele at the mouse GSX gene, a transcription factor critical in the development of retinal pigmented Epithelium (RPE) during embryogenesis, followed by the deletion mutations removing upstream enhancer elements to define the functions of each individual enhancers in regulating temporal and special pattern of GSX expression during eye morphogenesis. This project is still ongoing and will likely yield critical information regarding gene expression regulation on GSX gene. \n\n\n3) Maintenance of genetically altered rodent strains:\na) Genotyping operation: GEC genotyping services aided total of 15 laboratories most of which are in NEI intramural program. \n\n* isolated DNA from 13,165 mouse tail biopsy samples, almost doubled from last year's number\n* performed 6,611 PCR reactions to genotype mice in the facility, also doubled last year's work load.\n* acted on behalf of several laboratories sending mouse tissue samples to Transnetyx for genotyping services.  \n  \nb) Cryopreservation and rederivation operations: GEC Cryopreservation services assisted many laboratories from NEI in cryopreserving 38 lines, rederivation of 1 line, and rescuing of 3 lines."", ""found_in"": [""reporter""]}"
HGNC:10596	gene	SCN8A	"{""ncbi_gene_id"": ""6334"", ""full_name"": ""sodium voltage-gated channel alpha subunit 8"", ""found_in"": [""atlas"", ""clinvar""]}"
HGNC:11018	gene	SLC32A1	"{""ncbi_gene_id"": ""140679"", ""full_name"": ""solute carrier family 32 member 1"", ""found_in"": [""atlas"", ""clinvar""]}"
HGNC:11444	gene	STXBP1	"{""ncbi_gene_id"": ""6812"", ""full_name"": ""syntaxin binding protein 1"", ""found_in"": [""atlas"", ""clinvar""]}"
HGNC:11509	gene	SYT1	"{""ncbi_gene_id"": ""6857"", ""full_name"": ""synaptotagmin 1"", ""found_in"": [""atlas"", ""clinvar""]}"
HGNC:12643	gene	VAMP2	"{""ncbi_gene_id"": ""6844"", ""full_name"": ""vesicle associated membrane protein 2"", ""found_in"": [""atlas"", ""clinvar""]}"
HGNC:1497	gene	CASK	"{""ncbi_gene_id"": ""8573"", ""full_name"": ""calcium/calmodulin dependent serine protein kinase"", ""found_in"": [""atlas"", ""clinvar""]}"
HGNC:16831	gene	TSPOAP1	"{""ncbi_gene_id"": ""9256"", ""full_name"": ""TSPO associated protein 1"", ""found_in"": [""atlas"", ""clinvar""]}"
HGNC:2309	gene	CPLX1	"{""ncbi_gene_id"": ""10815"", ""full_name"": ""complexin 1"", ""found_in"": [""atlas"", ""clinvar""]}"
HGNC:29203	gene	TBC1D24	"{""ncbi_gene_id"": ""57465"", ""full_name"": ""TBC1 domain family member 24"", ""found_in"": [""atlas"", ""clinvar""]}"
HGNC:4092	gene	GAD1	"{""ncbi_gene_id"": ""2571"", ""full_name"": ""glutamate decarboxylase 1"", ""found_in"": [""atlas"", ""clinvar""]}"
HGNC:4331	gene	GLS	"{""ncbi_gene_id"": ""2744"", ""full_name"": ""glutaminase"", ""found_in"": [""atlas"", ""clinvar""]}"
HGNC:9247	gene	PPFIA3	"{""ncbi_gene_id"": ""8541"", ""full_name"": ""PPFI scaffold protein A3"", ""found_in"": [""atlas"", ""clinvar""]}"
HP:0000010	symptom	Recurrent urinary tract infections	"{""information_content"": 4.55, ""found_in"": [""atlas""]}"
HP:0000020	symptom	Urinary incontinence	"{""information_content"": 4.25, ""found_in"": [""atlas""]}"
HP:0000028	symptom	Cryptorchidism	"{""information_content"": 2.54, ""found_in"": [""atlas""]}"
HP:0000047	symptom	Hypospadias	"{""information_content"": 3.33, ""found_in"": [""atlas""]}"
HP:0000054	symptom	Micropenis	"{""information_content"": 3.64, ""found_in"": [""atlas""]}"
HP:0000059	symptom	Hypoplastic labia majora	"{""information_content"": 5.7, ""found_in"": [""atlas""]}"
HP:0000062	symptom	Ambiguous genitalia	"{""information_content"": 4.54, ""found_in"": [""atlas""]}"
HP:0000064	symptom	Hypoplastic labia minora	"{""information_content"": 6.33, ""found_in"": [""atlas""]}"
HP:0000070	symptom	Ureterocele	"{""information_content"": 6.9, ""found_in"": [""atlas""]}"
HP:0000079	symptom	Abnormality of the urinary system	"{""information_content"": 1.4, ""found_in"": [""atlas""]}"
HP:0000083	symptom	Renal insufficiency	"{""information_content"": 3.19, ""found_in"": [""atlas""]}"
HP:0000104	symptom	Renal agenesis	"{""information_content"": 4.16, ""found_in"": [""atlas""]}"
HP:0000107	symptom	Renal cyst	"{""information_content"": 3.7, ""found_in"": [""atlas""]}"
HP:0000110	symptom	Renal dysplasia	"{""information_content"": 5.07, ""found_in"": [""atlas""]}"
HP:0000119	symptom	Abnormality of the genitourinary system	"{""information_content"": 1.04, ""found_in"": [""atlas""]}"
HP:0000121	symptom	Nephrocalcinosis	"{""information_content"": 4.7, ""found_in"": [""atlas""]}"
HP:0000126	symptom	Hydronephrosis	"{""information_content"": 3.67, ""found_in"": [""atlas""]}"
HP:0000151	symptom	Aplasia of the uterus	"{""information_content"": 6.06, ""found_in"": [""atlas""]}"
HP:0000154	symptom	Wide mouth	"{""information_content"": 3.75, ""found_in"": [""atlas""]}"
HP:0000164	symptom	Abnormality of the dentition	"{""information_content"": 2.19, ""found_in"": [""atlas""]}"
HP:0000175	symptom	Cleft palate	"{""information_content"": 2.66, ""found_in"": [""atlas""]}"
HP:0000179	symptom	Thick lower lip vermilion	"{""information_content"": 4.44, ""found_in"": [""atlas""]}"
HP:0000187	symptom	Broad alveolar ridges	"{""information_content"": 6.42, ""found_in"": [""atlas""]}"
HP:0000188	symptom	Short upper lip	"{""information_content"": 7.16, ""found_in"": [""atlas""]}"
HP:0000189	symptom	Narrow palate	"{""information_content"": 3.92, ""found_in"": [""atlas""]}"
HP:0000194	symptom	Open mouth	"{""information_content"": 4.42, ""found_in"": [""atlas""]}"
HP:0000200	symptom	Short lingual frenulum	"{""information_content"": 6.69, ""found_in"": [""atlas""]}"
HP:0000202	symptom	Orofacial cleft	"{""information_content"": 2.57, ""found_in"": [""atlas""]}"
HP:0000204	symptom	Cleft upper lip	"{""information_content"": 3.88, ""found_in"": [""atlas""]}"
HP:0000212	symptom	Gingival overgrowth	"{""information_content"": 4.51, ""found_in"": [""atlas""]}"
HP:0000218	symptom	High palate	"{""information_content"": 2.48, ""found_in"": [""atlas""]}"
HP:0000219	symptom	Thin upper lip vermilion	"{""information_content"": 3.43, ""found_in"": [""atlas""]}"
HP:0000232	symptom	Everted lower lip vermilion	"{""information_content"": 4.25, ""found_in"": [""atlas""]}"
HP:0000238	symptom	Hydrocephalus	"{""information_content"": 3.26, ""found_in"": [""atlas""]}"
HP:0000244	symptom	Brachyturricephaly	"{""information_content"": 6.75, ""found_in"": [""atlas""]}"
HP:0000248	symptom	Brachycephaly	"{""information_content"": 3.56, ""found_in"": [""atlas""]}"
HP:0000252	symptom	Microcephaly	"{""information_content"": 1.87, ""found_in"": [""atlas""]}"
HP:0000253	symptom	Progressive microcephaly	"{""information_content"": 4.87, ""found_in"": [""atlas""]}"
HP:0000256	symptom	Macrocephaly	"{""information_content"": 2.97, ""found_in"": [""atlas""]}"
HP:0000269	symptom	Prominent occiput	"{""information_content"": 5.37, ""found_in"": [""atlas""]}"
HP:0000276	symptom	Long face	"{""information_content"": 3.74, ""found_in"": [""atlas""]}"
HP:0000278	symptom	Retrognathia	"{""information_content"": 3.36, ""found_in"": [""atlas""]}"
HP:0000280	symptom	Coarse facial features	"{""information_content"": 3.63, ""found_in"": [""atlas""]}"
HP:0000286	symptom	Epicanthus	"{""information_content"": 2.72, ""found_in"": [""atlas""]}"
HP:0000294	symptom	Low anterior hairline	"{""information_content"": 4.41, ""found_in"": [""atlas""]}"
HP:0000298	symptom	Mask-like facies	"{""information_content"": 5.44, ""found_in"": [""atlas""]}"
HP:0000300	symptom	Oval face	"{""information_content"": 6.47, ""found_in"": [""atlas""]}"
HP:0000308	symptom	Microretrognathia	"{""information_content"": 4.74, ""found_in"": [""atlas""]}"
HP:0000316	symptom	Hypertelorism	"{""information_content"": 2.3, ""found_in"": [""atlas""]}"
HP:0000319	symptom	Smooth philtrum	"{""information_content"": 3.8, ""found_in"": [""atlas""]}"
HP:0000322	symptom	Short philtrum	"{""information_content"": 3.64, ""found_in"": [""atlas""]}"
HP:0000325	symptom	Triangular face	"{""information_content"": 3.99, ""found_in"": [""atlas""]}"
HP:0000337	symptom	Broad forehead	"{""information_content"": 3.9, ""found_in"": [""atlas""]}"
HP:0000338	symptom	Hypomimic face	"{""information_content"": 5.68, ""found_in"": [""atlas""]}"
HP:0000340	symptom	Sloping forehead	"{""information_content"": 4.42, ""found_in"": [""atlas""]}"
HP:0000341	symptom	Narrow forehead	"{""information_content"": 3.94, ""found_in"": [""atlas""]}"
HP:0000343	symptom	Long philtrum	"{""information_content"": 3.1, ""found_in"": [""atlas""]}"
HP:0000347	symptom	Micrognathia	"{""information_content"": 2.35, ""found_in"": [""atlas""]}"
HP:0000348	symptom	High forehead	"{""information_content"": 3.61, ""found_in"": [""atlas""]}"
HP:0000349	symptom	Widow's peak	"{""information_content"": 5.94, ""found_in"": [""atlas""]}"
HP:0000365	symptom	Hearing impairment	"{""information_content"": 1.81, ""found_in"": [""atlas""]}"
HP:0000369	symptom	Low-set ears	"{""information_content"": 2.49, ""found_in"": [""atlas""]}"
HP:0000377	symptom	Abnormal pinna morphology	"{""information_content"": 1.85, ""found_in"": [""atlas""]}"
HP:0000384	symptom	Preauricular skin tag	"{""information_content"": 4.71, ""found_in"": [""atlas""]}"
HP:0000400	symptom	Macrotia	"{""information_content"": 3.59, ""found_in"": [""atlas""]}"
HP:0000402	symptom	Stenosis of the external auditory canal	"{""information_content"": 5.55, ""found_in"": [""atlas""]}"
HP:0000405	symptom	Conductive hearing impairment	"{""information_content"": 3.71, ""found_in"": [""atlas""]}"
HP:0000407	symptom	Sensorineural hearing impairment	"{""information_content"": 2.47, ""found_in"": [""atlas""]}"
HP:0000413	symptom	Atresia of the external auditory canal	"{""information_content"": 5.11, ""found_in"": [""atlas""]}"
HP:0000414	symptom	Bulbous nose	"{""information_content"": 3.83, ""found_in"": [""atlas""]}"
HP:0000426	symptom	Prominent nasal bridge	"{""information_content"": 3.89, ""found_in"": [""atlas""]}"
HP:0000431	symptom	Wide nasal bridge	"{""information_content"": 2.95, ""found_in"": [""atlas""]}"
HP:0000444	symptom	Convex nasal ridge	"{""information_content"": 4.52, ""found_in"": [""atlas""]}"
HP:0000445	symptom	Wide nose	"{""information_content"": 4.37, ""found_in"": [""atlas""]}"
HP:0000455	symptom	Broad nasal tip	"{""information_content"": 4.13, ""found_in"": [""atlas""]}"
HP:0000463	symptom	Anteverted nares	"{""information_content"": 3.01, ""found_in"": [""atlas""]}"
HP:0000465	symptom	Webbed neck	"{""information_content"": 4.39, ""found_in"": [""atlas""]}"
HP:0000473	symptom	Torticollis	"{""information_content"": 4.65, ""found_in"": [""atlas""]}"
HP:0000474	symptom	Thickened nuchal skin fold	"{""information_content"": 5.55, ""found_in"": [""atlas""]}"
HP:0000480	symptom	Retinal coloboma	"{""information_content"": 5.72, ""found_in"": [""atlas""]}"
HP:0000483	symptom	Astigmatism	"{""information_content"": 4.02, ""found_in"": [""atlas""]}"
HP:0000486	symptom	Strabismus	"{""information_content"": 2.18, ""found_in"": [""atlas""]}"
HP:0000490	symptom	Deeply set eye	"{""information_content"": 3.46, ""found_in"": [""atlas""]}"
HP:0000494	symptom	Downslanted palpebral fissures	"{""information_content"": 2.88, ""found_in"": [""atlas""]}"
HP:0000504	symptom	Abnormality of vision	"{""information_content"": 1.97, ""found_in"": [""atlas""]}"
HP:0000505	symptom	Visual impairment	"{""information_content"": 2.17, ""found_in"": [""atlas""]}"
HP:0000508	symptom	Ptosis	"{""information_content"": 2.63, ""found_in"": [""atlas""]}"
HP:0000514	symptom	Slow saccadic eye movements	"{""information_content"": 5.44, ""found_in"": [""atlas""]}"
HP:0000518	symptom	Cataract	"{""information_content"": 2.63, ""found_in"": [""atlas""]}"
HP:0000520	symptom	Proptosis	"{""information_content"": 3.58, ""found_in"": [""atlas""]}"
HP:0000527	symptom	Long eyelashes	"{""information_content"": 4.23, ""found_in"": [""atlas""]}"
HP:0000540	symptom	Hypermetropia	"{""information_content"": 3.71, ""found_in"": [""atlas""]}"
HP:0000543	symptom	Optic disc pallor	"{""information_content"": 4.07, ""found_in"": [""atlas""]}"
HP:0000545	symptom	Myopia	"{""information_content"": 3.04, ""found_in"": [""atlas""]}"
HP:0000546	symptom	Retinal degeneration	"{""information_content"": 3.88, ""found_in"": [""atlas""]}"
HP:0000558	symptom	Rieger anomaly	"{""information_content"": 7.06, ""found_in"": [""atlas""]}"
HP:0000565	symptom	Esotropia	"{""information_content"": 4.1, ""found_in"": [""atlas""]}"
HP:0000570	symptom	Abnormal saccadic eye movements	"{""information_content"": 4.57, ""found_in"": [""atlas""]}"
HP:0000571	symptom	Hypometric saccades	"{""information_content"": 6.13, ""found_in"": [""atlas""]}"
HP:0000572	symptom	Visual loss	"{""information_content"": 3.94, ""found_in"": [""atlas""]}"
HP:0000574	symptom	Thick eyebrow	"{""information_content"": 4.02, ""found_in"": [""atlas""]}"
HP:0000577	symptom	Exotropia	"{""information_content"": 4.51, ""found_in"": [""atlas""]}"
HP:0000582	symptom	Upslanted palpebral fissure	"{""information_content"": 3.38, ""found_in"": [""atlas""]}"
HP:0000609	symptom	Optic nerve hypoplasia	"{""information_content"": 4.67, ""found_in"": [""atlas""]}"
HP:0000612	symptom	Iris coloboma	"{""information_content"": 4.28, ""found_in"": [""atlas""]}"
HP:0000618	symptom	Blindness	"{""information_content"": 4.15, ""found_in"": [""atlas""]}"
HP:0000639	symptom	Nystagmus	"{""information_content"": 2.29, ""found_in"": [""atlas""]}"
HP:0000640	symptom	Gaze-evoked nystagmus	"{""information_content"": 5.12, ""found_in"": [""atlas""]}"
HP:0000643	symptom	Blepharospasm	"{""information_content"": 5.68, ""found_in"": [""atlas""]}"
HP:0000646	symptom	Amblyopia	"{""information_content"": 4.56, ""found_in"": [""atlas""]}"
HP:0000648	symptom	Optic atrophy	"{""information_content"": 3.01, ""found_in"": [""atlas""]}"
HP:0000664	symptom	Synophrys	"{""information_content"": 3.73, ""found_in"": [""atlas""]}"
HP:0000666	symptom	Horizontal nystagmus	"{""information_content"": 4.45, ""found_in"": [""atlas""]}"
HP:0000668	symptom	Hypodontia	"{""information_content"": 4.32, ""found_in"": [""atlas""]}"
HP:0000675	symptom	Macrodontia of permanent maxillary central incisor	"{""information_content"": 6.82, ""found_in"": [""atlas""]}"
HP:0000687	symptom	Widely spaced teeth	"{""information_content"": 4.44, ""found_in"": [""atlas""]}"
HP:0000689	symptom	Dental malocclusion	"{""information_content"": 4.34, ""found_in"": [""atlas""]}"
HP:0000696	symptom	Delayed eruption of permanent teeth	"{""information_content"": 6.17, ""found_in"": [""atlas""]}"
HP:0000708	symptom	Atypical behavior	"{""information_content"": 1.83, ""found_in"": [""atlas""]}"
HP:0000713	symptom	Agitation	"{""information_content"": 5.09, ""found_in"": [""atlas""]}"
HP:0000716	symptom	Depression	"{""information_content"": 3.65, ""found_in"": [""atlas""]}"
HP:0000717	symptom	Autism	"{""information_content"": 4.09, ""found_in"": [""atlas""]}"
HP:0000718	symptom	Aggressive behavior	"{""information_content"": 3.51, ""found_in"": [""atlas""]}"
HP:0000722	symptom	Compulsive behaviors	"{""information_content"": 4.34, ""found_in"": [""atlas""]}"
HP:0000729	symptom	Autistic behavior	"{""information_content"": 2.95, ""found_in"": [""atlas""]}"
HP:0000733	symptom	Motor stereotypy	"{""information_content"": 3.64, ""found_in"": [""atlas""]}"
HP:0000737	symptom	Irritability	"{""information_content"": 3.86, ""found_in"": [""atlas""]}"
HP:0000739	symptom	Anxiety	"{""information_content"": 3.47, ""found_in"": [""atlas""]}"
HP:0000742	symptom	Self-mutilation	"{""information_content"": 5.3, ""found_in"": [""atlas""]}"
HP:0000750	symptom	Delayed speech and language development	"{""information_content"": 2.14, ""found_in"": [""atlas""]}"
HP:0000752	symptom	Hyperactivity	"{""information_content"": 3.04, ""found_in"": [""atlas""]}"
HP:0000774	symptom	Narrow chest	"{""information_content"": 4.15, ""found_in"": [""atlas""]}"
HP:0000790	symptom	Hematuria	"{""information_content"": 4.17, ""found_in"": [""atlas""]}"
HP:0000800	symptom	Cystic renal dysplasia	"{""information_content"": 6.82, ""found_in"": [""atlas""]}"
HP:0000817	symptom	Reduced eye contact	"{""information_content"": 4.69, ""found_in"": [""atlas""]}"
HP:0000821	symptom	Hypothyroidism	"{""information_content"": 3.52, ""found_in"": [""atlas""]}"
HP:0000826	symptom	Precocious puberty	"{""information_content"": 4.59, ""found_in"": [""atlas""]}"
HP:0000851	symptom	Congenital hypothyroidism	"{""information_content"": 5.88, ""found_in"": [""atlas""]}"
HP:0000878	symptom	11 pairs of ribs	"{""information_content"": 5.63, ""found_in"": [""atlas""]}"
HP:0000902	symptom	Rib fusion	"{""information_content"": 5.68, ""found_in"": [""atlas""]}"
HP:0000952	symptom	Jaundice	"{""information_content"": 3.69, ""found_in"": [""atlas""]}"
HP:0000954	symptom	Single transverse palmar crease	"{""information_content"": 3.69, ""found_in"": [""atlas""]}"
HP:0000960	symptom	Sacral dimple	"{""information_content"": 4.54, ""found_in"": [""atlas""]}"
HP:0000961	symptom	Cyanosis	"{""information_content"": 4.39, ""found_in"": [""atlas""]}"
HP:0000962	symptom	Hyperkeratosis	"{""information_content"": 3.45, ""found_in"": [""atlas""]}"
HP:0000966	symptom	Hypohidrosis	"{""information_content"": 4.72, ""found_in"": [""atlas""]}"
HP:0000980	symptom	Pallor	"{""information_content"": 4.64, ""found_in"": [""atlas""]}"
HP:0001028	symptom	Hemangioma	"{""information_content"": 4.3, ""found_in"": [""atlas""]}"
HP:0001036	symptom	Parakeratosis	"{""information_content"": 5.68, ""found_in"": [""atlas""]}"
HP:0001080	symptom	Biliary tract abnormality	"{""information_content"": 4.45, ""found_in"": [""atlas""]}"
HP:0001090	symptom	Abnormally large globe	"{""information_content"": 5.38, ""found_in"": [""atlas""]}"
HP:0001112	symptom	Leber optic atrophy	"{""information_content"": 8.08, ""found_in"": [""atlas""]}"
HP:0001151	symptom	Impaired horizontal smooth pursuit	"{""information_content"": 7.27, ""found_in"": [""atlas""]}"
HP:0001167	symptom	Abnormal finger morphology	"{""information_content"": 1.78, ""found_in"": [""atlas""]}"
HP:0001171	symptom	Split hand	"{""information_content"": 4.94, ""found_in"": [""atlas""]}"
HP:0001177	symptom	Preaxial hand polydactyly	"{""information_content"": 5.24, ""found_in"": [""atlas""]}"
HP:0001182	symptom	Tapered finger	"{""information_content"": 4.02, ""found_in"": [""atlas""]}"
HP:0001199	symptom	Triphalangeal thumb	"{""information_content"": 5.24, ""found_in"": [""atlas""]}"
HP:0001231	symptom	Abnormal fingernail morphology	"{""information_content"": 4.34, ""found_in"": [""atlas""]}"
HP:0001249	symptom	Intellectual disability	"{""information_content"": 1.34, ""found_in"": [""atlas""]}"
HP:0001250	symptom	Seizure	"{""information_content"": 1.41, ""found_in"": [""atlas""]}"
HP:0001251	symptom	Ataxia	"{""information_content"": 2.19, ""found_in"": [""atlas""]}"
HP:0001252	symptom	Hypotonia	"{""information_content"": 1.53, ""found_in"": [""atlas""]}"
HP:0001254	symptom	Lethargy	"{""information_content"": 4.07, ""found_in"": [""atlas""]}"
HP:0001256	symptom	Mild intellectual disability	"{""information_content"": 3.27, ""found_in"": [""atlas""]}"
HP:0001257	symptom	Spasticity	"{""information_content"": 2.27, ""found_in"": [""atlas""]}"
HP:0001258	symptom	Spastic paraplegia	"{""information_content"": 4.17, ""found_in"": [""atlas""]}"
HP:0001260	symptom	Dysarthria	"{""information_content"": 2.76, ""found_in"": [""atlas""]}"
HP:0001262	symptom	Excessive daytime somnolence	"{""information_content"": 5.16, ""found_in"": [""atlas""]}"
HP:0001263	symptom	Global developmental delay	"{""information_content"": 1.5, ""found_in"": [""atlas""]}"
HP:0001265	symptom	Hyporeflexia	"{""information_content"": 3.34, ""found_in"": [""atlas""]}"
HP:0001266	symptom	Choreoathetosis	"{""information_content"": 4.5, ""found_in"": [""atlas""]}"
HP:0001268	symptom	Mental deterioration	"{""information_content"": 3.28, ""found_in"": [""atlas""]}"
HP:0001269	symptom	Hemiparesis	"{""information_content"": 4.82, ""found_in"": [""atlas""]}"
HP:0001270	symptom	Motor delay	"{""information_content"": 2.26, ""found_in"": [""atlas""]}"
HP:0001271	symptom	Polyneuropathy	"{""information_content"": 5.09, ""found_in"": [""atlas""]}"
HP:0001272	symptom	Cerebellar atrophy	"{""information_content"": 3.0, ""found_in"": [""atlas""]}"
HP:0001273	symptom	Abnormal corpus callosum morphology	"{""information_content"": 2.35, ""found_in"": [""atlas""]}"
HP:0001274	symptom	Agenesis of corpus callosum	"{""information_content"": 3.44, ""found_in"": [""atlas""]}"
HP:0001276	symptom	Hypertonia	"{""information_content"": 2.01, ""found_in"": [""atlas""]}"
HP:0001288	symptom	Gait disturbance	"{""information_content"": 1.98, ""found_in"": [""atlas""]}"
HP:0001290	symptom	Generalized hypotonia	"{""information_content"": 2.86, ""found_in"": [""atlas""]}"
HP:0001298	symptom	Encephalopathy	"{""information_content"": 3.5, ""found_in"": [""atlas""]}"
HP:0001300	symptom	Parkinsonism	"{""information_content"": 4.28, ""found_in"": [""atlas""]}"
HP:0001302	symptom	Pachygyria	"{""information_content"": 4.56, ""found_in"": [""atlas""]}"
HP:0001305	symptom	Dandy-Walker malformation	"{""information_content"": 4.43, ""found_in"": [""atlas""]}"
HP:0001310	symptom	Dysmetria	"{""information_content"": 4.02, ""found_in"": [""atlas""]}"
HP:0001315	symptom	Diminished deep tendon reflex	"{""information_content"": 2.74, ""found_in"": [""atlas""]}"
HP:0001319	symptom	Neonatal hypotonia	"{""information_content"": 3.97, ""found_in"": [""atlas""]}"
HP:0001321	symptom	Cerebellar hypoplasia	"{""information_content"": 3.02, ""found_in"": [""atlas""]}"
HP:0001324	symptom	Muscle weakness	"{""information_content"": 2.08, ""found_in"": [""atlas""]}"
HP:0001326	symptom	EEG with irregular generalized spike and wave complexes	"{""information_content"": 7.67, ""found_in"": [""atlas""]}"
HP:0001331	symptom	Absent septum pellucidum	"{""information_content"": 5.53, ""found_in"": [""atlas""]}"
HP:0001332	symptom	Dystonia	"{""information_content"": 2.83, ""found_in"": [""atlas""]}"
HP:0001336	symptom	Myoclonus	"{""information_content"": 3.46, ""found_in"": [""atlas""]}"
HP:0001337	symptom	Tremor	"{""information_content"": 2.85, ""found_in"": [""atlas""]}"
HP:0001344	symptom	Absent speech	"{""information_content"": 3.15, ""found_in"": [""atlas""]}"
HP:0001347	symptom	Hyperreflexia	"{""information_content"": 2.58, ""found_in"": [""atlas""]}"
HP:0001348	symptom	Brisk reflexes	"{""information_content"": 4.63, ""found_in"": [""atlas""]}"
HP:0001357	symptom	Plagiocephaly	"{""information_content"": 4.23, ""found_in"": [""atlas""]}"
HP:0001371	symptom	Flexion contracture	"{""information_content"": 2.6, ""found_in"": [""atlas""]}"
HP:0001382	symptom	Joint hypermobility	"{""information_content"": 2.89, ""found_in"": [""atlas""]}"
HP:0001385	symptom	Hip dysplasia	"{""information_content"": 3.75, ""found_in"": [""atlas""]}"
HP:0001482	symptom	Subcutaneous nodule	"{""information_content"": 4.86, ""found_in"": [""atlas""]}"
HP:0001488	symptom	Bilateral ptosis	"{""information_content"": 5.03, ""found_in"": [""atlas""]}"
HP:0001500	symptom	Broad finger	"{""information_content"": 4.17, ""found_in"": [""atlas""]}"
HP:0001508	symptom	Failure to thrive	"{""information_content"": 2.35, ""found_in"": [""atlas""]}"
HP:0001510	symptom	Growth delay	"{""information_content"": 1.4, ""found_in"": [""atlas""]}"
HP:0001511	symptom	Intrauterine growth retardation	"{""information_content"": 2.78, ""found_in"": [""atlas""]}"
HP:0001518	symptom	Small for gestational age	"{""information_content"": 3.65, ""found_in"": [""atlas""]}"
HP:0001537	symptom	Umbilical hernia	"{""information_content"": 3.73, ""found_in"": [""atlas""]}"
HP:0001539	symptom	Omphalocele	"{""information_content"": 4.62, ""found_in"": [""atlas""]}"
HP:0001558	symptom	Decreased fetal movement	"{""information_content"": 4.03, ""found_in"": [""atlas""]}"
HP:0001561	symptom	Polyhydramnios	"{""information_content"": 3.48, ""found_in"": [""atlas""]}"
HP:0001572	symptom	Macrodontia	"{""information_content"": 5.63, ""found_in"": [""atlas""]}"
HP:0001601	symptom	Laryngomalacia	"{""information_content"": 4.77, ""found_in"": [""atlas""]}"
HP:0001622	symptom	Premature birth	"{""information_content"": 4.06, ""found_in"": [""atlas""]}"
HP:0001629	symptom	Ventricular septal defect	"{""information_content"": 2.95, ""found_in"": [""atlas""]}"
HP:0001631	symptom	Atrial septal defect	"{""information_content"": 3.05, ""found_in"": [""atlas""]}"
HP:0001643	symptom	Patent ductus arteriosus	"{""information_content"": 3.27, ""found_in"": [""atlas""]}"
HP:0001719	symptom	Double outlet right ventricle	"{""information_content"": 5.42, ""found_in"": [""atlas""]}"
HP:0001730	symptom	Progressive hearing impairment	"{""information_content"": 5.26, ""found_in"": [""atlas""]}"
HP:0001744	symptom	Splenomegaly	"{""information_content"": 2.95, ""found_in"": [""atlas""]}"
HP:0001747	symptom	Accessory spleen	"{""information_content"": 6.42, ""found_in"": [""atlas""]}"
HP:0001751	symptom	Abnormal vestibular function	"{""information_content"": 3.97, ""found_in"": [""atlas""]}"
HP:0001760	symptom	Abnormal foot morphology	"{""information_content"": 1.57, ""found_in"": [""atlas""]}"
HP:0001761	symptom	Pes cavus	"{""information_content"": 3.44, ""found_in"": [""atlas""]}"
HP:0001762	symptom	Talipes equinovarus	"{""information_content"": 3.16, ""found_in"": [""atlas""]}"
HP:0001763	symptom	Pes planus	"{""information_content"": 3.46, ""found_in"": [""atlas""]}"
HP:0001776	symptom	Bilateral talipes equinovarus	"{""information_content"": 5.3, ""found_in"": [""atlas""]}"
HP:0001780	symptom	Abnormal toe morphology	"{""information_content"": 2.47, ""found_in"": [""atlas""]}"
HP:0001798	symptom	Anonychia	"{""information_content"": 5.04, ""found_in"": [""atlas""]}"
HP:0001800	symptom	Hypoplastic toenails	"{""information_content"": 5.04, ""found_in"": [""atlas""]}"
HP:0001804	symptom	Hypoplastic fingernail	"{""information_content"": 5.61, ""found_in"": [""atlas""]}"
HP:0001812	symptom	Hyperconvex fingernails	"{""information_content"": 6.82, ""found_in"": [""atlas""]}"
HP:0001817	symptom	Absent fingernail	"{""information_content"": 6.42, ""found_in"": [""atlas""]}"
HP:0001840	symptom	Metatarsus adductus	"{""information_content"": 5.21, ""found_in"": [""atlas""]}"
HP:0001841	symptom	Preaxial foot polydactyly	"{""information_content"": 5.94, ""found_in"": [""atlas""]}"
HP:0001845	symptom	Overlapping toe	"{""information_content"": 4.75, ""found_in"": [""atlas""]}"
HP:0001852	symptom	Sandal gap	"{""information_content"": 4.49, ""found_in"": [""atlas""]}"
HP:0001882	symptom	Decreased total leukocyte count	"{""information_content"": 4.68, ""found_in"": [""atlas""]}"
HP:0001883	symptom	Talipes	"{""information_content"": 2.98, ""found_in"": [""atlas""]}"
HP:0001894	symptom	Thrombocytosis	"{""information_content"": 5.53, ""found_in"": [""atlas""]}"
HP:0001923	symptom	Reticulocytosis	"{""information_content"": 5.32, ""found_in"": [""atlas""]}"
HP:0001930	symptom	Nonspherocytic hemolytic anemia	"{""information_content"": 7.27, ""found_in"": [""atlas""]}"
HP:0001945	symptom	Fever	"{""information_content"": 3.18, ""found_in"": [""atlas""]}"
HP:0001974	symptom	Increased total leukocyte count	"{""information_content"": 4.58, ""found_in"": [""atlas""]}"
HP:0001992	symptom	Organic aciduria	"{""information_content"": 4.34, ""found_in"": [""atlas""]}"
HP:0002007	symptom	Frontal bossing	"{""information_content"": 3.05, ""found_in"": [""atlas""]}"
HP:0002011	symptom	Morphological central nervous system abnormality	"{""information_content"": 0.93, ""found_in"": [""atlas""]}"
HP:0002013	symptom	Vomiting	"{""information_content"": 3.29, ""found_in"": [""atlas""]}"
HP:0002015	symptom	Dysphagia	"{""information_content"": 2.88, ""found_in"": [""atlas""]}"
HP:0002019	symptom	Constipation	"{""information_content"": 3.22, ""found_in"": [""atlas""]}"
HP:0002020	symptom	Gastroesophageal reflux	"{""information_content"": 3.26, ""found_in"": [""atlas""]}"
HP:0002027	symptom	Abdominal pain	"{""information_content"": 3.54, ""found_in"": [""atlas""]}"
HP:0002033	symptom	Poor suck	"{""information_content"": 4.49, ""found_in"": [""atlas""]}"
HP:0002036	symptom	Hiatus hernia	"{""information_content"": 5.72, ""found_in"": [""atlas""]}"
HP:0002057	symptom	Prominent glabella	"{""information_content"": 6.2, ""found_in"": [""atlas""]}"
HP:0002059	symptom	Cerebral atrophy	"{""information_content"": 2.8, ""found_in"": [""atlas""]}"
HP:0002061	symptom	Lower limb spasticity	"{""information_content"": 3.5, ""found_in"": [""atlas""]}"
HP:0002063	symptom	Rigidity	"{""information_content"": 4.02, ""found_in"": [""atlas""]}"
HP:0002066	symptom	Gait ataxia	"{""information_content"": 3.59, ""found_in"": [""atlas""]}"
HP:0002067	symptom	Bradykinesia	"{""information_content"": 4.46, ""found_in"": [""atlas""]}"
HP:0002069	symptom	Bilateral tonic-clonic seizure	"{""information_content"": 3.27, ""found_in"": [""atlas""]}"
HP:0002070	symptom	Limb ataxia	"{""information_content"": 4.74, ""found_in"": [""atlas""]}"
HP:0002071	symptom	Abnormality of extrapyramidal motor function	"{""information_content"": 3.52, ""found_in"": [""atlas""]}"
HP:0002072	symptom	Chorea	"{""information_content"": 3.77, ""found_in"": [""atlas""]}"
HP:0002073	symptom	Progressive cerebellar ataxia	"{""information_content"": 4.99, ""found_in"": [""atlas""]}"
HP:0002075	symptom	Dysdiadochokinesis	"{""information_content"": 4.93, ""found_in"": [""atlas""]}"
HP:0002078	symptom	Truncal ataxia	"{""information_content"": 4.76, ""found_in"": [""atlas""]}"
HP:0002079	symptom	Hypoplasia of the corpus callosum	"{""information_content"": 3.08, ""found_in"": [""atlas""]}"
HP:0002080	symptom	Intention tremor	"{""information_content"": 4.55, ""found_in"": [""atlas""]}"
HP:0002090	symptom	Pneumonia	"{""information_content"": 3.5, ""found_in"": [""atlas""]}"
HP:0002093	symptom	Respiratory insufficiency	"{""information_content"": 2.76, ""found_in"": [""atlas""]}"
HP:0002098	symptom	Respiratory distress	"{""information_content"": 3.79, ""found_in"": [""atlas""]}"
HP:0002104	symptom	Apnea	"{""information_content"": 4.02, ""found_in"": [""atlas""]}"
HP:0002119	symptom	Ventriculomegaly	"{""information_content"": 2.65, ""found_in"": [""atlas""]}"
HP:0002120	symptom	Cerebral cortical atrophy	"{""information_content"": 3.67, ""found_in"": [""atlas""]}"
HP:0002121	symptom	Generalized non-motor (absence) seizure	"{""information_content"": 4.11, ""found_in"": [""atlas""]}"
HP:0002123	symptom	Generalized myoclonic seizure	"{""information_content"": 4.53, ""found_in"": [""atlas""]}"
HP:0002126	symptom	Polymicrogyria	"{""information_content"": 4.17, ""found_in"": [""atlas""]}"
HP:0002131	symptom	Episodic ataxia	"{""information_content"": 6.1, ""found_in"": [""atlas""]}"
HP:0002133	symptom	Status epilepticus	"{""information_content"": 4.07, ""found_in"": [""atlas""]}"
HP:0002136	symptom	Broad-based gait	"{""information_content"": 4.44, ""found_in"": [""atlas""]}"
HP:0002139	symptom	Arrhinencephaly	"{""information_content"": 6.33, ""found_in"": [""atlas""]}"
HP:0002144	symptom	Tethered cord	"{""information_content"": 5.91, ""found_in"": [""atlas""]}"
HP:0002151	symptom	Increased circulating lactate concentration	"{""information_content"": 3.87, ""found_in"": [""atlas""]}"
HP:0002162	symptom	Low posterior hairline	"{""information_content"": 4.43, ""found_in"": [""atlas""]}"
HP:0002171	symptom	Gliosis	"{""information_content"": 4.79, ""found_in"": [""atlas""]}"
HP:0002174	symptom	Postural tremor	"{""information_content"": 5.01, ""found_in"": [""atlas""]}"
HP:0002187	symptom	Profound intellectual disability	"{""information_content"": 4.57, ""found_in"": [""atlas""]}"
HP:0002188	symptom	Delayed CNS myelination	"{""information_content"": 3.94, ""found_in"": [""atlas""]}"
HP:0002194	symptom	Delayed gross motor development	"{""information_content"": 3.08, ""found_in"": [""atlas""]}"
HP:0002197	symptom	Generalized-onset seizure	"{""information_content"": 3.34, ""found_in"": [""atlas""]}"
HP:0002198	symptom	Dilated fourth ventricle	"{""information_content"": 4.23, ""found_in"": [""atlas""]}"
HP:0002205	symptom	Recurrent respiratory infections	"{""information_content"": 2.81, ""found_in"": [""atlas""]}"
HP:0002266	symptom	Focal clonic seizure	"{""information_content"": 5.59, ""found_in"": [""atlas""]}"
HP:0002268	symptom	Paroxysmal dystonia	"{""information_content"": 6.75, ""found_in"": [""atlas""]}"
HP:0002273	symptom	Tetraparesis	"{""information_content"": 4.43, ""found_in"": [""atlas""]}"
HP:0002301	symptom	Hemiplegia	"{""information_content"": 5.55, ""found_in"": [""atlas""]}"
HP:0002305	symptom	Athetosis	"{""information_content"": 4.15, ""found_in"": [""atlas""]}"
HP:0002307	symptom	Drooling	"{""information_content"": 4.37, ""found_in"": [""atlas""]}"
HP:0002311	symptom	Incoordination	"{""information_content"": 4.32, ""found_in"": [""atlas""]}"
HP:0002317	symptom	Unsteady gait	"{""information_content"": 4.23, ""found_in"": [""atlas""]}"
HP:0002342	symptom	Moderate intellectual disability	"{""information_content"": 3.86, ""found_in"": [""atlas""]}"
HP:0002353	symptom	EEG abnormality	"{""information_content"": 2.99, ""found_in"": [""atlas""]}"
HP:0002356	symptom	Writer's cramp	"{""information_content"": 6.13, ""found_in"": [""atlas""]}"
HP:0002360	symptom	Sleep disturbance	"{""information_content"": 2.97, ""found_in"": [""atlas""]}"
HP:0002365	symptom	Hypoplasia of the brainstem	"{""information_content"": 4.84, ""found_in"": [""atlas""]}"
HP:0002372	symptom	Normal interictal EEG	"{""information_content"": 8.08, ""found_in"": [""atlas""]}"
HP:0002373	symptom	Febrile seizure (within the age range of 3 months to 6 years)	"{""information_content"": 4.28, ""found_in"": [""atlas""]}"
HP:0002375	symptom	Hypokinesia	"{""information_content"": 5.63, ""found_in"": [""atlas""]}"
HP:0002376	symptom	Developmental regression	"{""information_content"": 3.44, ""found_in"": [""atlas""]}"
HP:0002378	symptom	Hand tremor	"{""information_content"": 5.47, ""found_in"": [""atlas""]}"
HP:0002384	symptom	Focal impaired awareness seizure	"{""information_content"": 4.47, ""found_in"": [""atlas""]}"
HP:0002389	symptom	Cavum septum pellucidum	"{""information_content"": 5.8, ""found_in"": [""atlas""]}"
HP:0002395	symptom	Lower limb hyperreflexia	"{""information_content"": 4.67, ""found_in"": [""atlas""]}"
HP:0002421	symptom	Poor head control	"{""information_content"": 4.29, ""found_in"": [""atlas""]}"
HP:0002448	symptom	Progressive encephalopathy	"{""information_content"": 7.06, ""found_in"": [""atlas""]}"
HP:0002451	symptom	Limb dystonia	"{""information_content"": 5.0, ""found_in"": [""atlas""]}"
HP:0002463	symptom	Language impairment	"{""information_content"": 2.1, ""found_in"": [""atlas""]}"
HP:0002465	symptom	Poor speech	"{""information_content"": 4.25, ""found_in"": [""atlas""]}"
HP:0002487	symptom	Hyperkinetic movements	"{""information_content"": 5.42, ""found_in"": [""atlas""]}"
HP:0002506	symptom	Diffuse cerebral atrophy	"{""information_content"": 5.66, ""found_in"": [""atlas""]}"
HP:0002509	symptom	Limb hypertonia	"{""information_content"": 4.49, ""found_in"": [""atlas""]}"
HP:0002510	symptom	Spastic tetraplegia	"{""information_content"": 4.55, ""found_in"": [""atlas""]}"
HP:0002521	symptom	Hypsarrhythmia	"{""information_content"": 4.32, ""found_in"": [""atlas""]}"
HP:0002539	symptom	Cortical dysplasia	"{""information_content"": 5.37, ""found_in"": [""atlas""]}"
HP:0002540	symptom	Inability to walk	"{""information_content"": 3.34, ""found_in"": [""atlas""]}"
HP:0002544	symptom	Retrocollis	"{""information_content"": 7.52, ""found_in"": [""atlas""]}"
HP:0002548	symptom	Parkinsonism with favorable response to dopaminergic medication	"{""information_content"": 6.06, ""found_in"": [""atlas""]}"
HP:0002553	symptom	Highly arched eyebrow	"{""information_content"": 3.91, ""found_in"": [""atlas""]}"
HP:0002650	symptom	Scoliosis	"{""information_content"": 2.04, ""found_in"": [""atlas""]}"
HP:0002714	symptom	Downturned corners of mouth	"{""information_content"": 3.95, ""found_in"": [""atlas""]}"
HP:0002719	symptom	Recurrent infections	"{""information_content"": 2.3, ""found_in"": [""atlas""]}"
HP:0002721	symptom	Immunodeficiency	"{""information_content"": 3.9, ""found_in"": [""atlas""]}"
HP:0002750	symptom	Delayed skeletal maturation	"{""information_content"": 3.44, ""found_in"": [""atlas""]}"
HP:0002751	symptom	Kyphoscoliosis	"{""information_content"": 3.89, ""found_in"": [""atlas""]}"
HP:0002788	symptom	Recurrent upper respiratory tract infections	"{""information_content"": 4.05, ""found_in"": [""atlas""]}"
HP:0002808	symptom	Kyphosis	"{""information_content"": 2.92, ""found_in"": [""atlas""]}"
HP:0002827	symptom	Hip dislocation	"{""information_content"": 3.77, ""found_in"": [""atlas""]}"
HP:0002871	symptom	Central apnea	"{""information_content"": 5.94, ""found_in"": [""atlas""]}"
HP:0002878	symptom	Respiratory failure	"{""information_content"": 4.12, ""found_in"": [""atlas""]}"
HP:0002883	symptom	Hyperventilation	"{""information_content"": 6.03, ""found_in"": [""atlas""]}"
HP:0002937	symptom	Hemivertebrae	"{""information_content"": 4.89, ""found_in"": [""atlas""]}"
HP:0002938	symptom	Lumbar hyperlordosis	"{""information_content"": 4.54, ""found_in"": [""atlas""]}"
HP:0002948	symptom	Vertebral fusion	"{""information_content"": 4.8, ""found_in"": [""atlas""]}"
HP:0002974	symptom	Radioulnar synostosis	"{""information_content"": 5.13, ""found_in"": [""atlas""]}"
HP:0003066	symptom	Limited knee extension	"{""information_content"": 6.69, ""found_in"": [""atlas""]}"
HP:0003083	symptom	Dislocated radial head	"{""information_content"": 5.27, ""found_in"": [""atlas""]}"
HP:0003112	symptom	Abnormal circulating amino acid concentration	"{""information_content"": 4.01, ""found_in"": [""atlas""]}"
HP:0003196	symptom	Short nose	"{""information_content"": 3.34, ""found_in"": [""atlas""]}"
HP:0003199	symptom	Decreased muscle mass	"{""information_content"": 5.46, ""found_in"": [""atlas""]}"
HP:0003202	symptom	Skeletal muscle atrophy	"{""information_content"": 2.71, ""found_in"": [""atlas""]}"
HP:0003217	symptom	Hyperglutaminemia	"{""information_content"": 6.98, ""found_in"": [""atlas""]}"
HP:0003273	symptom	Hip contracture	"{""information_content"": 5.09, ""found_in"": [""atlas""]}"
HP:0003298	symptom	Spina bifida occulta	"{""information_content"": 5.11, ""found_in"": [""atlas""]}"
HP:0003312	symptom	Abnormal vertebral body morphology	"{""information_content"": 3.13, ""found_in"": [""atlas""]}"
HP:0003429	symptom	CNS hypomyelination	"{""information_content"": 4.72, ""found_in"": [""atlas""]}"
HP:0003487	symptom	Babinski sign	"{""information_content"": 3.33, ""found_in"": [""atlas""]}"
HP:0003508	symptom	Proportionate short stature	"{""information_content"": 4.06, ""found_in"": [""atlas""]}"
HP:0003542	symptom	Increased circulating pyruvate concentration	"{""information_content"": 5.77, ""found_in"": [""atlas""]}"
HP:0003641	symptom	Hemoglobinuria	"{""information_content"": 6.9, ""found_in"": [""atlas""]}"
HP:0003781	symptom	Excessive salivation	"{""information_content"": 6.2, ""found_in"": [""atlas""]}"
HP:0003785	symptom	Decreased CSF homovanillic acid concentration	"{""information_content"": 6.98, ""found_in"": [""atlas""]}"
HP:0004209	symptom	Clinodactyly of the 5th finger	"{""information_content"": 3.19, ""found_in"": [""atlas""]}"
HP:0004302	symptom	Functional motor deficit	"{""information_content"": 3.51, ""found_in"": [""atlas""]}"
HP:0004305	symptom	Involuntary movements	"{""information_content"": 2.18, ""found_in"": [""atlas""]}"
HP:0004322	symptom	Short stature	"{""information_content"": 1.75, ""found_in"": [""atlas""]}"
HP:0004325	symptom	Decreased body weight	"{""information_content"": 1.93, ""found_in"": [""atlas""]}"
HP:0004373	symptom	Focal dystonia	"{""information_content"": 4.14, ""found_in"": [""atlas""]}"
HP:0004442	symptom	Sagittal craniosynostosis	"{""information_content"": 5.85, ""found_in"": [""atlas""]}"
HP:0004447	symptom	Poikilocytosis	"{""information_content"": 4.93, ""found_in"": [""atlas""]}"
HP:0004467	symptom	Preauricular pit	"{""information_content"": 4.99, ""found_in"": [""atlas""]}"
HP:0004484	symptom	Craniofacial asymmetry	"{""information_content"": 7.67, ""found_in"": [""atlas""]}"
HP:0004626	symptom	Lumbar scoliosis	"{""information_content"": 6.37, ""found_in"": [""atlas""]}"
HP:0004684	symptom	Talipes valgus	"{""information_content"": 6.98, ""found_in"": [""atlas""]}"
HP:0004691	symptom	2-3 toe syndactyly	"{""information_content"": 4.64, ""found_in"": [""atlas""]}"
HP:0004794	symptom	Malrotation of small bowel	"{""information_content"": 7.85, ""found_in"": [""atlas""]}"
HP:0004814	symptom	Fava bean-induced hemolytic anemia	"{""information_content"": 8.77, ""found_in"": [""atlas""]}"
HP:0004879	symptom	Intermittent hyperventilation	"{""information_content"": 7.52, ""found_in"": [""atlas""]}"
HP:0005274	symptom	Prominent nasal tip	"{""information_content"": 5.72, ""found_in"": [""atlas""]}"
HP:0005280	symptom	Depressed nasal bridge	"{""information_content"": 2.82, ""found_in"": [""atlas""]}"
HP:0005306	symptom	Capillary hemangioma	"{""information_content"": 5.57, ""found_in"": [""atlas""]}"
HP:0005484	symptom	Secondary microcephaly	"{""information_content"": 3.87, ""found_in"": [""atlas""]}"
HP:0005876	symptom	Progressive flexion contractures	"{""information_content"": 7.52, ""found_in"": [""atlas""]}"
HP:0006579	symptom	Prolonged neonatal jaundice	"{""information_content"": 5.06, ""found_in"": [""atlas""]}"
HP:0006655	symptom	Rib segmentation abnormalities	"{""information_content"": 8.08, ""found_in"": [""atlas""]}"
HP:0006808	symptom	Cerebral hypomyelination	"{""information_content"": 6.1, ""found_in"": [""atlas""]}"
HP:0006813	symptom	Focal hemiclonic seizure	"{""information_content"": 6.47, ""found_in"": [""atlas""]}"
HP:0006829	symptom	Severe muscular hypotonia	"{""information_content"": 5.34, ""found_in"": [""atlas""]}"
HP:0006889	symptom	Borderline intellectual disability	"{""information_content"": 5.7, ""found_in"": [""atlas""]}"
HP:0006891	symptom	Thick cerebral cortex	"{""information_content"": 7.06, ""found_in"": [""atlas""]}"
HP:0006934	symptom	Congenital nystagmus	"{""information_content"": 6.17, ""found_in"": [""atlas""]}"
HP:0006989	symptom	Dysplastic corpus callosum	"{""information_content"": 5.61, ""found_in"": [""atlas""]}"
HP:0007010	symptom	Poor fine motor coordination	"{""information_content"": 5.55, ""found_in"": [""atlas""]}"
HP:0007018	symptom	Attention deficit hyperactivity disorder	"{""information_content"": 3.48, ""found_in"": [""atlas""]}"
HP:0007057	symptom	Poor hand-eye coordination	"{""information_content"": 8.08, ""found_in"": [""atlas""]}"
HP:0007058	symptom	Generalized cerebral atrophy/hypoplasia	"{""information_content"": 8.36, ""found_in"": [""atlas""]}"
HP:0007104	symptom	Prolonged somatosensory evoked potentials	"{""information_content"": 8.36, ""found_in"": [""atlas""]}"
HP:0007105	symptom	Infantile encephalopathy	"{""information_content"": 7.27, ""found_in"": [""atlas""]}"
HP:0007109	symptom	Periventricular cysts	"{""information_content"": 6.52, ""found_in"": [""atlas""]}"
HP:0007166	symptom	Paroxysmal dyskinesia	"{""information_content"": 6.47, ""found_in"": [""atlas""]}"
HP:0007204	symptom	Diffuse white matter abnormalities	"{""information_content"": 6.52, ""found_in"": [""atlas""]}"
HP:0007207	symptom	Photosensitive tonic-clonic seizure	"{""information_content"": 7.85, ""found_in"": [""atlas""]}"
HP:0007256	symptom	Abnormal pyramidal sign	"{""information_content"": 3.05, ""found_in"": [""atlas""]}"
HP:0007270	symptom	Atypical absence seizure	"{""information_content"": 5.82, ""found_in"": [""atlas""]}"
HP:0007305	symptom	CNS demyelination	"{""information_content"": 5.38, ""found_in"": [""atlas""]}"
HP:0007325	symptom	Generalized dystonia	"{""information_content"": 5.63, ""found_in"": [""atlas""]}"
HP:0007332	symptom	Focal hemifacial clonic seizure	"{""information_content"": 8.36, ""found_in"": [""atlas""]}"
HP:0007334	symptom	Bilateral tonic-clonic seizure with focal onset	"{""information_content"": 5.35, ""found_in"": [""atlas""]}"
HP:0007351	symptom	Upper limb postural tremor	"{""information_content"": 6.9, ""found_in"": [""atlas""]}"
HP:0007359	symptom	Focal-onset seizure	"{""information_content"": 3.43, ""found_in"": [""atlas""]}"
HP:0007385	symptom	Aplasia cutis congenita of scalp	"{""information_content"": 6.24, ""found_in"": [""atlas""]}"
HP:0007874	symptom	Almond-shaped palpebral fissure	"{""information_content"": 5.59, ""found_in"": [""atlas""]}"
HP:0008003	symptom	Jerky ocular pursuit movements	"{""information_content"": 6.75, ""found_in"": [""atlas""]}"
HP:0008070	symptom	Sparse hair	"{""information_content"": 3.21, ""found_in"": [""atlas""]}"
HP:0008081	symptom	Pes valgus	"{""information_content"": 5.34, ""found_in"": [""atlas""]}"
HP:0008110	symptom	Equinovarus deformity	"{""information_content"": 6.52, ""found_in"": [""atlas""]}"
HP:0008138	symptom	Equinus calcaneus	"{""information_content"": 7.52, ""found_in"": [""atlas""]}"
HP:0008221	symptom	Adrenal hyperplasia	"{""information_content"": 6.03, ""found_in"": [""atlas""]}"
HP:0008282	symptom	Unconjugated hyperbilirubinemia	"{""information_content"": 6.17, ""found_in"": [""atlas""]}"
HP:0008388	symptom	Abnormal toenail morphology	"{""information_content"": 4.26, ""found_in"": [""atlas""]}"
HP:0008523	symptom	Posterior helix pit	"{""information_content"": 7.67, ""found_in"": [""atlas""]}"
HP:0008619	symptom	Bilateral sensorineural hearing impairment	"{""information_content"": 5.2, ""found_in"": [""atlas""]}"
HP:0008665	symptom	Clitoral hypertrophy	"{""information_content"": 5.19, ""found_in"": [""atlas""]}"
HP:0008762	symptom	Repetitive compulsive behavior	"{""information_content"": 7.06, ""found_in"": [""atlas""]}"
HP:0008770	symptom	Obsessive-compulsive trait	"{""information_content"": 6.0, ""found_in"": [""atlas""]}"
HP:0008850	symptom	Severe postnatal growth retardation	"{""information_content"": 6.03, ""found_in"": [""atlas""]}"
HP:0008872	symptom	Feeding difficulties in infancy	"{""information_content"": 3.08, ""found_in"": [""atlas""]}"
HP:0008897	symptom	Postnatal growth retardation	"{""information_content"": 3.66, ""found_in"": [""atlas""]}"
HP:0008935	symptom	Generalized neonatal hypotonia	"{""information_content"": 6.33, ""found_in"": [""atlas""]}"
HP:0008936	symptom	Axial hypotonia	"{""information_content"": 3.53, ""found_in"": [""atlas""]}"
HP:0008947	symptom	Floppy infant	"{""information_content"": 4.34, ""found_in"": [""atlas""]}"
HP:0009193	symptom	Metacarpal pseudoepiphysis	"{""information_content"": 7.52, ""found_in"": [""atlas""]}"
HP:0009237	symptom	Short 5th finger	"{""information_content"": 4.92, ""found_in"": [""atlas""]}"
HP:0009381	symptom	Short finger	"{""information_content"": 3.32, ""found_in"": [""atlas""]}"
HP:0009778	symptom	Short thumb	"{""information_content"": 4.43, ""found_in"": [""atlas""]}"
HP:0009826	symptom	Limb undergrowth	"{""information_content"": 3.33, ""found_in"": [""atlas""]}"
HP:0009830	symptom	Peripheral neuropathy	"{""information_content"": 2.84, ""found_in"": [""atlas""]}"
HP:0009879	symptom	Simplified gyral pattern	"{""information_content"": 4.88, ""found_in"": [""atlas""]}"
HP:0009882	symptom	Short distal phalanx of finger	"{""information_content"": 4.23, ""found_in"": [""atlas""]}"
HP:0009909	symptom	Uplifted earlobe	"{""information_content"": 6.06, ""found_in"": [""atlas""]}"
HP:0009918	symptom	Ectopia pupillae	"{""information_content"": 6.2, ""found_in"": [""atlas""]}"
HP:0010109	symptom	Short hallux	"{""information_content"": 5.59, ""found_in"": [""atlas""]}"
HP:0010174	symptom	Broad phalanx of the toes	"{""information_content"": 5.82, ""found_in"": [""atlas""]}"
HP:0010347	symptom	Aplasia/Hypoplasia of the phalanges of the 2nd toe	"{""information_content"": 8.36, ""found_in"": [""atlas""]}"
HP:0010450	symptom	Esophageal stenosis	"{""information_content"": 6.17, ""found_in"": [""atlas""]}"
HP:0010477	symptom	Aplasia of the bladder	"{""information_content"": 7.67, ""found_in"": [""atlas""]}"
HP:0010497	symptom	Sirenomelia	"{""information_content"": 7.85, ""found_in"": [""atlas""]}"
HP:0010535	symptom	Sleep apnea	"{""information_content"": 4.1, ""found_in"": [""atlas""]}"
HP:0010546	symptom	Muscle fibrillation	"{""information_content"": 5.04, ""found_in"": [""atlas""]}"
HP:0010553	symptom	Oculogyric crisis	"{""information_content"": 6.42, ""found_in"": [""atlas""]}"
HP:0010721	symptom	Abnormal hair whorl	"{""information_content"": 5.59, ""found_in"": [""atlas""]}"
HP:0010722	symptom	Asymmetry of the ears	"{""information_content"": 7.27, ""found_in"": [""atlas""]}"
HP:0010818	symptom	Generalized tonic seizure	"{""information_content"": 5.42, ""found_in"": [""atlas""]}"
HP:0010819	symptom	Atonic seizure	"{""information_content"": 4.96, ""found_in"": [""atlas""]}"
HP:0010821	symptom	Focal emotional seizure with laughing	"{""information_content"": 7.16, ""found_in"": [""atlas""]}"
HP:0010841	symptom	Multifocal epileptiform discharges	"{""information_content"": 5.55, ""found_in"": [""atlas""]}"
HP:0010844	symptom	EEG with multifocal slow activity	"{""information_content"": 8.36, ""found_in"": [""atlas""]}"
HP:0010850	symptom	EEG with spike-wave complexes	"{""information_content"": 5.47, ""found_in"": [""atlas""]}"
HP:0010851	symptom	EEG with burst suppression	"{""information_content"": 5.44, ""found_in"": [""atlas""]}"
HP:0010862	symptom	Delayed fine motor development	"{""information_content"": 5.12, ""found_in"": [""atlas""]}"
HP:0010864	symptom	Severe intellectual disability	"{""information_content"": 3.3, ""found_in"": [""atlas""]}"
HP:0011003	symptom	High myopia	"{""information_content"": 4.57, ""found_in"": [""atlas""]}"
HP:0011097	symptom	Epileptic spasm	"{""information_content"": 4.04, ""found_in"": [""atlas""]}"
HP:0011151	symptom	Atypical absence status epilepticus	"{""information_content"": 7.52, ""found_in"": [""atlas""]}"
HP:0011153	symptom	Focal motor seizure	"{""information_content"": 4.8, ""found_in"": [""atlas""]}"
HP:0011167	symptom	Focal tonic seizure	"{""information_content"": 6.52, ""found_in"": [""atlas""]}"
HP:0011169	symptom	Generalized clonic seizure	"{""information_content"": 6.63, ""found_in"": [""atlas""]}"
HP:0011170	symptom	Generalized myoclonic-atonic seizure	"{""information_content"": 7.38, ""found_in"": [""atlas""]}"
HP:0011171	symptom	Simple febrile seizure	"{""information_content"": 6.42, ""found_in"": [""atlas""]}"
HP:0011172	symptom	Complex febrile seizure	"{""information_content"": 6.98, ""found_in"": [""atlas""]}"
HP:0011182	symptom	Interictal epileptiform activity	"{""information_content"": 3.59, ""found_in"": [""atlas""]}"
HP:0011185	symptom	EEG with focal epileptiform discharges	"{""information_content"": 4.78, ""found_in"": [""atlas""]}"
HP:0011190	symptom	Uni- and bilateral multifocal epileptiform discharges	"{""information_content"": 9.46, ""found_in"": [""atlas""]}"
HP:0011194	symptom	EEG with series of focal spikes	"{""information_content"": 9.46, ""found_in"": [""atlas""]}"
HP:0011196	symptom	EEG with focal sharp waves	"{""information_content"": 7.27, ""found_in"": [""atlas""]}"
HP:0011197	symptom	EEG with focal spike waves	"{""information_content"": 6.98, ""found_in"": [""atlas""]}"
HP:0011198	symptom	EEG with generalized epileptiform discharges	"{""information_content"": 3.84, ""found_in"": [""atlas""]}"
HP:0011203	symptom	EEG with abnormally slow frequencies	"{""information_content"": 5.77, ""found_in"": [""atlas""]}"
HP:0011220	symptom	Prominent forehead	"{""information_content"": 3.56, ""found_in"": [""atlas""]}"
HP:0011228	symptom	Horizontal eyebrow	"{""information_content"": 6.06, ""found_in"": [""atlas""]}"
HP:0011229	symptom	Broad eyebrow	"{""information_content"": 5.77, ""found_in"": [""atlas""]}"
HP:0011273	symptom	Anisocytosis	"{""information_content"": 6.2, ""found_in"": [""atlas""]}"
HP:0011295	symptom	EEG with parietal sharp waves	"{""information_content"": 9.46, ""found_in"": [""atlas""]}"
HP:0011326	symptom	Anterior plagiocephaly	"{""information_content"": 7.52, ""found_in"": [""atlas""]}"
HP:0011344	symptom	Severe global developmental delay	"{""information_content"": 3.84, ""found_in"": [""atlas""]}"
HP:0011409	symptom	Abnormal placental membrane morphology	"{""information_content"": 6.33, ""found_in"": [""atlas""]}"
HP:0011443	symptom	Abnormality of coordination	"{""information_content"": 2.1, ""found_in"": [""atlas""]}"
HP:0011445	symptom	Athetoid cerebral palsy	"{""information_content"": 8.08, ""found_in"": [""atlas""]}"
HP:0011800	symptom	Midface retrusion	"{""information_content"": 3.44, ""found_in"": [""atlas""]}"
HP:0011863	symptom	Abnormal sternal ossification	"{""information_content"": 7.27, ""found_in"": [""atlas""]}"
HP:0011951	symptom	Aspiration pneumonia	"{""information_content"": 5.14, ""found_in"": [""atlas""]}"
HP:0011968	symptom	Feeding difficulties	"{""information_content"": 2.18, ""found_in"": [""atlas""]}"
HP:0012002	symptom	Experiential epileptic aura	"{""information_content"": 7.85, ""found_in"": [""atlas""]}"
HP:0012012	symptom	EEG with parietal focal spike waves	"{""information_content"": 8.77, ""found_in"": [""atlas""]}"
HP:0012048	symptom	Oromandibular dystonia	"{""information_content"": 6.2, ""found_in"": [""atlas""]}"
HP:0012049	symptom	Laryngeal dystonia	"{""information_content"": 6.2, ""found_in"": [""atlas""]}"
HP:0012071	symptom	Abnormal circulating fatty acylcarnitine concentration	"{""information_content"": 5.85, ""found_in"": [""atlas""]}"
HP:0012110	symptom	Hypoplasia of the pons	"{""information_content"": 4.96, ""found_in"": [""atlas""]}"
HP:0012169	symptom	Self-biting	"{""information_content"": 6.63, ""found_in"": [""atlas""]}"
HP:0012171	symptom	Stereotypical hand wringing	"{""information_content"": 5.85, ""found_in"": [""atlas""]}"
HP:0012196	symptom	Cheyne-Stokes respiration	"{""information_content"": 8.77, ""found_in"": [""atlas""]}"
HP:0012368	symptom	Flat face	"{""information_content"": 4.31, ""found_in"": [""atlas""]}"
HP:0012402	symptom	Increased urine alpha-ketoglutarate concentration	"{""information_content"": 6.82, ""found_in"": [""atlas""]}"
HP:0012444	symptom	Brain atrophy	"{""information_content"": 2.59, ""found_in"": [""atlas""]}"
HP:0012447	symptom	Abnormal myelination	"{""information_content"": 2.81, ""found_in"": [""atlas""]}"
HP:0012448	symptom	Delayed myelination	"{""information_content"": 3.59, ""found_in"": [""atlas""]}"
HP:0012450	symptom	Chronic constipation	"{""information_content"": 4.49, ""found_in"": [""atlas""]}"
HP:0012469	symptom	Infantile spasms	"{""information_content"": 4.37, ""found_in"": [""atlas""]}"
HP:0012547	symptom	Abnormal involuntary eye movements	"{""information_content"": 2.28, ""found_in"": [""atlas""]}"
HP:0012554	symptom	Absent thumbnail	"{""information_content"": 8.08, ""found_in"": [""atlas""]}"
HP:0012725	symptom	Cutaneous syndactyly	"{""information_content"": 4.33, ""found_in"": [""atlas""]}"
HP:0012758	symptom	Neurodevelopmental delay	"{""information_content"": 1.21, ""found_in"": [""atlas""]}"
HP:0012762	symptom	Cerebral white matter atrophy	"{""information_content"": 5.29, ""found_in"": [""atlas""]}"
HP:0012810	symptom	Wide nasal base	"{""information_content"": 6.24, ""found_in"": [""atlas""]}"
HP:0020082	symptom	Heinz bodies	"{""information_content"": 8.36, ""found_in"": [""atlas""]}"
HP:0020221	symptom	Clonic seizure	"{""information_content"": 4.96, ""found_in"": [""atlas""]}"
HP:0025152	symptom	Poor visual behavior for age	"{""information_content"": 8.08, ""found_in"": [""atlas""]}"
HP:0025162	symptom	Severe temper tantrums	"{""information_content"": 7.67, ""found_in"": [""atlas""]}"
HP:0025190	symptom	Bilateral tonic-clonic seizure with generalized onset	"{""information_content"": 5.34, ""found_in"": [""atlas""]}"
HP:0025247	symptom	Dermoid cyst	"{""information_content"": 7.38, ""found_in"": [""atlas""]}"
HP:0025312	symptom	Esophoria	"{""information_content"": 7.38, ""found_in"": [""atlas""]}"
HP:0025335	symptom	Delayed ability to stand	"{""information_content"": 6.33, ""found_in"": [""atlas""]}"
HP:0025336	symptom	Delayed ability to sit	"{""information_content"": 4.7, ""found_in"": [""atlas""]}"
HP:0025373	symptom	Interictal EEG abnormality	"{""information_content"": 3.53, ""found_in"": [""atlas""]}"
HP:0030084	symptom	Clinodactyly	"{""information_content"": 2.77, ""found_in"": [""atlas""]}"
HP:0030166	symptom	Night sweats	"{""information_content"": 6.2, ""found_in"": [""atlas""]}"
HP:0030680	symptom	Abnormal cardiovascular system morphology	"{""information_content"": 1.41, ""found_in"": [""atlas""]}"
HP:0031282	symptom	Malalignment of the great toenail	"{""information_content"": 8.36, ""found_in"": [""atlas""]}"
HP:0031423	symptom	Small cerebellar cortex	"{""information_content"": 9.46, ""found_in"": [""atlas""]}"
HP:0031629	symptom	Impaired tandem gait	"{""information_content"": 6.69, ""found_in"": [""atlas""]}"
HP:0031834	symptom	Aortopulmonary collateral arteries	"{""information_content"": 7.52, ""found_in"": [""atlas""]}"
HP:0031936	symptom	Delayed ability to walk	"{""information_content"": 3.52, ""found_in"": [""atlas""]}"
HP:0032524	symptom	Long thumb	"{""information_content"": 7.38, ""found_in"": [""atlas""]}"
HP:0032615	symptom	Abnormal diffusion weighted cerebral MRI morphology	"{""information_content"": 7.52, ""found_in"": [""atlas""]}"
HP:0032660	symptom	Convulsive status epilepticus	"{""information_content"": 7.16, ""found_in"": [""atlas""]}"
HP:0032678	symptom	Eyelid myoclonia seizure	"{""information_content"": 8.08, ""found_in"": [""atlas""]}"
HP:0032755	symptom	Focal impaired awareness autonomic seizure	"{""information_content"": 9.46, ""found_in"": [""atlas""]}"
HP:0032792	symptom	Tonic seizure	"{""information_content"": 4.36, ""found_in"": [""atlas""]}"
HP:0032794	symptom	Myoclonic seizure	"{""information_content"": 3.78, ""found_in"": [""atlas""]}"
HP:0032807	symptom	Neonatal seizure	"{""information_content"": 7.67, ""found_in"": [""atlas""]}"
HP:0032823	symptom	Neonatal electro-clinical seizure with behavior arrest	"{""information_content"": 9.46, ""found_in"": [""atlas""]}"
HP:0032906	symptom	Focal head nodding automatism seizure	"{""information_content"": 9.46, ""found_in"": [""atlas""]}"
HP:0033258	symptom	Sudden unexpected death in epilepsy	"{""information_content"": 7.06, ""found_in"": [""atlas""]}"
HP:0033725	symptom	Thin corpus callosum	"{""information_content"": 2.42, ""found_in"": [""atlas""]}"
HP:0034295	symptom	Reduced cerebral white matter volume	"{""information_content"": 5.24, ""found_in"": [""atlas""]}"
HP:0034353	symptom	Appendicular spasticity	"{""information_content"": 2.99, ""found_in"": [""atlas""]}"
HP:0034665	symptom	Shoulder contracture	"{""information_content"": 6.52, ""found_in"": [""atlas""]}"
HP:0040129	symptom	Abnormal nerve conduction velocity	"{""information_content"": 4.15, ""found_in"": [""atlas""]}"
HP:0040131	symptom	Abnormal motor nerve conduction velocity	"{""information_content"": 4.83, ""found_in"": [""atlas""]}"
HP:0040296	symptom	Abnormal location of the eyebrow	"{""information_content"": 8.77, ""found_in"": [""atlas""]}"
HP:0045075	symptom	Sparse eyebrow	"{""information_content"": 3.91, ""found_in"": [""atlas""]}"
HP:0045084	symptom	Limb myoclonus	"{""information_content"": 6.52, ""found_in"": [""atlas""]}"
HP:0100021	symptom	Cerebral palsy	"{""information_content"": 4.09, ""found_in"": [""atlas""]}"
HP:0100248	symptom	Hemiballismus	"{""information_content"": 7.38, ""found_in"": [""atlas""]}"
HP:0100275	symptom	Diffuse cerebellar atrophy	"{""information_content"": 6.63, ""found_in"": [""atlas""]}"
HP:0100543	symptom	Cognitive impairment	"{""information_content"": 2.3, ""found_in"": [""atlas""]}"
HP:0100595	symptom	Camptocormia	"{""information_content"": 6.9, ""found_in"": [""atlas""]}"
HP:0100633	symptom	Esophagitis	"{""information_content"": 5.61, ""found_in"": [""atlas""]}"
HP:0100660	symptom	Dyskinesia	"{""information_content"": 4.45, ""found_in"": [""atlas""]}"
HP:0100694	symptom	Tibial torsion	"{""information_content"": 6.57, ""found_in"": [""atlas""]}"
HP:0100704	symptom	Cerebral visual impairment	"{""information_content"": 4.17, ""found_in"": [""atlas""]}"
HP:0100710	symptom	Impulsivity	"{""information_content"": 4.97, ""found_in"": [""atlas""]}"
HP:0100716	symptom	Self-injurious behavior	"{""information_content"": 3.94, ""found_in"": [""atlas""]}"
HP:0100797	symptom	Toenail dysplasia	"{""information_content"": 6.52, ""found_in"": [""atlas""]}"
HP:0200134	symptom	Epileptic encephalopathy	"{""information_content"": 4.56, ""found_in"": [""atlas""]}"
HP:0410179	symptom	Decreased circulating glucose-6-phosphate dehydrogenase activity	"{""information_content"": 9.46, ""found_in"": [""atlas""]}"
INT:family-centered-pediatric-palliative-care-for-family-caregiv	intervention	Family Centered pediatric palliative care for family caregivers of children with rare diseases.	"{""intervention_type"": ""BEHAVIORAL"", ""found_in"": [""trials""]}"
INT:fenfluramine	intervention	Fenfluramine	"{""intervention_type"": ""DRUG"", ""found_in"": [""trials""]}"
INT:gene-therapy	intervention	gene therapy	"{""intervention_type"": ""DRUG"", ""found_in"": [""trials""]}"
INT:glycerol-phenylbutyrate-1100-mg-ml-ravicti	intervention	Glycerol Phenylbutyrate 1100 MG/ML [Ravicti]	"{""intervention_type"": ""DRUG"", ""found_in"": [""trials""]}"
INT:high-definition-hd-transcranial-direct-current-stimulator-hd	intervention	High-definition (HD) transcranial direct current stimulator, HD-tDCS with 4x1 HD adaptor	"{""intervention_type"": ""DEVICE"", ""found_in"": [""trials""]}"
INT:monitoring-of-patients-using-electroencephalogram-a-bispectr	intervention	Monitoring of patients using electroencephalogram, a Bispectral Index (BIS) and Sedline monitors.	"{""intervention_type"": ""DIAGNOSTIC_TEST"", ""found_in"": [""trials""]}"
INT:nbi-921352	intervention	NBI-921352	"{""intervention_type"": ""DRUG"", ""found_in"": [""trials""]}"
INT:no-intervention-observational-cohort	intervention	No Intervention: Observational Cohort	"{""intervention_type"": ""OTHER"", ""found_in"": [""trials""]}"
INT:no-intervention-will-be-performed	intervention	No intervention will be performed	"{""intervention_type"": ""OTHER"", ""found_in"": [""trials""]}"
INT:non-interventional-study	intervention	Non-interventional study	"{""intervention_type"": ""OTHER"", ""found_in"": [""trials""]}"
INT:placebo	intervention	Placebo	"{""intervention_type"": ""DRUG"", ""found_in"": [""trials""]}"
INT:prax-562	intervention	PRAX-562	"{""intervention_type"": ""DRUG"", ""found_in"": [""trials""]}"
MECH:loss_of_function	mechanism	loss of function (protein missing or reduced)	"{""found_in"": [""clinvar""]}"
MECH:missense_driven	mechanism	missense-driven (altered protein: gain of function or dominant negative possible)	"{""found_in"": [""clinvar""]}"
MONDO:0008684	disease	Wolf-Hirschhorn syndrome	"{""source_ids"": [""OMIM:194190""], ""mechanism_class"": ""Neuronal System"", ""phenotype_class"": ""Abnormality of the musculoskeletal system"", ""direction"": """", ""found_in"": [""atlas""]}"
MONDO:0009079	disease	DOORS syndrome	"{""source_ids"": [""OMIM:220500"", ""ORPHA:79500""], ""mechanism_class"": ""Transport of small molecules"", ""phenotype_class"": ""Abnormality of head or neck"", ""direction"": """", ""found_in"": [""atlas""]}"
MONDO:0010318	disease	FG syndrome 4	"{""source_ids"": [""OMIM:300422""], ""mechanism_class"": ""Neuronal System"", ""phenotype_class"": ""Abnormality of head or neck"", ""direction"": """", ""found_in"": [""atlas""]}"
MONDO:0010417	disease	syndromic X-linked intellectual disability Najm type	"{""source_ids"": [""OMIM:300749"", ""ORPHA:163937""], ""mechanism_class"": ""Neuronal System"", ""phenotype_class"": ""Abnormality of the nervous system"", ""direction"": """", ""found_in"": [""atlas""]}"
MONDO:0010480	disease	anemia, nonspherocytic hemolytic, due to G6PD deficiency	"{""source_ids"": [""OMIM:300908"", ""ORPHA:466026""], ""mechanism_class"": ""Neuronal System"", ""phenotype_class"": ""Abnormality of blood and blood-forming tissues"", ""direction"": """", ""found_in"": [""atlas""]}"
MONDO:0011506	disease	familial infantile myoclonic epilepsy	"{""source_ids"": [""OMIM:605021""], ""mechanism_class"": ""Vesicle-mediated transport"", ""phenotype_class"": ""Abnormality of the nervous system"", ""direction"": """", ""found_in"": [""atlas""]}"
MONDO:0011551	disease	TH-deficient dopa-responsive dystonia	"{""source_ids"": [""OMIM:605407"", ""ORPHA:101150""], ""mechanism_class"": ""Neuronal System"", ""phenotype_class"": ""Abnormality of the nervous system"", ""direction"": ""loss of function"", ""found_in"": [""atlas""]}"
MONDO:0011970	disease	rolandic epilepsy-paroxysmal exercise-induced dystonia-writer's cramp syndrome	"{""source_ids"": [""OMIM:608105"", ""ORPHA:163727""], ""mechanism_class"": ""Vesicle-mediated transport"", ""phenotype_class"": ""Abnormality of the nervous system"", ""direction"": """", ""found_in"": [""atlas""]}"
MONDO:0012812	disease	developmental and epileptic encephalopathy, 4	"{""source_ids"": [""OMIM:612164"", ""ORPHA:599373""], ""mechanism_class"": ""Neuronal System"", ""phenotype_class"": ""Abnormality of the nervous system"", ""direction"": """", ""found_in"": [""atlas""]}"
MONDO:0013680	disease	cognitive impairment with or without cerebellar ataxia	"{""source_ids"": [""OMIM:614306""], ""mechanism_class"": ""Muscle contraction"", ""phenotype_class"": ""Abnormality of the nervous system"", ""direction"": """", ""found_in"": [""atlas""]}"
MONDO:0013801	disease	developmental and epileptic encephalopathy, 13	"{""source_ids"": [""OMIM:614558""], ""mechanism_class"": ""Muscle contraction"", ""phenotype_class"": ""Abnormality of the nervous system"", ""direction"": """", ""found_in"": [""atlas""]}"
MONDO:0013826	disease	autosomal recessive nonsyndromic hearing loss 86	"{""source_ids"": [""OMIM:614617""], ""mechanism_class"": ""Vesicle-mediated transport"", ""phenotype_class"": ""Abnormality of the ear"", ""direction"": """", ""found_in"": [""atlas""]}"
MONDO:0014133	disease	developmental and epileptic encephalopathy, 16	"{""source_ids"": [""OMIM:615338""], ""mechanism_class"": ""Vesicle-mediated transport"", ""phenotype_class"": ""Abnormality of the nervous system"", ""direction"": """", ""found_in"": [""atlas""]}"
MONDO:0014470	disease	autosomal dominant nonsyndromic hearing loss 65	"{""source_ids"": [""OMIM:616044""], ""mechanism_class"": ""Vesicle-mediated transport"", ""phenotype_class"": ""Abnormality of the ear"", ""direction"": """", ""found_in"": [""atlas""]}"
MONDO:0014903	disease	seizures, benign familial infantile, 5	"{""source_ids"": [""OMIM:617080""], ""mechanism_class"": ""Muscle contraction"", ""phenotype_class"": ""Abnormality of the nervous system"", ""direction"": """", ""found_in"": [""atlas""]}"
MONDO:0015802	disease	autosomal dominant non-syndromic intellectual disability	"{""source_ids"": [""ORPHA:178469""], ""mechanism_class"": ""Signal Transduction"", ""phenotype_class"": ""No symptom data"", ""direction"": ""loss of function"", ""found_in"": [""atlas""]}"
MONDO:0016215	disease	spastic quadriplegic cerebral palsy	"{""source_ids"": [""ORPHA:210141""], ""mechanism_class"": ""Signal Transduction"", ""phenotype_class"": ""No symptom data"", ""direction"": ""loss of function"", ""found_in"": [""atlas""]}"
MONDO:0017385	disease	malignant migrating partial seizures of infancy	"{""source_ids"": [""ORPHA:293181""], ""mechanism_class"": ""Metabolism"", ""phenotype_class"": ""Abnormality of the nervous system"", ""direction"": ""both reported"", ""found_in"": [""atlas""]}"
MONDO:0017615	disease	benign familial infantile epilepsy	"{""source_ids"": [""ORPHA:306""], ""mechanism_class"": ""Neuronal System"", ""phenotype_class"": ""Abnormality of the nervous system"", ""direction"": ""gain of function"", ""found_in"": [""atlas""]}"
MONDO:0018125	disease	focal epilepsy-intellectual disability-cerebro-cerebellar malformation	"{""source_ids"": [""ORPHA:352587""], ""mechanism_class"": ""Vesicle-mediated transport"", ""phenotype_class"": ""No symptom data"", ""direction"": """", ""found_in"": [""atlas""]}"
MONDO:0018126	disease	progressive myoclonic epilepsy with dystonia	"{""source_ids"": [""ORPHA:352596""], ""mechanism_class"": ""Vesicle-mediated transport"", ""phenotype_class"": ""Abnormality of the nervous system"", ""direction"": ""loss of function"", ""found_in"": [""atlas""]}"
MONDO:0018214	disease	generalized epilepsy with febrile seizures plus	"{""source_ids"": [""ORPHA:36387""], ""mechanism_class"": ""Neuronal System"", ""phenotype_class"": ""Abnormality of the nervous system"", ""direction"": ""loss of function"", ""found_in"": [""atlas""]}"
MONDO:0018614	disease	undetermined early-onset epileptic encephalopathy	"{""source_ids"": [""ORPHA:442835""], ""mechanism_class"": ""Signal Transduction"", ""phenotype_class"": ""Abnormality of the nervous system"", ""direction"": ""both reported"", ""found_in"": [""atlas""]}"
MONDO:0019181	disease	non-syndromic X-linked intellectual disability	"{""source_ids"": [""ORPHA:777""], ""mechanism_class"": ""Neuronal System"", ""phenotype_class"": ""No symptom data"", ""direction"": ""loss of function"", ""found_in"": [""atlas""]}"
MONDO:0019587	disease	autosomal dominant nonsyndromic hearing loss	"{""source_ids"": [""ORPHA:90635""], ""mechanism_class"": ""Signal Transduction"", ""phenotype_class"": ""No symptom data"", ""direction"": """", ""found_in"": [""atlas""]}"
MONDO:0019588	disease	hearing loss, autosomal recessive	"{""source_ids"": [""ORPHA:90636""], ""mechanism_class"": ""Signal Transduction"", ""phenotype_class"": ""No symptom data"", ""direction"": ""loss of function"", ""found_in"": [""atlas""]}"
MONDO:0030856	disease	developmental and epileptic encephalopathy 89	"{""source_ids"": [""OMIM:619124""], ""mechanism_class"": ""Neuronal System"", ""phenotype_class"": ""Abnormality of the nervous system"", ""direction"": """", ""found_in"": [""atlas""]}"
MONDO:0032678	disease	developmental and epileptic encephalopathy, 71	"{""source_ids"": [""OMIM:618328"", ""ORPHA:557064""], ""mechanism_class"": ""Metabolism"", ""phenotype_class"": ""Abnormality of the nervous system"", ""direction"": ""loss of function"", ""found_in"": [""atlas""]}"
MONDO:0032685	disease	infantile cataract, skin abnormalities, glutamate excess, and impaired intellectual development	"{""source_ids"": [""OMIM:618339""], ""mechanism_class"": ""Metabolism"", ""phenotype_class"": ""Abnormality of the nervous system"", ""direction"": """", ""found_in"": [""atlas""]}"
MONDO:0032733	disease	global developmental delay, progressive ataxia, and elevated glutamine	"{""source_ids"": [""OMIM:618412""], ""mechanism_class"": ""Metabolism"", ""phenotype_class"": ""Abnormality of the nervous system"", ""direction"": """", ""found_in"": [""atlas""]}"
MONDO:0032900	disease	neurodevelopmental disorder with hypotonia and autistic features with or without hyperkinetic movements	"{""source_ids"": [""OMIM:618760""], ""mechanism_class"": ""Neuronal System"", ""phenotype_class"": ""Abnormality of the nervous system"", ""direction"": """", ""found_in"": [""atlas""]}"
MONDO:0033372	disease	developmental and epileptic encephalopathy, 63	"{""source_ids"": [""OMIM:617976""], ""mechanism_class"": ""Neuronal System"", ""phenotype_class"": ""Abnormality of the nervous system"", ""direction"": """", ""found_in"": [""atlas""]}"
MONDO:0033864	disease	infantile hypotonia-oculomotor anomalies-hyperkinetic movements-developmental delay syndrome	"{""source_ids"": [""OMIM:618218"", ""ORPHA:522077""], ""mechanism_class"": ""Neuronal System"", ""phenotype_class"": ""Abnormality of the nervous system"", ""direction"": """", ""found_in"": [""atlas""]}"
MONDO:0034146	disease	spastic ataxia-dysarthria due to glutaminase deficiency	"{""source_ids"": [""ORPHA:557056""], ""mechanism_class"": ""Metabolism"", ""phenotype_class"": ""No symptom data"", ""direction"": ""loss of function"", ""found_in"": [""atlas""]}"
MONDO:0100092	disease	myoclonus, familial, 2	"{""source_ids"": [""OMIM:618364""], ""mechanism_class"": ""Muscle contraction"", ""phenotype_class"": ""Abnormality of the nervous system"", ""direction"": """", ""found_in"": [""atlas""]}"
MONDO:0100566	disease	myoclonic epilepsy in infancy	"{""source_ids"": [""ORPHA:86909""], ""mechanism_class"": ""Neuronal System"", ""phenotype_class"": ""Abnormality of the nervous system"", ""direction"": ""loss of function"", ""found_in"": [""atlas""]}"
MONDO:0800491	disease	early-infantile DEE	"{""source_ids"": [""ORPHA:1934""], ""mechanism_class"": ""Neuronal System"", ""phenotype_class"": ""Abnormality of the nervous system"", ""direction"": ""both reported"", ""found_in"": [""atlas""]}"
MONDO:0957539	disease	dystonia 22, juvenile-onset	"{""source_ids"": [""OMIM:620453""], ""mechanism_class"": ""Neuronal System"", ""phenotype_class"": ""Abnormality of the nervous system"", ""direction"": """", ""found_in"": [""atlas""]}"
MONDO:0957542	disease	dystonia 22, adult-onset	"{""source_ids"": [""OMIM:620456""], ""mechanism_class"": ""Neuronal System"", ""phenotype_class"": ""Abnormality of the nervous system"", ""direction"": """", ""found_in"": [""atlas""]}"
MONDO:0958324	disease	generalized epilepsy with febrile seizures plus, type 12	"{""source_ids"": [""OMIM:620755""], ""mechanism_class"": ""Neuronal System"", ""phenotype_class"": ""Abnormality of the nervous system"", ""direction"": """", ""found_in"": [""atlas""]}"
MONDO:0958331	disease	developmental and epileptic encephalopathy 114	"{""source_ids"": [""OMIM:620774""], ""mechanism_class"": ""Neuronal System"", ""phenotype_class"": ""Abnormality of the nervous system"", ""direction"": """", ""found_in"": [""atlas""]}"
MONDO:1040014	disease	PPFIA3-related neurodevelopmental disorder	"{""source_ids"": [""OMIM:621122""], ""mechanism_class"": ""Neuronal System"", ""phenotype_class"": ""Abnormality of the nervous system"", ""direction"": """", ""found_in"": [""atlas""]}"
NCT:NCT00006191	study	Effect of Levetiracetam on Brain Excitability	"{""asset_type"": ""observational study"", ""status"": ""COMPLETED"", ""phases"": [], ""study_type"": ""OBSERVATIONAL"", ""enrollment"": 14, ""start"": ""2000-08"", ""completion"": ""2001-06"", ""conditions"": [""Healthy"", ""Myoclonic Epilepsy""], ""biospecimens"": """", ""n_locations"": 1, ""countries"": [""United States""], ""summary"": ""This study will examine the effect of the newly developed anti-epileptic drug, levetiracetam, on excitability of the cortex (surface layer) of the brain. Levetiracetam works differently from other anti-seizure drugs, but its mechanism is not well understood. This study may provide insight into a new protection mechanism against seizures as well as the effect of the drug on cortical excitability.\n\nHealthy normal volunteers 18 years of age and older may be eligible for this study. Candidates will have a medical history taken and undergo physical and neurological examinations.\n\nParticipants will undergo two different procedures in four separate sessions. One procedure (cortical excitability) involves taking either levetiracetam or placebo (a look-alike inactive substance) and having transcranial magnetic stimulation (TMS). The other procedure (pinch-training related changes) involves taking levetiracetam or placebo, doing a motor exercise called pinch training, and having transcranial magnetic stimulation. For TMS, a very brief electrical current is passed through an insulated coil wire placed on the scalp. The magnetic pulse travels through the scalp and skull, causing small electrical currents in the cortex that may cause muscle, hand, or arm twitching or it may affect movements or reflexes. During the study, subjects may be asked to make movements, do simple tasks or tense muscles. Electrical activity of the muscles will be recorded using electrodes taped to the skin over the muscle. For the pinch training, the subject makes a brief, brisk pinch after each beat of a metronome every two seconds and then completely relaxes the hand until the next beat.\n\nSubjects will be tested on four different days at least 72 hours apart. Each session will last about 3 to 4 hours.\n\nApproximate schedule for cortical excitability testing:\n\nTMS (study 1)\n\nTake levetiracetam or placebo\n\nTMS (study 2) \\< 60 minutes after drug or placebo\n\nTMS (study 3) \\< 120 minutes after drug or placebo\n\nApproximate schedule for pinch-training related changes:\n\nTake levetiracetam or placebo\n\nTMS and pinch power measurement \\< 60 minutes after drug or placebo\n\nPinch training for 30 minutes\n\nTMS and pinch power measurement\n\nSample schedule:\n\nSession 1 \\< LTC and cortical excitability testing\n\nSession 2 \\< Placebo and cortical excitability testing\n\nSession 3 \\< LTC and pinch-training related changes\n\nSession 4 \\< Placebo and pinch-training related changes"", ""eligibility"": ""This study will be done on normal volunteers.\n\nSubjects will be adults older than age 18.\n\nNo development of a serious medical condition.\n\nCompliance with protocol evaluations or examinations."", ""primary_outcomes"": [], ""found_in"": [""trials""]}"
NCT:NCT01237158	study	Genetic Association Study Between GAD1 and Reelin Polymorphisms and GABA/Glutamate MRS in Bipolar Disorder Type 1 and Healthy Controls: SPECGENE PROJECT	"{""asset_type"": ""observational study"", ""status"": ""UNKNOWN"", ""phases"": [], ""study_type"": ""OBSERVATIONAL"", ""enrollment"": 140, ""start"": ""2010-10"", ""completion"": """", ""conditions"": [""Bipolar Disorder""], ""biospecimens"": """", ""n_locations"": 1, ""countries"": [""Brazil""], ""summary"": ""Background: The pathophysiological mechanisms of bipolar disorder are not completely clarified and several hypothesis have already been formulated including the role of monoamines, gama amino butyric acid (GABA) and glutamate. GABA is the main inhibitory neurotransmitter while glutamate is the main excitatory neurotransmitter. Genes that play a role in GABA metabolism and in the activity of GABA neurons are very important to understand the GABA function, once they affect neurodevelopment and its dysfunctions may predispose to neuropsychiatric diseases. The two genes that are going to be study in this project are glutamic acid decarboxylase (GAD1) and reelin (Reln). The enzyme glutamic acid descarboxylase (GAD67) metabolizes glutamate in GABA in the pre synaptic neuronal regions and is coded by the gene GAD1. Reelin is secretory serine protease with dual roles in mammalian brain: embryologically, it guides neurons and radial glial cells to their corrected positions in the developing brain; in adult brain, Reelin is involved in a signaling pathway which underlies neurotransmission, memory formation and synaptic plasticity. Magnetic resonance spectroscopy (MRS) studies on bipolar disorder show a number of alterations in cerebral level of GABA and glutamate in different cerebral areas when compared to healthy subjects and other mood disorders. Objective: Investigate in bipolar patients and healthy controls the association of GAD1 and Reln single nucleotide polymorphisms(SNP) and cerebral levels of GABA/glutamate on MRS. Methods: 70 symptomatic bipolar I patients medication free and 70 healthy controls are going to be genotyped for GAD1 and Reln SNPs and GABA/glutamate MRS.\n\nKey words: GAD1, GAD67, bipolar, GABA, Glutamate, Reelin, Rln, Spectroscopy."", ""eligibility"": ""Inclusion Criteria:\n\n* Bipolar disorder type I diagnose (DSM-IV criteria)\n* Medication free (4 last weeks)\n\nExclusion Criteria:\n\n* heavy smokers\n* cannabis use\n* recent alcohol abuse (14 days)"", ""primary_outcomes"": [""association between GABA/glutamate brain levels and GAD1 polymorphisms""], ""found_in"": [""trials""]}"
NCT:NCT01238250	study	Online Study of People Who Have Genetic Changes and Features of Autism: Simons Searchlight	"{""asset_type"": ""observational study"", ""status"": ""RECRUITING"", ""phases"": [], ""study_type"": ""OBSERVATIONAL"", ""enrollment"": 100000, ""start"": ""2010-10"", ""completion"": ""2050-10"", ""conditions"": [""16P11.2 Deletion Syndrome"", ""16p11.2 Duplications"", ""1Q21.1 Deletion"", ""1Q21.1 Microduplication Syndrome (Disorder)"", ""ACTL6B"", ""ADNP"", ""AHDC1"", ""ANK2"", ""ANKRD11"", ""ARID1B"", ""ASH1L"", ""BCL11A"", ""CHAMP1"", ""CHD2"", ""CHD8"", ""CSNK2A1"", ""CTBP1"", ""CTNNB1 Gene Mutation"", ""CUL3"", ""DDX3X"", ""DNMT3A"", ""DSCAM"", ""DYRK1A"", ""FOXP1"", ""GRIN2A"", ""GRIN2B"", ""HIVEP2-Related Intellectual Disability"", ""HNRNPH2"", ""KATNAL2"", ""KDM5B"", ""KDM6B"", ""KMT2C Gene Mutation"", ""KMT2E"", ""KMT5B"", ""MBD5"", ""MED13L"", ""PACS1"", ""PPP2R5D-Related Intellectual Disability"", ""PTCHD1"", ""REST"", ""SCN2A Encephalopathy"", ""SETBP1 Gene Mutation"", ""SETD5"", ""SMARCA4 Gene Mutation"", ""SMARCC2"", ""STXBP1 Encephalopathy With Epilepsy"", ""SYNGAP1-Related Intellectual Disability"", ""TBR1"", ""ARHGEF9"", ""HNRNPU"", ""PPP3CA"", ""PPP2R1A"", ""SLC6A1"", ""2p16.3 Deletions"", ""5q35 Deletions"", ""5q35 Duplications"", ""7q11.23 Duplications"", ""15Q13.3 Deletion Syndrome"", ""16p11.2 Triplications"", ""16P12.2 Microdeletion"", ""16P13.11 Microdeletion Syndrome (Disorder)"", ""17Q12 Microdeletion Syndrome (Disorder)"", ""17Q12 Duplication Syndrome"", ""17Q21.31 Deletion Syndrome"", ""17q21.3 Duplications"", ""ACTB"", ""ADSL"", ""AFF2"", ""ALDH5A1"", ""ANK3"", ""ARX"", ""ATRX Gene Mutation"", ""AUTS2 Syndrome"", ""BCKDK"", ""BRSK2"", ""CACNA1C"", ""CAPRIN1"", ""CASK"", ""CASZ1"", ""CHD3"", ""CIC"", ""CNOT3"", ""CREBBP Gene Mutation"", ""CSDE1"", ""CTCF"", ""DEAF1"", ""DHCR7"", ""DLG4"", ""EBF3"", ""EHMT1"", ""EP300 Gene Mutation"", ""GIGYF1"", ""GRIN1"", ""GRIN2D"", ""IQSEC2-Related Syndromic Intellectual Disability"", ""IRF2BPL"", ""KANSL1"", ""KCNB1"", ""KDM3B"", ""NEXMIF"", ""KMT2A"", ""MBOAT7"", ""MEIS2"", ""MYT1L"", ""NAA15"", ""NBEA"", ""NCKAP1"", ""NIPBL"", ""NLGN2"", ""NLGN3"", ""NLGN4X"", ""NR4A2"", ""NRXN1"", ""NRXN2"", ""NSD1 Gene Mutation"", ""PHF21A"", ""PHF3"", ""PHIP"", ""PSMD12"", ""RELN"", ""RERE"", ""RFX3"", ""RIMS1"", ""RORB"", ""SCN1A"", ""SETD2 Gene Mutation"", ""SHANK2"", ""SIN3A"", ""SLC9A6"", ""SON"", ""SOX5"", ""SPAST"", ""SRCAP"", ""TAOK1"", ""TANC2"", ""TCF20"", ""TLK2"", ""TRIO"", ""TRIP12"", ""UPF3B"", ""USP9X"", ""VPS13B"", ""WAC"", ""WDFY3"", ""ZBTB20"", ""ZNF292"", ""ZNF462"", ""2Q37 Deletion Syndrome"", ""9q34 Duplications"", ""15q15 Deletions"", ""15Q24 Deletion"", ""NR3C2"", ""SYNCRIP"", ""2q37.3 Deletion"", ""6q16 Deletion"", ""15q11.2 BP1-BP2 Deletion"", ""16p13.3 Deletion"", ""17Q11.2 Microduplication Syndrome (Disorder)"", ""17p13.3"", ""Xq28 Duplication"", ""CLCN4"", ""CSNK2B"", ""DYNC1H1"", ""EIF3F"", ""GNB1"", ""MED13"", ""MEF2C"", ""RALGAPB"", ""SCN1B"", ""YY1"", ""Xp11.22 Duplication"", ""PACS2"", ""MAOA"", ""MAOB"", ""HNRNPC"", ""HNRNPD"", ""HNRNPK"", ""HNRNPR"", ""HNRNPUL2"", ""5P Deletion Syndrome"", ""TCF7L2 Gene Mutation"", ""HECW2"", ""PPM1D"", ""RNU4-2"", ""SNAP25"", ""FOXP2"", ""ITSN1""], ""biospecimens"": ""SAMPLES_WITH_DNA"", ""n_locations"": 2, ""countries"": [""United States""], ""summary"": ""Simons Searchlight is an observational, online, international research program for families with rare genetic variants that cause neurodevelopmental disorders and may be associated with autism. Simons Searchlight collects medical, behavioral, learning, and developmental information from people who have these rare genetic changes. The goal of this study is to improve the clinical care and treatment for these people. Simons Searchlight partners with families to collect data and distribute it to qualified researchers."", ""eligibility"": ""Inclusion Criteria:\n\n* Subjects of any age with a genetic condition on our eligible list along with their biological family members. Current list can be found at: https://www.simonssearchlight.org/research/what-we-study/\n* Must be fluent in English or a supported language. Current supported languages are Spanish, French, and Dutch, with more to come.\n* Able to register and participate through our online platform, which can be accessed through any device able to connect to the internet.\n* Able and willing to provide consent.\n\nExclusion Criteria:\n\n-Some genetic changes that we study have regions or variants that are not eligible for our research. This is determined during our laboratory review that is completed by trained and certified genetic counselors. These specific ineligible regions or variants can change frequently."", ""primary_outcomes"": [""Baseline comprehensive collection of medical, behavioral, learning, and developmental information of people who have documented gene changes that are associated with features of autism and other neurodevelopmental disorders.""], ""found_in"": [""trials""]}"
NCT:NCT02960347	study	Examining the Efficacy of tDCS in the Attenuation of Epileptic Paroxysmal Discharges and Clinical Seizures	"{""asset_type"": ""interventional trial"", ""status"": ""COMPLETED"", ""phases"": [""NA""], ""study_type"": ""INTERVENTIONAL"", ""enrollment"": 1, ""start"": ""2016-02"", ""completion"": ""2016-06"", ""conditions"": [""Ohtahara Syndrome""], ""biospecimens"": """", ""n_locations"": 1, ""countries"": [""Israel""], ""summary"": ""The current study examined the feasibility of High-Definition tDCS (HD-tDCS) in reducing epileptiform activity in a 30-month-old child suffering from early onset epileptic encephalopathy. HD-tDCS was administered over 10 intervention days spanning two weeks including pre- and post-intervention video-electroencephalography (EEG) monitoring."", ""eligibility"": ""Inclusion Criteria:\n\n1. Initial diagnosis of Ohtahara syndrome/West syndrome/ Lennox-Gastaut syndrome by a pediatric neurologist using video-EEG\n2. Ongoing synchronous Hypsarrhythmia\n3. Modified Hypsarrhythmia with a consistent focus of paroxysmal discharges\n4. Signed informed consent of parents/immediate legal guardian\n5. Age 10 to 36 months\n6. Infant should be in a steady state indicated by a baseline test of electrolytes and biochemistry blood test, heart rate, temperature, respiratory rate, and saturation.\n\nExclusion Criteria:\n\n1. Metal in the cranium, skull defects, or skin lesions on scalp (cuts, abrasions, rash) at proposed electrode sites.\n2. History of adverse reaction to neurostimulation\n3. Significant ECG abnormality"", ""primary_outcomes"": [""change in seizure frequency from baseline""], ""found_in"": [""trials""]}"
NCT:NCT04873869	study	Study to Evaluate NBI-921352 as Adjunctive Therapy in Subjects With SCN8A Developmental and Epileptic Encephalopathy Syndrome (SCN8A-DEE)	"{""asset_type"": ""interventional trial"", ""status"": ""TERMINATED"", ""phases"": [""PHASE2""], ""study_type"": ""INTERVENTIONAL"", ""enrollment"": 8, ""start"": ""2022-01-31"", ""completion"": ""2023-03-17"", ""conditions"": [""SCN8A Developmental and Epileptic Encephalopathy Syndrome""], ""biospecimens"": """", ""n_locations"": 4, ""countries"": [""United States""], ""summary"": ""The objective of this study is to assess the efficacy, safety, and pharmacokinetics of NBI-921352 as adjunctive therapy for seizures in subjects with SCN8A Developmental and Epileptic Encephalopathy Syndrome (SCN8A-DEE)."", ""eligibility"": ""Inclusion Criteria:\n\n1. Male or female 2 to 21 years of age, inclusive.\n2. Have a diagnosis of SCN8A-DEE supported by both clinical and genetic findings\n3. Have on average at least 1 countable motor seizure per week and not be seizure-free for more than 20 consecutive days\n4. Being treated with at least 1 other antiseizure medication (ASM), but no more than 4 ASMs\n5. Have failed to achieve seizure freedom with at least 2 ASMs\n6. Must be using a nocturnal alerting system or practice consistent with standards of care at the time of screening and continue to use this for the duration of the study\n7. Must have an adequate rescue medication regimen per the investigator's judgment in place at the time of screening and for the duration of the study\n8. Have a body weight of at least 10 kg\n9. The subject's parent/caregiver is able to accurately identify seizure types, especially countable motor seizures (defined as GTCS, tonic, atonic or FOS with noticeable motor component) and is able to complete seizure diary\n\nExclusion Criteria:\n\n1. Have previously been enrolled in this study and received blinded treatment\n2. Have participated in an interventional clinical trial \\< 30 days prior to screening\n3. Have symptoms that would be more consistent with another epilepsy disorder such as Dravet syndrome (eg, fever-induced episodes of status epilepticus, frequent myoclonic seizures, worsening on sodium channel blockers, absence seizures with generalized spike-and-wave EEG as the sole seizure type)\n4. Are currently receiving cannabinoids or medical marijuana except Epidiolex/Epidyolex, unless approved by the Sponsor\n5. Are currently taking systemic steroids (excluding inhaled medication for asthma treatments and intranasal steroids for allergies). If subject has received these medications in the past, must be off these medications for at least 3 months prior to the screening visit and these drugs may not be initiated during the duration of the study. Intermittent steroids to treat nonepilepsy related diseases (such as allergies or dermatological conditions) are not exclusionary\n6. Have a history of moderate or severe head trauma or other neurological disorders or systemic medical diseases that are, in the investigator's opinion, likely to affect nervous system functioning\n7. Have a clinically significant medical condition or chronic disease, that in the opinion of the investigator would preclude the subject from participating in and completing the study or that could confound interpretation of study outcome\n8. Have clinically significant abnormal vital signs at the screening visit as determined by the investigator\n9. Have one or more clinical laboratory test values outside the reference range, based on blood samples taken at the screening visit, that are of potential risk to the subject's safety as determined by the investigator\n10. Have, at the screening visit, an electrocardiogram (ECG) finding of a corrected QT interval using Fridericia's formula (QTcF) \\> 450 msec or presence of any significant cardiac abnormality."", ""primary_outcomes"": [""Percentage Change From Baseline in 28-day Seizure Frequency for Countable Motor Seizures During the 16-week Treatment Period""], ""found_in"": [""trials""]}"
NCT:NCT04937062	study	Phenylbutyrate for Monogenetic Developmental and Epileptic Encephalopathy	"{""asset_type"": ""interventional trial"", ""status"": ""ACTIVE_NOT_RECRUITING"", ""phases"": [""EARLY_PHASE1""], ""study_type"": ""INTERVENTIONAL"", ""enrollment"": 50, ""start"": ""2021-03-01"", ""completion"": ""2026-12-31"", ""conditions"": [""STXBP1 Encephalopathy With Epilepsy, SLC6A1 Neurodevelopmental Disorder"", ""Developmental and Epileptic Encephalopathy""], ""biospecimens"": """", ""n_locations"": 2, ""countries"": [""United States""], ""summary"": ""This study is to evaluate the use of glycerol phenylbutyrate for monogenetic developmental epileptic encephalopathies (DEEs). DEEs are characterized by epilepsy and developmental delay in early life.\n\nTwo examples of DEEs are STXBP1 and SLC6A1, though there are dozens of others.\n\nSTXBP1 Encephalopathy is a severe disease that can cause seizures and developmental delays in infants and children. SLC6A1 neurodevelopmental disorder is characterized by developmental delay and often epilepsy. Both STXBP1 encephalopathy and SLC6A1 neurodevelopmental disorder cause symptoms because there are not enough working proteins made by these genes.\n\nIt is possible that a medication called phenylbutyrate may help the the remaining proteins work better for STXBP1, SLC6A1, and/or other similar DEEs caused by single genes (i.e. \""monogenetic\""). This study is to test if glycerol phenylbutyrate is safe and well tolerated in children with monogenetic DEE."", ""eligibility"": ""\\###### STXBP1 / SLC6A1 ARM\n\nInclusion Criteria:\n\n* Diagnosed with STXBP1-E or SLC6A1-NDD; confirmed by laboratory report (i.e., a genetic test with a pathogenic or likely pathogenic mutation of STXBP1 or SLC6A1-NDD and a clinical picture consistent with the disorder, as determined by the Investigator). Patients with the appropriate clinical picture, a de novo variant of uncertain significance in STXBP1 or SLC6A1-NDD will also be eligible for enrollment, at the discretion of the Investigator.\n* Is between 2 months and 17 years of age, inclusive.\n* For children with STXBP1-E, the child must have had at least one seizure in the past 30 days prior to enrollment. If there is high demand for the study and we have several subjects to choose, we will prefer to enroll children with a high number of seizures in the past month.\n* For SLC6A1-NDD, seizures occur later in the course (typically middle of 1st decade) and so seizures will not be an entry criteria.\n* Is in general good health, aside from neurological consequences of STXBP1-E or SLC6A1-NDD, as determined by having no concurrent medical illness, in the opinion of the site investigator, that places the subject at increased risk of adverse drug reactions or that will interfere with study follow-up.\n* Has normal laboratory test results (≤ 1.5 × upper limit of normal \\[ULN\\]) for serum aminotransferase (aspartate aminotransferas \\[AST\\] and alanine aminotransferase \\[ALT\\]) concentrations and ammonia at Screening.\n* Has normal renal function, with estimated glomerular filtration rate \\> 90 mL/minute/1.73 m2 at Screening (using the Chronic Kidney Disease Epidemiology Collaboration equation).\n* Has a platelet count \\> 150 × 103/μL at Screening.\n* Has a QT interval corrected with Fridericia's formula (QTcF) \\< 450 msec on the Screening EKG.\n* Parent or guardian is able to comprehend and willing to sign an informed consent form (ICF).\n\nExclusion Criteria:\n\n* Has participated in another investigational study within 30 days or 5 half-lives of the test drug's biologic activity (whichever is longer) before the first study drug dose.\n* Has a QT interval corrected with Fridericia's formula (QTcF) ≥ 450 msec on the Screening EKG.\n* Has an active medical illness that would preclude participation in the study (as determined by the Investigator).\n* Has a clinical laboratory evaluation outside of the test laboratory reference range, unless deemed not clinically significant by the Investigator and the Sponsor.\n* Is unable to comply with the study protocol.\n* Has poor venous access and/or cannot tolerate venipuncture.\n* Is pregnant\n* Is a female of child-bearing age (12 years old or older) and known to be sexually active (for example, as determined through a confidential HEADDSSS history), and not taking medication for contraception. This will be assessed confidentially as per good general pediatrics practice\n* Known hypersensitivity to phenylbutyrate. Signs of hypersensitivity include wheezing, dyspnea, coughing, hypotension, flushing, nausea, and rash.\n* Taking alfentanil, quinidine, cyclosporine, or probenecid (known interactions with phenylbutyrate). For subjects who had taken any of these medications in the past, the last dose must have been taken at least 1 week prior to enrollment into the study.\n* Inborn errors of beta oxidation.\n* Pancreatic insufficiency or intestinal malabsorption\n\n  \\###### MONOGENETIC DEE ARM Inclusion Criteria\n* Diagnosed with a monogenic developmental and epileptic encephalopathy; confirmed by laboratory report (i.e., a genetic test with a pathogenic or likely pathogenic mutation of a monogenic developmental and epileptic encephalopathy and a clinical picture consistent with the disorder, as determined by the Investigator). Children with the appropriate clinical picture, a de novo variant of uncertain significance in a monogenic developmental and epileptic encephalopathy will also be eligible for enrollment, at the discretion of the Investigator. If the mutant is classified as definitively non-pathogenic, we would not enroll the child. \""Appropriate clinical picture\"" is at the discretion of the Investigator.\n* Is between 0 months and 15 years of age, inclusive.\n* The child must have had at least one seizure in the past 30 days prior to enrollment. (If there is high demand for the study and we have several subjects to choose, we will prefer to enroll children with a high number of seizures in the past month.)\n* Is in general good health, aside from neurological consequences of their monogenic developmental and epileptic encephalopathy, as determined by having no concurrent medical illness, in the opinion of the site investigator, that places the subject at increased risk of adverse drug reactions or that will interfere with study follow-up.\n* Has normal laboratory test results (≤ 1.5 × upper limit of normal \\[ULN\\]) for serum aminotransferase (aspartate aminotransferas \\[AST\\] and alanine aminotransferase \\[ALT\\]) concentrations and ammonia.\n* Has normal renal function, with estimated glomerular filtration rate \\> 90 mL/minute/1.73 m2 at Screening (using the Chronic Kidney Disease Epidemiology Collaboration equation).\n* Has a platelet count \\> 150 × 103/μL at Screening.\n* Has a QT interval corrected with Fridericia's formula (QTcF) \\< 450 msec on the Screening EKG.\n* Parent or guardian is able to comprehend and willing to sign an informed consent form (ICF).\n\nExclusion Criteria:\n\n* Has participated in another investigational study within 30 days or 5 half-lives of the test drug's biologic activity (whichever is longer) before the first study drug dose.\n* Has a QT interval corrected with Fridericia's formula (QTcF) ≥ 450 msec on the Screening EKG.\n* Has an active medical illness that would preclude participation in the study (as determined by the Investigator).\n* Has a clinical laboratory evaluation outside of the test laboratory reference range, unless deemed not clinically significant by the Investigator and the Sponsor.\n* Is unable to comply with the study protocol.\n* Has poor venous access and/or cannot tolerate venipuncture.\n* Is pregnant\n* Is a female of child-bearing age (12 years old or older) and known to be sexually active (for example, as determined through a confidential HEADDSSS history), and not taking medication for contraception. This will be assessed confidentially as per good general pediatrics practice\n* Known hypersensitivity to phenylbutyrate. Signs of hypersensitivity include wheezing, dyspnea, coughing, hypotension, flushing, nausea, and rash.\n* Taking alfentanil, quinidine, cyclosporine, or probenecid (known interactions with phenylbutyrate). For subjects who had taken any of these medications in the past, the last dose must have been taken at least 1 week prior to enrollment into the study.\n* Inborn errors of beta oxidation.\n* Pancreatic insufficiency or intestinal malabsorption"", ""primary_outcomes"": [""Short Term Adverse events (i.e., safety)"", ""Long Term Adverse events (i.e., safety)"", ""Percentage of doses taken by participants (i.e., tolerability)""], ""found_in"": [""trials""]}"
NCT:NCT05161494	study	Gait in Rare Diseases	"{""asset_type"": ""observational study"", ""status"": ""COMPLETED"", ""phases"": [], ""study_type"": ""OBSERVATIONAL"", ""enrollment"": 41, ""start"": ""2022-01-25"", ""completion"": ""2026-01-30"", ""conditions"": [""Tuberous Sclerosis"", ""STXBP1 Encephalopathy With Epilepsy""], ""biospecimens"": """", ""n_locations"": 1, ""countries"": [""Belgium""], ""summary"": ""The aim of this pilot study is to explore whether the knowledge and experience gained during the T-GaiD project (Treatment of Gait Disorders in Dravet Syndrome - NCT03857451) can be transferred to other populations with similar problems, i.e. motor and gait problems as a result of a genetic disorder characterized by epilepsy and developmental delay. In this pilot study, 40 people with Tuberous Sclerosis Complex and 30 people with STXBP1 will be recruited via the Antwerp University Hospital and invited for a gait analysis in the M²OCEAN movement lab. The aim of the pilot study is to evaluate the feasibility of the 3D gait analysis protocol and to determine the sensitivity of the primary (summative measure of the severity of gait abnormalities) and the secondary (spatio-temporal and kinematic gait parameters) outcome measures."", ""eligibility"": ""Inclusion Criteria:\n\n* diagnosed with tuberous sclerosis complex according to the criteria of Northrup et al. (2012)\n* aged 6 years or older\n* being able to walk without aids for a minimum distance of 6 meters\n\nExclusion Criteria:\n\n* severe epileptic seizure (status epilepticus or tonic-clonic insult over 3 min) within the 24 hours before the assessment\n* insufficient cooperation to perform 3D gait analysis"", ""primary_outcomes"": [""Gait Profile Score (degrees)""], ""found_in"": [""trials""]}"
NCT:NCT05226780	study	Extension Study to Evaluate How Safe and Tolerable NBI-921352 is as an Adjunctive Therapy for Participants With SCN8A-DEE	"{""asset_type"": ""interventional trial"", ""status"": ""TERMINATED"", ""phases"": [""PHASE2""], ""study_type"": ""INTERVENTIONAL"", ""enrollment"": 8, ""start"": ""2022-07-12"", ""completion"": ""2025-11-12"", ""conditions"": [""SCN8A Developmental and Epileptic Encephalopathy Syndrome""], ""biospecimens"": """", ""n_locations"": 4, ""countries"": [""United States""], ""summary"": ""Extension study to evaluate how safe and tolerable the drug NBI-921352 is when used as adjunctive therapy in participants with SCN8A developmental and epileptic encephalopathy syndrome (SCN8A-DEE)."", ""eligibility"": ""Key Inclusion Criteria:\n\nFor Participants Who Participated in NBI-921352-DEE2012:\n\n* Written or oral pediatric assent from the participant and written informed consent from the participant's parent(s) or legal guardian(s) for pediatric participants and adult participants who are not capable of providing consent. Adult participant who are ≥18 years of age and capable of providing consent should sign an Informed Consent Form (ICF).\n* Completed 16 weeks of treatment in Study NBI-921352-DEE2012.\n* Continue to use a nocturnal alerting system or practice consistent with standards of care for the duration of the study.\n* Have an adequate rescue medication regimen per the investigator's judgment in place for the duration of the study.\n\nFor Participants Who did not Participate in NBI-921352-DEE2012:\n\n* Written or oral pediatric assent from the participant if deemed capable of providing assent and written informed consent from the participant's parent(s) or legal guardian(s) for pediatric participants and for adult participants who are not capable of providing consent. Adult participants who are capable of providing consent should sign an ICF.\n* Be a male or female 2 to 21 years of age, inclusive.\n* Have a diagnosis of SCN8A-DEE supported by both clinical and genetic findings.\n* Have on average at least 1 countable motor seizure per week and not be seizure-free for more than 20 consecutive days.\n* Being treated with at least 1 other antiseizure medication (ASM), but no more than 4 ASMs.\n* Have failed to achieve seizure freedom with at least 2 ASMs.\n* Have a body weight of at least 10 kilograms.\n\nKey Exclusion Criteria\n\nFor Participants Who Participated in NBI-921352-DEE2012:\n\n\\- Have developed any other disorder for which the treatment takes priority over treatment of SCN8A-DEE or is likely to interfere with study treatment or impair treatment compliance.\n\nFor Participants Who did not Participate in NBI-921352-DEE2012:\n\n* Have symptoms that would be more consistent with another epilepsy disorder such as Dravet syndrome (for example, fever-induced episodes of status epilepticus, frequent myoclonic seizures, worsening on sodium channel blockers, absence seizures with generalized spike-and-wave electroencephalogram \\[EEG\\] as the sole seizure type).\n* Currently receiving cannabinoids or medical marijuana except Epidiolex/Epidyolex, unless approved by the Sponsor.\n* Currently taking systemic steroids (excluding inhaled medication for asthma treatments and intranasal steroids for allergies) such as adrenocorticotropin hormone, high-dose prednisolone for epileptic spasms. If participant has received these medications in the past, they must be off these medications for at least 3 months prior to the screening visit and these drugs may not be initiated during the duration of the study. Intermittent steroids to treat non-epilepsy-related diseases (such as allergies or dermatological conditions) are not exclusionary.\n* Have a history of moderate or severe head trauma or other neurological disorders or systemic medical diseases that are, in the investigator's opinion, likely to affect nervous system functioning.\n* Have a clinically significant medical condition or chronic disease, that in the opinion of the investigator would preclude the participant from participating in and completing the study or that could confound interpretation of study outcome.\n* Have clinically significant abnormal vital signs at the screening visit, as determined by the investigator.\n* Have one or more clinical laboratory test values outside the reference range, based on blood samples taken at the screening visit, that are of potential risk to the participants safety as determined by the investigator.\n* Have, at the screening visit, an electrocardiogram (ECG) finding of a corrected QT interval using Fridericia's formula (QTcF) \\> 450 milliseconds (msec) or presence of any significant cardiac abnormality."", ""primary_outcomes"": [""Number of Participants with Serious treatment-emergent adverse events (TEAEs), TEAEs Leading to Discontinuation and Fatal TEAEs""], ""found_in"": [""trials""]}"
NCT:NCT05232630	study	Fenfluramine for the Treatment of Different Types of Developmental and Epileptic Encephalopathies: a Pilot Trial Exploring Epileptic and Non-epileptic Outcomes	"{""asset_type"": ""interventional trial"", ""status"": ""COMPLETED"", ""phases"": [""PHASE4""], ""study_type"": ""INTERVENTIONAL"", ""enrollment"": 20, ""start"": ""2022-10-20"", ""completion"": ""2024-12-31"", ""conditions"": [""Refractory Epilepsy"", ""SYNGAP1 Encephalopathy"", ""STXBP1 Encephalopathy With Epilepsy"", ""Inv Dup(15) Encephalopathy"", ""Multifocal or Bilateral Malformations of Cortical Development"", ""Continuous Spike and Waves During Slow Sleep""], ""biospecimens"": """", ""n_locations"": 1, ""countries"": [""Spain""], ""summary"": ""This study is a pilot non-controlled clinical trial with adjunctive fenfluramine for the treatment of five different types of developmental and epileptic encephalopathies (DEEs) focused on epileptic and \""non-epileptic outcomes\"": SYNGAP1 and STXBP1 encephalopathies, inv-dup(15) encephalopathy, multifocal or bilateral malformations of cortical development, and continuous spikes and waves during sleep. The main goal is to assess changes in seizure frequency comparing before and after treatment with fenfluramine in five specific types of developmental and epileptic encephalopathies (DEEs). Secondary objectives of this study are the analysis of changes in seizure intensity and duration, and \""non-epileptic outcomes\"" such as variations in cognitive activity, level of alertness, impulsivity/self-control, gait stability and other alterations that might be detected during the interview and physical examination."", ""eligibility"": ""GENERAL INCLUSION CRITERIA:\n\n* Age between 2 and 35 years (both included).\n* Diagnosis of epilepsy associated with some degree of intellectual disability, starting before 11 years of age.\n* All patients will have a phenotype consistent with their genetic, electroclinical or neuroimaging diagnosis.\n\nSPECIFIC INCLUSION CRITERIA PER GROUP:\n\n---GROUP 1: Non-controlled epilepsy after failing at least 3 antiseizure medications, with a minimum of 4 countable seizures with motor semiology per month during the baseline period of 3 months.\n\n* Group 1A: Patients with genetic testing showing a pathogenic or likely pathogenic variant in main synaptopathy genes (SYNGAP1 and STXBP1).\n* Group 1B: Patients with genetic testing showing a pathogenic or likely pathogenic inverted duplication of chromosome 15 \\[inv-dup (15)\\].\n* Group 1C: Patients with neuroimaging showing multifocal or bilateral malformations of cortical development.\n\n  * GROUP 2:\n\nElectroclinical diagnosis of Continuous Spikes and Waves during Sleep (CSWS) syndrome, with baseline video-EEG monitoring showing epileptiform activity occupying at least 50% of slow sleep tracing, after failing at least 3 antiseizure medications.\n\nADDITIONAL INCLUSION CRITERIA:\n\nIn addition, all subjects must meet all of the following inclusion criteria to be enrolled into the study:\n\n* Subject is male or non-pregnant, non-lactating female. Female subjects of childbearing potential must not be pregnant or breast-feeding. Female subjects of childbearing potential must have a negative urine or serum pregnancy test at screening and during the study.\n* Receiving at least 1 concomitant antiseizure medications (ASMs) and up to 4 concomitant ASMs, inclusive. Ketogenic Diet (KD) and Vagus Nerve Stimulation (VNS) are permitted but do not count towards the total number of ASMs. Rescue medications for seizures are not counted towards the total number of ASMs.\n* All medications or interventions for epilepsy (including ketogenic diet and vagal nerve stimulation) must be stable for at least 4 weeks prior to screening and are expected to remain stable throughout the study.\n* Subject has been informed of the nature of the study and informed consent has been obtained from the legally responsible parent/guardian.\n* Subject has provided assent in accordance with Institutional Review Board (IRB)/Ethics Committee requirements, if capable.\n* Subject's parent/caregiver is willing and able to be compliant with diary completion, visit schedule and study drug accountability.\n\nEXCLUSION CRITERIA\n\nSubjects who meet any of the following exclusion criteria will not be enrolled into the study:\n\n* Subject has a known hypersensitivity to fenfluramine or any of the excipients in the study medication.\n* Subject has only non-motor seizures (such as absences), for group 1.\n* Subject has pulmonary arterial hypertension.\n* Subject has current or past history of cardiovascular or cerebrovascular disease.\n* Subject has current or recent history of Anorexia Nervosa, bulimia, or depression within the prior year that required medical treatment or psychological treatment for a duration greater than 1 month.\n* Subject has a current or past history of glaucoma.\n* Subject has moderate or severe renal or hepatic impairment.\n* Subject is receiving concomitant therapy with any of the following: centrally-acting anorectic agents; monoamine-oxidase inhibitors; any centrally-acting compound with clinically appreciable amount of serotonin agonist or antagonist properties, including serotonin reuptake inhibition; other centrally-acting noradrenergic agonists.\n* Subject is currently receiving an investigational product.\n* Subject has participated in another clinical trial within the past 30 days (calculated from that study's last scheduled visit).\n* Subject is at imminent risk of self-harm or harm to others.\n* Subject is unwilling or unable to comply with scheduled visits, drug administration plan, laboratory tests, other study procedures, and study restrictions.\n* Subject is institutionalized in a general nursing home (i.e., in a facility that does not provide skilled epilepsy care).\n* Subject does not have a reliable caregiver who can provide seizure diary information throughout the study.\n* Subject has a severe clinically significant condition."", ""primary_outcomes"": [""Seizure frequency.""], ""found_in"": [""trials""]}"
NCT:NCT05462054	study	Natural History Study in Pediatric Patients with STXBP1 Encephalopathy with Epilepsy	"{""asset_type"": ""natural history study"", ""status"": ""WITHDRAWN"", ""phases"": [], ""study_type"": ""OBSERVATIONAL"", ""enrollment"": 0, ""start"": ""2024-10"", ""completion"": ""2026-01"", ""conditions"": [""STXBP1 Encephalopathy with Epilepsy""], ""biospecimens"": ""SAMPLES_WITH_DNA"", ""n_locations"": 0, ""countries"": [], ""summary"": ""This is a prospective, non-interventional, longitudinal study designed to characterize the natural history of STXBP1 related encephalopathy with epilepsy, in participants ≤ \\<5 years of age."", ""eligibility"": ""Inclusion Criteria:\n\n* Male or female, \\> 1 day to ≤ 5 years of age at the time of informed consent.\n* Diagnosed with seizure disorder\n* Presence of a STXBP1 gene mutation. Historical documentation is sufficient to support eligibility for the study. Confirmatory testing will be obtained at baseline and performed by a CLIA certified laboratory\n* Written informed consent provided by a parent or legal guardian\n\nExclusion Criteria:\n\n* History of prior gene therapy treatment\n* Current enrollment in an interventional study or has received an investigational drug within 30 days or fewer than 5 half-lives prior to screening visit, whichever is longer\n* Treatment with any antisense oligonucleotide therapy within 6 months prior to screening and anticipate remaining on treatment throughout the study\n* The presence of a confirmed mutation in a gene other than STXPB1 that is known to contribute to a neurodevelopmental disability\n* Presence of a significant non-STXBP1 related central nervous impairment/behavioral disturbance that would confound the scientific rigor or interpretation of results of the study\n* History of prematurity (defined as gestational age \\<35 weeks), interventricular hemorrhage, structural brain deficit or congenital heart disease\n* Requires mechanical ventilation or non-invasive respiratory support such as continuous positive airway pressure (CPAP) or bilevel positive airway pressure (BiPAP) at the time of informed consent"", ""primary_outcomes"": [""Changes in neurodevelopmental parameters of adaptive behavior function over time utilizing the Vineland Adaptive Behavior Scales-II (VABS-II) Age-equivalent Scores"", ""Changes in neurodevelopment parameters over time utilizing an age appropriate assessment."", ""Changes in neurodevelopment parameters over time utilizing an age appropriate assessment."", ""Changes in seizure frequency over time""], ""found_in"": [""trials""]}"
NCT:NCT05818553	study	A Clinical Trial of PRAX-562 in Subjects With Developmental and Epileptic Encephalopathies (DEE)	"{""asset_type"": ""interventional trial"", ""status"": ""ACTIVE_NOT_RECRUITING"", ""phases"": [""PHASE2"", ""PHASE3""], ""study_type"": ""INTERVENTIONAL"", ""enrollment"": 77, ""start"": ""2023-08-02"", ""completion"": ""2027-03-01"", ""conditions"": [""SCN2A Encephalopathy"", ""SCN8A Encephalopathy""], ""biospecimens"": """", ""n_locations"": 8, ""countries"": [""Israel"", ""Spain"", ""United Kingdom"", ""United States""], ""summary"": ""A Clinical Trial of PRAX-562 in Subjects With Developmental and Epileptic Encephalopathies (DEE)"", ""eligibility"": ""Inclusion Criteria:\n\n* Has a documented variant in SCN2A with onset of seizures occurring in the first 3 months of life or has a diagnosis of SCN8A-DEE supported by both clinical and genetic findings.\n* Has a seizure frequency as follows:\n\n  * At least 8 countable motor seizures in the 4 weeks immediately prior to Screening as reported by the parent/legal guardian or in the opinion of the investigator as documented in medical notes.\n\nAND o At least 8 countable motor seizures during the 28 day Baseline Observation Period (during which seizure frequency is recorded in a daily seizure diary).\n\n• Additional inclusion criteria apply and will be assessed by the study team.\n\nExclusion Criteria:\n\n* Has any clinically significant or known pathogenic or likely pathogenic genetic variant other than in SCN2A and SCN8A or a genetic variant that may explain or contribute to the participant's epilepsy and/or developmental disorder.\n* Has a documented, functionally characterized loss-of-function (LoF) missense variant or a presumed LoF variant (nonsense or frameshift variant) based on genetic testing and/or clinical evidence that prior exposure to a sodium channel blocker (SCB) medication worsened seizures.\n* Has 2 or more episodes of convulsive status epilepticus requiring hospitalization and intubation in the 6 months prior to Screening.\n* Additional exclusion criteria apply and will be assessed by the study team."", ""primary_outcomes"": [""PART A (Cohorts 1 and 2) RDB: To evaluate the safety and tolerability of PRAX 562 in pediatric participants with SCN2A- and SCN8A- DEEs"", ""PART B (Cohorts 1 and 2) OLE: To evaluate the long-term safety and tolerability of PRAX-562 in pediatric participants with DEEs""], ""found_in"": [""trials""]}"
NCT:NCT06356233	study	Phenotyping and Identification of Biological Markers in STXBP1 Encephalopathy	"{""asset_type"": ""observational study"", ""status"": ""NOT_YET_RECRUITING"", ""phases"": [], ""study_type"": ""OBSERVATIONAL"", ""enrollment"": 10, ""start"": ""2024-05-01"", ""completion"": ""2027-12-31"", ""conditions"": [""STXBP1 Encephalopathy With Epilepsy""], ""biospecimens"": ""SAMPLES_WITHOUT_DNA"", ""n_locations"": 1, ""countries"": [""Spain""], ""summary"": ""This is a prospective observational study to evaluate the phenotype of 10 patients under 10 years of age with developmental epileptic encephalopathy due to mutation of the STXBP1 gene. The study will consist of a clinical and neurodevelopmental evaluation, magnetic resonance imaging, prolonged electroencephalogram, cardiological study, and analysis of biomarkers in cerebrospinal fluid. These patients will be followed up for 3 years. The aim of the study is, knowing the baseline phenotype, to analyse the response to commonly used drugs and to anticipate the response to different drugs available on the market in this group of patients based on clinical and biomarker assessment (EEG, MRI and study of specific proteins and neurotransmitters in plasma, urine and CSF)."", ""eligibility"": ""Inclusion Criteria:\n\n* Patients under 10 years of age with confirmed mutation for STXBP1. In cases where the diagnostic technique for the mutation is not optimal, a trio exome will be performed to confirm the mutation.\n\nExclusion Criteria:\n\n* Presence of functional disability that prevents the neuropsychological study from being carried out and absence of a reliable informant for the patient."", ""primary_outcomes"": [""CSF biomarkers"", ""EEG markers"", ""MRI markers""], ""found_in"": [""trials""]}"
NCT:NCT06555965	study	STXBP1 and SYNGAP1 Related Disorders Natural History Study	"{""asset_type"": ""natural history study"", ""status"": ""RECRUITING"", ""phases"": [], ""study_type"": ""OBSERVATIONAL"", ""enrollment"": 600, ""start"": ""2023-08-30"", ""completion"": ""2028-12-30"", ""conditions"": [""Genetic Disease"", ""STXBP1 Encephalopathy With Epilepsy"", ""SYNGAP1-Related Intellectual Disability""], ""biospecimens"": """", ""n_locations"": 5, ""countries"": [""United States""], ""summary"": ""The purpose of this study is to find out more about STXBP1 and SYNGAP1 related disorders. The information gathered by this study will be used to prepare for clinical treatment trials. The primary objective of the study is to better define and outline the clinical spectrum of STXBP1 and SYNGAP1 through detailed developmental, seizure, and quality of life assessments as an extension of routine clinical care."", ""eligibility"": ""Inclusion Criteria:\n\n* Male or female of any age.\n* Presence of a STXBP1 or SYNGAP1 gene mutation. The variant in STXBP1 or SYNGAP1 must be classified as causative based on clinical and variant classification criteria. Historical documentation is sufficient to support eligibility for the study. Confirmatory testing will be obtained, if necessary, at baseline and performed by a CLIA certified laboratory.\n\nExclusion Criteria:\n\n* The presence of a confirmed mutation in a gene other than STXBP1 or SYNGAP1 that is known to contribute to a neurodevelopmental disability. This includes full gene deletions of STXBP1 or SYNGAP1 that include other genes beyond STXBP1 or SYNGAP1.\n* The presence of a significant non-STXBP1-RD or non-SYNGAP1-RD related central nervous impairment/behavioral disturbance that would confound the scientific rigor or interpretation of results of the study.\n* History of intraventricular hemorrhage, structural brain deficit or congenital heart disease\n* The presence of a clinical comorbidity deemed by the investigator to potentially confound the typical presentation of STXBP1-RD or SYNGAP1-RD.\n* Pregnant women or females of age of menarche who are found to be pregnant upon urine pregnancy testing."", ""primary_outcomes"": [""Changes in percentiles recorded on clinical assessments over time""], ""found_in"": [""trials""]}"
NCT:NCT06585605	study	A Retrospective Survey-based Multicenter Study to Delineate the Molecular and Phenotypic Spectrum of Epilepsy-dyskinesia Syndromes	"{""asset_type"": ""observational study"", ""status"": ""RECRUITING"", ""phases"": [], ""study_type"": ""OBSERVATIONAL"", ""enrollment"": 500, ""start"": ""2024-07-01"", ""completion"": ""2029-12-31"", ""conditions"": [""Epilepsy in Children"", ""Dyskinesias"", ""Movement Disorders in Children"", ""Neurologic Disorder"", ""Chorea"", ""Myoclonus"", ""Ataxia"", ""Epilepsy"", ""Dystonia Disorder"", ""Movement Disorders""], ""biospecimens"": """", ""n_locations"": 1, ""countries"": [""United States""], ""summary"": ""The Epilepsy-Dyskinesia Study aims to advance the understanding of the clinical and molecular spectrum of epilepsy-dyskinesia syndromes, monogenic diseases that cause both movement disorders and epilepsy. Addressing challenges in rare disease research -such as small, geographically dispersed patient populations and a lack of standardized protocols- the study employs a multinational retrospective survey endorsed by the International Parkinson and Movement Disorder Society. This survey seeks to collect comprehensive data on clinical features, disease progression, age of onset, genetic variants, and concurrent neurological conditions, standardizing data collection across countries to provide a unified understanding of these conditions. Through retrospective review and molecular data analysis, the study aims to identify patterns and correlations between movement and seizure disorders, uncovering genotype-phenotype relationships. The initiative\\&#39;s goals are to enhance understanding of epilepsy-dyskinesia syndromes, inform precision medicine approaches, and foster international collaboration."", ""eligibility"": ""Inclusion Criteria:\n\n* Children between 0 - 18 years of age with a movement disorder and a pathogenic or likely pathogenic variant in one of the genes of interest:\n\nAARS2 ALG13 AP3B2 AP4B1 AP4E1 AP4M1 AP4S1 ARX ATP1A3 CACNA1A CACNA1E CACNA2D2 CDKL5 CSTB DARS2 DLAT DLD DNM1 EARS2 EPG5 FARS2 FOXG1 FRRS1L GABRA1 GABRA2 GABRB2 GABRB3 GABRG2 GRIA2 GRIA4 GRIN1 GRIN2A GRIN2B GRIN2D GNAO1 HARS2 HNRNPU IQSEC2 KCNA2 KCNB1 KCNC1 KCNMA1 KCNQ2 KCNQ3 KCNT1 LARS2 MECP2 MEF2C MTND5 MTTL1 MTTK NARS2 NHLRC1 PDE10A PDE2 PCDH12 PCDH19 PDK3 PIGP PIGQ PIGS PIGN POLG PDHA1 PDHB PDHX PRRT2 PURA RHOBTB2 SCN1A SCN1B SCN2A SCN8A SCN9A SLC13A5 SLC1A2 SLC2A1 SLC25A22 SMCA1 SNP14 ST3GAL3 STXBP1 SPTAN1 SYNGAP1 TBC1D24 TBL1WL1 TARS2 UBA5 UBE3A VAMP2 VARS2 WARS2 WDOX WDR45 YIF1B YWHAG\n\nExclusion Criteria:\n\n* Not having such diagnosis and/or not presenting a movement disorder."", ""primary_outcomes"": [""Creation of a Shared Clinical Database"", ""Understanding of Disease Spectrum"", ""Assess the Impact of Movement Disorders on Health-Related Quality of Life"", ""Investigate the Efficacy of Symptomatic Treatments""], ""found_in"": [""trials""]}"
NCT:NCT06625112	study	A Multicentric European Study to Promote Clinical Trial Readiness for STXBP1-related Disorders	"{""asset_type"": ""registry"", ""status"": ""RECRUITING"", ""phases"": [], ""study_type"": ""OBSERVATIONAL"", ""enrollment"": 120, ""start"": ""2025-11-04"", ""completion"": ""2034-10-31"", ""conditions"": [""STXBP1 Encephalopathy With Epilepsy""], ""biospecimens"": ""SAMPLES_WITH_DNA"", ""n_locations"": 1, ""countries"": [""Belgium""], ""summary"": ""STXBP1-related disorders (STXBP1-RD) are rare genetic neurodevelopmental disorders, caused by pathogenic variants in the gene STXBP1. The core clinical features of the disorder are developmental delay often leading to (severe) intellectual disability and seizures in most patients, although the phenotypic spectrum is variable. Behavioral problems and movement disorders are frequent comorbidities. STXBP1-RD are severe disorders with significant impact on the quality of life of the patients and their caregivers. At the moment, there is no cure for STXBP1-RD and treatment is largely limited to symptom control. Recent advances in the field of precision medicine and gene therapy have led to the identification of potential novel disease modifying therapies for STXBP1-RD that hold promise to reach clinical trials in the coming years. However, accurate and successful evaluation of such novel precision therapies in STXBP1-RD patients is challenging, given the rarity of the condition and the variable clinical spectrum. Furthermore, relevant clinical endpoints, taking into account the patients' and caregivers' perspective have not been identified to date.\n\nIn this European collaborative study, the investigators will prospectively follow patients with STXBP1-RD during different phases of life (infantile period, childhood and adolescence/adulthood). The study aims to better understand the natural history and the phenotypic spectrum of the disease including the identification of disease modifiers. It further aims to identify relevant clinical endpoints (what to treat?) and robust outcome measures and biomarkers (how to measure?) for future clinical trials. The study is performed in close collaboration with different STXBP1 patient-caregiver communities across Europe."", ""eligibility"": ""Inclusion Criteria:\n\n* participant has a (likely) pathogenic, disease-causing STXBP1 variant, according to the American College of Medical Genetics and Genomics (ACMG) criteria; or participant has a larger structural variant including the STXBP1 gene where STXBP1 is thought to be (one of) the culprit gene(s) causing the phenotype •written informed consent from study participant and/or legal guardian.\n\nExclusion Criteria:\n\n* Exclusion criteria for the study are: none if the inclusion criteria are met."", ""primary_outcomes"": [""Changes in clinical assessment percentiles over time.""], ""found_in"": [""trials""]}"
NCT:NCT06938542	study	Palliative Care Needs of Children With Rare Diseases and Their Families	"{""asset_type"": ""interventional trial"", ""status"": ""ENROLLING_BY_INVITATION"", ""phases"": [""NA""], ""study_type"": ""INTERVENTIONAL"", ""enrollment"": 480, ""start"": ""2025-10-02"", ""completion"": ""2029-08-02"", ""conditions"": [""Trisomy 13 Syndrome"", ""Arthrogryposis Congenita Multiplex With Intestinal Atresia"", ""Asparagine Synthetase Deficiency"", ""CHARGE Syndrome"", ""Early Infantile Epileptic Encephalopathy"", ""FOXG1 Syndrome"", ""KBG Syndrome"", ""Noonan Syndrome"", ""Severe Hemophilia A"", ""Short Bowel Syndrome"", ""Beta-Propeller Protein-Associated Neurodegeneration"", ""Brain Injury of Prematurity With Periventricular Leukomalacia"", ""Chromosome 17p13.3 Microdeletion Syndrome"", ""Chromosome 1q43-1q44 Deletion"", ""Cockayne Syndrome"", ""Congenital Diaphragmatic Hernia"", ""End-Stage Renal Disease With Cloacal Anomaly"", ""Mitochondrial Depletion Disorder"", ""Severe Factor VII Deficiency""], ""biospecimens"": """", ""n_locations"": 1, ""countries"": [""United States""], ""summary"": ""The palliative care needs of family caregivers of children with rare diseases and their children are largely unmet, including the need for support to prepare for future medical decision making. This trial will test the FACE-Rare intervention to see if investigators can identify and meet those needs; and if FACE-Rare effects family caregivers' quality of life and child healthcare utilization. Finally, investigators will determine if the intersectionality of child-sex, family-race, Federal poverty level, and social connection influences family quality of life and child health care utilization longitudinally."", ""eligibility"": ""Child inclusion criteria:\n\n* ≥1.0 years and \\<18.0 years at enrollment.\n* Unable to participate in end-of-life care decision-making.\n* Has a rare disease as operationally defined by NIH's Genetic and Rare Diseases Information Center (GARD).\n* Not under a Do Not Resuscitate Order or Allow a Natural Death Order.\n* Not in the Intensive Care Unit.\n\nFamily caregiver inclusion criteria:\n\n* \\> 18.0 years at enrollment.\n* Child's family caregiver/legal guardian.\n* Not known to be developmentally delayed.\n\nSupport person inclusion criteria:\n\n* \\> 18.0 years at enrollment.\n* Chosen by family caregiver.\n* Not known to be developmentally delayed.\n\nExclusion Criteria:\n\n* Family caregiver or support person is actively homicidal, suicidal, or psychotic at the time of enrollment."", ""primary_outcomes"": [""Family Appraisal of Caregiving for Palliative Care (FACQ-PC)"", ""Functional Assessment of Chronic Illness Therapy-Spirituality-12 Version 4 Expanded (FACIT-Sp-EX)"", ""Advance Care Plan for Child with Rare Disease Located in the Electronic Health Record (EHR)."", ""Child Healthcare Utilization: initiation of palliative care consultations"", ""Generalized Anxiety Disorder-7 (GAD-7)"", ""Patient Health Questionaire-9 (PHQ-9)"", ""Child Healthcare Utilization: # of days in palliative care before death."", ""Child Healthcare Utilization: # of hospitalizations during study participation"", ""Child Healthcare Utilization: # of Emergency Department visits during study participation"", ""Child Healthcare Utilization: # of days in the Intensive Care Unit (ICU)"", ""Child Healthcare Utilization: # of surgeries""], ""found_in"": [""trials""]}"
NCT:NCT06967727	study	Registry and Natural History of Epilepsy-Dyskinesia Syndromes	"{""asset_type"": ""natural history study"", ""status"": ""RECRUITING"", ""phases"": [], ""study_type"": ""OBSERVATIONAL"", ""enrollment"": 700, ""start"": ""2025-06-01"", ""completion"": ""2030-07"", ""conditions"": [""Epilepsy-Dyskinesia"", ""Epilepsy"", ""Dyskinesia"", ""EDS"", ""Epilepsy-Dyskinesia Syndomes"", ""Epilepsy in Children"", ""Dyskinesias"", ""Movement Disorders in Children"", ""Neurologic Disorder"", ""Chorea"", ""Myoclonus"", ""Ataxia"", ""Dystonia Disorder"", ""Movement Disorders""], ""biospecimens"": ""SAMPLES_WITH_DNA"", ""n_locations"": 1, ""countries"": [""United States""], ""summary"": ""The Registry and Natural History of Epilepsy-Dyskinesia Syndromes is focused on gathering longitudinal clinical data as well as biological samples (blood, urine, and/or skin/tissue) from male and female patients, of all ages, who have a genetic diagnosis of epilepsy-dyskinesia syndromes. Through prospective review and molecular data analysis, the study aims to identify patterns and correlations between movement and seizure disorders, uncovering genotype-phenotype relationships. The initiative's goals are to enhance understanding of epilepsy-dyskinesia syndromes, inform precision medicine approaches, and foster international collaboration."", ""eligibility"": ""Inclusion Criteria:\n\n* Having at least one pathogenic or likely pathogenic variant in one of the genes of interest:\n\nAARS2, ADCY5, ALG13, AP3B2, AP4B1, AP4E1, AP4M1, AP4S1, ARX, ATP1A3, CACNA1A, CACNA1E, CACNA2D2, CDKL5, CSTB, DARS2, DLAT, DLD, DNM1, EARS2, EPG5, EPM2A, FARS2, FOXG1, FRRS1L, GABRA1, GABRA2, GABRB2, GABRB3, GABRG2, GNAO1, GRIA2, GRIA4, GRIN1, GRIN2A, GRIN2B, GRIN2D, HARS2, HNRNPU, HTT, IQSEC2, IRF2BPL, KCNA2, KCNB1, KCNC1, KCNMA1, KCNQ2, KCNQ3, KCNT1, LARS2, MECP2, MEF2C, MTND5, MTTK, MTTL1, NARS2, NHLRC1, PCDH12, PCDH19, PDE10A, PDE2, PDHA1, PDHB, PDHX, PDK3, PDP1, PIGA, PIGN, PIGP, PIGQ, PIGS, PLCB1, POLG, PRRT2, PURA, RHOBTB2, SCN1A, SCN1B, SCN2A, SCN8A, SCN9A, SETBP1, SETD5, SLC13A5, SLC1A2, SLC25A22, SLC2A1, SMC1A, SNX14, SPTAN1, ST3GAL3, STXBP1, SYNGAP1, SYNJ1, SZT2, TARS2, TBC1D24, UBA5, UBE3A, VAMP2, VARS2, WARS2, WDR45, WWOX, YIF1B, YWHAG, and other genes associated with epilepsy-dyskinesia syndromes.\n\nExclusion Criteria:\n\n* Not having a pathogenic or likely pathogenic variants in the genes of interest"", ""primary_outcomes"": [""Creation of Biorepository"", ""Assess Health-Related Quality of Life"", ""Understanding of Disease Spectrum"", ""Investigate the Efficacy of Symptomatic Treatments""], ""found_in"": [""trials""]}"
NCT:NCT06983158	study	A Clinical Trial of CAP-002 Gene Therapy in Pediatric Patients With Syntaxin-Binding Protein 1 (STXBP1) Encephalopathy	"{""asset_type"": ""interventional trial"", ""status"": ""TERMINATED"", ""phases"": [""PHASE1"", ""PHASE2""], ""study_type"": ""INTERVENTIONAL"", ""enrollment"": 1, ""start"": ""2025-07-03"", ""completion"": ""2026-05-26"", ""conditions"": [""Developmental and Epileptic Encephalopathy""], ""biospecimens"": """", ""n_locations"": 4, ""countries"": [""United States""], ""summary"": ""The goal of this clinical trial is to learn about the safety of CAP-002 gene therapy in children with Syntaxin-Binding Protein 1 (STXBP1) Encephalopathy. It will also provide information about whether CAP-002 demonstrates efficacy in treating children with STXBP1 with and without seizures.\n\nParticipants will have a single infusion of CAP-002, visit the clinic regularly for 2 years for checkups and tests and have seizures recorded in a diary by their caregiver."", ""eligibility"": ""Inclusion Criteria:\n\nMale or female, ≥18 months to \\<8 years of age;\n\nHas diagnosis of developmental encephalopathy due to an STXBP1 mutation with confirmation of a pathogenic or likely pathogenic STXBP1 gene mutation.\n\nHas a legally authorized representative (LAR) willing and able to complete the informed consent process, willing to comply with trial procedures, and able to travel for repeat visits.\n\nIs stable on any medication regimens (if being administered to control the signs and symptoms of underlying disease) for at least 6 weeks prior to trial entry and expected to be stable for at least 12 weeks post-CAP-002 administration.\n\nExclusion Criteria:\n\nHistory of prior gene therapy;\n\nTreatment with antisense oligonucleotide therapy within 6 months;\n\nPresence of a confirmed mutation in a gene other than STXBP1 that is known to contribute to a neurodevelopmental disability or epilepsy;\n\nHas presence of a significant non-STXBP1-related central nervous impairment/behavioral disturbance that would confound the scientific rigor or interpretation of results of the trial;\n\nHistory of prematurity (defined as gestational age \\<35 weeks), history of low birth weight (\\<2.5 kg) and/or intra-uterine growth restriction, significant interventricular hemorrhage, structural brain deficit, or congenital heart disease;\n\nKnown contraindication to immunosuppression or other protocol-defined medications, including but not limited to corticosteroids or PPIs;\n\nClinically significant abnormalities in safety lab tests, vital signs;\n\nOther illnesses or medications that may affect the interpretation of the study results;\n\nPositive anti-capsid antibody test result."", ""primary_outcomes"": [""Primary Safety""], ""found_in"": [""trials""]}"
NCT:NCT07329257	study	Investigating Phenotypic, Epigenetic, and NeuroGenetic Traits in Rare and Ultra-rare Neurodevelopmental Disorders (Project PENGUIN)	"{""asset_type"": ""observational study"", ""status"": ""RECRUITING"", ""phases"": [], ""study_type"": ""OBSERVATIONAL"", ""enrollment"": 100, ""start"": ""2025-12-04"", ""completion"": ""2028-12"", ""conditions"": [""Baker Gordon Syndrome"", ""Rare Neurodevelopmental Conditions"", ""Rare Neurogenetic Conditions"", ""Syt-1 Disorder"", ""Epilepsy"", ""Seizure"", ""Genetic Mutations"", ""Autism in Children"", ""Developmental Delay (Disorder)""], ""biospecimens"": ""SAMPLES_WITH_DNA"", ""n_locations"": 1, ""countries"": [""United States""], ""summary"": ""Rare genetic neurodevelopmental disorders, such as Syt-1 or Baker Gordon Syndrome (BAGOS) arise from mutations in genes essential for brain development and function, often disrupting neurotransmission and neuronal connectivity. These conditions present with a wide range of symptoms including developmental delays, seizures, motor and behavioral challenges, and vary widely in severity. These disorders are complex, and they remain poorly understood and lack effective treatments.\n\nNatural history and clinical genetic studies are crucial for mapping how these disorders progress, improving diagnostic accuracy, and guiding therapy development. A major focus is identifying reliable biomarkers (genetic, imaging, and physiological) to track disease severity and support clinical trials. This study will securely collect and analyze data to better understand disease impact, develop patient-derived model systems, and build resources to support future treatments."", ""eligibility"": ""For those with a rare condition:\n\nInclusion Criteria:\n\n* Diagnosed or suspected neurogenetic disorder\n* Individuals 0-99\n\nExclusion Criteria:\n\n* Individuals unwilling or unable to complete visits with the study team.\n\nFor control parents/caregivers of those with a rare condition:\n\nInclusion Criteria:\n\n* No history of a neurological disorder.\n* \\>18 years.\n* Legal caregiver of the patient diagnosed with a rare neurodevelopmental disorder.\n\nExclusion Criteria:\n\n* Individuals unwilling or unable to complete the visit with the study team.\n* Individuals who have a history of neurological disorders.\n* \\< 18 years old\n\nFor all individuals who participate in the skin biopsy:\n\n* Individuals with disease that is known to be associated with poor wound healing.\n* Individuals with a history of allergic reaction to lidocaine.\n* Medical History of cellulitis, diabetes mellitus, poor extremity circulation, deep vein thrombosis, or a history of non-traumatic amputation.\n* Currently taking anticoagulation or have taken with last 6 months"", ""primary_outcomes"": [""Disease onset patterns, symptom evolution, and progression severity in rare neurodevelopmental disorders"", ""Identify and validate biomarkers (genetic, imaging, and physiological) that correlate with disease severity and progression"", ""Establish patient-derived and control cell lines (e.g., fibroblasts, induced pluripotent stem cells) to generate model systems for mechanistic studies and pre-clinical evaluation of potential therapies""], ""found_in"": [""trials""]}"
NCT:NCT07585643	study	IBIS - Investigating Reliability of BIS and SEDLINE Monitoring in Children With Developmental and Epileptic Encephalopathies (DEE).	"{""asset_type"": ""observational study"", ""status"": ""NOT_YET_RECRUITING"", ""phases"": [], ""study_type"": ""OBSERVATIONAL"", ""enrollment"": 40, ""start"": ""2026-09-03"", ""completion"": ""2029-09-04"", ""conditions"": [""Epileptic Encephalopathy"", ""Early Infantile Epileptic Encephalopathy"", ""Infantile Spasm"", ""Developmental and Epileptic Encephalopathies""], ""biospecimens"": """", ""n_locations"": 2, ""countries"": [""Australia"", ""Brazil""], ""summary"": ""When children have surgery, anaesthetists carefully monitor the depth of anaesthesia by using sensors on the forehead that measure brain activity, also known as processed electroencephalogram (pEEG). These monitors are routinely used in paediatric anaesthesia; however, investigators do not know if they work accurately in babies and young children with seizure disorders or on anti-seizure medications.\n\nChildren with developmental and epileptic encephalopathies may need anaesthesia for tests or procedures. It is important that their treating doctors understand whether these monitors truly reflect how awake or asleep the children are. This study aims to compare a child's electrical brain activity using two commonly used devices in paediatric anaesthesia with the conventional 21-lead EEG patterns in children with seizure disorders. The results of this research may help improve the safety and perioperative care of children with seizure disorders who require general anaesthesia in the future."", ""eligibility"": ""Inclusion Criteria:\n\n* Children (\\<16 years old) with a confirmed diagnosis of early onset EE or DEE due to any cause (prior to age 2 years).\n\nExclusion Criteria:\n\n* Language barriers impeding data collection\n* Department for Child Protection and Family Support is involved in the care of the child."", ""primary_outcomes"": [""Compare pEEG values in awake patients with developmental and epileptic encephalopathies""], ""found_in"": [""trials""]}"
ORG:aix-marseille-universit	organization	Aix Marseille Université	"{""org_class"": ""OTHER"", ""found_in"": [""trials""]}"
ORG:akron-children-s-hospital	organization	Akron Children's Hospital	"{""org_class"": ""OTHER"", ""found_in"": [""trials""]}"
ORG:amsterdam-umc	organization	Amsterdam UMC	"{""found_in"": [""trials""]}"
ORG:amsterdam-umc-location-vumc	organization	Amsterdam UMC, location VUmc	"{""org_class"": ""OTHER"", ""found_in"": [""trials""]}"
ORG:baker-gordon-syndrome-foundation	organization	The Baker-Gordon Syndrome Foundation	"{""org_kind"": ""patient organization"", ""found_in"": [""orgs""]}"
ORG:baylor-college-of-medicine	organization	Baylor College Of Medicine	"{""city"": ""Houston"", ""country"": ""United States"", ""found_in"": [""reporter""]}"
ORG:boston-children-s-hospital	organization	Boston Children's Hospital	"{""org_class"": ""OTHER"", ""found_in"": [""trials""]}"
ORG:cacna1a-foundation	organization	CACNA1A Foundation	"{""org_kind"": ""patient organization"", ""found_in"": [""orgs""]}"
ORG:capsida-biotherapeutics	organization	Capsida Biotherapeutics	"{""found_in"": [""trials""]}"
ORG:capsida-biotherapeutics-inc	organization	Capsida Biotherapeutics, Inc.	"{""org_class"": ""INDUSTRY"", ""found_in"": [""trials""]}"
ORG:child-and-adolescent-health-service-perth	organization	Child and Adolescent Health Service - Perth	"{""org_class"": ""OTHER_GOV"", ""found_in"": [""trials""]}"
ORG:children-s-hosp-of-philadelphia	organization	Children'S Hosp Of Philadelphia	"{""city"": ""Philadelphia"", ""country"": ""United States"", ""found_in"": [""reporter""]}"
ORG:children-s-hospital-colorado	organization	Children's Hospital Colorado	"{""org_class"": ""OTHER"", ""found_in"": [""trials""]}"
ORG:children-s-hospital-of-philadelphia	organization	Children's Hospital of Philadelphia	"{""org_class"": ""OTHER"", ""found_in"": [""trials""]}"
ORG:children-s-national-research-institute	organization	Children's National Research Institute	"{""org_class"": ""OTHER"", ""found_in"": [""trials""]}"
ORG:clara-inspired	organization	Clara Inspired	"{""org_class"": ""UNKNOWN"", ""found_in"": [""trials""]}"
ORG:cold-spring-harbor-laboratory	organization	Cold Spring Harbor Laboratory	"{""city"": ""Cold Spring Harbor"", ""country"": ""United States"", ""found_in"": [""reporter""]}"
ORG:columbia-univ-new-york-morningside	organization	Columbia Univ New York Morningside	"{""city"": ""New York"", ""country"": ""United States"", ""found_in"": [""reporter""]}"
ORG:columbia-university-health-sciences	organization	Columbia University Health Sciences	"{""city"": ""New York"", ""country"": ""United States"", ""found_in"": [""reporter""]}"
ORG:combinedbrain	organization	COMBINEDBrain	"{""org_kind"": ""consortium of patient organizations"", ""found_in"": [""orgs""]}"
ORG:emory-university	organization	Emory University	"{""city"": ""Atlanta"", ""country"": ""United States"", ""found_in"": [""reporter""]}"
ORG:eunice-kennedy-shriver-national-institute-of-child-health-an	organization	Eunice Kennedy Shriver National Institute of Child Health and Human Development (NICHD)	"{""org_class"": ""NIH"", ""found_in"": [""trials""]}"
ORG:european-stxbp1-consortium	organization	European STXBP1 Consortium	"{""org_class"": ""NETWORK"", ""org_kind"": ""research consortium"", ""found_in"": [""trials"", ""orgs""]}"
ORG:feculdade-de-medicina-da-universidade-de-sao-paulo-brasil	organization	Feculdade de Medicina da Universidade de Sao Paulo - Brasil	"{""org_class"": ""OTHER"", ""found_in"": [""trials""]}"
ORG:filadelfia-epilepsy-hospital	organization	Filadelfia Epilepsy Hospital	"{""org_class"": ""OTHER"", ""found_in"": [""trials""]}"
ORG:funda-o-de-amparo-pesquisa-do-estado-de-s-o-paulo	organization	Fundação de Amparo à Pesquisa do Estado de São Paulo	"{""org_class"": ""OTHER_GOV"", ""found_in"": [""trials""]}"
ORG:fundaci-n-iniciativa-para-las-neurociencias-fince	organization	Fundación Iniciativa para las Neurociencias (FINCE)	"{""org_class"": ""OTHER"", ""found_in"": [""trials""]}"
ORG:geisinger-clinic	organization	Geisinger Clinic	"{""org_class"": ""OTHER"", ""found_in"": [""trials""]}"
ORG:herzog-hospital	organization	Herzog Hospital	"{""org_class"": ""OTHER"", ""found_in"": [""trials""]}"
ORG:horizon-therapeutics	organization	Horizon Therapeutics	"{""org_class"": ""UNKNOWN"", ""found_in"": [""trials""]}"
ORG:hospital-ruber-internacional	organization	Hospital Ruber Internacional	"{""org_class"": ""OTHER"", ""found_in"": [""trials""]}"
ORG:hospital-sant-joan-de-deu	organization	Hospital Sant Joan de Deu	"{""org_class"": ""OTHER"", ""found_in"": [""trials""]}"
ORG:international-parkinson-and-movement-disorder-society	organization	International Parkinson and Movement Disorder Society	"{""org_class"": ""UNKNOWN"", ""found_in"": [""trials""]}"
ORG:international-scn8a-alliance	organization	International SCN8A Alliance	"{""org_kind"": ""patient organization"", ""found_in"": [""orgs""]}"
ORG:istituto-giannina-gaslini-genoa-italy	organization	Istituto Giannina Gaslini, Genoa, Italy	"{""org_class"": ""UNKNOWN"", ""found_in"": [""trials""]}"
ORG:johns-hopkins-university	organization	Johns Hopkins University	"{""city"": ""Baltimore"", ""country"": ""United States"", ""found_in"": [""reporter""]}"
ORG:kcnq2-cure-alliance	organization	KCNQ2 Cure Alliance	"{""org_kind"": ""patient organization"", ""found_in"": [""orgs""]}"
ORG:loulou-foundation	organization	Loulou Foundation	"{""org_kind"": ""patient organization"", ""found_in"": [""orgs""]}"
ORG:national-eye-institute	organization	National Eye Institute	"{""city"": """", ""country"": ""United States"", ""found_in"": [""reporter""]}"
ORG:national-human-genome-research-institute	organization	National Human Genome Research Institute	"{""city"": """", ""country"": ""United States"", ""found_in"": [""reporter""]}"
ORG:national-institute-of-diabetes-and-digestive-and-kidney-dise	organization	National Institute Of Diabetes And Digestive And Kidney Diseases	"{""city"": """", ""country"": ""United States"", ""found_in"": [""reporter""]}"
ORG:national-institute-of-neurological-disorders-and-stroke-nind	organization	National Institute of Neurological Disorders and Stroke (NINDS)	"{""org_class"": ""NIH"", ""found_in"": [""trials""]}"
ORG:neurocrine-biosciences	organization	Neurocrine Biosciences	"{""org_class"": ""INDUSTRY"", ""found_in"": [""trials""]}"
ORG:ohio-state-university	organization	Ohio State University	"{""city"": ""Columbus"", ""country"": ""United States"", ""found_in"": [""reporter""]}"
ORG:praxis-precision-medicines	organization	Praxis Precision Medicines	"{""org_class"": ""INDUSTRY"", ""found_in"": [""trials""]}"
ORG:project-cask	organization	Project CASK	"{""org_kind"": ""patient organization"", ""found_in"": [""orgs""]}"
ORG:raging-raymond-foundation	organization	Raging Raymond Foundation	"{""org_kind"": ""patient organization"", ""found_in"": [""orgs""]}"
ORG:rett-syndrome-research-trust	organization	Rett Syndrome Research Trust	"{""org_kind"": ""patient organization"", ""found_in"": [""orgs""]}"
ORG:rutgers-biomedical-and-health-sciences	organization	Rutgers Biomedical And Health Sciences	"{""city"": ""Newark"", ""country"": ""United States"", ""found_in"": [""reporter""]}"
ORG:sheba-medical-center	organization	Sheba Medical Center	"{""org_class"": ""OTHER_GOV"", ""found_in"": [""trials""]}"
ORG:simons-foundation	organization	Simons Foundation	"{""org_class"": ""OTHER"", ""found_in"": [""trials""]}"
ORG:simons-searchlight	organization	Simons Searchlight	"{""org_class"": ""OTHER"", ""org_kind"": ""registry"", ""found_in"": [""trials"", ""orgs""]}"
ORG:slc6a1-connect	organization	SLC6A1 Connect	"{""org_class"": ""UNKNOWN"", ""found_in"": [""trials""]}"
ORG:stanford-university	organization	Stanford University	"{""org_class"": ""OTHER"", ""city"": ""Stanford"", ""country"": ""United States"", ""found_in"": [""trials"", ""reporter""]}"
ORG:stxbp1-foundation	organization	STXBP1 Foundation	"{""org_class"": ""UNKNOWN"", ""org_kind"": ""patient organization"", ""found_in"": [""trials"", ""orgs""]}"
ORG:syngap-research-fund	organization	SynGAP Research Fund (Cure SYNGAP1)	"{""org_kind"": ""patient organization"", ""found_in"": [""orgs""]}"
ORG:tbc1d24-foundation	organization	TBC1D24 Foundation	"{""org_kind"": ""patient organization"", ""found_in"": [""orgs""]}"
ORG:telethon-kids-institute	organization	Telethon Kids Institute	"{""org_class"": ""OTHER"", ""found_in"": [""trials""]}"
ORG:the-city-college-of-new-york	organization	The City College of New York	"{""org_class"": ""OTHER"", ""found_in"": [""trials""]}"
ORG:the-cute-syndrome-foundation	organization	The Cute Syndrome Foundation	"{""org_kind"": ""patient organization"", ""found_in"": [""orgs""]}"
ORG:universit-degli-studi-di-genova	organization	Università degli Studi di Genova	"{""found_in"": [""trials""]}"
ORG:universiteit-antwerpen	organization	Universiteit Antwerpen	"{""org_class"": ""OTHER"", ""found_in"": [""trials""]}"
ORG:university-hospital-antwerp	organization	University Hospital, Antwerp	"{""org_class"": ""OTHER"", ""found_in"": [""trials""]}"
ORG:university-hospital-heidelberg	organization	University Hospital Heidelberg	"{""org_class"": ""OTHER"", ""found_in"": [""trials""]}"
ORG:university-of-alabama-at-birmingham	organization	University Of Alabama At Birmingham	"{""city"": ""Birmingham"", ""country"": ""United States"", ""found_in"": [""reporter""]}"
ORG:university-of-california-los-angeles	organization	University Of California Los Angeles	"{""city"": ""Los Angeles"", ""country"": ""United States"", ""found_in"": [""reporter""]}"
ORG:university-of-chicago	organization	University Of Chicago	"{""city"": ""Chicago"", ""country"": ""United States"", ""found_in"": [""reporter""]}"
ORG:university-of-iowa	organization	University Of Iowa	"{""city"": ""Iowa City"", ""country"": ""United States"", ""found_in"": [""reporter""]}"
ORG:university-of-michigan-at-ann-arbor	organization	University Of Michigan At Ann Arbor	"{""city"": ""Ann Arbor"", ""country"": ""United States"", ""found_in"": [""reporter""]}"
ORG:university-of-missouri-columbia	organization	University of Missouri-Columbia	"{""org_class"": ""OTHER"", ""found_in"": [""trials""]}"
ORG:university-of-nebraska-medical-center	organization	University Of Nebraska Medical Center	"{""city"": ""Omaha"", ""country"": ""United States"", ""found_in"": [""reporter""]}"
ORG:university-of-pennsylvania	organization	University Of Pennsylvania	"{""city"": ""Philadelphia"", ""country"": ""United States"", ""found_in"": [""reporter""]}"
ORG:university-of-pennsylvania-orphan-disease-center	organization	University of Pennsylvania Orphan Disease Center	"{""org_class"": ""UNKNOWN"", ""found_in"": [""trials""]}"
ORG:university-of-sao-paulo	organization	University of Sao Paulo	"{""org_class"": ""OTHER"", ""found_in"": [""trials""]}"
ORG:university-of-sao-paulo-general-hospital	organization	University of Sao Paulo General Hospital	"{""org_class"": ""OTHER"", ""found_in"": [""trials""]}"
ORG:university-of-texas-hlth-science-center	organization	University Of Texas Hlth Science Center	"{""city"": ""San Antonio"", ""country"": ""United States"", ""found_in"": [""reporter""]}"
ORG:university-of-tx-md-anderson-can-ctr	organization	University Of Tx Md Anderson Can Ctr	"{""city"": ""Houston"", ""country"": ""United States"", ""found_in"": [""reporter""]}"
ORG:university-of-virginia	organization	University Of Virginia	"{""city"": ""Charlottesville"", ""country"": ""United States"", ""found_in"": [""reporter""]}"
ORG:university-of-wisconsin-madison	organization	University Of Wisconsin-Madison	"{""city"": ""Madison"", ""country"": ""United States"", ""found_in"": [""reporter""]}"
ORG:ut-southwestern-medical-center	organization	Ut Southwestern Medical Center	"{""city"": ""Dallas"", ""country"": ""United States"", ""found_in"": [""reporter""]}"
ORG:utah-state-higher-education-system-university-of-utah	organization	Utah State Higher Education System--University Of Utah	"{""city"": ""Salt Lake City"", ""country"": ""United States"", ""found_in"": [""reporter""]}"
ORG:vamp2-org	organization	VAMP2.org	"{""org_kind"": ""patient organization"", ""found_in"": [""orgs""]}"
ORG:vanderbilt-university	organization	Vanderbilt University	"{""city"": ""Nashville"", ""country"": ""United States"", ""found_in"": [""reporter""]}"
ORG:vanderbilt-university-medical-center	organization	Vanderbilt University Medical Center	"{""city"": ""Nashville"", ""country"": ""United States"", ""found_in"": [""reporter""]}"
ORG:veterans-health-administration	organization	Veterans Health Administration	"{""city"": ""Nashville"", ""country"": ""United States"", ""found_in"": [""reporter""]}"
ORG:virginia-polytechnic-inst-and-st-univ	organization	Virginia Polytechnic Inst And St Univ	"{""city"": ""Blacksburg"", ""country"": ""United States"", ""found_in"": [""reporter""]}"
ORG:weill-medical-college-of-cornell-university	organization	Weill Medical College of Cornell University	"{""org_class"": ""OTHER"", ""found_in"": [""trials""]}"
ORG:whitehead-institute-for-biomedical-res	organization	Whitehead Institute For Biomedical Res	"{""city"": ""Cambridge"", ""country"": ""United States"", ""found_in"": [""reporter""]}"
ORG:yale-university	organization	Yale University	"{""city"": ""New Haven"", ""country"": ""United States"", ""found_in"": [""reporter""]}"
ORG:zogenix-inc	organization	Zogenix, Inc.	"{""org_class"": ""INDUSTRY"", ""found_in"": [""trials""]}"
PERSON:abramov_debra	researcher	Debra Abramov	"{""identity"": ""surname + first name; not verified across sources"", ""found_in"": [""pubmed""]}"
PERSON:abu-amara_hasan	researcher	Hasan Abu-Amara	"{""identity"": ""surname + first name; not verified across sources"", ""found_in"": [""pubmed""]}"
PERSON:acuna_claudio	researcher	Claudio Acuna	"{""identity"": ""surname + first name; not verified across sources"", ""found_in"": [""pubmed""]}"
PERSON:agostini_massimiliano	researcher	Massimiliano Agostini	"{""identity"": ""surname + first name; not verified across sources"", ""found_in"": [""pubmed""]}"
PERSON:ahern_christopher	researcher	Christopher Ahern	"{""identity"": ""surname + first name; not verified across sources"", ""found_in"": [""reporter""]}"
PERSON:ahmed_omar	researcher	Omar Ahmed	"{""identity"": ""surname + first name; not verified across sources"", ""found_in"": [""reporter""]}"
PERSON:ainsworth_richard	researcher	Richard I Ainsworth	"{""identity"": ""surname + first name; not verified across sources"", ""found_in"": [""pubmed""]}"
PERSON:akbarian_schahram	researcher	Schahram Akbarian	"{""identity"": ""surname + first name; not verified across sources"", ""found_in"": [""pubmed""]}"
PERSON:albrecht_jan	researcher	Jan Albrecht	"{""identity"": ""surname + first name; not verified across sources"", ""found_in"": [""pubmed""]}"
PERSON:alowaysi_maryam	researcher	Maryam Alowaysi	"{""identity"": ""surname + first name; not verified across sources"", ""found_in"": [""pubmed""]}"
PERSON:alsayegh_khaled	researcher	Khaled Alsayegh	"{""identity"": ""surname + first name; not verified across sources"", ""found_in"": [""pubmed""]}"
PERSON:andreyeva_aksana	researcher	Aksana Andreyeva	"{""identity"": ""surname + first name; not verified across sources"", ""found_in"": [""pubmed""]}"
PERSON:appavu_brian	researcher	Brian Appavu	"{""identity"": ""surname + first name; not verified across sources"", ""found_in"": [""pubmed""]}"
PERSON:arinzeh_treena	researcher	Treena Arinzeh	"{""identity"": ""surname + first name; not verified across sources"", ""found_in"": [""reporter""]}"
PERSON:arnaud-arnould_mary	researcher	Mary Arnaud-Arnould	"{""identity"": ""surname + first name; not verified across sources"", ""found_in"": [""pubmed""]}"
PERSON:atasu_burcu	researcher	Burcu Atasu	"{""identity"": ""surname + first name; not verified across sources"", ""found_in"": [""pubmed""]}"
PERSON:auburger_georg	researcher	Georg Auburger	"{""identity"": ""surname + first name; not verified across sources"", ""found_in"": [""pubmed""]}"
PERSON:azaiez_hela	researcher	Hela Azaiez	"{""identity"": ""surname + first name; not verified across sources"", ""found_in"": [""pubmed""]}"
PERSON:baba_akira	researcher	Akira Baba	"{""identity"": ""surname + first name; not verified across sources"", ""found_in"": [""pubmed""]}"
PERSON:baguma-nibasheka_mark	researcher	Mark Baguma-Nibasheka	"{""identity"": ""surname + first name; not verified across sources"", ""found_in"": [""pubmed""]}"
PERSON:baker_kate	researcher	Kate Baker	"{""identity"": ""surname + first name; not verified across sources"", ""found_in"": [""pubmed""]}"
PERSON:balagura_ganna	researcher	Ganna Balagura	"{""identity"": ""surname + first name; not verified across sources"", ""found_in"": [""trials""]}"
PERSON:balestrini_simona	researcher	Simona Balestrini	"{""identity"": ""surname + first name; not verified across sources"", ""found_in"": [""pubmed""]}"
PERSON:band_hamid	researcher	Hamid Band	"{""identity"": ""surname + first name; not verified across sources"", ""found_in"": [""reporter""]}"
PERSON:banks_gareth	researcher	Gareth T Banks	"{""identity"": ""surname + first name; not verified across sources"", ""found_in"": [""pubmed""]}"
PERSON:battaglia_domenica	researcher	Domenica Battaglia	"{""identity"": ""surname + first name; not verified across sources"", ""found_in"": [""pubmed""]}"
PERSON:beauregard-lacroix_eliane	researcher	Eliane Beauregard-Lacroix	"{""identity"": ""surname + first name; not verified across sources"", ""found_in"": [""pubmed""]}"
PERSON:becker_martin	researcher	Martin Becker	"{""identity"": ""surname + first name; not verified across sources"", ""found_in"": [""pubmed""]}"
PERSON:benevento_marco	researcher	Marco Benevento	"{""identity"": ""surname + first name; not verified across sources"", ""found_in"": [""pubmed""]}"
PERSON:berkovic_samuel	researcher	Samuel F Berkovic	"{""identity"": ""surname + first name; not verified across sources"", ""found_in"": [""pubmed""]}"
PERSON:bhujwalla_zaver	researcher	Zaver Bhujwalla	"{""identity"": ""surname + first name; not verified across sources"", ""found_in"": [""reporter""]}"
PERSON:bi_yujie	researcher	Yujie Bi	"{""identity"": ""surname + first name; not verified across sources"", ""found_in"": [""pubmed""]}"
PERSON:bisulli_francesca	researcher	Francesca Bisulli	"{""identity"": ""surname + first name; not verified across sources"", ""found_in"": [""pubmed""]}"
PERSON:bizzozzero-hiriart_marianne	researcher	Marianne Bizzozzero-Hiriart	"{""identity"": ""surname + first name; not verified across sources"", ""found_in"": [""pubmed""]}"
PERSON:blaise_micka	researcher	Mickaël Blaise	"{""identity"": ""surname + first name; not verified across sources"", ""found_in"": [""pubmed""]}"
PERSON:blatt_eliot	researcher	Eliot Blatt	"{""identity"": ""surname + first name; not verified across sources"", ""found_in"": [""reporter""]}"
PERSON:bond_allison	researcher	Allison M Bond	"{""identity"": ""surname + first name; not verified across sources"", ""found_in"": [""pubmed""]}"
PERSON:boothby_mark	researcher	Mark Boothby	"{""identity"": ""surname + first name; not verified across sources"", ""found_in"": [""reporter""]}"
PERSON:bosmans_frank	researcher	Frank Bosmans	"{""identity"": ""surname + first name; not verified across sources"", ""found_in"": [""pubmed""]}"
PERSON:botella_miguel	researcher	Miguel A Botella	"{""identity"": ""surname + first name; not verified across sources"", ""found_in"": [""pubmed""]}"
PERSON:bott_alex	researcher	Alex Bott	"{""identity"": ""surname + first name; not verified across sources"", ""found_in"": [""reporter""]}"
PERSON:bradberry_mazdak	researcher	Mazdak M Bradberry	"{""identity"": ""surname + first name; not verified across sources"", ""found_in"": [""pubmed""]}"
PERSON:brandabur_melanie	researcher	Melanie Brandabur, MD	"{""identity"": ""surname + first name; not verified across sources"", ""found_in"": [""trials""]}"
PERSON:brown_madalyn	researcher	Madalyn N Brown	"{""identity"": ""surname + first name; not verified across sources"", ""found_in"": [""pubmed""]}"
PERSON:brugger_melanie	researcher	Melanie Brugger	"{""identity"": ""surname + first name; not verified across sources"", ""found_in"": [""pubmed""]}"
PERSON:brunet_theresa	researcher	Theresa Brunet	"{""identity"": ""surname + first name; not verified across sources"", ""found_in"": [""pubmed""]}"
PERSON:brunger_axel	researcher	Axel T Brunger	"{""identity"": ""surname + first name; not verified across sources"", ""found_in"": [""pubmed""]}"
PERSON:brunklaus_andreas	researcher	Andreas Brunklaus	"{""identity"": ""surname + first name; not verified across sources"", ""found_in"": [""pubmed""]}"
PERSON:bruns_dieter	researcher	Dieter Bruns	"{""identity"": ""surname + first name; not verified across sources"", ""found_in"": [""pubmed""]}"
PERSON:bu_fan	researcher	Fan Bu	"{""identity"": ""surname + first name; not verified across sources"", ""found_in"": [""pubmed""]}"
PERSON:burr_jacqueline	researcher	Jacqueline Burré	"{""identity"": ""surname + first name; not verified across sources"", ""found_in"": [""pubmed""]}"
PERSON:cali_elisa	researcher	Elisa Cali	"{""identity"": ""surname + first name; not verified across sources"", ""found_in"": [""pubmed""]}"
PERSON:campeau_philippe	researcher	Philippe M Campeau	"{""identity"": ""surname + first name; not verified across sources"", ""found_in"": [""pubmed""]}"
PERSON:campos-sandoval_jos	researcher	José A Campos-Sandoval	"{""identity"": ""surname + first name; not verified across sources"", ""found_in"": [""pubmed""]}"
PERSON:cardoso_carlos	researcher	Carlos Cardoso	"{""identity"": ""surname + first name; not verified across sources"", ""found_in"": [""pubmed""]}"
PERSON:carecchio_miryam	researcher	Miryam Carecchio	"{""identity"": ""surname + first name; not verified across sources"", ""found_in"": [""pubmed""]}"
PERSON:carney_paul	researcher	Paul R Carney	"{""identity"": ""surname + first name; not verified across sources"", ""found_in"": [""pubmed""]}"
PERSON:carvill_gemma	researcher	Gemma L Carvill	"{""identity"": ""surname + first name; not verified across sources"", ""found_in"": [""pubmed""]}"
PERSON:cesaroni_carlo	researcher	Carlo Alberto Cesaroni	"{""identity"": ""surname + first name; not verified across sources"", ""found_in"": [""pubmed""]}"
PERSON:cha_seung	researcher	Seung-Kuy Cha	"{""identity"": ""surname + first name; not verified across sources"", ""found_in"": [""pubmed""]}"
PERSON:chai_jianbo	researcher	Jianbo Chai	"{""identity"": ""surname + first name; not verified across sources"", ""found_in"": [""pubmed""]}"
PERSON:chanaday_natali	researcher	Natali L Chanaday	"{""identity"": ""surname + first name; not verified across sources"", ""found_in"": [""pubmed""]}"
PERSON:chang_shuwen	researcher	Shuwen Chang	"{""identity"": ""surname + first name; not verified across sources"", ""found_in"": [""pubmed""]}"
PERSON:chao_hsiao	researcher	Hsiao-Tuan Chao	"{""identity"": ""surname + first name; not verified across sources"", ""found_in"": [""pubmed""]}"
PERSON:chapman_edwin	researcher	Edwin R Chapman	"{""identity"": ""surname + first name; not verified across sources"", ""found_in"": [""pubmed""]}"
PERSON:chen_chong	researcher	Chong Chen	"{""identity"": ""surname + first name; not verified across sources"", ""found_in"": [""pubmed""]}"
PERSON:chen_jin	researcher	Jin Chen	"{""identity"": ""surname + first name; not verified across sources"", ""found_in"": [""reporter""]}"
PERSON:chen_kejian	researcher	Kejian Chen	"{""identity"": ""surname + first name; not verified across sources"", ""found_in"": [""pubmed""]}"
PERSON:chen_lei	researcher	Lei Chen	"{""identity"": ""surname + first name; not verified across sources"", ""found_in"": [""pubmed""]}"
PERSON:chen_rui	researcher	Rui Chen	"{""identity"": ""surname + first name; not verified across sources"", ""found_in"": [""pubmed""]}"
PERSON:chung_wendy	researcher	Wendy Chung, MD PhD	"{""identity"": ""surname + first name; not verified across sources"", ""found_in"": [""trials""]}"
PERSON:cilio_maria	researcher	Maria Roberta Cilio	"{""identity"": ""surname + first name; not verified across sources"", ""found_in"": [""pubmed""]}"
PERSON:coppola_giangennaro	researcher	Giangennaro Coppola	"{""identity"": ""surname + first name; not verified across sources"", ""found_in"": [""pubmed""]}"
PERSON:cornet_marie	researcher	Marie-Coralie Cornet	"{""identity"": ""surname + first name; not verified across sources"", ""found_in"": [""pubmed""]}"
PERSON:corr-a_thiago	researcher	Thiago Corrêa	"{""identity"": ""surname + first name; not verified across sources"", ""found_in"": [""pubmed""]}"
PERSON:cotter_devyn	researcher	Devyn Cotter	"{""identity"": ""surname + first name; not verified across sources"", ""found_in"": [""pubmed""]}"
PERSON:cowell_rita	researcher	Rita M Cowell	"{""identity"": ""surname + first name; not verified across sources"", ""found_in"": [""pubmed""]}"
PERSON:cupertino_renata	researcher	Renata Basso Cupertino	"{""identity"": ""surname + first name; not verified across sources"", ""found_in"": [""pubmed""]}"
PERSON:curatolo_paolo	researcher	Paolo Curatolo	"{""identity"": ""surname + first name; not verified across sources"", ""found_in"": [""pubmed""]}"
PERSON:d-adamo_maria	researcher	Maria C D'Adamo	"{""identity"": ""surname + first name; not verified across sources"", ""found_in"": [""pubmed""]}"
PERSON:da-silva_bruna	researcher	Bruna S da Silva	"{""identity"": ""surname + first name; not verified across sources"", ""found_in"": [""pubmed""]}"
PERSON:dahl_hans	researcher	Hans A Dahl	"{""identity"": ""surname + first name; not verified across sources"", ""found_in"": [""pubmed""]}"
PERSON:dai_hanhao	researcher	Hanhao Dai	"{""identity"": ""surname + first name; not verified across sources"", ""found_in"": [""pubmed""]}"
PERSON:de-filippo_maria	researcher	Maria Rosaria De Filippo	"{""identity"": ""surname + first name; not verified across sources"", ""found_in"": [""pubmed""]}"
PERSON:de-jong_arthur	researcher	Arthur P H de Jong	"{""identity"": ""surname + first name; not verified across sources"", ""found_in"": [""pubmed""]}"
PERSON:delanty_norman	researcher	Norman Delanty	"{""identity"": ""surname + first name; not verified across sources"", ""found_in"": [""pubmed""]}"
PERSON:delisi_lynn	researcher	Lynn E DeLisi	"{""identity"": ""surname + first name; not verified across sources"", ""found_in"": [""pubmed""]}"
PERSON:devinsky_orrin	researcher	Orrin Devinsky	"{""found_in"": [""orgs""]}"
PERSON:dhar_debjyoti	researcher	Debjyoti Dhar	"{""identity"": ""surname + first name; not verified across sources"", ""found_in"": [""pubmed""]}"
PERSON:dhara_madhurima	researcher	Madhurima Dhara	"{""identity"": ""surname + first name; not verified across sources"", ""found_in"": [""pubmed""]}"
PERSON:di-rosa_gabriella	researcher	Gabriella Di Rosa	"{""identity"": ""surname + first name; not verified across sources"", ""found_in"": [""pubmed""]}"
PERSON:diao_jiajie	researcher	Jiajie Diao	"{""identity"": ""surname + first name; not verified across sources"", ""found_in"": [""pubmed""]}"
PERSON:ding_jiangwei	researcher	Jiangwei Ding	"{""identity"": ""surname + first name; not verified across sources"", ""found_in"": [""pubmed""]}"
PERSON:director_medical	researcher	Medical Director	"{""identity"": ""surname + first name; not verified across sources"", ""found_in"": [""trials""]}"
PERSON:dittman_jeremy	researcher	Jeremy Dittman	"{""identity"": ""surname + first name; not verified across sources"", ""found_in"": [""reporter""]}"
PERSON:dong_lijin	researcher	Lijin Dong	"{""identity"": ""surname + first name; not verified across sources"", ""found_in"": [""reporter""]}"
PERSON:donnan_alice	researcher	Alice M Donnan	"{""identity"": ""surname + first name; not verified across sources"", ""found_in"": [""pubmed""]}"
PERSON:drew_cheney	researcher	Cheney J G Drew	"{""identity"": ""surname + first name; not verified across sources"", ""found_in"": [""pubmed""]}"
PERSON:dutta_debayan	researcher	Debayan Dutta	"{""identity"": ""surname + first name; not verified across sources"", ""found_in"": [""pubmed""]}"
PERSON:egan_jan	researcher	Jan B Egan	"{""identity"": ""surname + first name; not verified across sources"", ""found_in"": [""pubmed""]}"
PERSON:eichler_evan	researcher	Evan E Eichler	"{""identity"": ""surname + first name; not verified across sources"", ""found_in"": [""pubmed""]}"
PERSON:er-al_derya	researcher	Derya Erçal	"{""identity"": ""surname + first name; not verified across sources"", ""found_in"": [""pubmed""]}"
PERSON:escayg_andrew	researcher	Andrew Escayg	"{""identity"": ""surname + first name; not verified across sources"", ""found_in"": [""reporter""]}"
PERSON:falace_antonio	researcher	Antonio Falace	"{""identity"": ""surname + first name; not verified across sources"", ""found_in"": [""pubmed""]}"
PERSON:fassio_anna	researcher	Anna Fassio	"{""identity"": ""surname + first name; not verified across sources"", ""found_in"": [""pubmed""]}"
PERSON:feiguin_fabian	researcher	Fabian Feiguin	"{""identity"": ""surname + first name; not verified across sources"", ""found_in"": [""pubmed""]}"
PERSON:fernandes_ana	researcher	Ana Clara Fernandes	"{""identity"": ""surname + first name; not verified across sources"", ""found_in"": [""pubmed""]}"
PERSON:filippini_francesca	researcher	Francesca Filippini	"{""identity"": ""surname + first name; not verified across sources"", ""found_in"": [""pubmed""]}"
PERSON:finelli_matt	researcher	Mattéa J Finelli	"{""identity"": ""surname + first name; not verified across sources"", ""found_in"": [""pubmed""]}"
PERSON:friedman_thomas	researcher	Thomas B Friedman	"{""identity"": ""surname + first name; not verified across sources"", ""found_in"": [""pubmed""]}"
PERSON:fujihara_kazuyuki	researcher	Kazuyuki Fujihara	"{""identity"": ""surname + first name; not verified across sources"", ""found_in"": [""pubmed""]}"
PERSON:fusco_carlo	researcher	Carlo Fusco	"{""identity"": ""surname + first name; not verified across sources"", ""found_in"": [""pubmed""]}"
PERSON:g-rsoy_semra	researcher	Semra Gürsoy	"{""identity"": ""surname + first name; not verified across sources"", ""found_in"": [""pubmed""]}"
PERSON:gahl_william	researcher	William Gahl	"{""identity"": ""surname + first name; not verified across sources"", ""found_in"": [""reporter""]}"
PERSON:gaisano_herbert	researcher	Herbert Y Gaisano	"{""identity"": ""surname + first name; not verified across sources"", ""found_in"": [""pubmed""]}"
PERSON:gale_rena	researcher	Rena Gale, MD	"{""identity"": ""surname + first name; not verified across sources"", ""found_in"": [""trials""]}"
PERSON:galer_peter	researcher	Peter D Galer	"{""identity"": ""surname + first name; not verified across sources"", ""found_in"": [""pubmed""]}"
PERSON:galli_thierry	researcher	Thierry Galli	"{""identity"": ""surname + first name; not verified across sources"", ""found_in"": [""pubmed""]}"
PERSON:gan_jing	researcher	Jing Gan	"{""identity"": ""surname + first name; not verified across sources"", ""found_in"": [""pubmed""]}"
PERSON:ge_shunnan	researcher	Shunnan Ge	"{""identity"": ""surname + first name; not verified across sources"", ""found_in"": [""pubmed""]}"
PERSON:giacomini_thea	researcher	Thea Giacomini	"{""identity"": ""surname + first name; not verified across sources"", ""found_in"": [""pubmed""]}"
PERSON:gibbs_brendan	researcher	Brendan J Gibbs	"{""identity"": ""surname + first name; not verified across sources"", ""found_in"": [""pubmed""]}"
PERSON:gil-nagel_antonio	researcher	Antonio Gil-Nagel, MD, PHD	"{""identity"": ""surname + first name; not verified across sources"", ""found_in"": [""trials""]}"
PERSON:gispert_suzana	researcher	Suzana Gispert	"{""identity"": ""surname + first name; not verified across sources"", ""found_in"": [""pubmed""]}"
PERSON:glynn_dervila	researcher	Dervila Glynn	"{""identity"": ""surname + first name; not verified across sources"", ""found_in"": [""pubmed""]}"
PERSON:gong_liang	researcher	Liang-Wei Gong	"{""identity"": ""surname + first name; not verified across sources"", ""found_in"": [""pubmed""]}"
PERSON:gorman_kathleen	researcher	Kathleen M Gorman	"{""identity"": ""surname + first name; not verified across sources"", ""found_in"": [""pubmed""]}"
PERSON:goswami_moloy	researcher	Moloy T Goswami	"{""identity"": ""surname + first name; not verified across sources"", ""found_in"": [""pubmed""]}"
PERSON:goulding_martyn	researcher	Martyn Goulding	"{""identity"": ""surname + first name; not verified across sources"", ""found_in"": [""pubmed""]}"
PERSON:greenwood_dalton	researcher	Dalton Greenwood	"{""identity"": ""surname + first name; not verified across sources"", ""found_in"": [""reporter""]}"
PERSON:grinspan_zachary	researcher	Zachary Grinspan, MD	"{""identity"": ""surname + first name; not verified across sources"", ""found_in"": [""trials""]}"
PERSON:groblewski_guy	researcher	Guy E Groblewski	"{""identity"": ""surname + first name; not verified across sources"", ""found_in"": [""pubmed""]}"
PERSON:grosso-jasutkar_hilary	researcher	Hilary Grosso Jasutkar	"{""identity"": ""surname + first name; not verified across sources"", ""found_in"": [""pubmed""]}"
PERSON:gu_lei	researcher	Lei Gu	"{""identity"": ""surname + first name; not verified across sources"", ""found_in"": [""pubmed""]}"
PERSON:guo_deliang	researcher	Deliang Guo	"{""identity"": ""surname + first name; not verified across sources"", ""found_in"": [""reporter""]}"
PERSON:hammer_michael	researcher	Michael F Hammer	"{""identity"": ""surname + first name; not verified across sources"", ""found_in"": [""pubmed""]}"
PERSON:harkany_tibor	researcher	Tibor Harkany	"{""identity"": ""surname + first name; not verified across sources"", ""found_in"": [""pubmed""]}"
PERSON:harvey_susan	researcher	Susan Harvey	"{""identity"": ""surname + first name; not verified across sources"", ""found_in"": [""pubmed""]}"
PERSON:hasani_elida	researcher	Elida Hasani	"{""identity"": ""surname + first name; not verified across sources"", ""found_in"": [""pubmed""]}"
PERSON:helbig_ingo	researcher	Ingo Helbig, MD	"{""identity"": ""surname + first name; not verified across sources"", ""found_in"": [""trials"", ""pubmed"", ""reporter""]}"
PERSON:heron_sarah	researcher	Sarah E Heron	"{""identity"": ""surname + first name; not verified across sources"", ""found_in"": [""pubmed""]}"
PERSON:hill_sophie	researcher	Sophie F Hill	"{""identity"": ""surname + first name; not verified across sources"", ""found_in"": [""pubmed""]}"
PERSON:holla_vikram	researcher	Vikram V Holla	"{""identity"": ""surname + first name; not verified across sources"", ""found_in"": [""pubmed""]}"
PERSON:hollinger_kristen	researcher	Kristen R Hollinger	"{""identity"": ""surname + first name; not verified across sources"", ""found_in"": [""pubmed""]}"
PERSON:hook_paul	researcher	Paul W Hook	"{""identity"": ""surname + first name; not verified across sources"", ""found_in"": [""pubmed""]}"
PERSON:horist_brooke	researcher	Brooke Horist	"{""identity"": ""surname + first name; not verified across sources"", ""found_in"": [""reporter""]}"
PERSON:houlden_henry	researcher	Henry Houlden	"{""identity"": ""surname + first name; not verified across sources"", ""found_in"": [""pubmed""]}"
PERSON:hsueh_yi	researcher	Yi-Ping Hsueh	"{""identity"": ""surname + first name; not verified across sources"", ""found_in"": [""pubmed""]}"
PERSON:hu_zhitao	researcher	Zhitao Hu	"{""identity"": ""surname + first name; not verified across sources"", ""found_in"": [""pubmed""]}"
PERSON:huang_guo	researcher	Guo-Dong Huang	"{""identity"": ""surname + first name; not verified across sources"", ""found_in"": [""pubmed""]}"
PERSON:huang_hsien	researcher	Hsien-Sung Huang	"{""identity"": ""surname + first name; not verified across sources"", ""found_in"": [""pubmed""]}"
PERSON:huang_zhen	researcher	Zhen-Zhen Huang	"{""identity"": ""surname + first name; not verified across sources"", ""found_in"": [""pubmed""]}"
PERSON:huguenard_john	researcher	John Huguenard	"{""identity"": ""surname + first name; not verified across sources"", ""found_in"": [""reporter""]}"
PERSON:ikezu_tsuneya	researcher	Tsuneya Ikezu	"{""identity"": ""surname + first name; not verified across sources"", ""found_in"": [""pubmed""]}"
PERSON:jamra_rami	researcher	Rami Jamra	"{""identity"": ""surname + first name; not verified across sources"", ""found_in"": [""pubmed""]}"
PERSON:jansen_anna	researcher	Anna Jansen, MD, PhD	"{""identity"": ""surname + first name; not verified across sources"", ""found_in"": [""trials""]}"
PERSON:jeong_hyeonsoo	researcher	Hyeonsoo Jeong	"{""identity"": ""surname + first name; not verified across sources"", ""found_in"": [""pubmed""]}"
PERSON:jiang_kevin	researcher	Kevin Jiang	"{""identity"": ""surname + first name; not verified across sources"", ""found_in"": [""reporter""]}"
PERSON:johannesen_katrine	researcher	Katrine M Johannesen	"{""identity"": ""surname + first name; not verified across sources"", ""found_in"": [""pubmed""]}"
PERSON:john_abinayah	researcher	Abinayah John	"{""identity"": ""surname + first name; not verified across sources"", ""found_in"": [""pubmed""]}"
PERSON:johnson_michael	researcher	Michael R Johnson	"{""identity"": ""surname + first name; not verified across sources"", ""found_in"": [""pubmed""]}"
PERSON:jonas_peter	researcher	Peter Jonas	"{""identity"": ""surname + first name; not verified across sources"", ""found_in"": [""pubmed""]}"
PERSON:kablar_boris	researcher	Boris Kablar	"{""identity"": ""surname + first name; not verified across sources"", ""found_in"": [""pubmed""]}"
PERSON:kalyana-sundaram_ramalingam	researcher	Ramalingam Venkat Kalyana Sundaram	"{""identity"": ""surname + first name; not verified across sources"", ""found_in"": [""pubmed""]}"
PERSON:kamate_mahesh	researcher	Mahesh Kamate	"{""identity"": ""surname + first name; not verified across sources"", ""found_in"": [""pubmed""]}"
PERSON:kang_junsu	researcher	Junsu Kang	"{""identity"": ""surname + first name; not verified across sources"", ""found_in"": [""reporter""]}"
PERSON:kang_tong	researcher	Tong Ho Kang	"{""identity"": ""surname + first name; not verified across sources"", ""found_in"": [""pubmed""]}"
PERSON:kannan_rangaramanujam	researcher	Rangaramanujam M Kannan	"{""identity"": ""surname + first name; not verified across sources"", ""found_in"": [""pubmed""]}"
PERSON:karaca_ender	researcher	Ender Karaca	"{""identity"": ""surname + first name; not verified across sources"", ""found_in"": [""pubmed""]}"
PERSON:karner_courtney	researcher	Courtney Karner	"{""identity"": ""surname + first name; not verified across sources"", ""found_in"": [""reporter""]}"
PERSON:karno_breelyn	researcher	Breelyn Karno	"{""identity"": ""surname + first name; not verified across sources"", ""found_in"": [""reporter""]}"
PERSON:kavalali_ege	researcher	Ege T Kavalali	"{""identity"": ""surname + first name; not verified across sources"", ""found_in"": [""pubmed""]}"
PERSON:kessi_miriam	researcher	Miriam Kessi	"{""identity"": ""surname + first name; not verified across sources"", ""found_in"": [""pubmed""]}"
PERSON:key_jana	researcher	Jana Key	"{""identity"": ""surname + first name; not verified across sources"", ""found_in"": [""pubmed""]}"
PERSON:khoury_elizabeth	researcher	Elizabeth Smith Khoury	"{""identity"": ""surname + first name; not verified across sources"", ""found_in"": [""pubmed""]}"
PERSON:kielar_catherine	researcher	Catherine Kielar	"{""identity"": ""surname + first name; not verified across sources"", ""found_in"": [""pubmed""]}"
PERSON:kilpel-inen_tuomas	researcher	Tuomas O Kilpeläinen	"{""identity"": ""surname + first name; not verified across sources"", ""found_in"": [""pubmed""]}"
PERSON:kim_ji	researcher	Ji-Hee Kim	"{""identity"": ""surname + first name; not verified across sources"", ""found_in"": [""pubmed""]}"
PERSON:klopstock_thomas	researcher	Thomas Klopstock	"{""identity"": ""surname + first name; not verified across sources"", ""found_in"": [""pubmed""]}"
PERSON:kohtz_jhumku	researcher	Jhumku D Kohtz	"{""identity"": ""surname + first name; not verified across sources"", ""found_in"": [""pubmed""]}"
PERSON:kolata_stefan	researcher	Stefan M Kolata	"{""identity"": ""surname + first name; not verified across sources"", ""found_in"": [""pubmed""]}"
PERSON:krishnakumar_shyam	researcher	Shyam S Krishnakumar	"{""identity"": ""surname + first name; not verified across sources"", ""found_in"": [""pubmed"", ""reporter""]}"
PERSON:kumar_hrishikesh	researcher	Hrishikesh Kumar	"{""identity"": ""surname + first name; not verified across sources"", ""found_in"": [""pubmed""]}"
PERSON:kurian_manju	researcher	Manju A Kurian	"{""identity"": ""surname + first name; not verified across sources"", ""found_in"": [""pubmed""]}"
PERSON:kutsche_kerstin	researcher	Kerstin Kutsche	"{""identity"": ""surname + first name; not verified across sources"", ""found_in"": [""pubmed""]}"
PERSON:labouesse_marie	researcher	Marie Anaïs Labouesse	"{""identity"": ""surname + first name; not verified across sources"", ""found_in"": [""pubmed""]}"
PERSON:laconte_leslie	researcher	Leslie LaConte	"{""identity"": ""surname + first name; not verified across sources"", ""found_in"": [""pubmed""]}"
PERSON:lahut_suna	researcher	Suna Lahut	"{""identity"": ""surname + first name; not verified across sources"", ""found_in"": [""pubmed""]}"
PERSON:lal_dennis	researcher	Dennis Lal	"{""identity"": ""surname + first name; not verified across sources"", ""found_in"": [""pubmed""]}"
PERSON:lanoue_vanessa	researcher	Vanessa Lanoue	"{""identity"": ""surname + first name; not verified across sources"", ""found_in"": [""pubmed""]}"
PERSON:lead_clinical	researcher	Clinical Development Lead	"{""identity"": ""surname + first name; not verified across sources"", ""found_in"": [""trials""]}"
PERSON:lee_chop	researcher	Chop Yan Lee	"{""identity"": ""surname + first name; not verified across sources"", ""found_in"": [""pubmed""]}"
PERSON:lee_hsiu	researcher	Hsiu-Fen Lee	"{""identity"": ""surname + first name; not verified across sources"", ""found_in"": [""pubmed""]}"
PERSON:lee_hye	researcher	Hye Young Lee	"{""identity"": ""surname + first name; not verified across sources"", ""found_in"": [""reporter""]}"
PERSON:lee_pa	researcher	Pa Reum Lee	"{""identity"": ""surname + first name; not verified across sources"", ""found_in"": [""pubmed""]}"
PERSON:lemke_johannes	researcher	Johannes R Lemke	"{""identity"": ""surname + first name; not verified across sources"", ""found_in"": [""pubmed""]}"
PERSON:lenihan_joan	researcher	Joan A Lenihan	"{""identity"": ""surname + first name; not verified across sources"", ""found_in"": [""pubmed""]}"
PERSON:lett_tristram	researcher	Tristram A Lett	"{""identity"": ""surname + first name; not verified across sources"", ""found_in"": [""pubmed""]}"
PERSON:leuzzi_vincenzo	researcher	Vincenzo Leuzzi	"{""identity"": ""surname + first name; not verified across sources"", ""found_in"": [""pubmed""]}"
PERSON:li_baomin	researcher	Baomin Li	"{""identity"": ""surname + first name; not verified across sources"", ""found_in"": [""pubmed""]}"
PERSON:li_kevin	researcher	Kevin J Li	"{""identity"": ""surname + first name; not verified across sources"", ""found_in"": [""pubmed""]}"
PERSON:li_lei	researcher	Lei Li	"{""identity"": ""surname + first name; not verified across sources"", ""found_in"": [""pubmed""]}"
PERSON:li_na	researcher	Na Li	"{""identity"": ""surname + first name; not verified across sources"", ""found_in"": [""pubmed""]}"
PERSON:li_pei	researcher	Pei Li	"{""identity"": ""surname + first name; not verified across sources"", ""found_in"": [""pubmed""]}"
PERSON:liang_chen	researcher	Chen Liang	"{""identity"": ""surname + first name; not verified across sources"", ""found_in"": [""pubmed""]}"
PERSON:lima_manuela	researcher	Manuela Lima	"{""identity"": ""surname + first name; not verified across sources"", ""found_in"": [""pubmed""]}"
PERSON:lin_liling	researcher	Liling Lin	"{""identity"": ""surname + first name; not verified across sources"", ""found_in"": [""pubmed""]}"
PERSON:lindy_amanda	researcher	Amanda S Lindy	"{""identity"": ""surname + first name; not verified across sources"", ""found_in"": [""pubmed""]}"
PERSON:liskiewicz_arkadiusz	researcher	Arkadiusz Liskiewicz	"{""identity"": ""surname + first name; not verified across sources"", ""found_in"": [""pubmed""]}"
PERSON:liu_jing	researcher	Jing Liu	"{""identity"": ""surname + first name; not verified across sources"", ""found_in"": [""pubmed""]}"
PERSON:liu_zhihui	researcher	Zhihui Liu	"{""identity"": ""surname + first name; not verified across sources"", ""found_in"": [""pubmed""]}"
PERSON:lohmann_ebba	researcher	Ebba Lohmann	"{""identity"": ""surname + first name; not verified across sources"", ""found_in"": [""pubmed""]}"
PERSON:loos_ruth	researcher	Ruth J F Loos	"{""identity"": ""surname + first name; not verified across sources"", ""found_in"": [""pubmed""]}"
PERSON:lou_xiaochu	researcher	Xiaochu Lou	"{""identity"": ""surname + first name; not verified across sources"", ""found_in"": [""pubmed""]}"
PERSON:loussouarn_anna	researcher	Anna Loussouarn	"{""identity"": ""surname + first name; not verified across sources"", ""found_in"": [""pubmed""]}"
PERSON:lozano_reymundo	researcher	Reymundo Lozano	"{""identity"": ""surname + first name; not verified across sources"", ""found_in"": [""pubmed""]}"
PERSON:lu_weihong	researcher	Weihong Lu	"{""identity"": ""surname + first name; not verified across sources"", ""found_in"": [""pubmed""]}"
PERSON:lucas_elizabeth	researcher	Elizabeth K Lucas	"{""identity"": ""surname + first name; not verified across sources"", ""found_in"": [""pubmed""]}"
PERSON:luck_katja	researcher	Katja Luck	"{""identity"": ""surname + first name; not verified across sources"", ""found_in"": [""pubmed""]}"
PERSON:lukey_michael	researcher	Michael Lukey	"{""identity"": ""surname + first name; not verified across sources"", ""found_in"": [""reporter""]}"
PERSON:luo_rong	researcher	Rong Luo	"{""identity"": ""surname + first name; not verified across sources"", ""found_in"": [""pubmed""]}"
PERSON:lupski_james	researcher	James R Lupski	"{""identity"": ""surname + first name; not verified across sources"", ""found_in"": [""pubmed""]}"
PERSON:lux-lantos_victoria	researcher	Victoria Lux-Lantos	"{""identity"": ""surname + first name; not verified across sources"", ""found_in"": [""pubmed""]}"
PERSON:lynch_david	researcher	David S Lynch	"{""identity"": ""surname + first name; not verified across sources"", ""found_in"": [""pubmed""]}"
PERSON:lyon_maureen	researcher	Maureen E Lyon, PhD	"{""identity"": ""surname + first name; not verified across sources"", ""found_in"": [""trials""]}"
PERSON:m-ller_rikke	researcher	Rikke S Møller	"{""identity"": ""surname + first name; not verified across sources"", ""found_in"": [""pubmed""]}"
PERSON:m-ller_timo	researcher	Timo D Müller	"{""identity"": ""surname + first name; not verified across sources"", ""found_in"": [""pubmed""]}"
PERSON:m-rquez_javier	researcher	Javier Márquez	"{""identity"": ""surname + first name; not verified across sources"", ""found_in"": [""pubmed""]}"
PERSON:ma_panpan	researcher	Panpan Ma	"{""identity"": ""surname + first name; not verified across sources"", ""found_in"": [""pubmed""]}"
PERSON:ma_yinan	researcher	Yinan Ma	"{""identity"": ""surname + first name; not verified across sources"", ""found_in"": [""pubmed""]}"
PERSON:maciag_thomas	researcher	Thomas Maciag	"{""identity"": ""surname + first name; not verified across sources"", ""found_in"": [""pubmed""]}"
PERSON:mackenzie-gray-scott_connie	researcher	Connie Mackenzie-Gray Scott	"{""identity"": ""surname + first name; not verified across sources"", ""found_in"": [""pubmed""]}"
PERSON:madden_matthew	researcher	Matthew Madden	"{""identity"": ""surname + first name; not verified across sources"", ""found_in"": [""reporter""]}"
PERSON:majewski_jacek	researcher	Jacek Majewski	"{""identity"": ""surname + first name; not verified across sources"", ""found_in"": [""pubmed""]}"
PERSON:major_amy	researcher	Amy Major	"{""identity"": ""surname + first name; not verified across sources"", ""found_in"": [""reporter""]}"
PERSON:makinson_christopher	researcher	Christopher Makinson	"{""identity"": ""surname + first name; not verified across sources"", ""found_in"": [""reporter""]}"
PERSON:malm_tarja	researcher	Tarja Malm	"{""identity"": ""surname + first name; not verified across sources"", ""found_in"": [""pubmed""]}"
PERSON:mankoff_david	researcher	David Mankoff	"{""identity"": ""surname + first name; not verified across sources"", ""found_in"": [""reporter""]}"
PERSON:marie_suely	researcher	Suely Kazue Nagahashi Marie	"{""identity"": ""surname + first name; not verified across sources"", ""found_in"": [""pubmed""]}"
PERSON:martinez-lopez_jesus	researcher	Jesus E Martinez-Lopez	"{""identity"": ""surname + first name; not verified across sources"", ""found_in"": [""pubmed""]}"
PERSON:mastrangelo_mario	researcher	Mario Mastrangelo	"{""identity"": ""surname + first name; not verified across sources"", ""found_in"": [""pubmed""]}"
PERSON:mccallion_andrew	researcher	Andrew S McCallion	"{""identity"": ""surname + first name; not verified across sources"", ""found_in"": [""pubmed""]}"
PERSON:mccrimmon_colin	researcher	Colin M McCrimmon	"{""identity"": ""surname + first name; not verified across sources"", ""found_in"": [""pubmed""]}"
PERSON:mcknight_dianalee	researcher	Dianalee A McKnight	"{""identity"": ""surname + first name; not verified across sources"", ""found_in"": [""pubmed""]}"
PERSON:mefford_heather	researcher	Heather C Mefford	"{""identity"": ""surname + first name; not verified across sources"", ""found_in"": [""pubmed""]}"
PERSON:meisler_miriam	researcher	Miriam H Meisler	"{""identity"": ""surname + first name; not verified across sources"", ""found_in"": [""pubmed"", ""reporter""]}"
PERSON:mencacci_niccol	researcher	Niccolò E Mencacci	"{""identity"": ""surname + first name; not verified across sources"", ""found_in"": [""pubmed""]}"
PERSON:mercimek-mahmutoglu_saadet	researcher	Saadet Mercimek-Mahmutoglu	"{""identity"": ""surname + first name; not verified across sources"", ""found_in"": [""pubmed""]}"
PERSON:messenger_scott	researcher	Scott W Messenger	"{""identity"": ""surname + first name; not verified across sources"", ""found_in"": [""pubmed""]}"
PERSON:meunier_frederic	researcher	Frederic A Meunier	"{""identity"": ""surname + first name; not verified across sources"", ""found_in"": [""pubmed""]}"
PERSON:meyer_urs	researcher	Urs Meyer	"{""identity"": ""surname + first name; not verified across sources"", ""found_in"": [""pubmed""]}"
PERSON:mignot_cyril	researcher	Cyril Mignot	"{""identity"": ""surname + first name; not verified across sources"", ""found_in"": [""pubmed""]}"
PERSON:miralles_raquel	researcher	Raquel Miralles	"{""identity"": ""surname + first name; not verified across sources"", ""found_in"": [""reporter""]}"
PERSON:mirnics_karoly	researcher	Karoly Mirnics	"{""identity"": ""surname + first name; not verified across sources"", ""found_in"": [""reporter""]}"
PERSON:mitchell_amanda	researcher	Amanda C Mitchell	"{""identity"": ""surname + first name; not verified across sources"", ""found_in"": [""pubmed""]}"
PERSON:mitta_nandini	researcher	Nandini Mitta	"{""identity"": ""surname + first name; not verified across sources"", ""found_in"": [""pubmed""]}"
PERSON:miyata_shigeo	researcher	Shigeo Miyata	"{""identity"": ""surname + first name; not verified across sources"", ""found_in"": [""pubmed""]}"
PERSON:mogilenko_denis	researcher	Denis Mogilenko	"{""identity"": ""surname + first name; not verified across sources"", ""found_in"": [""reporter""]}"
PERSON:monitor_medical	researcher	Medical Monitor, MD	"{""identity"": ""surname + first name; not verified across sources"", ""found_in"": [""trials""]}"
PERSON:moog_ute	researcher	Ute Moog	"{""identity"": ""surname + first name; not verified across sources"", ""found_in"": [""pubmed""]}"
PERSON:moreira-franco_yollanda	researcher	Yollanda E Moreira Franco	"{""identity"": ""surname + first name; not verified across sources"", ""found_in"": [""pubmed""]}"
PERSON:mori_takuma	researcher	Takuma Mori	"{""identity"": ""surname + first name; not verified across sources"", ""found_in"": [""pubmed""]}"
PERSON:moss_tom	researcher	Tom Moss	"{""identity"": ""surname + first name; not verified across sources"", ""found_in"": [""pubmed""]}"
PERSON:mota_nina	researcher	Nina Roth Mota	"{""identity"": ""surname + first name; not verified across sources"", ""found_in"": [""pubmed""]}"
PERSON:mukherjee_konark	researcher	Konark Mukherjee	"{""identity"": ""surname + first name; not verified across sources"", ""found_in"": [""pubmed"", ""reporter""]}"
PERSON:murnane_kevin	researcher	Kevin Murnane	"{""identity"": ""surname + first name; not verified across sources"", ""found_in"": [""reporter""]}"
PERSON:murthy_niren	researcher	Niren Murthy	"{""identity"": ""surname + first name; not verified across sources"", ""found_in"": [""reporter""]}"
PERSON:myers_kenneth	researcher	Kenneth A Myers	"{""identity"": ""surname + first name; not verified across sources"", ""found_in"": [""pubmed""]}"
PERSON:nakajiri_tomoshi	researcher	Tomoshi Nakajiri	"{""identity"": ""surname + first name; not verified across sources"", ""found_in"": [""pubmed""]}"
PERSON:nakazawa_kazu	researcher	Kazu Nakazawa	"{""identity"": ""surname + first name; not verified across sources"", ""found_in"": [""pubmed""]}"
PERSON:neligan_aidan	researcher	Aidan Neligan	"{""identity"": ""surname + first name; not verified across sources"", ""found_in"": [""pubmed""]}"
PERSON:neuray_caroline	researcher	Caroline Neuray	"{""identity"": ""surname + first name; not verified across sources"", ""found_in"": [""pubmed""]}"
PERSON:newcomb_dawn	researcher	Dawn Newcomb	"{""identity"": ""surname + first name; not verified across sources"", ""found_in"": [""reporter""]}"
PERSON:ngoh_adeline	researcher	Adeline Ngoh	"{""identity"": ""surname + first name; not verified across sources"", ""found_in"": [""pubmed""]}"
PERSON:ngwa_verra	researcher	Verra Ngwa	"{""identity"": ""surname + first name; not verified across sources"", ""found_in"": [""reporter""]}"
PERSON:nolan_patrick	researcher	Patrick M Nolan	"{""identity"": ""surname + first name; not verified across sources"", ""found_in"": [""pubmed""]}"
PERSON:o-dak_monika	researcher	Monika Ołdak	"{""identity"": ""surname + first name; not verified across sources"", ""found_in"": [""pubmed""]}"
PERSON:oh_seog	researcher	Seog Bae Oh	"{""identity"": ""surname + first name; not verified across sources"", ""found_in"": [""pubmed""]}"
PERSON:oleksyk_taras	researcher	Taras K Oleksyk	"{""identity"": ""surname + first name; not verified across sources"", ""found_in"": [""pubmed""]}"
PERSON:oliver_peter	researcher	Peter L Oliver	"{""identity"": ""surname + first name; not verified across sources"", ""found_in"": [""pubmed""]}"
PERSON:osman_abdullah	researcher	Abdullah Osman	"{""identity"": ""surname + first name; not verified across sources"", ""found_in"": [""reporter""]}"
PERSON:ozi-b-o_dominika	researcher	Dominika Oziębło	"{""identity"": ""surname + first name; not verified across sources"", ""found_in"": [""pubmed""]}"
PERSON:pal_pramod	researcher	Pramod Kumar Pal	"{""identity"": ""surname + first name; not verified across sources"", ""found_in"": [""pubmed""]}"
PERSON:pan_tianhui	researcher	Tianhui Pan	"{""identity"": ""surname + first name; not verified across sources"", ""found_in"": [""pubmed""]}"
PERSON:parisotto_daniel	researcher	Daniel Parisotto	"{""identity"": ""surname + first name; not verified across sources"", ""found_in"": [""pubmed""]}"
PERSON:park_yongsoo	researcher	Yongsoo Park	"{""identity"": ""surname + first name; not verified across sources"", ""found_in"": [""pubmed""]}"
PERSON:patel_manoj	researcher	Manoj Patel	"{""identity"": ""surname + first name; not verified across sources"", ""found_in"": [""reporter""]}"
PERSON:patel_paras	researcher	Paras Patel	"{""identity"": ""surname + first name; not verified across sources"", ""found_in"": [""reporter""]}"
PERSON:paul_maimuna	researcher	Maimuna S Paul	"{""identity"": ""surname + first name; not verified across sources"", ""found_in"": [""pubmed""]}"
PERSON:pelttari_liisa	researcher	Liisa M Pelttari	"{""identity"": ""surname + first name; not verified across sources"", ""found_in"": [""pubmed""]}"
PERSON:pillai_andrea	researcher	Andrea Pillai	"{""identity"": ""surname + first name; not verified across sources"", ""found_in"": [""pubmed""]}"
PERSON:piper_robert	researcher	Robert Piper	"{""identity"": ""surname + first name; not verified across sources"", ""found_in"": [""reporter""]}"
PERSON:piri_natik	researcher	Natik Piri	"{""identity"": ""surname + first name; not verified across sources"", ""found_in"": [""pubmed""]}"
PERSON:pisciotta_livia	researcher	Livia Pisciotta	"{""identity"": ""surname + first name; not verified across sources"", ""found_in"": [""pubmed""]}"
PERSON:pla_ramon	researcher	Ramon Pla	"{""identity"": ""surname + first name; not verified across sources"", ""found_in"": [""pubmed""]}"
PERSON:platzer_konrad	researcher	Konrad Platzer	"{""identity"": ""surname + first name; not verified across sources"", ""found_in"": [""pubmed""]}"
PERSON:polanski_witold	researcher	Witold H Polanski	"{""identity"": ""surname + first name; not verified across sources"", ""found_in"": [""pubmed""]}"
PERSON:pons-vizcarra_maria	researcher	Maria Pons-Vizcarra	"{""identity"": ""surname + first name; not verified across sources"", ""found_in"": [""pubmed""]}"
PERSON:preston_todd	researcher	Todd W Preston	"{""identity"": ""surname + first name; not verified across sources"", ""found_in"": [""pubmed""]}"
PERSON:prudovsky_igor	researcher	Igor Prudovsky	"{""identity"": ""surname + first name; not verified across sources"", ""found_in"": [""pubmed""]}"
PERSON:puelles_eduardo	researcher	Eduardo Puelles	"{""identity"": ""surname + first name; not verified across sources"", ""found_in"": [""pubmed""]}"
PERSON:qu_xiusheng	researcher	Xiusheng Qu	"{""identity"": ""surname + first name; not verified across sources"", ""found_in"": [""pubmed""]}"
PERSON:qu_yikun	researcher	Yikun Qu	"{""identity"": ""surname + first name; not verified across sources"", ""found_in"": [""pubmed""]}"
PERSON:raposo_mafalda	researcher	Mafalda Raposo	"{""identity"": ""surname + first name; not verified across sources"", ""found_in"": [""pubmed""]}"
PERSON:rathmell_jeffrey	researcher	Jeffrey Rathmell	"{""identity"": ""surname + first name; not verified across sources"", ""found_in"": [""reporter""]}"
PERSON:redler_silke	researcher	Silke Redler	"{""identity"": ""surname + first name; not verified across sources"", ""found_in"": [""pubmed""]}"
PERSON:rehman_atteeq	researcher	Atteeq U Rehman	"{""identity"": ""surname + first name; not verified across sources"", ""found_in"": [""pubmed""]}"
PERSON:riganti_loredana	researcher	Loredana Riganti	"{""identity"": ""surname + first name; not verified across sources"", ""found_in"": [""pubmed""]}"
PERSON:riggins_gregory	researcher	Gregory J Riggins	"{""identity"": ""surname + first name; not verified across sources"", ""found_in"": [""pubmed""]}"
PERSON:riggs_edith	researcher	Edith Riggs	"{""identity"": ""surname + first name; not verified across sources"", ""found_in"": [""pubmed""]}"
PERSON:rizo_josep	researcher	Josep Rizo	"{""identity"": ""surname + first name; not verified across sources"", ""found_in"": [""pubmed""]}"
PERSON:rodriguez-zas_sandra	researcher	Sandra L Rodriguez-Zas	"{""identity"": ""surname + first name; not verified across sources"", ""found_in"": [""pubmed""]}"
PERSON:rodriguez_isabel	researcher	Isabel Rodriguez	"{""identity"": ""surname + first name; not verified across sources"", ""found_in"": [""pubmed""]}"
PERSON:romano_giulia	researcher	Giulia Romano	"{""identity"": ""surname + first name; not verified across sources"", ""found_in"": [""pubmed""]}"
PERSON:roullet_jean	researcher	Jean-Baptiste Roullet	"{""identity"": ""surname + first name; not verified across sources"", ""found_in"": [""pubmed""]}"
PERSON:rovaris_diego	researcher	Diego L Rovaris	"{""identity"": ""surname + first name; not verified across sources"", ""found_in"": [""pubmed""]}"
PERSON:rubenstein_john	researcher	John L R Rubenstein	"{""identity"": ""surname + first name; not verified across sources"", ""found_in"": [""pubmed""]}"
PERSON:rumping_lynne	researcher	Lynne Rumping	"{""identity"": ""surname + first name; not verified across sources"", ""found_in"": [""pubmed""]}"
PERSON:ryu_je	researcher	Je-Kyung Ryu	"{""identity"": ""surname + first name; not verified across sources"", ""found_in"": [""pubmed""]}"
PERSON:s-dhof_thomas	researcher	Thomas C Südhof	"{""identity"": ""surname + first name; not verified across sources"", ""found_in"": [""pubmed""]}"
PERSON:s-llner_thomas	researcher	Thomas H Söllner	"{""identity"": ""surname + first name; not verified across sources"", ""found_in"": [""pubmed""]}"
PERSON:sahly_ahmed	researcher	Ahmed N Sahly	"{""identity"": ""surname + first name; not verified across sources"", ""found_in"": [""pubmed""]}"
PERSON:samanta_debopam	researcher	Debopam Samanta	"{""identity"": ""surname + first name; not verified across sources"", ""found_in"": [""pubmed""]}"
PERSON:samarasinghe_ranmal	researcher	Ranmal A Samarasinghe	"{""identity"": ""surname + first name; not verified across sources"", ""found_in"": [""pubmed"", ""reporter""]}"
PERSON:scala_marcello	researcher	Marcello Scala	"{""identity"": ""surname + first name; not verified across sources"", ""found_in"": [""pubmed""]}"
PERSON:schachner_melitta	researcher	Melitta Schachner	"{""identity"": ""surname + first name; not verified across sources"", ""found_in"": [""pubmed""]}"
PERSON:schapire_arnaldo	researcher	Arnaldo L Schapire	"{""identity"": ""surname + first name; not verified across sources"", ""found_in"": [""pubmed""]}"
PERSON:scheffer_ingrid	researcher	Ingrid E Scheffer	"{""identity"": ""surname + first name; not verified across sources"", ""found_in"": [""pubmed""]}"
PERSON:schornack_anna	researcher	Anna Marie Schornack	"{""identity"": ""surname + first name; not verified across sources"", ""found_in"": [""reporter""]}"
PERSON:schreiber_john	researcher	John M Schreiber	"{""identity"": ""surname + first name; not verified across sources"", ""found_in"": [""pubmed""]}"
PERSON:shchubelka_khrystyna	researcher	Khrystyna Shchubelka	"{""identity"": ""surname + first name; not verified across sources"", ""found_in"": [""pubmed""]}"
PERSON:shelby_elena	researcher	Elena Silvia Shelby	"{""identity"": ""surname + first name; not verified across sources"", ""found_in"": [""pubmed""]}"
PERSON:shi_yuhui	researcher	Yuhui Shi	"{""identity"": ""surname + first name; not verified across sources"", ""found_in"": [""pubmed""]}"
PERSON:shin_ok	researcher	Ok-Ho Shin	"{""identity"": ""surname + first name; not verified across sources"", ""found_in"": [""pubmed""]}"
PERSON:shin_yeon	researcher	Yeon-Kyun Shin	"{""identity"": ""surname + first name; not verified across sources"", ""found_in"": [""pubmed""]}"
PERSON:shiraishi_yuto	researcher	Yuto Shiraishi	"{""identity"": ""surname + first name; not verified across sources"", ""found_in"": [""pubmed""]}"
PERSON:siegert_sandra	researcher	Sandra Siegert	"{""identity"": ""surname + first name; not verified across sources"", ""found_in"": [""pubmed""]}"
PERSON:simmons_roxanne	researcher	Roxanne L Simmons	"{""identity"": ""surname + first name; not verified across sources"", ""found_in"": [""pubmed""]}"
PERSON:singh_yajuvinder	researcher	Yajuvinder Singh	"{""identity"": ""surname + first name; not verified across sources"", ""found_in"": [""pubmed""]}"
PERSON:sisodiya_sanjay	researcher	Sanjay M Sisodiya	"{""identity"": ""surname + first name; not verified across sources"", ""found_in"": [""pubmed""]}"
PERSON:skuladottir_astros	researcher	Astros Th Skuladottir	"{""identity"": ""surname + first name; not verified across sources"", ""found_in"": [""pubmed""]}"
PERSON:slusher_barbara	researcher	Barbara S Slusher	"{""identity"": ""surname + first name; not verified across sources"", ""found_in"": [""pubmed""]}"
PERSON:smith_jennifer	researcher	Jennifer A Smith	"{""identity"": ""surname + first name; not verified across sources"", ""found_in"": [""pubmed""]}"
PERSON:smith_karen	researcher	Karen Müller Smith	"{""identity"": ""surname + first name; not verified across sources"", ""found_in"": [""pubmed""]}"
PERSON:smith_richard	researcher	Richard J H Smith	"{""identity"": ""surname + first name; not verified across sources"", ""found_in"": [""pubmed""]}"
PERSON:snyder_hannah	researcher	Hannah E Snyder	"{""identity"": ""surname + first name; not verified across sources"", ""found_in"": [""pubmed""]}"
PERSON:song_chao	researcher	Chao Song	"{""identity"": ""surname + first name; not verified across sources"", ""found_in"": [""pubmed""]}"
PERSON:soto-padilla_andrea	researcher	Andrea Soto-Padilla	"{""identity"": ""surname + first name; not verified across sources"", ""found_in"": [""trials""]}"
PERSON:sourbier_carole	researcher	Carole Sourbier	"{""identity"": ""surname + first name; not verified across sources"", ""found_in"": [""pubmed""]}"
PERSON:specchio_nicola	researcher	Nicola Specchio	"{""identity"": ""surname + first name; not verified across sources"", ""found_in"": [""pubmed""]}"
PERSON:spinelli_jessica	researcher	Jessica Spinelli	"{""identity"": ""surname + first name; not verified across sources"", ""found_in"": [""reporter""]}"
PERSON:spoto_giulia	researcher	Giulia Spoto	"{""identity"": ""surname + first name; not verified across sources"", ""found_in"": [""pubmed""]}"
PERSON:srivastava_sarika	researcher	Sarika Srivastava	"{""identity"": ""surname + first name; not verified across sources"", ""found_in"": [""reporter""]}"
PERSON:stamberger_hannah	researcher	Hannah Stamberger	"{""identity"": ""surname + first name; not verified across sources"", ""found_in"": [""trials"", ""pubmed""]}"
PERSON:stanley_kate	researcher	Kate Stanley	"{""identity"": ""surname + first name; not verified across sources"", ""found_in"": [""pubmed""]}"
PERSON:steel_dora	researcher	Dora Steel	"{""identity"": ""surname + first name; not verified across sources"", ""found_in"": [""pubmed""]}"
PERSON:stefansson_kari	researcher	Kari Stefansson	"{""identity"": ""surname + first name; not verified across sources"", ""found_in"": [""pubmed""]}"
PERSON:sun_tao	researcher	Tao Sun	"{""identity"": ""surname + first name; not verified across sources"", ""found_in"": [""pubmed""]}"
PERSON:symonds_joseph	researcher	Joseph D Symonds	"{""identity"": ""surname + first name; not verified across sources"", ""found_in"": [""pubmed""]}"
PERSON:szeliga_monika	researcher	Monika Szeliga	"{""identity"": ""surname + first name; not verified across sources"", ""found_in"": [""pubmed""]}"
PERSON:tabarean_iustin	researcher	Iustin V Tabarean	"{""identity"": ""surname + first name; not verified across sources"", ""found_in"": [""pubmed""]}"
PERSON:tabuchi_katsuhiko	researcher	Katsuhiko Tabuchi	"{""identity"": ""surname + first name; not verified across sources"", ""found_in"": [""pubmed""]}"
PERSON:talwar_dinesh	researcher	Dinesh Talwar	"{""identity"": ""surname + first name; not verified across sources"", ""found_in"": [""pubmed""]}"
PERSON:tammimies_kristiina	researcher	Kristiina Tammimies	"{""identity"": ""surname + first name; not verified across sources"", ""found_in"": [""pubmed""]}"
PERSON:tang_bor	researcher	Bor L Tang	"{""identity"": ""surname + first name; not verified across sources"", ""found_in"": [""pubmed""]}"
PERSON:taschenberger_holger	researcher	Holger Taschenberger	"{""identity"": ""surname + first name; not verified across sources"", ""found_in"": [""pubmed""]}"
PERSON:tashiro_kosuke	researcher	Kosuke Tashiro	"{""identity"": ""surname + first name; not verified across sources"", ""found_in"": [""pubmed""]}"
PERSON:taylor_cora	researcher	Cora Taylor, PhD	"{""identity"": ""surname + first name; not verified across sources"", ""found_in"": [""trials""]}"
PERSON:tayoun_abou	researcher	Abou Ahmad N Tayoun	"{""identity"": ""surname + first name; not verified across sources"", ""found_in"": [""pubmed""]}"
PERSON:thanuja_basavanagowda	researcher	Basavanagowda Thanuja	"{""identity"": ""surname + first name; not verified across sources"", ""found_in"": [""pubmed""]}"
PERSON:thomas_sanjeev	researcher	Sanjeev V Thomas	"{""identity"": ""surname + first name; not verified across sources"", ""found_in"": [""pubmed""]}"
PERSON:tremblay_michel	researcher	Michel G Tremblay	"{""identity"": ""surname + first name; not verified across sources"", ""found_in"": [""pubmed""]}"
PERSON:trevelyan_andrew	researcher	Andrew J Trevelyan	"{""identity"": ""surname + first name; not verified across sources"", ""found_in"": [""pubmed""]}"
PERSON:trivisano_marina	researcher	Marina Trivisano	"{""identity"": ""surname + first name; not verified across sources"", ""found_in"": [""pubmed""]}"
PERSON:troester_matthew	researcher	Matthew Troester	"{""identity"": ""surname + first name; not verified across sources"", ""found_in"": [""pubmed""]}"
PERSON:tsai_chi	researcher	Chi-Ren Tsai	"{""identity"": ""surname + first name; not verified across sources"", ""found_in"": [""pubmed""]}"
PERSON:tsai_li	researcher	Li-Huei Tsai	"{""identity"": ""surname + first name; not verified across sources"", ""found_in"": [""pubmed""]}"
PERSON:tsuda_makoto	researcher	Makoto Tsuda	"{""identity"": ""surname + first name; not verified across sources"", ""found_in"": [""pubmed""]}"
PERSON:usdin_karen	researcher	Karen Usdin	"{""identity"": ""surname + first name; not verified across sources"", ""found_in"": [""reporter""]}"
PERSON:uthamacumaran_abicumaran	researcher	Abicumaran Uthamacumaran	"{""identity"": ""surname + first name; not verified across sources"", ""found_in"": [""pubmed""]}"
PERSON:vaccarino_flora	researcher	Flora M Vaccarino	"{""identity"": ""surname + first name; not verified across sources"", ""found_in"": [""pubmed""]}"
PERSON:van-hasselt_peter	researcher	Peter M van Hasselt	"{""identity"": ""surname + first name; not verified across sources"", ""found_in"": [""pubmed""]}"
PERSON:van-karnebeek_clara	researcher	Clara D M van Karnebeek	"{""identity"": ""surname + first name; not verified across sources"", ""found_in"": [""pubmed""]}"
PERSON:van-kuilenburg_andr	researcher	André B P van Kuilenburg	"{""identity"": ""surname + first name; not verified across sources"", ""found_in"": [""pubmed""]}"
PERSON:varga_kelly	researcher	Kelly Varga	"{""identity"": ""surname + first name; not verified across sources"", ""found_in"": [""pubmed""]}"
PERSON:velletri_tania	researcher	Tania Velletri	"{""identity"": ""surname + first name; not verified across sources"", ""found_in"": [""pubmed""]}"
PERSON:verderio_claudia	researcher	Claudia Verderio	"{""identity"": ""surname + first name; not verified across sources"", ""found_in"": [""pubmed""]}"
PERSON:verhage_matthijs	researcher	Matthijs Verhage	"{""identity"": ""surname + first name; not verified across sources"", ""found_in"": [""trials"", ""pubmed""]}"
PERSON:verstreken_patrik	researcher	Patrik Verstreken	"{""identity"": ""surname + first name; not verified across sources"", ""found_in"": [""pubmed""]}"
PERSON:viswanathan_sindhu	researcher	Sindhu Viswanathan	"{""identity"": ""surname + first name; not verified across sources"", ""found_in"": [""pubmed""]}"
PERSON:voglmaier_susan	researcher	Susan M Voglmaier	"{""identity"": ""surname + first name; not verified across sources"", ""found_in"": [""pubmed""]}"
PERSON:voineskos_aristotle	researcher	Aristotle N Voineskos	"{""identity"": ""surname + first name; not verified across sources"", ""found_in"": [""pubmed""]}"
PERSON:volynski_kirill	researcher	Kirill Volynski	"{""identity"": ""surname + first name; not verified across sources"", ""found_in"": [""reporter""]}"
PERSON:wang_qiu	researcher	Qiu-Wen Wang	"{""identity"": ""surname + first name; not verified across sources"", ""found_in"": [""pubmed""]}"
PERSON:wang_tianyun	researcher	Tianyun Wang	"{""identity"": ""surname + first name; not verified across sources"", ""found_in"": [""pubmed""]}"
PERSON:wang_ting	researcher	Ting-Hua Wang	"{""identity"": ""surname + first name; not verified across sources"", ""found_in"": [""pubmed""]}"
PERSON:wang_wei	researcher	Wei Wang	"{""identity"": ""surname + first name; not verified across sources"", ""found_in"": [""pubmed""]}"
PERSON:wang_xin	researcher	Xin Wang	"{""identity"": ""surname + first name; not verified across sources"", ""found_in"": [""pubmed""]}"
PERSON:weckhuysen_sarah	researcher	Sarah Weckhuysen	"{""identity"": ""surname + first name; not verified across sources"", ""found_in"": [""pubmed""]}"
PERSON:wenker_ian	researcher	Ian Wenker	"{""identity"": ""surname + first name; not verified across sources"", ""found_in"": [""reporter""]}"
PERSON:whiteley_jack	researcher	Jack Whiteley	"{""identity"": ""surname + first name; not verified across sources"", ""found_in"": [""reporter""]}"
PERSON:whitney_robyn	researcher	Robyn Whitney	"{""identity"": ""surname + first name; not verified across sources"", ""found_in"": [""pubmed""]}"
PERSON:wieczorek_dagmar	researcher	Dagmar Wieczorek	"{""identity"": ""surname + first name; not verified across sources"", ""found_in"": [""pubmed""]}"
PERSON:wojcik_sonja	researcher	Sonja M Wojcik	"{""identity"": ""surname + first name; not verified across sources"", ""found_in"": [""pubmed""]}"
PERSON:wong_jennifer	researcher	Jennifer Wong	"{""identity"": ""surname + first name; not verified across sources"", ""found_in"": [""reporter""]}"
PERSON:wu_xiandeng	researcher	Xiandeng Wu	"{""identity"": ""surname + first name; not verified across sources"", ""found_in"": [""pubmed""]}"
PERSON:wubben_thomas	researcher	Thomas J Wubben	"{""identity"": ""surname + first name; not verified across sources"", ""found_in"": [""pubmed"", ""reporter""]}"
PERSON:xian_julie	researcher	Julie Xian	"{""identity"": ""surname + first name; not verified across sources"", ""found_in"": [""pubmed""]}"
PERSON:xin_wen	researcher	Wen-Jun Xin	"{""identity"": ""surname + first name; not verified across sources"", ""found_in"": [""pubmed""]}"
PERSON:xu_yang	researcher	Yang Xu	"{""identity"": ""surname + first name; not verified across sources"", ""found_in"": [""pubmed""]}"
PERSON:xue_mingshan	researcher	Mingshan Xue	"{""identity"": ""surname + first name; not verified across sources"", ""found_in"": [""pubmed""]}"
PERSON:yamamoto_ai	researcher	Ai Yamamoto	"{""identity"": ""surname + first name; not verified across sources"", ""found_in"": [""pubmed""]}"
PERSON:yamashita_alex	researcher	Alex Shimura Yamashita	"{""identity"": ""surname + first name; not verified across sources"", ""found_in"": [""pubmed""]}"
PERSON:yan_zhen	researcher	Zhen Yan	"{""identity"": ""surname + first name; not verified across sources"", ""found_in"": [""pubmed""]}"
PERSON:yanagawa_yuchio	researcher	Yuchio Yanagawa	"{""identity"": ""surname + first name; not verified across sources"", ""found_in"": [""pubmed""]}"
PERSON:yang_jie	researcher	Jie Yang	"{""identity"": ""surname + first name; not verified across sources"", ""found_in"": [""pubmed""]}"
PERSON:yang_tengfei	researcher	Tengfei Yang	"{""identity"": ""surname + first name; not verified across sources"", ""found_in"": [""pubmed""]}"
PERSON:yao_jun	researcher	Jun Yao	"{""identity"": ""surname + first name; not verified across sources"", ""found_in"": [""pubmed""]}"
PERSON:yao_li	researcher	Li-Hua Yao	"{""identity"": ""surname + first name; not verified across sources"", ""found_in"": [""pubmed""]}"
PERSON:yin_fei	researcher	Fei Yin	"{""identity"": ""surname + first name; not verified across sources"", ""found_in"": [""pubmed""]}"
PERSON:yoshinaga_harumi	researcher	Harumi Yoshinaga	"{""identity"": ""surname + first name; not verified across sources"", ""found_in"": [""pubmed""]}"
PERSON:young_paul	researcher	Paul W Young	"{""identity"": ""surname + first name; not verified across sources"", ""found_in"": [""pubmed""]}"
PERSON:yu_wenxi	researcher	Wenxi Yu	"{""identity"": ""surname + first name; not verified across sources"", ""found_in"": [""pubmed""]}"
PERSON:zanetti_maria	researcher	Maria N Zanetti	"{""identity"": ""surname + first name; not verified across sources"", ""found_in"": [""pubmed""]}"
PERSON:zhang_chen	researcher	Chen Zhang	"{""identity"": ""surname + first name; not verified across sources"", ""found_in"": [""pubmed""]}"
PERSON:zhang_chuan	researcher	Chuan Zhang	"{""identity"": ""surname + first name; not verified across sources"", ""found_in"": [""pubmed""]}"
PERSON:zhang_hao	researcher	Hao Zhang	"{""identity"": ""surname + first name; not verified across sources"", ""found_in"": [""pubmed""]}"
PERSON:zhang_mingjie	researcher	Mingjie Zhang	"{""identity"": ""surname + first name; not verified across sources"", ""found_in"": [""pubmed""]}"
PERSON:zhang_na	researcher	Na Zhang	"{""identity"": ""surname + first name; not verified across sources"", ""found_in"": [""pubmed""]}"
PERSON:zhang_xia	researcher	Xia Zhang	"{""identity"": ""surname + first name; not verified across sources"", ""found_in"": [""pubmed""]}"
PERSON:zhang_yongli	researcher	Yongli Zhang	"{""identity"": ""surname + first name; not verified across sources"", ""found_in"": [""pubmed""]}"
PERSON:zhao_cunyou	researcher	Cunyou Zhao	"{""identity"": ""surname + first name; not verified across sources"", ""found_in"": [""pubmed""]}"
PERSON:zheng_xiaotong	researcher	Xiaotong Zheng	"{""identity"": ""surname + first name; not verified across sources"", ""found_in"": [""pubmed""]}"
PERSON:zhou_rong	researcher	Rong Zhou	"{""identity"": ""surname + first name; not verified across sources"", ""found_in"": [""reporter""]}"
PERSON:zhu_dan	researcher	Dan Zhu	"{""identity"": ""surname + first name; not verified across sources"", ""found_in"": [""pubmed""]}"
PERSON:zhu_wusheng	researcher	Wusheng Zhu	"{""identity"": ""surname + first name; not verified across sources"", ""found_in"": [""pubmed""]}"
PERSON:zhu_yongliang	researcher	Yongliang Zhu	"{""identity"": ""surname + first name; not verified across sources"", ""found_in"": [""pubmed""]}"
PERSON:zhu_yongsheng	researcher	Yongsheng Zhu	"{""identity"": ""surname + first name; not verified across sources"", ""found_in"": [""pubmed""]}"
PERSON:zollino_marcella	researcher	Marcella Zollino	"{""identity"": ""surname + first name; not verified across sources"", ""found_in"": [""pubmed""]}"
PERSON:zong_wei	researcher	Wei-Xing Zong	"{""identity"": ""surname + first name; not verified across sources"", ""found_in"": [""reporter""]}"
PMID:12135982	paper	The intracellular translocation of the components of the fibroblast growth factor 1 release complex precedes their assembly prior to export.	"{""year"": ""2002"", ""journal"": ""J Cell Biol"", ""publication_types"": [""Journal Article"", ""Research Support, U.S. Gov't, P.H.S.""], ""is_review"": false, ""found_in"": [""pubmed""]}"
PMID:15700048	paper	The neurodevelopmental model of schizophrenia: update 2005.	"{""year"": ""2005"", ""journal"": ""Mol Psychiatry"", ""publication_types"": [""Journal Article"", ""Review""], ""is_review"": true, ""found_in"": [""pubmed""]}"
PMID:16000319	paper	Profound ataxia in complexin I knockout mice masks a complex phenotype that includes exploratory and habituation deficits.	"{""year"": ""2005"", ""journal"": ""Hum Mol Genet"", ""publication_types"": [""Comparative Study"", ""Journal Article""], ""is_review"": false, ""found_in"": [""pubmed""]}"
PMID:16759710	paper	Molecular and cellular mechanisms of altered GAD1/GAD67 expression in schizophrenia and related disorders.	"{""year"": ""2006"", ""journal"": ""Brain Res Rev"", ""publication_types"": [""Journal Article"", ""Research Support, N.I.H., Extramural"", ""Review""], ""is_review"": true, ""found_in"": [""pubmed""]}"
PMID:17166926	paper	Lhx1 and Lhx5 maintain the inhibitory-neurotransmitter status of interneurons in the dorsal spinal cord.	"{""year"": ""2007"", ""journal"": ""Development"", ""publication_types"": [""Journal Article"", ""Research Support, N.I.H., Extramural"", ""Research Support, Non-U.S. Gov't""], ""is_review"": false, ""found_in"": [""pubmed""]}"
PMID:17188502	paper	Early motor development is abnormal in complexin 1 knockout mice.	"{""year"": ""2007"", ""journal"": ""Neurobiol Dis"", ""publication_types"": [""Journal Article""], ""is_review"": false, ""found_in"": [""pubmed""]}"
PMID:17652102	paper	Complexin 1 knockout mice exhibit marked deficits in social behaviours but appear to be cognitively normal.	"{""year"": ""2007"", ""journal"": ""Hum Mol Genet"", ""publication_types"": [""Journal Article"", ""Research Support, Non-U.S. Gov't""], ""is_review"": false, ""found_in"": [""pubmed""]}"
PMID:19424768	paper	Cerebellum-related characteristics of Scn8a-mutant mice.	"{""year"": ""2009"", ""journal"": ""Cerebellum"", ""publication_types"": [""Journal Article"", ""Research Support, N.I.H., Extramural"", ""Research Support, Non-U.S. Gov't"", ""Review""], ""is_review"": true, ""found_in"": [""pubmed""]}"
PMID:19620975	paper	Balanced gene regulation by an embryonic brain ncRNA is critical for adult hippocampal GABA circuitry.	"{""year"": ""2009"", ""journal"": ""Nat Neurosci"", ""publication_types"": [""Journal Article"", ""Research Support, N.I.H., Extramural"", ""Research Support, Non-U.S. Gov't""], ""is_review"": false, ""found_in"": [""pubmed""]}"
PMID:19819752	paper	Plasma membrane repair in plants.	"{""year"": ""2009"", ""journal"": ""Trends Plant Sci"", ""publication_types"": [""Journal Article"", ""Research Support, Non-U.S. Gov't"", ""Review""], ""is_review"": true, ""found_in"": [""pubmed""]}"
PMID:19847910	paper	Calcium/calmodulin-dependent serine protein kinase and mental retardation.	"{""year"": ""2009"", ""journal"": ""Ann Neurol"", ""publication_types"": [""Journal Article"", ""Research Support, Non-U.S. Gov't"", ""Review""], ""is_review"": true, ""found_in"": [""pubmed""]}"
PMID:20595373	paper	Neuroradiologic features of CASK mutations.	"{""year"": ""2010"", ""journal"": ""AJNR Am J Neuroradiol"", ""publication_types"": [""Journal Article"", ""Research Support, Non-U.S. Gov't""], ""is_review"": false, ""found_in"": [""pubmed""]}"
PMID:20711454	paper	CHL1 is a selective organizer of the presynaptic machinery chaperoning the SNARE complex.	"{""year"": ""2010"", ""journal"": ""PLoS One"", ""publication_types"": [""Journal Article"", ""Research Support, Non-U.S. Gov't""], ""is_review"": false, ""found_in"": [""pubmed""]}"
PMID:20798282	paper	Alpha-synuclein promotes SNARE-complex assembly in vivo and in vitro.	"{""year"": ""2010"", ""journal"": ""Science"", ""publication_types"": [""Journal Article"", ""Research Support, Non-U.S. Gov't""], ""is_review"": false, ""found_in"": [""pubmed""]}"
PMID:20824061	paper	Structural and mutational analysis of functional differentiation between synaptotagmins-1 and -7.	"{""year"": ""2010"", ""journal"": ""PLoS One"", ""publication_types"": [""Journal Article"", ""Research Support, N.I.H., Extramural"", ""Research Support, Non-U.S. Gov't""], ""is_review"": false, ""found_in"": [""pubmed""]}"
PMID:22196487	paper	Genes of early-onset epileptic encephalopathies: from genotype to phenotype.	"{""year"": ""2012"", ""journal"": ""Pediatr Neurol"", ""publication_types"": [""Journal Article"", ""Review""], ""is_review"": true, ""found_in"": [""pubmed""]}"
PMID:22393426	paper	Tensor-based morphometry and stereology reveal brain pathology in the complexin1 knockout mouse.	"{""year"": ""2012"", ""journal"": ""PLoS One"", ""publication_types"": [""Journal Article"", ""Research Support, Non-U.S. Gov't""], ""is_review"": false, ""found_in"": [""pubmed""]}"
PMID:22423098	paper	Synaptotagmin 1 is necessary for the Ca2+ dependence of clathrin-mediated endocytosis.	"{""year"": ""2012"", ""journal"": ""J Neurosci"", ""publication_types"": [""Comparative Study"", ""Journal Article"", ""Research Support, Non-U.S. Gov't""], ""is_review"": false, ""found_in"": [""pubmed""]}"
PMID:23638301	paper	Native α-synuclein induces clustering of synaptic-vesicle mimics via binding to phospholipids and synaptobrevin-2/VAMP2.	"{""year"": ""2013"", ""journal"": ""Elife"", ""publication_types"": [""Journal Article"", ""Research Support, N.I.H., Extramural"", ""Research Support, Non-U.S. Gov't""], ""is_review"": false, ""found_in"": [""pubmed""]}"
PMID:23708187	paper	Targeted resequencing in epileptic encephalopathies identifies de novo mutations in CHD2 and SYNGAP1.	"{""year"": ""2013"", ""journal"": ""Nat Genet"", ""publication_types"": [""Journal Article"", ""Research Support, N.I.H., Extramural"", ""Research Support, Non-U.S. Gov't""], ""is_review"": false, ""found_in"": [""pubmed""]}"
PMID:23863172	paper	Structural constraints and functional divergences in CASK evolution.	"{""year"": ""2013"", ""journal"": ""Biochem Soc Trans"", ""publication_types"": [""Journal Article"", ""Review""], ""is_review"": true, ""found_in"": [""pubmed""]}"
PMID:24121663	paper	GLS2 is transcriptionally regulated by p73 and contributes to neuronal differentiation.	"{""year"": ""2013"", ""journal"": ""Cell Cycle"", ""publication_types"": [""Journal Article"", ""Research Support, Non-U.S. Gov't""], ""is_review"": false, ""found_in"": [""pubmed""]}"
PMID:24291220	paper	The genetic basis of DOORS syndrome: an exome-sequencing study.	"{""year"": ""2014"", ""journal"": ""Lancet Neurol"", ""publication_types"": [""Journal Article"", ""Multicenter Study"", ""Research Support, N.I.H., Extramural"", ""Research Support, Non-U.S. Gov't""], ""is_review"": false, ""found_in"": [""pubmed""]}"
PMID:24315024	paper	Lack of pathogenic mutations in six patients with MMPSI.	"{""year"": ""2014"", ""journal"": ""Epilepsy Res"", ""publication_types"": [""Journal Article"", ""Research Support, Non-U.S. Gov't""], ""is_review"": false, ""found_in"": [""pubmed""]}"
PMID:24387994	paper	Mutations in TBC1D24, a gene associated with epilepsy, also cause nonsyndromic deafness DFNB86.	"{""year"": ""2014"", ""journal"": ""Am J Hum Genet"", ""publication_types"": [""Journal Article"", ""Research Support, N.I.H., Extramural"", ""Research Support, Non-U.S. Gov't""], ""is_review"": false, ""found_in"": [""pubmed""]}"
PMID:24469796	paper	TBC1D24 regulates neuronal migration and maturation through modulation of the ARF6-dependent pathway.	"{""year"": ""2014"", ""journal"": ""Proc Natl Acad Sci U S A"", ""publication_types"": [""Journal Article"", ""Research Support, Non-U.S. Gov't""], ""is_review"": false, ""found_in"": [""pubmed""]}"
PMID:24505276	paper	Whole genome analyses of a well-differentiated liposarcoma reveals novel SYT1 and DDR2 rearrangements.	"{""year"": ""2014"", ""journal"": ""PLoS One"", ""publication_types"": [""Clinical Trial"", ""Journal Article"", ""Research Support, N.I.H., Extramural"", ""Research Support, Non-U.S. Gov't""], ""is_review"": false, ""found_in"": [""pubmed""]}"
PMID:24505460	paper	Identification and glycerol-induced correction of misfolding mutations in the X-linked mental retardation gene CASK.	"{""year"": ""2014"", ""journal"": ""PLoS One"", ""publication_types"": [""Journal Article""], ""is_review"": false, ""found_in"": [""pubmed""]}"
PMID:24532794	paper	An extended helical conformation in domain 3a of Munc18-1 provides a template for SNARE (soluble N-ethylmaleimide-sensitive factor attachment protein receptor) complex assembly.	"{""year"": ""2014"", ""journal"": ""J Biol Chem"", ""publication_types"": [""Journal Article"", ""Research Support, Non-U.S. Gov't""], ""is_review"": false, ""found_in"": [""pubmed""]}"
PMID:24692137	paper	Exocytosis and synaptic vesicle function.	"{""year"": ""2014"", ""journal"": ""Compr Physiol"", ""publication_types"": [""Journal Article"", ""Research Support, Non-U.S. Gov't"", ""Review""], ""is_review"": true, ""found_in"": [""pubmed""]}"
PMID:24729539	paper	TBC1D24 mutation causes autosomal-dominant nonsyndromic hearing loss.	"{""year"": ""2014"", ""journal"": ""Hum Mutat"", ""publication_types"": [""Journal Article"", ""Research Support, N.I.H., Extramural""], ""is_review"": false, ""found_in"": [""pubmed""]}"
PMID:24738919	paper	Unusual 4p16.3 deletions suggest an additional chromosome region for the Wolf-Hirschhorn syndrome-associated seizures disorder.	"{""year"": ""2014"", ""journal"": ""Epilepsia"", ""publication_types"": [""Journal Article"", ""Research Support, Non-U.S. Gov't""], ""is_review"": false, ""found_in"": [""pubmed""]}"
PMID:24742357	paper	Ca²⁺-regulated secretory granule exocytosis in pancreatic and parotid acinar cells.	"{""year"": ""2014"", ""journal"": ""Cell Calcium"", ""publication_types"": [""Journal Article"", ""Research Support, N.I.H., Extramural"", ""Research Support, Non-U.S. Gov't"", ""Research Support, U.S. Gov't, Non-P.H.S."", ""Review""], ""is_review"": true, ""found_in"": [""pubmed""]}"
PMID:25112678	paper	Complexin-1 and Foxp1 Expression Changes Are Novel Brain Effects of Alpha-Synuclein Pathology.	"{""year"": ""2015"", ""journal"": ""Mol Neurobiol"", ""publication_types"": [""Journal Article"", ""Research Support, Non-U.S. Gov't""], ""is_review"": false, ""found_in"": [""pubmed""]}"
PMID:25116473	paper	Fgfr1 inactivation in the mouse telencephalon results in impaired maturation of interneurons expressing parvalbumin.	"{""year"": ""2014"", ""journal"": ""PLoS One"", ""publication_types"": [""Journal Article"", ""Research Support, N.I.H., Extramural"", ""Research Support, Non-U.S. Gov't""], ""is_review"": false, ""found_in"": [""pubmed""]}"
PMID:25339750	paper	PGC-1α provides a transcriptional framework for synchronous neurotransmitter release from parvalbumin-positive interneurons.	"{""year"": ""2014"", ""journal"": ""J Neurosci"", ""publication_types"": [""Journal Article"", ""Research Support, N.I.H., Extramural"", ""Research Support, Non-U.S. Gov't""], ""is_review"": false, ""found_in"": [""pubmed""]}"
PMID:25422373	paper	Reduced synaptic vesicle protein degradation at lysosomes curbs TBC1D24/sky-induced neurodegeneration.	"{""year"": ""2014"", ""journal"": ""J Cell Biol"", ""publication_types"": [""Journal Article"", ""Research Support, Non-U.S. Gov't""], ""is_review"": false, ""found_in"": [""pubmed""]}"
PMID:25458568	paper	Transcriptional regulation of GAD1 GABA synthesis gene in the prefrontal cortex of subjects with schizophrenia.	"{""year"": ""2015"", ""journal"": ""Schizophr Res"", ""publication_types"": [""Journal Article"", ""Research Support, N.I.H., Extramural"", ""Research Support, Non-U.S. Gov't"", ""Review""], ""is_review"": true, ""found_in"": [""pubmed""]}"
PMID:25529918	paper	Opposing roles of glutaminase isoforms in determining glioblastoma cell phenotype.	"{""year"": ""2015"", ""journal"": ""Neurochem Int"", ""publication_types"": [""Journal Article"", ""Review""], ""is_review"": true, ""found_in"": [""pubmed""]}"
PMID:25642194	paper	Novel phenotype associated with a mutation in the KCNA1(Kv1.1) gene.	"{""year"": ""2014"", ""journal"": ""Front Physiol"", ""publication_types"": [""Journal Article""], ""is_review"": false, ""found_in"": [""pubmed""]}"
PMID:25698939	paper	Red nucleus and rubrospinal tract disorganization in the absence of Pou4f1.	"{""year"": ""2015"", ""journal"": ""Front Neuroanat"", ""publication_types"": [""Journal Article""], ""is_review"": false, ""found_in"": [""pubmed""]}"
PMID:25765806	paper	Late-onset epileptic spasms in a female patient with a CASK mutation.	"{""year"": ""2015"", ""journal"": ""Brain Dev"", ""publication_types"": [""Case Reports"", ""Journal Article"", ""Research Support, Non-U.S. Gov't"", ""Review""], ""is_review"": true, ""found_in"": [""pubmed""]}"
PMID:25818041	paper	Diagnostic yield of genetic testing in epileptic encephalopathy in childhood.	"{""year"": ""2015"", ""journal"": ""Epilepsia"", ""publication_types"": [""Journal Article""], ""is_review"": false, ""found_in"": [""pubmed""]}"
PMID:25837287	paper	Glutaminases in brain: Multiple isoforms for many purposes.	"{""year"": ""2015"", ""journal"": ""Neurochem Int"", ""publication_types"": [""Journal Article"", ""Research Support, Non-U.S. Gov't"", ""Review""], ""is_review"": true, ""found_in"": [""pubmed""]}"
PMID:25880019	paper	A genetic variant in the promoter of phosphate-activated glutaminase is associated with hepatic encephalopathy.	"{""year"": ""2015"", ""journal"": ""J Intern Med"", ""publication_types"": [""Journal Article""], ""is_review"": false, ""found_in"": [""pubmed""]}"
PMID:25886057	paper	Phenotypic and molecular insights into CASK-related disorders in males.	"{""year"": ""2015"", ""journal"": ""Orphanet J Rare Dis"", ""publication_types"": [""Journal Article"", ""Research Support, Non-U.S. Gov't""], ""is_review"": false, ""found_in"": [""pubmed""]}"
PMID:26005852	paper	The schizophrenia risk gene product miR-137 alters presynaptic plasticity.	"{""year"": ""2015"", ""journal"": ""Nat Neurosci"", ""publication_types"": [""Journal Article"", ""Research Support, N.I.H., Extramural"", ""Research Support, Non-U.S. Gov't""], ""is_review"": false, ""found_in"": [""pubmed""]}"
PMID:26019341	paper	Complexin stabilizes newly primed synaptic vesicles and prevents their premature fusion at the mouse calyx of held synapse.	"{""year"": ""2015"", ""journal"": ""J Neurosci"", ""publication_types"": [""Journal Article"", ""Research Support, Non-U.S. Gov't""], ""is_review"": false, ""found_in"": [""pubmed""]}"
PMID:26258493	paper	Downregulation of GLS2 in glioblastoma cells is related to DNA hypermethylation but not to the p53 status.	"{""year"": ""2016"", ""journal"": ""Mol Carcinog"", ""publication_types"": [""Journal Article"", ""Research Support, Non-U.S. Gov't""], ""is_review"": false, ""found_in"": [""pubmed""]}"
PMID:26271793	paper	Diagnostic Approach to Genetic Causes of Early-Onset Epileptic Encephalopathy.	"{""year"": ""2016"", ""journal"": ""J Child Neurol"", ""publication_types"": [""Journal Article"", ""Review""], ""is_review"": true, ""found_in"": [""pubmed""]}"
PMID:26539891	paper	Genes that Affect Brain Structure and Function Identified by Rare Variant Analyses of Mendelian Neurologic Disease.	"{""year"": ""2015"", ""journal"": ""Neuron"", ""publication_types"": [""Journal Article"", ""Research Support, N.I.H., Extramural""], ""is_review"": false, ""found_in"": [""pubmed""]}"
PMID:26575259	paper	Maternal immune activation induces GAD1 and GAD2 promoter remodeling in the offspring prefrontal cortex.	"{""year"": ""2015"", ""journal"": ""Epigenetics"", ""publication_types"": [""Journal Article"", ""Research Support, N.I.H., Extramural"", ""Research Support, Non-U.S. Gov't""], ""is_review"": false, ""found_in"": [""pubmed""]}"
PMID:26822489	paper	Prefrontal White Matter Structure Mediates the Influence of GAD1 on Working Memory.	"{""year"": ""2016"", ""journal"": ""Neuropsychopharmacology"", ""publication_types"": [""Journal Article"", ""Research Support, Non-U.S. Gov't""], ""is_review"": false, ""found_in"": [""pubmed""]}"
PMID:26833098	paper	Genome-wide meta-analysis uncovers novel loci influencing circulating leptin levels.	"{""year"": ""2016"", ""journal"": ""Nat Commun"", ""publication_types"": [""Journal Article"", ""Research Support, N.I.H., Extramural"", ""Research Support, N.I.H., Intramural"", ""Research Support, Non-U.S. Gov't""], ""is_review"": false, ""found_in"": [""pubmed""]}"
PMID:26856328	paper	SNARE complex in developmental psychiatry: neurotransmitter exocytosis and beyond.	"{""year"": ""2016"", ""journal"": ""J Neural Transm (Vienna)"", ""publication_types"": [""Journal Article"", ""Review"", ""Research Support, Non-U.S. Gov't""], ""is_review"": true, ""found_in"": [""pubmed""]}"
PMID:26865513	paper	STXBP1 encephalopathy: A neurodevelopmental disorder including epilepsy.	"{""year"": ""2016"", ""journal"": ""Neurology"", ""publication_types"": [""Journal Article"", ""Research Support, Non-U.S. Gov't"", ""Review""], ""is_review"": true, ""found_in"": [""pubmed""]}"
PMID:26892388	paper	Role of skeletal muscle in motor neuron development.	"{""year"": ""2016"", ""journal"": ""Histol Histopathol"", ""publication_types"": [""Journal Article"", ""Review""], ""is_review"": true, ""found_in"": [""pubmed""]}"
PMID:27091977	paper	Phosphorylation of synaptotagmin-1 controls a post-priming step in PKC-dependent presynaptic plasticity.	"{""year"": ""2016"", ""journal"": ""Proc Natl Acad Sci U S A"", ""publication_types"": [""Journal Article"", ""Research Support, Non-U.S. Gov't""], ""is_review"": false, ""found_in"": [""pubmed""]}"
PMID:27098703	paper	Sphingosine-1-Phosphate (S1P) Impacts Presynaptic Functions by Regulating Synapsin I Localization in the Presynaptic Compartment.	"{""year"": ""2016"", ""journal"": ""J Neurosci"", ""publication_types"": [""Journal Article"", ""Research Support, Non-U.S. Gov't""], ""is_review"": false, ""found_in"": [""pubmed""]}"
PMID:27259978	paper	Unresolved questions regarding human hereditary deafness.	"{""year"": ""2017"", ""journal"": ""Oral Dis"", ""publication_types"": [""Journal Article"", ""Review""], ""is_review"": true, ""found_in"": [""pubmed""]}"
PMID:27270488	paper	SCN8A encephalopathy: Research progress and prospects.	"{""year"": ""2016"", ""journal"": ""Epilepsia"", ""publication_types"": [""Journal Article"", ""Research Support, N.I.H., Extramural"", ""Research Support, Non-U.S. Gov't""], ""is_review"": false, ""found_in"": [""pubmed""]}"
PMID:27277808	paper	mir-500-Mediated GAD67 Downregulation Contributes to Neuropathic Pain.	"{""year"": ""2016"", ""journal"": ""J Neurosci"", ""publication_types"": [""Journal Article"", ""Research Support, Non-U.S. Gov't""], ""is_review"": false, ""found_in"": [""pubmed""]}"
PMID:27281533	paper	TBC1D24 genotype-phenotype correlation: Epilepsies and other neurologic features.	"{""year"": ""2016"", ""journal"": ""Neurology"", ""publication_types"": [""Journal Article""], ""is_review"": false, ""found_in"": [""pubmed""]}"
PMID:27399837	paper	Loss of all 3 Extended Synaptotagmins does not affect normal mouse development, viability or fertility.	"{""year"": ""2016"", ""journal"": ""Cell Cycle"", ""publication_types"": [""Journal Article""], ""is_review"": false, ""found_in"": [""pubmed""]}"
PMID:27434670	paper	Ring-like oligomers of Synaptotagmins and related C2 domain proteins.	"{""year"": ""2016"", ""journal"": ""Elife"", ""publication_types"": [""Journal Article"", ""Research Support, N.I.H., Extramural""], ""is_review"": false, ""found_in"": [""pubmed""]}"
PMID:27502353	paper	Electroclinical phenotypes and outcomes in TBC1D24-related epilepsy.	"{""year"": ""2016"", ""journal"": ""Epileptic Disord"", ""publication_types"": [""Case Reports"", ""Journal Article""], ""is_review"": false, ""found_in"": [""pubmed""]}"
PMID:27541164	paper	Clinical intrafamilial variability in lethal familial neonatal seizure disorder caused by TBC1D24 mutations.	"{""year"": ""2016"", ""journal"": ""Am J Med Genet A"", ""publication_types"": [""Journal Article""], ""is_review"": false, ""found_in"": [""pubmed""]}"
PMID:27781027	paper	Understanding Genotypes and Phenotypes in Epileptic Encephalopathies.	"{""year"": ""2016"", ""journal"": ""Mol Syndromol"", ""publication_types"": [""Review"", ""Journal Article""], ""is_review"": true, ""found_in"": [""pubmed""]}"
PMID:27781031	paper	Gene Panel Testing in Epileptic Encephalopathies and Familial Epilepsies.	"{""year"": ""2016"", ""journal"": ""Mol Syndromol"", ""publication_types"": [""Journal Article""], ""is_review"": false, ""found_in"": [""pubmed""]}"
PMID:27824329	paper	De novo genic mutations among a Chinese autism spectrum disorder cohort.	"{""year"": ""2016"", ""journal"": ""Nat Commun"", ""publication_types"": [""Journal Article"", ""Research Support, N.I.H., Extramural"", ""Research Support, Non-U.S. Gov't""], ""is_review"": false, ""found_in"": [""pubmed""]}"
PMID:27889896	paper	Decreased Anxiety-Related Behaviour but Apparently Unperturbed NUMB Function in Ligand of NUMB Protein-X (LNX) 1/2 Double Knockout Mice.	"{""year"": ""2017"", ""journal"": ""Mol Neurobiol"", ""publication_types"": [""Journal Article""], ""is_review"": false, ""found_in"": [""pubmed""]}"
PMID:28099850	paper	Synaptotagmin 2 Is the Fast Ca2+ Sensor at a Central Inhibitory Synapse.	"{""year"": ""2017"", ""journal"": ""Cell Rep"", ""publication_types"": [""Journal Article""], ""is_review"": false, ""found_in"": [""pubmed""]}"
PMID:28108469	paper	Blood RNA biomarkers in prodromal PARK4 and rapid eye movement sleep behavior disorder show role of complexin 1 loss for risk of Parkinson's disease.	"{""year"": ""2017"", ""journal"": ""Dis Model Mech"", ""publication_types"": [""Journal Article"", ""Research Support, Non-U.S. Gov't""], ""is_review"": false, ""found_in"": [""pubmed""]}"
PMID:28115395	paper	Syntaxin 2 Acts as Inhibitory SNARE for Insulin Granule Exocytosis.	"{""year"": ""2017"", ""journal"": ""Diabetes"", ""publication_types"": [""Journal Article""], ""is_review"": false, ""found_in"": [""pubmed""]}"
PMID:28212175	paper	Advances in epilepsy gene discovery and implications for epilepsy diagnosis and treatment.	"{""year"": ""2017"", ""journal"": ""Curr Opin Neurol"", ""publication_types"": [""Journal Article"", ""Review""], ""is_review"": true, ""found_in"": [""pubmed""]}"
PMID:28242442	paper	Genetic biomarkers of posttraumatic epilepsy: A systematic review.	"{""year"": ""2017"", ""journal"": ""Seizure"", ""publication_types"": [""Journal Article"", ""Systematic Review""], ""is_review"": false, ""found_in"": [""pubmed""]}"
PMID:28422131	paper	Variants in CPLX1 in two families with autosomal-recessive severe infantile myoclonic epilepsy and ID.	"{""year"": ""2017"", ""journal"": ""Eur J Hum Genet"", ""publication_types"": [""Journal Article"", ""Research Support, Non-U.S. Gov't""], ""is_review"": false, ""found_in"": [""pubmed""]}"
PMID:28428906	paper	TBC1D24 Mutations in a Sibship with Multifocal Polymyoclonus.	"{""year"": ""2017"", ""journal"": ""Tremor Other Hyperkinet Mov (N Y)"", ""publication_types"": [""Journal Article""], ""is_review"": false, ""found_in"": [""pubmed""]}"
PMID:28495859	paper	α-Synuclein may cross-bridge v-SNARE and acidic phospholipids to facilitate SNARE-dependent vesicle docking.	"{""year"": ""2017"", ""journal"": ""Biochem J"", ""publication_types"": [""Comparative Study"", ""Journal Article"", ""Research Support, Non-U.S. Gov't"", ""Research Support, N.I.H., Extramural""], ""is_review"": false, ""found_in"": [""pubmed""]}"
PMID:28707022	paper	TLDc proteins: new players in the oxidative stress response and neurological disease.	"{""year"": ""2017"", ""journal"": ""Mamm Genome"", ""publication_types"": [""Journal Article"", ""Review""], ""is_review"": true, ""found_in"": [""pubmed""]}"
PMID:28880996	paper	Dravet syndrome and its mimics: Beyond SCN1A.	"{""year"": ""2017"", ""journal"": ""Epilepsia"", ""publication_types"": [""Journal Article"", ""Review""], ""is_review"": true, ""found_in"": [""pubmed""]}"
PMID:29028947	paper	Dlx1 and Dlx2 Promote Interneuron GABA Synthesis, Synaptogenesis, and Dendritogenesis.	"{""year"": ""2018"", ""journal"": ""Cereb Cortex"", ""publication_types"": [""Journal Article"", ""Research Support, N.I.H., Extramural"", ""Research Support, Non-U.S. Gov't"", ""Research Support, U.S. Gov't, Non-P.H.S.""], ""is_review"": false, ""found_in"": [""pubmed""]}"
PMID:29067402	paper	Optic Nerve Hypoplasia Is a Pervasive Subcortical Pathology of Visual System in Neonates.	"{""year"": ""2017"", ""journal"": ""Invest Ophthalmol Vis Sci"", ""publication_types"": [""Journal Article"", ""Research Support, N.I.H., Extramural""], ""is_review"": false, ""found_in"": [""pubmed""]}"
PMID:29086067	paper	Emerging Monogenic Complex Hyperkinetic Disorders.	"{""year"": ""2017"", ""journal"": ""Curr Neurol Neurosci Rep"", ""publication_types"": [""Journal Article"", ""Review""], ""is_review"": true, ""found_in"": [""pubmed""]}"
PMID:29118371	paper	Genetic association analysis of microRNA137 and its target complex 1 with schizophrenia in Han Chinese.	"{""year"": ""2017"", ""journal"": ""Sci Rep"", ""publication_types"": [""Journal Article"", ""Research Support, Non-U.S. Gov't""], ""is_review"": false, ""found_in"": [""pubmed""]}"
PMID:29362511	paper	Neuropsychiatric Phenotypes Produced by GABA Reduction in Mouse Cortex and Hippocampus.	"{""year"": ""2018"", ""journal"": ""Neuropsychopharmacology"", ""publication_types"": [""Journal Article"", ""Research Support, N.I.H., Extramural"", ""Research Support, N.I.H., Intramural""], ""is_review"": false, ""found_in"": [""pubmed""]}"
PMID:29426806	paper	Neonatal epilepsies: Clinical management.	"{""year"": ""2018"", ""journal"": ""Semin Fetal Neonatal Med"", ""publication_types"": [""Journal Article"", ""Review""], ""is_review"": true, ""found_in"": [""pubmed""]}"
PMID:29468182	paper	GLS loss of function causes autosomal recessive spastic ataxia and optic atrophy.	"{""year"": ""2018"", ""journal"": ""Ann Clin Transl Neurol"", ""publication_types"": [""Journal Article""], ""is_review"": false, ""found_in"": [""pubmed""]}"
PMID:29499164	paper	Single-Cell RNA-Seq of Mouse Dopaminergic Neurons Informs Candidate Gene Selection for Sporadic Parkinson Disease.	"{""year"": ""2018"", ""journal"": ""Am J Hum Genet"", ""publication_types"": [""Journal Article"", ""Research Support, N.I.H., Extramural"", ""Research Support, Non-U.S. Gov't""], ""is_review"": false, ""found_in"": [""pubmed""]}"
PMID:29634983	paper	Peripheral GABAA receptor-mediated signaling facilitates persistent inflammatory hypersensitivity.	"{""year"": ""2018"", ""journal"": ""Neuropharmacology"", ""publication_types"": [""Journal Article"", ""Research Support, Non-U.S. Gov't""], ""is_review"": false, ""found_in"": [""pubmed""]}"
PMID:29655203	paper	Diagnostic outcomes for genetic testing of 70 genes in 8565 patients with epilepsy and neurodevelopmental disorders.	"{""year"": ""2018"", ""journal"": ""Epilepsia"", ""publication_types"": [""Journal Article""], ""is_review"": false, ""found_in"": [""pubmed""]}"
PMID:29760174	paper	SNT-1 Functions as the Ca2+ Sensor for Tonic and Evoked Neurotransmitter Release in Caenorhabditis Elegans.	"{""year"": ""2018"", ""journal"": ""J Neurosci"", ""publication_types"": [""Journal Article"", ""Research Support, Non-U.S. Gov't""], ""is_review"": false, ""found_in"": [""pubmed""]}"
PMID:29848620	paper	Bayesian Networks Predict Neuronal Transdifferentiation.	"{""year"": ""2018"", ""journal"": ""G3 (Bethesda)"", ""publication_types"": [""Journal Article""], ""is_review"": false, ""found_in"": [""pubmed""]}"
PMID:29893377	paper	Downregulation of TBC1 Domain Family Member 24 (BC1D24) Inhibits Breast Carcinoma Growth via IGF1R/PI3K/AKT Pathway.	"{""year"": ""2018"", ""journal"": ""Med Sci Monit"", ""publication_types"": [""Journal Article""], ""is_review"": false, ""found_in"": [""pubmed""]}"
PMID:29985178	paper	Clozapine pharmacogenomics: a review of efficacy, pharmacokinetics, and agranulocytosis.	"{""year"": ""2018"", ""journal"": ""Curr Opin Psychiatry"", ""publication_types"": [""Journal Article"", ""Review""], ""is_review"": true, ""found_in"": [""pubmed""]}"
PMID:30001398	paper	Downregulation of splicing regulator RBFOX1 compromises visual depth perception.	"{""year"": ""2018"", ""journal"": ""PLoS One"", ""publication_types"": [""Journal Article"", ""Research Support, N.I.H., Extramural"", ""Research Support, Non-U.S. Gov't""], ""is_review"": false, ""found_in"": [""pubmed""]}"
PMID:30004579	paper	Models of synaptotagmin-1 to trigger Ca2+ -dependent vesicle fusion.	"{""year"": ""2018"", ""journal"": ""FEBS Lett"", ""publication_types"": [""Journal Article"", ""Research Support, Non-U.S. Gov't"", ""Review""], ""is_review"": true, ""found_in"": [""pubmed""]}"
PMID:30107533	paper	SYT1-associated neurodevelopmental disorder: a case series.	"{""year"": ""2018"", ""journal"": ""Brain"", ""publication_types"": [""Case Reports"", ""Journal Article"", ""Research Support, N.I.H., Extramural"", ""Research Support, Non-U.S. Gov't""], ""is_review"": false, ""found_in"": [""pubmed""]}"
PMID:30185235	paper	Novel and de novo mutations in pediatric refractory epilepsy.	"{""year"": ""2018"", ""journal"": ""Mol Brain"", ""publication_types"": [""Journal Article"", ""Research Support, Non-U.S. Gov't""], ""is_review"": false, ""found_in"": [""pubmed""]}"
PMID:30239721	paper	GLS hyperactivity causes glutamate excess, infantile cataract and profound developmental delay.	"{""year"": ""2019"", ""journal"": ""Hum Mol Genet"", ""publication_types"": [""Journal Article"", ""Research Support, Non-U.S. Gov't""], ""is_review"": false, ""found_in"": [""pubmed""]}"
PMID:30335140	paper	The epilepsy-associated protein TBC1D24 is required for normal development, survival and vesicle trafficking in mammalian neurons.	"{""year"": ""2019"", ""journal"": ""Hum Mol Genet"", ""publication_types"": [""Journal Article"", ""Research Support, Non-U.S. Gov't""], ""is_review"": false, ""found_in"": [""pubmed""]}"
PMID:30575854	paper	Identification of a Loss-of-Function Mutation in the Context of Glutaminase Deficiency and Neonatal Epileptic Encephalopathy.	"{""year"": ""2019"", ""journal"": ""JAMA Neurol"", ""publication_types"": [""Journal Article""], ""is_review"": false, ""found_in"": [""pubmed""]}"
PMID:30618656	paper	Gene Network Dysregulation in the Trigeminal Ganglia and Nucleus Accumbens of a Model of Chronic Migraine-Associated Hyperalgesia.	"{""year"": ""2018"", ""journal"": ""Front Syst Neurosci"", ""publication_types"": [""Journal Article""], ""is_review"": false, ""found_in"": [""pubmed""]}"
PMID:30968951	paper	The spectrum of intermediate SCN8A-related epilepsy.	"{""year"": ""2019"", ""journal"": ""Epilepsia"", ""publication_types"": [""Journal Article""], ""is_review"": false, ""found_in"": [""pubmed""]}"
PMID:30970188	paper	Glutaminase Deficiency Caused by Short Tandem Repeat Expansion in GLS.	"{""year"": ""2019"", ""journal"": ""N Engl J Med"", ""publication_types"": [""Case Reports"", ""Journal Article"", ""Research Support, Non-U.S. Gov't""], ""is_review"": false, ""found_in"": [""pubmed""]}"
PMID:31059723	paper	The association between SYT1-rs2251214 and cocaine use disorder further supports its role in psychiatry.	"{""year"": ""2019"", ""journal"": ""Prog Neuropsychopharmacol Biol Psychiatry"", ""publication_types"": [""Journal Article"", ""Research Support, Non-U.S. Gov't""], ""is_review"": false, ""found_in"": [""pubmed""]}"
PMID:31077350	paper	Parental mosaicism in epilepsies due to alleged de novo variants.	"{""year"": ""2019"", ""journal"": ""Epilepsia"", ""publication_types"": [""Journal Article"", ""Research Support, Non-U.S. Gov't""], ""is_review"": false, ""found_in"": [""pubmed""]}"
PMID:31221716	paper	STXBP1 encephalopathy: Connecting neurodevelopmental disorders with α-synucleinopathies?	"{""year"": ""2019"", ""journal"": ""Neurology"", ""publication_types"": [""Journal Article"", ""Research Support, Non-U.S. Gov't"", ""Review""], ""is_review"": true, ""found_in"": [""pubmed""]}"
PMID:31294445	paper	Loss of Cln5 leads to altered Gad1 expression and deficits in interneuron development in mice.	"{""year"": ""2019"", ""journal"": ""Hum Mol Genet"", ""publication_types"": [""Journal Article"", ""Research Support, Non-U.S. Gov't""], ""is_review"": false, ""found_in"": [""pubmed""]}"
PMID:31393404	paper	Mapping the knowledge structure and trends of epilepsy genetics over the past decade: A co-word analysis based on medical subject headings terms.	"{""year"": ""2019"", ""journal"": ""Medicine (Baltimore)"", ""publication_types"": [""Journal Article"", ""Systematic Review""], ""is_review"": false, ""found_in"": [""pubmed""]}"
PMID:31587282	paper	Phosphatidylserine is critical for vesicle fission during clathrin-mediated endocytosis.	"{""year"": ""2020"", ""journal"": ""J Neurochem"", ""publication_types"": [""Journal Article"", ""Research Support, N.I.H., Extramural""], ""is_review"": false, ""found_in"": [""pubmed""]}"
PMID:31719162	paper	MUNC18-1 regulates the submembrane F-actin network, independently of syntaxin1 targeting, via hydrophobicity in β-sheet 10.	"{""year"": ""2019"", ""journal"": ""J Cell Sci"", ""publication_types"": [""Journal Article"", ""Research Support, Non-U.S. Gov't""], ""is_review"": false, ""found_in"": [""pubmed""]}"
PMID:31804603	paper	Proteasome inhibition disrupts the metabolism of fumarate hydratase- deficient tumors by downregulating p62 and c-Myc.	"{""year"": ""2019"", ""journal"": ""Sci Rep"", ""publication_types"": [""Journal Article"", ""Research Support, N.I.H., Intramural"", ""Research Support, U.S. Gov't, P.H.S.""], ""is_review"": false, ""found_in"": [""pubmed""]}"
PMID:31866536	paper	GAD1 but not GAD2 polymorphisms are associated with heroin addiction phenotypes.	"{""year"": ""2020"", ""journal"": ""Neurosci Lett"", ""publication_types"": [""Journal Article"", ""Research Support, Non-U.S. Gov't""], ""is_review"": false, ""found_in"": [""pubmed""]}"
PMID:31875236	paper	Complexin I knockout rats exhibit a complex neurobehavioral phenotype including profound ataxia and marked deficits in lifespan.	"{""year"": ""2020"", ""journal"": ""Pflugers Arch"", ""publication_types"": [""Journal Article"", ""Research Support, Non-U.S. Gov't""], ""is_review"": false, ""found_in"": [""pubmed""]}"
PMID:31903135	paper	ANKRD22, a novel tumor microenvironment-induced mitochondrial protein promotes metabolic reprogramming of colorectal cancer cells.	"{""year"": ""2020"", ""journal"": ""Theranostics"", ""publication_types"": [""Journal Article"", ""Research Support, Non-U.S. Gov't""], ""is_review"": false, ""found_in"": [""pubmed""]}"
PMID:31904118	paper	SCN8A encephalopathy: Mechanisms and models.	"{""year"": ""2019"", ""journal"": ""Epilepsia"", ""publication_types"": [""Journal Article"", ""Research Support, N.I.H., Extramural"", ""Research Support, Non-U.S. Gov't"", ""Review""], ""is_review"": true, ""found_in"": [""pubmed""]}"
PMID:32090326	paper	Biological concepts in human sodium channel epilepsies and their relevance in clinical practice.	"{""year"": ""2020"", ""journal"": ""Epilepsia"", ""publication_types"": [""Journal Article"", ""Research Support, Non-U.S. Gov't""], ""is_review"": false, ""found_in"": [""pubmed""]}"
PMID:32286880	paper	GABAergic input through GABAB receptors is necessary during a perinatal window to shape gene expression of factors critical to reproduction such as Kiss1.	"{""year"": ""2020"", ""journal"": ""Am J Physiol Endocrinol Metab"", ""publication_types"": [""Journal Article"", ""Research Support, Non-U.S. Gov't""], ""is_review"": false, ""found_in"": [""pubmed""]}"
PMID:32348748	paper	Structural Basis for the High-Affinity Interaction between CASK and Mint1.	"{""year"": ""2020"", ""journal"": ""Structure"", ""publication_types"": [""Journal Article"", ""Research Support, Non-U.S. Gov't""], ""is_review"": false, ""found_in"": [""pubmed""]}"
PMID:32362337	paper	Molecular Basis for Synaptotagmin-1-Associated Neurodevelopmental Disorder.	"{""year"": ""2020"", ""journal"": ""Neuron"", ""publication_types"": [""Journal Article"", ""Research Support, N.I.H., Extramural"", ""Research Support, Non-U.S. Gov't""], ""is_review"": false, ""found_in"": [""pubmed""]}"
PMID:32391794	paper	Synergistic actions of v-SNARE transmembrane domains and membrane-curvature modifying lipids in neurotransmitter release.	"{""year"": ""2020"", ""journal"": ""Elife"", ""publication_types"": [""Journal Article"", ""Research Support, Non-U.S. Gov't""], ""is_review"": false, ""found_in"": [""pubmed""]}"
PMID:32483415	paper	Dendrimer-conjugated glutaminase inhibitor selectively targets microglial glutaminase in a mouse model of Rett syndrome.	"{""year"": ""2020"", ""journal"": ""Theranostics"", ""publication_types"": [""Journal Article"", ""Research Support, N.I.H., Extramural"", ""Research Support, Non-U.S. Gov't""], ""is_review"": false, ""found_in"": [""pubmed""]}"
PMID:32593896	paper	Genotype-phenotype correlates of infantile-onset developmental & epileptic encephalopathy syndromes in South India: A single centre experience.	"{""year"": ""2020"", ""journal"": ""Epilepsy Res"", ""publication_types"": [""Journal Article"", ""Observational Study"", ""Research Support, Non-U.S. Gov't""], ""is_review"": false, ""found_in"": [""pubmed""]}"
PMID:32643187	paper	STXBP1 encephalopathies: Clinical spectrum, disease mechanisms, and therapeutic strategies.	"{""year"": ""2021"", ""journal"": ""J Neurochem"", ""publication_types"": [""Journal Article"", ""Research Support, N.I.H., Extramural"", ""Review""], ""is_review"": true, ""found_in"": [""pubmed""]}"
PMID:32657892	paper	Recent genetic advances in early-onset dystonia.	"{""year"": ""2020"", ""journal"": ""Curr Opin Neurol"", ""publication_types"": [""Journal Article"", ""Research Support, Non-U.S. Gov't"", ""Review""], ""is_review"": true, ""found_in"": [""pubmed""]}"
PMID:32675407	paper	Glutamine Antagonist JHU-083 Normalizes Aberrant Hippocampal Glutaminase Activity and Improves Cognition in APOE4 Mice.	"{""year"": ""2020"", ""journal"": ""J Alzheimers Dis"", ""publication_types"": [""Journal Article"", ""Research Support, N.I.H., Extramural""], ""is_review"": false, ""found_in"": [""pubmed""]}"
PMID:32705143	paper	Early-infantile onset epilepsy and developmental delay caused by bi-allelic GAD1 variants.	"{""year"": ""2020"", ""journal"": ""Brain"", ""publication_types"": [""Journal Article"", ""Research Support, Non-U.S. Gov't""], ""is_review"": false, ""found_in"": [""pubmed""]}"
PMID:32738165	paper	The neurodevelopmental spectrum of synaptic vesicle cycling disorders.	"{""year"": ""2021"", ""journal"": ""J Neurochem"", ""publication_types"": [""Journal Article"", ""Research Support, Non-U.S. Gov't"", ""Review""], ""is_review"": true, ""found_in"": [""pubmed""]}"
PMID:32851175	paper	Forward genetics identifies a novel sleep mutant with sleep state inertia and REM sleep deficits.	"{""year"": ""2020"", ""journal"": ""Sci Adv"", ""publication_types"": [""Journal Article"", ""Research Support, Non-U.S. Gov't""], ""is_review"": false, ""found_in"": [""pubmed""]}"
PMID:32853554	paper	Semantic Similarity Analysis Reveals Robust Gene-Disease Relationships in Developmental and Epileptic Encephalopathies.	"{""year"": ""2020"", ""journal"": ""Am J Hum Genet"", ""publication_types"": [""Journal Article"", ""Research Support, N.I.H., Extramural"", ""Research Support, Non-U.S. Gov't""], ""is_review"": false, ""found_in"": [""pubmed""]}"
PMID:32873933	paper	DOORS syndrome and a recurrent truncating ATP6V1B2 variant.	"{""year"": ""2021"", ""journal"": ""Genet Med"", ""publication_types"": [""Journal Article"", ""Research Support, Non-U.S. Gov't""], ""is_review"": false, ""found_in"": [""pubmed""]}"
PMID:32906212	paper	Overcoming presynaptic effects of VAMP2 mutations with 4-aminopyridine treatment.	"{""year"": ""2020"", ""journal"": ""Hum Mutat"", ""publication_types"": [""Journal Article"", ""Research Support, N.I.H., Extramural"", ""Research Support, Non-U.S. Gov't""], ""is_review"": false, ""found_in"": [""pubmed""]}"
PMID:32929080	paper	Presynaptic dysfunction in CASK-related neurodevelopmental disorders.	"{""year"": ""2020"", ""journal"": ""Transl Psychiatry"", ""publication_types"": [""Journal Article"", ""Research Support, Non-U.S. Gov't""], ""is_review"": false, ""found_in"": [""pubmed""]}"
PMID:32959907	paper	SNAREs and developmental disorders.	"{""year"": ""2021"", ""journal"": ""J Cell Physiol"", ""publication_types"": [""Journal Article"", ""Review""], ""is_review"": true, ""found_in"": [""pubmed""]}"
PMID:33059718	paper	"A machine learning analysis of a ""normal-like"" IDH-WT diffuse glioma transcriptomic subgroup associated with prolonged survival reveals novel immune and neurotransmitter-related actionable targets."	"{""year"": ""2020"", ""journal"": ""BMC Med"", ""publication_types"": [""Journal Article"", ""Research Support, Non-U.S. Gov't""], ""is_review"": false, ""found_in"": [""pubmed""]}"
PMID:33111641	paper	Ischemia-induced upregulation of autophagy preludes dysfunctional lysosomal storage and associated synaptic impairments in neurons.	"{""year"": ""2021"", ""journal"": ""Autophagy"", ""publication_types"": [""Journal Article"", ""Research Support, Non-U.S. Gov't""], ""is_review"": false, ""found_in"": [""pubmed""]}"
PMID:33176815	paper	Clinical and genetic characteristics and prenatal diagnosis of patients presented GDD/ID with rare monogenic causes.	"{""year"": ""2020"", ""journal"": ""Orphanet J Rare Dis"", ""publication_types"": [""Journal Article""], ""is_review"": false, ""found_in"": [""pubmed""]}"
PMID:33204597	paper	Cellular and molecular outcomes of glutamine supplementation in the brain of succinic semialdehyde dehydrogenase-deficient mice.	"{""year"": ""2020"", ""journal"": ""JIMD Rep"", ""publication_types"": [""Journal Article""], ""is_review"": false, ""found_in"": [""pubmed""]}"
PMID:33222163	paper	Munc13 binds and recruits SNAP25 to chaperone SNARE complex assembly.	"{""year"": ""2021"", ""journal"": ""FEBS Lett"", ""publication_types"": [""Journal Article"", ""Research Support, N.I.H., Extramural""], ""is_review"": false, ""found_in"": [""pubmed""]}"
PMID:33293518	paper	CRISPR/Cas9-engineered Gad1 elimination in rats leads to complex behavioral changes: implications for schizophrenia.	"{""year"": ""2020"", ""journal"": ""Transl Psychiatry"", ""publication_types"": [""Journal Article"", ""Research Support, Non-U.S. Gov't""], ""is_review"": false, ""found_in"": [""pubmed""]}"
PMID:33325157	paper	Genetic deletion of the 67-kDa isoform of glutamate decarboxylase alters conditioned fear behavior in rats.	"{""year"": ""2021"", ""journal"": ""FEBS Open Bio"", ""publication_types"": [""Journal Article"", ""Research Support, Non-U.S. Gov't""], ""is_review"": false, ""found_in"": [""pubmed""]}"
PMID:33413507	paper	Global knockdown of glutamate decarboxylase 67 elicits emotional abnormality in mice.	"{""year"": ""2021"", ""journal"": ""Mol Brain"", ""publication_types"": [""Journal Article"", ""Research Support, Non-U.S. Gov't""], ""is_review"": false, ""found_in"": [""pubmed""]}"
PMID:33529962	paper	Cassane diterpenoid derivative induces apoptosis in IDH1 mutant glioma cells through the inhibition of glutaminase in vitro and in vivo.	"{""year"": ""2021"", ""journal"": ""Phytomedicine"", ""publication_types"": [""Journal Article""], ""is_review"": false, ""found_in"": [""pubmed""]}"
PMID:33531663	paper	Sodium channelopathies in neurodevelopmental disorders.	"{""year"": ""2021"", ""journal"": ""Nat Rev Neurosci"", ""publication_types"": [""Journal Article"", ""Research Support, N.I.H., Extramural"", ""Review""], ""is_review"": true, ""found_in"": [""pubmed""]}"
PMID:33539324	paper	Biallelic variants in TSPOAP1, encoding the active-zone protein RIMBP1, cause autosomal recessive dystonia.	"{""year"": ""2021"", ""journal"": ""J Clin Invest"", ""publication_types"": [""Journal Article"", ""Research Support, N.I.H., Extramural"", ""Research Support, Non-U.S. Gov't""], ""is_review"": false, ""found_in"": [""pubmed""]}"
PMID:33619613	paper	Function of Drosophila Synaptotagmins in membrane trafficking at synapses.	"{""year"": ""2021"", ""journal"": ""Cell Mol Life Sci"", ""publication_types"": [""Journal Article"", ""Review""], ""is_review"": true, ""found_in"": [""pubmed""]}"
PMID:33640666	paper	CASK related disorder: Epilepsy and developmental outcome.	"{""year"": ""2021"", ""journal"": ""Eur J Paediatr Neurol"", ""publication_types"": [""Journal Article""], ""is_review"": false, ""found_in"": [""pubmed""]}"
PMID:33681764	paper	The glutamine antagonist prodrug JHU-083 slows malignant glioma growth and disrupts mTOR signaling.	"{""year"": ""2021"", ""journal"": ""Neurooncol Adv"", ""publication_types"": [""Journal Article""], ""is_review"": false, ""found_in"": [""pubmed""]}"
PMID:33726812	paper	α1A-adrenaline receptors in dorsal horn inhibitory neurons have an inhibitory role in the regulation of chloroquine-induced itch in mice.	"{""year"": ""2021"", ""journal"": ""Mol Brain"", ""publication_types"": [""Journal Article"", ""Research Support, Non-U.S. Gov't""], ""is_review"": false, ""found_in"": [""pubmed""]}"
PMID:33741238	paper	Risk of SUDEP during infancy.	"{""year"": ""2022"", ""journal"": ""Epilepsy Behav"", ""publication_types"": [""Journal Article"", ""Review""], ""is_review"": true, ""found_in"": [""pubmed""]}"
PMID:33901312	paper	Homozygous SCN1B variants causing early infantile epileptic encephalopathy 52 affect voltage-gated sodium channel function.	"{""year"": ""2021"", ""journal"": ""Epilepsia"", ""publication_types"": [""Journal Article"", ""Research Support, N.I.H., Extramural"", ""Research Support, Non-U.S. Gov't""], ""is_review"": false, ""found_in"": [""pubmed""]}"
PMID:33910646	paper	Glutaminolysis dynamics during astrocytoma progression correlates with tumor aggressiveness.	"{""year"": ""2021"", ""journal"": ""Cancer Metab"", ""publication_types"": [""Journal Article""], ""is_review"": false, ""found_in"": [""pubmed""]}"
PMID:33986365	paper	TBC1D24 emerges as an important contributor to progressive postlingual dominant hearing loss.	"{""year"": ""2021"", ""journal"": ""Sci Rep"", ""publication_types"": [""Journal Article"", ""Research Support, Non-U.S. Gov't""], ""is_review"": false, ""found_in"": [""pubmed""]}"
PMID:34038384	paper	Association of SLC32A1 Missense Variants With Genetic Epilepsy With Febrile Seizures Plus.	"{""year"": ""2021"", ""journal"": ""Neurology"", ""publication_types"": [""Journal Article"", ""Research Support, Non-U.S. Gov't""], ""is_review"": false, ""found_in"": [""pubmed""]}"
PMID:34177764	paper	Paroxysmal Movement Disorders.	"{""year"": ""2021"", ""journal"": ""Front Neurol"", ""publication_types"": [""Journal Article"", ""Review""], ""is_review"": true, ""found_in"": [""pubmed""]}"
PMID:34191540	paper	Synaptobrevin-2 dependent regulation of single synaptic vesicle endocytosis.	"{""year"": ""2021"", ""journal"": ""Mol Biol Cell"", ""publication_types"": [""Journal Article"", ""Research Support, N.I.H., Extramural"", ""Research Support, Non-U.S. Gov't""], ""is_review"": false, ""found_in"": [""pubmed""]}"
PMID:34221169	paper	New VOUS in CASK Gene Correlating with the MICPCH Phenotype.	"{""year"": ""2021"", ""journal"": ""Maedica (Bucur)"", ""publication_types"": [""Editorial""], ""is_review"": false, ""found_in"": [""pubmed""]}"
PMID:34228711	paper	Synaptotagmin-7-mediated activation of spontaneous NMDAR currents is disrupted in bipolar disorder susceptibility variants.	"{""year"": ""2021"", ""journal"": ""PLoS Biol"", ""publication_types"": [""Journal Article"", ""Research Support, Non-U.S. Gov't""], ""is_review"": false, ""found_in"": [""pubmed""]}"
PMID:34341188	paper	Crystal structure of the TLDc domain of human NCOA7-AS.	"{""year"": ""2021"", ""journal"": ""Acta Crystallogr F Struct Biol Commun"", ""publication_types"": [""Journal Article""], ""is_review"": false, ""found_in"": [""pubmed""]}"
PMID:34353676	paper	SCN8A Epilepsy, Developmental Encephalopathy, and Related Disorders.	"{""year"": ""2021"", ""journal"": ""Pediatr Neurol"", ""publication_types"": [""Journal Article"", ""Review""], ""is_review"": true, ""found_in"": [""pubmed""]}"
PMID:34392114	paper	Tremor-like subcortical myoclonus in STXBP1 encephalopathy.	"{""year"": ""2021"", ""journal"": ""Eur J Paediatr Neurol"", ""publication_types"": [""Journal Article""], ""is_review"": false, ""found_in"": [""pubmed""]}"
PMID:34412058	paper	Antisense Oligonucleotide Therapy for Neurodevelopmental Disorders.	"{""year"": ""2021"", ""journal"": ""Dev Neurosci"", ""publication_types"": [""Journal Article"", ""Research Support, N.I.H., Extramural"", ""Review""], ""is_review"": true, ""found_in"": [""pubmed""]}"
PMID:34431999	paper	Genotype-phenotype correlations in SCN8A-related disorders reveal prognostic and therapeutic implications.	"{""year"": ""2022"", ""journal"": ""Brain"", ""publication_types"": [""Journal Article"", ""Research Support, N.I.H., Extramural"", ""Research Support, Non-U.S. Gov't""], ""is_review"": false, ""found_in"": [""pubmed""]}"
PMID:34548578	paper	TDP-43 regulates GAD1 mRNA splicing and GABA signaling in Drosophila CNS.	"{""year"": ""2021"", ""journal"": ""Sci Rep"", ""publication_types"": [""Journal Article""], ""is_review"": false, ""found_in"": [""pubmed""]}"
PMID:34569149	paper	"Genomic analysis of ""microphenotypes"" in epilepsy."	"{""year"": ""2022"", ""journal"": ""Am J Med Genet A"", ""publication_types"": [""Journal Article"", ""Research Support, Non-U.S. Gov't""], ""is_review"": false, ""found_in"": [""pubmed""]}"
PMID:34679360	paper	Neonatal Seizures: An Overview of Genetic Causes and Treatment Options.	"{""year"": ""2021"", ""journal"": ""Brain Sci"", ""publication_types"": [""Journal Article"", ""Review""], ""is_review"": true, ""found_in"": [""pubmed""]}"
PMID:34764278	paper	Insulin-activated store-operated Ca2+ entry via Orai1 induces podocyte actin remodeling and causes proteinuria.	"{""year"": ""2021"", ""journal"": ""Nat Commun"", ""publication_types"": [""Journal Article"", ""Research Support, N.I.H., Intramural"", ""Research Support, Non-U.S. Gov't""], ""is_review"": false, ""found_in"": [""pubmed""]}"
PMID:34773737	paper	SUDEP risk and autonomic dysfunction in genetic epilepsies.	"{""year"": ""2022"", ""journal"": ""Auton Neurosci"", ""publication_types"": [""Journal Article"", ""Research Support, Non-U.S. Gov't"", ""Review""], ""is_review"": true, ""found_in"": [""pubmed""]}"
PMID:34788174	paper	PV-specific loss of the transcriptional coactivator PGC-1α slows down the evolution of epileptic activity in an acute ictogenic model.	"{""year"": ""2022"", ""journal"": ""J Neurophysiol"", ""publication_types"": [""Journal Article"", ""Research Support, Non-U.S. Gov't""], ""is_review"": false, ""found_in"": [""pubmed""]}"
PMID:35095745	paper	Epileptic Phenotypes Associated With SNAREs and Related Synaptic Vesicle Exocytosis Machinery.	"{""year"": ""2021"", ""journal"": ""Front Neurol"", ""publication_types"": [""Journal Article"", ""Review""], ""is_review"": true, ""found_in"": [""pubmed""]}"
PMID:35149262	paper	Intrafamilial phenotypic variability in TBC1D24-TLDc homozygous pathogenic variant-related developmental and epileptic encephalopathy.	"{""year"": ""2022"", ""journal"": ""Clin Neurol Neurosurg"", ""publication_types"": [""Journal Article""], ""is_review"": false, ""found_in"": [""pubmed""]}"
PMID:35190816	paper	Assessing the landscape of STXBP1-related disorders in 534 individuals.	"{""year"": ""2022"", ""journal"": ""Brain"", ""publication_types"": [""Journal Article"", ""Research Support, N.I.H., Extramural"", ""Research Support, Non-U.S. Gov't""], ""is_review"": false, ""found_in"": [""pubmed""]}"
PMID:35278209	paper	Distinct Epileptogenic Mechanisms Associated with Seizures in Wolf-Hirschhorn Syndrome.	"{""year"": ""2022"", ""journal"": ""Mol Neurobiol"", ""publication_types"": [""Journal Article""], ""is_review"": false, ""found_in"": [""pubmed""]}"
PMID:35359639	paper	Do All Roads Lead to Rome? Genes Causing Dravet Syndrome and Dravet Syndrome-Like Phenotypes.	"{""year"": ""2022"", ""journal"": ""Front Neurol"", ""publication_types"": [""Systematic Review"", ""Journal Article""], ""is_review"": false, ""found_in"": [""pubmed""]}"
PMID:35464160	paper	Prdm12 regulates inhibitory neuron differentiation in mouse embryonal carcinoma cells.	"{""year"": ""2022"", ""journal"": ""Cytotechnology"", ""publication_types"": [""Journal Article""], ""is_review"": false, ""found_in"": [""pubmed""]}"
PMID:35621027	paper	Up-regulation of cell division cycle 20 expression alters the morphology of neuronal dendritic spines in the nucleus accumbens by promoting FMRP ubiquitination.	"{""year"": ""2022"", ""journal"": ""J Neurochem"", ""publication_types"": [""Journal Article""], ""is_review"": false, ""found_in"": [""pubmed""]}"
PMID:35851549	paper	Natural History Study of STXBP1-Developmental and Epileptic Encephalopathy Into Adulthood.	"{""year"": ""2022"", ""journal"": ""Neurology"", ""publication_types"": [""Journal Article"", ""Observational Study"", ""Research Support, N.I.H., Extramural"", ""Research Support, Non-U.S. Gov't""], ""is_review"": false, ""found_in"": [""pubmed""]}"
PMID:36071823	paper	Chronic atrazine exposure increases the expression of genes associated with GABAergic and glutamatergic systems in the brain of male albino rat.	"{""year"": ""2022"", ""journal"": ""Front Toxicol"", ""publication_types"": [""Journal Article""], ""is_review"": false, ""found_in"": [""pubmed""]}"
PMID:36073542	paper	De Novo Missense Variants in SLC32A1 Cause a Developmental and Epileptic Encephalopathy Due to Impaired GABAergic Neurotransmission.	"{""year"": ""2022"", ""journal"": ""Ann Neurol"", ""publication_types"": [""Journal Article"", ""Research Support, Non-U.S. Gov't""], ""is_review"": false, ""found_in"": [""pubmed""]}"
PMID:36211978	paper	Attention-deficit/hyperactive disorder updates.	"{""year"": ""2022"", ""journal"": ""Front Mol Neurosci"", ""publication_types"": [""Journal Article"", ""Review""], ""is_review"": true, ""found_in"": [""pubmed""]}"
PMID:36291375	paper	SYT1-Associated Neurodevelopmental Disorder: A Narrative Review.	"{""year"": ""2022"", ""journal"": ""Children (Basel)"", ""publication_types"": [""Journal Article"", ""Review""], ""is_review"": true, ""found_in"": [""pubmed""]}"
PMID:36454760	paper	A dynamic template complex mediates Munc18-chaperoned SNARE assembly.	"{""year"": ""2022"", ""journal"": ""Proc Natl Acad Sci U S A"", ""publication_types"": [""Journal Article"", ""Research Support, N.I.H., Extramural""], ""is_review"": false, ""found_in"": [""pubmed""]}"
PMID:36626425	paper	Bioinformatics and systems biology approaches to identify the effects of COVID-19 on neurodegenerative diseases: A review.	"{""year"": ""2022"", ""journal"": ""Medicine (Baltimore)"", ""publication_types"": [""Review"", ""Journal Article""], ""is_review"": true, ""found_in"": [""pubmed""]}"
PMID:36750385	paper	Rates of Status Epilepticus and Sudden Unexplained Death in Epilepsy in People With Genetic Developmental and Epileptic Encephalopathies.	"{""year"": ""2023"", ""journal"": ""Neurology"", ""publication_types"": [""Journal Article"", ""Research Support, Non-U.S. Gov't""], ""is_review"": false, ""found_in"": [""pubmed""]}"
PMID:36905628	paper	Secretion of VGF relies on the interplay between LRRK2 and post-Golgi v-SNAREs.	"{""year"": ""2023"", ""journal"": ""Cell Rep"", ""publication_types"": [""Journal Article"", ""Research Support, Non-U.S. Gov't""], ""is_review"": false, ""found_in"": [""pubmed""]}"
PMID:37034625	paper	Rare variants in PPFIA3 cause delayed development, intellectual disability, autism, and epilepsy.	"{""year"": ""2023"", ""journal"": ""medRxiv"", ""publication_types"": [""Preprint"", ""Journal Article""], ""is_review"": false, ""found_in"": [""pubmed""]}"
PMID:37071051	paper	Blood transcriptome sequencing identifies biomarkers able to track disease stages in spinocerebellar ataxia type 3.	"{""year"": ""2023"", ""journal"": ""Brain"", ""publication_types"": [""Journal Article"", ""Research Support, Non-U.S. Gov't""], ""is_review"": false, ""found_in"": [""pubmed""]}"
PMID:37628707	paper	Diverse Clinical Phenotypes of CASK-Related Disorders and Multiple Functional Domains of CASK Protein.	"{""year"": ""2023"", ""journal"": ""Genes (Basel)"", ""publication_types"": [""Journal Article"", ""Review"", ""Research Support, Non-U.S. Gov't""], ""is_review"": true, ""found_in"": [""pubmed""]}"
PMID:37850637	paper	Deep Brain Stimulation in a Patient with TSPOAP1-Biallelic Variant of Autosomal-Recessive Dystonia.	"{""year"": ""2023"", ""journal"": ""Mov Disord"", ""publication_types"": [""Case Reports"", ""Letter""], ""is_review"": false, ""found_in"": [""pubmed""]}"
PMID:37946085	paper	Glucose-dependent insulinotropic polypeptide regulates body weight and food intake via GABAergic neurons in mice.	"{""year"": ""2023"", ""journal"": ""Nat Metab"", ""publication_types"": [""Journal Article"", ""Research Support, Non-U.S. Gov't""], ""is_review"": false, ""found_in"": [""pubmed""]}"
PMID:38058756	paper	Expanding Phenotype of SYT1-Related Neurodevelopmental Disorder: Case Report and Literature Review.	"{""year"": ""2023"", ""journal"": ""Mol Syndromol"", ""publication_types"": [""Journal Article""], ""is_review"": false, ""found_in"": [""pubmed""]}"
PMID:38110787	paper	Generation of iPSC lines (KAIMRCi003A, KAIMRCi003B) from a Saudi patient with Dravet syndrome carrying homozygous mutation in the CPLX1 gene and heterozygous mutation in SCN9A.	"{""year"": ""2024"", ""journal"": ""Hum Cell"", ""publication_types"": [""Journal Article""], ""is_review"": false, ""found_in"": [""pubmed""]}"
PMID:38181735	paper	A syndromic neurodevelopmental disorder caused by rare variants in PPFIA3.	"{""year"": ""2024"", ""journal"": ""Am J Hum Genet"", ""publication_types"": [""Journal Article"", ""Research Support, Non-U.S. Gov't"", ""Research Support, N.I.H., Extramural""], ""is_review"": false, ""found_in"": [""pubmed""]}"
PMID:38219528	paper	Clinical and genetic profile of patients with dystonia: An experience from a tertiary neurology center from India.	"{""year"": ""2024"", ""journal"": ""Parkinsonism Relat Disord"", ""publication_types"": [""Journal Article"", ""Research Support, Non-U.S. Gov't""], ""is_review"": false, ""found_in"": [""pubmed""]}"
PMID:38225382	paper	Systematic discovery of protein interaction interfaces using AlphaFold and experimental validation.	"{""year"": ""2024"", ""journal"": ""Mol Syst Biol"", ""publication_types"": [""Journal Article""], ""is_review"": false, ""found_in"": [""pubmed""]}"
PMID:38293024	paper	Region-based analysis with functional annotation identifies genes associated with cognitive function in South Asians from India.	"{""year"": ""2024"", ""journal"": ""medRxiv"", ""publication_types"": [""Journal Article"", ""Preprint""], ""is_review"": false, ""found_in"": [""pubmed""]}"
PMID:38458754	paper	Dissecting genetic architecture of rare dystonia: genetic, molecular and clinical insights.	"{""year"": ""2024"", ""journal"": ""J Med Genet"", ""publication_types"": [""Journal Article"", ""Research Support, Non-U.S. Gov't""], ""is_review"": false, ""found_in"": [""pubmed""]}"
PMID:38508193	paper	A syndromic neurodevelopmental disorder caused by rare variants in PPFIA3.	"{""year"": ""2024"", ""journal"": ""Am J Hum Genet"", ""publication_types"": [""Published Erratum""], ""is_review"": false, ""found_in"": [""pubmed""]}"
PMID:38538787	paper	A brainstem-hypothalamus neuronal circuit reduces feeding upon heat exposure.	"{""year"": ""2024"", ""journal"": ""Nature"", ""publication_types"": [""Journal Article"", ""Research Support, Non-U.S. Gov't"", ""Research Support, N.I.H., Extramural""], ""is_review"": false, ""found_in"": [""pubmed""]}"
PMID:38539105	paper	Genetic determinants of global developmental delay and intellectual disability in Ukrainian children.	"{""year"": ""2024"", ""journal"": ""J Neurodev Disord"", ""publication_types"": [""Journal Article"", ""Research Support, Non-U.S. Gov't""], ""is_review"": false, ""found_in"": [""pubmed""]}"
PMID:38540325	paper	Genetic Advancements in Infantile Epileptic Spasms Syndrome and Opportunities for Precision Medicine.	"{""year"": ""2024"", ""journal"": ""Genes (Basel)"", ""publication_types"": [""Journal Article"", ""Review""], ""is_review"": true, ""found_in"": [""pubmed""]}"
PMID:38671141	paper	GWAS meta-analysis reveals key risk loci in essential tremor pathogenesis.	"{""year"": ""2024"", ""journal"": ""Commun Biol"", ""publication_types"": [""Journal Article"", ""Meta-Analysis"", ""Research Support, Non-U.S. Gov't"", ""Research Support, N.I.H., Extramural""], ""is_review"": false, ""found_in"": [""pubmed""]}"
PMID:38723631	paper	A syndromic neurodevelopmental disorder caused by rare variants in PPFIA3.	"{""year"": ""2024"", ""journal"": ""Am J Hum Genet"", ""publication_types"": [""Published Erratum""], ""is_review"": false, ""found_in"": [""pubmed""]}"
PMID:38860500	paper	Mutation spectrum of hearing loss patients in Northwest China: Identification of 20 novel variants.	"{""year"": ""2024"", ""journal"": ""Mol Genet Genomic Med"", ""publication_types"": [""Editorial""], ""is_review"": false, ""found_in"": [""pubmed""]}"
PMID:38949671	paper	Adult-onset deactivation of autophagy leads to loss of synapse homeostasis and cognitive impairment, with implications for alzheimer disease.	"{""year"": ""2024"", ""journal"": ""Autophagy"", ""publication_types"": [""Journal Article"", ""Research Support, N.I.H., Extramural""], ""is_review"": false, ""found_in"": [""pubmed""]}"
PMID:39096015	paper	Solving the Etiology of Developmental and Epileptic Encephalopathy with Spike-Wave Activation in Sleep (D/EE-SWAS).	"{""year"": ""2024"", ""journal"": ""Ann Neurol"", ""publication_types"": [""Journal Article"", ""Research Support, N.I.H., Extramural"", ""Research Support, Non-U.S. Gov't""], ""is_review"": false, ""found_in"": [""pubmed""]}"
PMID:39149469	paper	Region-based analysis with functional annotation identifies genes associated with cognitive function in South Asians from India.	"{""year"": ""2024"", ""journal"": ""Res Sq"", ""publication_types"": [""Journal Article"", ""Preprint""], ""is_review"": false, ""found_in"": [""pubmed""]}"
PMID:39203853	paper	Effects of Castanopsis echinocarpa on Sensorineural Hearing Loss via Neuronal Gene Regulation.	"{""year"": ""2024"", ""journal"": ""Nutrients"", ""publication_types"": [""Journal Article""], ""is_review"": false, ""found_in"": [""pubmed""]}"
PMID:39207910	paper	Opposing actions of co-released GABA and neurotensin on the activity of preoptic neurons and on body temperature.	"{""year"": ""2024"", ""journal"": ""Elife"", ""publication_types"": [""Journal Article""], ""is_review"": false, ""found_in"": [""pubmed""]}"
PMID:39288524	paper	Manganese exposure leads to depressive-like behavior through disruption of the Gln-Glu-GABA metabolic cycle.	"{""year"": ""2024"", ""journal"": ""J Hazard Mater"", ""publication_types"": [""Journal Article"", ""Research Support, Non-U.S. Gov't""], ""is_review"": false, ""found_in"": [""pubmed""]}"
PMID:39567494	paper	IL-1β promotes glutamate excitotoxicity: indications for the link between inflammatory and synaptic vesicle cycle in Ménière's disease.	"{""year"": ""2024"", ""journal"": ""Cell Death Discov"", ""publication_types"": [""Journal Article""], ""is_review"": false, ""found_in"": [""pubmed""]}"
PMID:39675068	paper	Sarcopenic obesity is attenuated by E-syt1 inhibition via improving skeletal muscle mitochondrial function.	"{""year"": ""2025"", ""journal"": ""Redox Biol"", ""publication_types"": [""Journal Article"", ""Research Support, Non-U.S. Gov't""], ""is_review"": false, ""found_in"": [""pubmed""]}"
PMID:39985505	paper	The epilepsy-autism phenotype associated with developmental and epileptic encephalopathies: New mechanism-based therapeutic options.	"{""year"": ""2025"", ""journal"": ""Epilepsia"", ""publication_types"": [""Journal Article"", ""Review""], ""is_review"": true, ""found_in"": [""pubmed""]}"
PMID:40088508	paper	Genetic Epilepsies With Onset in Infancy and Toddlerhood: A Prospective Single-Center Study in India.	"{""year"": ""2025"", ""journal"": ""Pediatr Neurol"", ""publication_types"": [""Journal Article""], ""is_review"": false, ""found_in"": [""pubmed""]}"
PMID:40381457	paper	Current and Emerging Precision Therapies for Developmental and Epileptic Encephalopathies.	"{""year"": ""2025"", ""journal"": ""Pediatr Neurol"", ""publication_types"": [""Journal Article"", ""Review""], ""is_review"": true, ""found_in"": [""pubmed""]}"
PMID:40396212	paper	Glutamine catabolism supports amino acid biosynthesis and suppresses the integrated stress response to promote photoreceptor survival.	"{""year"": ""2025"", ""journal"": ""Elife"", ""publication_types"": [""Journal Article""], ""is_review"": false, ""found_in"": [""pubmed""]}"
PMID:40492195	paper	Cognitive and Synaptic Impairment Induced by Deficiency of Autism Risk Gene Smarcc2 and its Rescue by Histone Deacetylase Inhibition.	"{""year"": ""2025"", ""journal"": ""bioRxiv"", ""publication_types"": [""Journal Article"", ""Preprint""], ""is_review"": false, ""found_in"": [""pubmed""]}"
PMID:40565532	paper	Region-Based Analysis with Functional Annotation Identifies Genes Associated with Cognitive Function in South Asians from India.	"{""year"": ""2025"", ""journal"": ""Genes (Basel)"", ""publication_types"": [""Journal Article""], ""is_review"": false, ""found_in"": [""pubmed""]}"
PMID:40812515	paper	The glutaminase inhibitor JHU-083 mitigates cognitive dysfunction in a mouse model of post-traumatic stress disorder.	"{""year"": ""2025"", ""journal"": ""Neuropharmacology"", ""publication_types"": [""Journal Article""], ""is_review"": false, ""found_in"": [""pubmed""]}"
PMID:40925365	paper	Cortical versus hippocampal network dysfunction in a human brain assembloid model of epilepsy and intellectual disability.	"{""year"": ""2025"", ""journal"": ""Cell Rep"", ""publication_types"": [""Journal Article""], ""is_review"": false, ""found_in"": [""pubmed""]}"
PMID:41044885	paper	De Novo Variants in PPFIA2 in Individuals With Neurodevelopmental Disorders.	"{""year"": ""2026"", ""journal"": ""Am J Med Genet A"", ""publication_types"": [""Journal Article""], ""is_review"": false, ""found_in"": [""pubmed""]}"
PMID:41188235	paper	Gain of Alternative Allele Expression of LINC02449 at rs149707223 in Schizophrenia and Bipolar Disorder: Inducing Synaptic Transmission and Behavioral Deficits in Mice.	"{""year"": ""2025"", ""journal"": ""Nat Commun"", ""publication_types"": [""Journal Article""], ""is_review"": false, ""found_in"": [""pubmed""]}"
PMID:41278630	paper	Proteomic characterization of neuronal extracellular vesicle interactomes in Alzheimer's disease mouse model through TurboID-based proximity labeling.	"{""year"": ""2025"", ""journal"": ""bioRxiv"", ""publication_types"": [""Journal Article"", ""Preprint""], ""is_review"": false, ""found_in"": [""pubmed""]}"
PMID:41371074	paper	Expanding the genotypic and phenotypic spectrum of DYT-TSPOAP1: First report from India.	"{""year"": ""2026"", ""journal"": ""Parkinsonism Relat Disord"", ""publication_types"": [""Case Reports"", ""Journal Article"", ""Video-Audio Media""], ""is_review"": false, ""found_in"": [""pubmed""]}"
PMID:41469740	paper	Cellular reprogramming of H3K27M pediatric high-grade glioma to neuron-like state.	"{""year"": ""2025"", ""journal"": ""Acta Neuropathol Commun"", ""publication_types"": [""Journal Article""], ""is_review"": false, ""found_in"": [""pubmed""]}"
PMID:42027086	paper	A Novel Homozygous TSPOAP1 Variant in an Indian Patient Causing Childhood-Onset Generalized Dystonia with Cerebellar Atrophy.	"{""year"": ""2026"", ""journal"": ""Mov Disord Clin Pract"", ""publication_types"": [""Case Reports"", ""Journal Article""], ""is_review"": false, ""found_in"": [""pubmed""]}"
PMID:42041567	paper	Astro-Versus Microglia-Enriched Transcriptomes from Aged Atxn2-CAG100-Knockin Mice Suggest Underlying Pathology of RNA Processing at Ribosomes, and Possibly at U-Bodies.	"{""year"": ""2026"", ""journal"": ""Cells"", ""publication_types"": [""Journal Article""], ""is_review"": false, ""found_in"": [""pubmed""]}"
PMID:42308736	paper	The causative mutation for muffs and beard phenotype correlates with gene expression profile in chicken embryonic brains: an RNA-seq analysis.	"{""year"": ""2026"", ""journal"": ""Poult Sci"", ""publication_types"": [""Journal Article""], ""is_review"": false, ""found_in"": [""pubmed""]}"
PMID:8900203	paper	Overall lack of regulated secretion in a PC12 variant cell clone.	"{""year"": ""1996"", ""journal"": ""J Biol Chem"", ""publication_types"": [""Journal Article"", ""Research Support, Non-U.S. Gov't""], ""is_review"": false, ""found_in"": [""pubmed""]}"
REACT:R-HSA-1445148	pathway	Translocation of SLC2A4 (GLUT4) to the plasma membrane	"{""top_level"": [""Vesicle-mediated transport""], ""n_diseases"": 78, ""found_in"": [""atlas""]}"
REACT:R-HSA-181429	pathway	Serotonin Neurotransmitter Release Cycle	"{""top_level"": [""Neuronal System""], ""n_diseases"": 17, ""found_in"": [""atlas""]}"
REACT:R-HSA-181430	pathway	Norepinephrine Neurotransmitter Release Cycle	"{""top_level"": [""Neuronal System""], ""n_diseases"": 16, ""found_in"": [""atlas""]}"
REACT:R-HSA-196108	pathway	Pregnenolone biosynthesis	"{""top_level"": [""Metabolism""], ""n_diseases"": 12, ""found_in"": [""atlas""]}"
REACT:R-HSA-199992	pathway	trans-Golgi Network Vesicle Budding	"{""top_level"": [""Vesicle-mediated transport""], ""n_diseases"": 5, ""found_in"": [""atlas""]}"
REACT:R-HSA-210500	pathway	Glutamate Neurotransmitter Release Cycle	"{""top_level"": [""Neuronal System""], ""n_diseases"": 23, ""found_in"": [""atlas""]}"
REACT:R-HSA-212676	pathway	Dopamine Neurotransmitter Release Cycle	"{""top_level"": [""Neuronal System""], ""n_diseases"": 22, ""found_in"": [""atlas""]}"
REACT:R-HSA-264642	pathway	Acetylcholine Neurotransmitter Release Cycle	"{""top_level"": [""Neuronal System""], ""n_diseases"": 21, ""found_in"": [""atlas""]}"
REACT:R-HSA-264876	pathway	Insulin processing	"{""top_level"": [""Metabolism of proteins""], ""n_diseases"": 25, ""found_in"": [""atlas""]}"
REACT:R-HSA-3000170	pathway	Syndecan interactions	"{""top_level"": [""Extracellular matrix organization""], ""n_diseases"": 51, ""found_in"": [""atlas""]}"
REACT:R-HSA-373753	pathway	Nephrin family interactions	"{""top_level"": [""Cell-Cell communication""], ""n_diseases"": 50, ""found_in"": [""atlas""]}"
REACT:R-HSA-388844	pathway	Receptor-type tyrosine-protein phosphatases	"{""top_level"": [""Neuronal System""], ""n_diseases"": 11, ""found_in"": [""atlas""]}"
REACT:R-HSA-422356	pathway	Regulation of insulin secretion	"{""top_level"": [""Metabolism""], ""n_diseases"": 75, ""found_in"": [""atlas""]}"
REACT:R-HSA-432720	pathway	Lysosome Vesicle Biogenesis	"{""top_level"": [""Vesicle-mediated transport""], ""n_diseases"": 40, ""found_in"": [""atlas""]}"
REACT:R-HSA-432722	pathway	Golgi Associated Vesicle Biogenesis	"{""top_level"": [""Vesicle-mediated transport""], ""n_diseases"": 50, ""found_in"": [""atlas""]}"
REACT:R-HSA-442660	pathway	SLC-mediated transport of neurotransmitters	"{""top_level"": [""Transport of small molecules""], ""n_diseases"": 18, ""found_in"": [""atlas""]}"
REACT:R-HSA-445095	pathway	Interaction between L1 and Ankyrins	"{""top_level"": [""Developmental Biology""], ""n_diseases"": 112, ""found_in"": [""atlas""]}"
REACT:R-HSA-449836	pathway	Other interleukin signaling	"{""top_level"": [""Immune System""], ""n_diseases"": 21, ""found_in"": [""atlas""]}"
REACT:R-HSA-5250955	pathway	Toxicity of botulinum toxin type D (botD)	"{""top_level"": [""Disease""], ""n_diseases"": 5, ""found_in"": [""atlas""]}"
REACT:R-HSA-5250958	pathway	Toxicity of botulinum toxin type B (botB)	"{""top_level"": [""Disease""], ""n_diseases"": 6, ""found_in"": [""atlas""]}"
REACT:R-HSA-5250981	pathway	Toxicity of botulinum toxin type F (botF)	"{""top_level"": [""Disease""], ""n_diseases"": 5, ""found_in"": [""atlas""]}"
REACT:R-HSA-5250982	pathway	Toxicity of tetanus toxin (tetX)	"{""top_level"": [""Disease""], ""n_diseases"": 1, ""found_in"": [""atlas""]}"
REACT:R-HSA-5250989	pathway	Toxicity of botulinum toxin type G (botG)	"{""top_level"": [""Disease""], ""n_diseases"": 5, ""found_in"": [""atlas""]}"
REACT:R-HSA-5576892	pathway	Phase 0 - rapid depolarisation	"{""top_level"": [""Muscle contraction""], ""n_diseases"": 99, ""found_in"": [""atlas""]}"
REACT:R-HSA-5628897	pathway	TP53 Regulates Metabolic Genes	"{""top_level"": [""Gene expression (Transcription)""], ""n_diseases"": 104, ""found_in"": [""atlas""]}"
REACT:R-HSA-6794361	pathway	Neurexins and neuroligins	"{""top_level"": [""Neuronal System""], ""n_diseases"": 42, ""found_in"": [""atlas""]}"
REACT:R-HSA-8854214	pathway	TBC/RABGAPs	"{""top_level"": [""Vesicle-mediated transport""], ""n_diseases"": 29, ""found_in"": [""atlas""]}"
REACT:R-HSA-8856825	pathway	Cargo recognition for clathrin-mediated endocytosis	"{""top_level"": [""Vesicle-mediated transport""], ""n_diseases"": 68, ""found_in"": [""atlas""]}"
REACT:R-HSA-8856828	pathway	Clathrin-mediated endocytosis	"{""top_level"": [""Vesicle-mediated transport""], ""n_diseases"": 97, ""found_in"": [""atlas""]}"
REACT:R-HSA-888568	pathway	GABA synthesis	"{""top_level"": [""Neuronal System""], ""n_diseases"": 2, ""found_in"": [""atlas""]}"
REACT:R-HSA-888590	pathway	GABA synthesis, release, reuptake and degradation	"{""top_level"": [""Neuronal System""], ""n_diseases"": 17, ""found_in"": [""atlas""]}"
REACT:R-HSA-8964539	pathway	Glutamate and glutamine metabolism	"{""top_level"": [""Metabolism""], ""n_diseases"": 20, ""found_in"": [""atlas""]}"
REACT:R-HSA-9022927	pathway	MECP2 regulates transcription of genes involved in GABA signaling	"{""top_level"": [""Gene expression (Transcription)""], ""n_diseases"": 8, ""found_in"": [""atlas""]}"
REACT:R-HSA-9609523	pathway	Insertion of tail-anchored proteins into the endoplasmic reticulum membrane	"{""top_level"": [""Protein localization""], ""n_diseases"": 30, ""found_in"": [""atlas""]}"
REACT:R-HSA-9609736	pathway	Assembly and cell surface presentation of NMDA receptors	"{""top_level"": [""Neuronal System""], ""n_diseases"": 68, ""found_in"": [""atlas""]}"
REACT:R-HSA-9662360	pathway	Sensory processing of sound by inner hair cells of the cochlea	"{""top_level"": [""Sensory Perception""], ""n_diseases"": 94, ""found_in"": [""atlas""]}"
REACT:R-HSA-9662361	pathway	Sensory processing of sound by outer hair cells of the cochlea	"{""top_level"": [""Sensory Perception""], ""n_diseases"": 78, ""found_in"": [""atlas""]}"
