edge_id	subject	predicate	object	source	source_id	source_url	retrieved_date	evidence_type	evidence_code	confidence	quote	contradicted_by	attributes
ATL000001	HGNC:29203	gene_associated_with_condition	MONDO:0011970	OMIM via HPO	OMIM:608105	https://omim.org/entry/608105	2026-10-03	observed	MENDELIAN				"{""atlas_edge_id"": ""E0000236"", ""orphanet_association"": """", ""variant_effect"": """", ""validation"": """"}"
ATL000002	HGNC:1497	gene_associated_with_condition	MONDO:0010480	OMIM via HPO	OMIM:300908	https://omim.org/entry/300908	2026-10-03	observed	MENDELIAN				"{""atlas_edge_id"": ""E0000738"", ""orphanet_association"": """", ""variant_effect"": """", ""validation"": """"}"
ATL000003	HGNC:29203	gene_associated_with_condition	MONDO:0009079	OMIM via HPO	OMIM:220500	https://omim.org/entry/220500	2026-10-03	observed	MENDELIAN				"{""atlas_edge_id"": ""E0001466"", ""orphanet_association"": """", ""variant_effect"": """", ""validation"": """"}"
ATL000004	HGNC:2309	gene_associated_with_condition	MONDO:0008684	OMIM via HPO	OMIM:194190	https://omim.org/entry/194190	2026-10-03	observed	MENDELIAN				"{""atlas_edge_id"": ""E0001853"", ""orphanet_association"": """", ""variant_effect"": """", ""validation"": """"}"
ATL000005	HGNC:10596	gene_associated_with_condition	MONDO:0013680	OMIM via HPO	OMIM:614306	https://omim.org/entry/614306	2026-10-03	observed	MENDELIAN				"{""atlas_edge_id"": ""E0001939"", ""orphanet_association"": """", ""variant_effect"": """", ""validation"": """"}"
ATL000006	HGNC:4092	gene_associated_with_condition	MONDO:0030856	OMIM via HPO	OMIM:619124	https://omim.org/entry/619124	2026-10-03	observed	MENDELIAN				"{""atlas_edge_id"": ""E0002164"", ""orphanet_association"": """", ""variant_effect"": """", ""validation"": """"}"
ATL000007	HGNC:9247	gene_associated_with_condition	MONDO:1040014	OMIM via HPO	OMIM:621122	https://omim.org/entry/621122	2026-10-03	observed	MENDELIAN				"{""atlas_edge_id"": ""E0003122"", ""orphanet_association"": """", ""variant_effect"": """", ""validation"": """"}"
ATL000008	HGNC:2309	gene_associated_with_condition	MONDO:0033372	OMIM via HPO	OMIM:617976	https://omim.org/entry/617976	2026-10-03	observed	MENDELIAN				"{""atlas_edge_id"": ""E0003272"", ""orphanet_association"": """", ""variant_effect"": """", ""validation"": """"}"
ATL000009	HGNC:29203	gene_associated_with_condition	MONDO:0014133	OMIM via HPO	OMIM:615338	https://omim.org/entry/615338	2026-10-03	observed	MENDELIAN				"{""atlas_edge_id"": ""E0003319"", ""orphanet_association"": """", ""variant_effect"": """", ""validation"": """"}"
ATL000010	HGNC:4331	gene_associated_with_condition	MONDO:0032678	OMIM via HPO	OMIM:618328	https://omim.org/entry/618328	2026-10-03	observed	MENDELIAN				"{""atlas_edge_id"": ""E0003433"", ""orphanet_association"": """", ""variant_effect"": """", ""validation"": """"}"
ATL000011	HGNC:4331	gene_associated_with_condition	MONDO:0032685	OMIM via HPO	OMIM:618339	https://omim.org/entry/618339	2026-10-03	observed	MENDELIAN				"{""atlas_edge_id"": ""E0003457"", ""orphanet_association"": """", ""variant_effect"": """", ""validation"": """"}"
ATL000012	HGNC:10596	gene_associated_with_condition	MONDO:0100092	OMIM via HPO	OMIM:618364	https://omim.org/entry/618364	2026-10-03	observed	MENDELIAN				"{""atlas_edge_id"": ""E0003540"", ""orphanet_association"": """", ""variant_effect"": """", ""validation"": """"}"
ATL000013	HGNC:10596	gene_associated_with_condition	MONDO:0014903	OMIM via HPO	OMIM:617080	https://omim.org/entry/617080	2026-10-03	observed	MENDELIAN				"{""atlas_edge_id"": ""E0003617"", ""orphanet_association"": """", ""variant_effect"": """", ""validation"": """"}"
ATL000014	HGNC:29203	gene_associated_with_condition	MONDO:0011506	OMIM via HPO	OMIM:605021	https://omim.org/entry/605021	2026-10-03	observed	MENDELIAN				"{""atlas_edge_id"": ""E0003750"", ""orphanet_association"": """", ""variant_effect"": """", ""validation"": """"}"
ATL000015	HGNC:11444	gene_associated_with_condition	MONDO:0012812	OMIM via HPO	OMIM:612164	https://omim.org/entry/612164	2026-10-03	observed	MENDELIAN				"{""atlas_edge_id"": ""E0003788"", ""orphanet_association"": """", ""variant_effect"": """", ""validation"": """"}"
ATL000016	HGNC:11509	gene_associated_with_condition	MONDO:0033864	OMIM via HPO	OMIM:618218	https://omim.org/entry/618218	2026-10-03	observed	MENDELIAN				"{""atlas_edge_id"": ""E0003910"", ""orphanet_association"": """", ""variant_effect"": """", ""validation"": """"}"
ATL000017	HGNC:29203	gene_associated_with_condition	MONDO:0013826	OMIM via HPO	OMIM:614617	https://omim.org/entry/614617	2026-10-03	observed	MENDELIAN				"{""atlas_edge_id"": ""E0004093"", ""orphanet_association"": """", ""variant_effect"": """", ""validation"": """"}"
ATL000018	HGNC:1497	gene_associated_with_condition	MONDO:0010318	OMIM via HPO	OMIM:300422	https://omim.org/entry/300422	2026-10-03	observed	MENDELIAN				"{""atlas_edge_id"": ""E0004142"", ""orphanet_association"": """", ""variant_effect"": """", ""validation"": """"}"
ATL000019	HGNC:16831	gene_associated_with_condition	MONDO:0957542	OMIM via HPO	OMIM:620456	https://omim.org/entry/620456	2026-10-03	observed	MENDELIAN				"{""atlas_edge_id"": ""E0004375"", ""orphanet_association"": """", ""variant_effect"": """", ""validation"": """"}"
ATL000020	HGNC:16831	gene_associated_with_condition	MONDO:0957539	OMIM via HPO	OMIM:620453	https://omim.org/entry/620453	2026-10-03	observed	MENDELIAN				"{""atlas_edge_id"": ""E0004380"", ""orphanet_association"": """", ""variant_effect"": """", ""validation"": """"}"
ATL000021	HGNC:10596	gene_associated_with_condition	MONDO:0013801	OMIM via HPO	OMIM:614558	https://omim.org/entry/614558	2026-10-03	observed	MENDELIAN				"{""atlas_edge_id"": ""E0004635"", ""orphanet_association"": """", ""variant_effect"": """", ""validation"": """"}"
ATL000022	HGNC:12643	gene_associated_with_condition	MONDO:0032900	OMIM via HPO	OMIM:618760	https://omim.org/entry/618760	2026-10-03	observed	MENDELIAN				"{""atlas_edge_id"": ""E0005296"", ""orphanet_association"": """", ""variant_effect"": """", ""validation"": """"}"
ATL000023	HGNC:1497	gene_associated_with_condition	MONDO:0010417	OMIM via HPO	OMIM:300749	https://omim.org/entry/300749	2026-10-03	observed	MENDELIAN				"{""atlas_edge_id"": ""E0005372"", ""orphanet_association"": """", ""variant_effect"": """", ""validation"": """"}"
ATL000024	HGNC:29203	gene_associated_with_condition	MONDO:0014470	OMIM via HPO	OMIM:616044	https://omim.org/entry/616044	2026-10-03	observed	MENDELIAN				"{""atlas_edge_id"": ""E0005804"", ""orphanet_association"": """", ""variant_effect"": """", ""validation"": """"}"
ATL000025	HGNC:4331	gene_associated_with_condition	MONDO:0032733	OMIM via HPO	OMIM:618412	https://omim.org/entry/618412	2026-10-03	observed	MENDELIAN				"{""atlas_edge_id"": ""E0006599"", ""orphanet_association"": """", ""variant_effect"": """", ""validation"": """"}"
ATL000026	HGNC:11018	gene_associated_with_condition	MONDO:0958324	OMIM via HPO	OMIM:620755	https://omim.org/entry/620755	2026-10-03	observed	MENDELIAN				"{""atlas_edge_id"": ""E0006645"", ""orphanet_association"": """", ""variant_effect"": """", ""validation"": """"}"
ATL000027	HGNC:11018	gene_associated_with_condition	MONDO:0958331	OMIM via HPO	OMIM:620774	https://omim.org/entry/620774	2026-10-03	observed	MENDELIAN				"{""atlas_edge_id"": ""E0006716"", ""orphanet_association"": """", ""variant_effect"": """", ""validation"": """"}"
ATL000028	HGNC:10596	gene_associated_with_condition	MONDO:0017615	Orphanet	ORPHA:306	https://www.orpha.net/en/disease/detail/306	2026-10-03	observed	UNKNOWN				"{""atlas_edge_id"": ""E0007353"", ""orphanet_association"": ""Disease-causing germline mutation(s) (gain of function) in"", ""variant_effect"": ""gain of function"", ""validation"": ""26677014[PMID]""}"
ATL000029	HGNC:10596	gene_associated_with_condition	MONDO:0015802	Orphanet	ORPHA:178469	https://www.orpha.net/en/disease/detail/178469	2026-10-03	observed	UNKNOWN				"{""atlas_edge_id"": ""E0007406"", ""orphanet_association"": ""Disease-causing germline mutation(s) in"", ""variant_effect"": """", ""validation"": ""16236810[PMID]""}"
ATL000030	HGNC:29203	gene_associated_with_condition	MONDO:0019587	Orphanet	ORPHA:90635	https://www.orpha.net/en/disease/detail/90635	2026-10-03	observed	UNKNOWN				"{""atlas_edge_id"": ""E0007595"", ""orphanet_association"": ""Disease-causing germline mutation(s) in"", ""variant_effect"": """", ""validation"": ""24729547[PMID]_24729539[PMID]""}"
ATL000031	HGNC:29203	gene_associated_with_condition	MONDO:0019588	Orphanet	ORPHA:90636	https://www.orpha.net/en/disease/detail/90636	2026-10-03	observed	UNKNOWN				"{""atlas_edge_id"": ""E0007658"", ""orphanet_association"": ""Disease-causing germline mutation(s) in"", ""variant_effect"": """", ""validation"": ""24387994[PMID]""}"
ATL000032	HGNC:4092	gene_associated_with_condition	MONDO:0016215	Orphanet	ORPHA:210141	https://www.orpha.net/en/disease/detail/210141	2026-10-03	observed	UNKNOWN				"{""atlas_edge_id"": ""E0008066"", ""orphanet_association"": ""Disease-causing germline mutation(s) in"", ""variant_effect"": """", ""validation"": ""15571623[PMID]""}"
ATL000033	HGNC:11444	gene_associated_with_condition	MONDO:0012812	Orphanet	ORPHA:599373	https://www.orpha.net/en/disease/detail/599373	2026-10-03	observed	UNKNOWN				"{""atlas_edge_id"": ""E0008552"", ""orphanet_association"": ""Disease-causing germline mutation(s) in"", ""variant_effect"": """", ""validation"": ""32643187[PMID]""}"
ATL000034	HGNC:29203	gene_associated_with_condition	MONDO:0009079	Orphanet	ORPHA:79500	https://www.orpha.net/en/disease/detail/79500	2026-10-03	observed	UNKNOWN				"{""atlas_edge_id"": ""E0008646"", ""orphanet_association"": ""Disease-causing germline mutation(s) in"", ""variant_effect"": """", ""validation"": ""24291220[PMID]""}"
ATL000035	HGNC:11018	gene_associated_with_condition	MONDO:0018214	Orphanet	ORPHA:36387	https://www.orpha.net/en/disease/detail/36387	2026-10-03	observed	UNKNOWN				"{""atlas_edge_id"": ""E0008808"", ""orphanet_association"": ""Disease-causing germline mutation(s) in"", ""variant_effect"": """", ""validation"": ""34038384[PMID]""}"
ATL000036	HGNC:11509	gene_associated_with_condition	MONDO:0033864	Orphanet	ORPHA:522077	https://www.orpha.net/en/disease/detail/522077	2026-10-03	observed	UNKNOWN				"{""atlas_edge_id"": ""E0009048"", ""orphanet_association"": ""Disease-causing germline mutation(s) in"", ""variant_effect"": """", ""validation"": ""25705886[PMID]_30107533[PMID]""}"
ATL000037	HGNC:29203	gene_associated_with_condition	MONDO:0018126	Orphanet	ORPHA:352596	https://www.orpha.net/en/disease/detail/352596	2026-10-03	observed	UNKNOWN				"{""atlas_edge_id"": ""E0009512"", ""orphanet_association"": ""Disease-causing germline mutation(s) (loss of function) in"", ""variant_effect"": ""loss of function"", ""validation"": ""21087195[PMID]_23343562[PMID]""}"
ATL000038	HGNC:4331	gene_associated_with_condition	MONDO:0034146	Orphanet	ORPHA:557056	https://www.orpha.net/en/disease/detail/557056	2026-10-03	observed	UNKNOWN				"{""atlas_edge_id"": ""E0009546"", ""orphanet_association"": ""Disease-causing germline mutation(s) (loss of function) in"", ""variant_effect"": ""loss of function"", ""validation"": ""30575854[PMID]_30970188[PMID]_30987386[PMID]""}"
ATL000039	HGNC:4331	gene_associated_with_condition	MONDO:0032678	Orphanet	ORPHA:557064	https://www.orpha.net/en/disease/detail/557064	2026-10-03	observed	UNKNOWN				"{""atlas_edge_id"": ""E0009576"", ""orphanet_association"": ""Disease-causing germline mutation(s) (loss of function) in"", ""variant_effect"": ""loss of function"", ""validation"": ""30575854[PMID]""}"
ATL000040	HGNC:1497	gene_associated_with_condition	MONDO:0010417	Orphanet	ORPHA:163937	https://www.orpha.net/en/disease/detail/163937	2026-10-03	observed	UNKNOWN				"{""atlas_edge_id"": ""E0009608"", ""orphanet_association"": ""Disease-causing germline mutation(s) in"", ""variant_effect"": """", ""validation"": ""19165920[PMID]""}"
ATL000041	HGNC:29203	gene_associated_with_condition	MONDO:0018125	Orphanet	ORPHA:352587	https://www.orpha.net/en/disease/detail/352587	2026-10-03	observed	UNKNOWN				"{""atlas_edge_id"": ""E0009611"", ""orphanet_association"": ""Disease-causing germline mutation(s) in"", ""variant_effect"": """", ""validation"": ""23517570[PMID]""}"
ATL000042	HGNC:1497	gene_associated_with_condition	MONDO:0019181	Orphanet	ORPHA:777	https://www.orpha.net/en/disease/detail/777	2026-10-03	observed	UNKNOWN				"{""atlas_edge_id"": ""E0010963"", ""orphanet_association"": ""Disease-causing germline mutation(s) in"", ""variant_effect"": """", ""validation"": ""25886057[PMID]_24278995[PMID]""}"
ATL000043	HGNC:29203	gene_associated_with_condition	MONDO:0011970	Orphanet	ORPHA:163727	https://www.orpha.net/en/disease/detail/163727	2026-10-03	observed	UNKNOWN				"{""atlas_edge_id"": ""E0011257"", ""orphanet_association"": ""Disease-causing germline mutation(s) in"", ""variant_effect"": """", ""validation"": ""31257402[PMID]""}"
ATL000044	HGNC:2309	gene_associated_with_condition	MONDO:0100566	Orphanet	ORPHA:86909	https://www.orpha.net/en/disease/detail/86909	2026-10-03	observed	UNKNOWN				"{""atlas_edge_id"": ""E0011431"", ""orphanet_association"": ""Disease-causing germline mutation(s) in"", ""variant_effect"": """", ""validation"": ""28422131[PMID]""}"
ATL000045	HGNC:10596	gene_associated_with_condition	MONDO:0100566	Orphanet	ORPHA:86909	https://www.orpha.net/en/disease/detail/86909	2026-10-03	observed	UNKNOWN				"{""atlas_edge_id"": ""E0011432"", ""orphanet_association"": ""Disease-causing germline mutation(s) in"", ""variant_effect"": """", ""validation"": ""29726066[PMID]""}"
ATL000046	HGNC:29203	gene_associated_with_condition	MONDO:0100566	Orphanet	ORPHA:86909	https://www.orpha.net/en/disease/detail/86909	2026-10-03	observed	UNKNOWN				"{""atlas_edge_id"": ""E0011433"", ""orphanet_association"": ""Disease-causing germline mutation(s) (loss of function) in"", ""variant_effect"": ""loss of function"", ""validation"": ""20727515[PMID]""}"
ATL000047	HGNC:10596	gene_associated_with_condition	MONDO:0018614	Orphanet	ORPHA:442835	https://www.orpha.net/en/disease/detail/442835	2026-10-03	observed	UNKNOWN				"{""atlas_edge_id"": ""E0011664"", ""orphanet_association"": ""Disease-causing germline mutation(s) (gain of function) in"", ""variant_effect"": ""gain of function"", ""validation"": ""22365152[PMID]_23708187[PMID]""}"
ATL000048	HGNC:11018	gene_associated_with_condition	MONDO:0800491	Orphanet	ORPHA:1934	https://www.orpha.net/en/disease/detail/1934	2026-10-03	observed	UNKNOWN				"{""atlas_edge_id"": ""E0011767"", ""orphanet_association"": ""Disease-causing germline mutation(s) in"", ""variant_effect"": """", ""validation"": ""36073542[PMID]""}"
ATL000049	HGNC:1497	gene_associated_with_condition	MONDO:0800491	Orphanet	ORPHA:1934	https://www.orpha.net/en/disease/detail/1934	2026-10-03	observed	UNKNOWN				"{""atlas_edge_id"": ""E0011774"", ""orphanet_association"": ""Disease-causing germline mutation(s) (loss of function) in"", ""variant_effect"": ""loss of function"", ""validation"": ""24278995[PMID]_22709267[PMID]""}"
ATL000050	HGNC:29203	gene_associated_with_condition	MONDO:0017385	Orphanet	ORPHA:293181	https://www.orpha.net/en/disease/detail/293181	2026-10-03	observed	UNKNOWN				"{""atlas_edge_id"": ""E0012055"", ""orphanet_association"": ""Disease-causing germline mutation(s) (loss of function) in"", ""variant_effect"": ""loss of function"", ""validation"": ""23526554[PMID]""}"
ATL000051	HGNC:16831	gene_associated_with_condition	MONDO:0011551	Orphanet	ORPHA:101150	https://www.orpha.net/en/disease/detail/101150	2026-10-03	observed	UNKNOWN				"{""atlas_edge_id"": ""E0013469"", ""orphanet_association"": ""Disease-causing germline mutation(s) (loss of function) in"", ""variant_effect"": ""loss of function"", ""validation"": ""33539324[PMID]""}"
ATL000052	MONDO:0008684	has_phenotype	HP:0000286	HPO annotations	OMIM:194190	https://hpo.jax.org/browse/term/HP:0000286	2026-10-03	observed	TAS				"{""atlas_edge_id"": ""E0031452"", ""frequency"": ""HP:0040282"", ""reference"": ""http://www.ncbi.nlm.nih.gov/bookshelf/br.fcgi?book=gene&part=whs"", ""onset"": """"}"
ATL000053	MONDO:0008684	has_phenotype	HP:0001331	HPO annotations	OMIM:194190	https://hpo.jax.org/browse/term/HP:0001331	2026-10-03	observed	TAS				"{""atlas_edge_id"": ""E0031453"", ""frequency"": """", ""reference"": ""OMIM:194190"", ""onset"": """"}"
ATL000054	MONDO:0008684	has_phenotype	HP:0003312	HPO annotations	OMIM:194190	https://hpo.jax.org/browse/term/HP:0003312	2026-10-03	observed	TAS				"{""atlas_edge_id"": ""E0031454"", ""frequency"": ""HP:0040282"", ""reference"": ""PMID:20301362"", ""onset"": """"}"
ATL000055	MONDO:0008684	has_phenotype	HP:0001177	HPO annotations	OMIM:194190	https://hpo.jax.org/browse/term/HP:0001177	2026-10-03	observed	TAS				"{""atlas_edge_id"": ""E0031455"", ""frequency"": ""HP:0040283"", ""reference"": ""ISBN-13:978-3-7945-2657-4"", ""onset"": """"}"
ATL000056	MONDO:0008684	has_phenotype	HP:0002389	HPO annotations	OMIM:194190	https://hpo.jax.org/browse/term/HP:0002389	2026-10-03	observed	TAS				"{""atlas_edge_id"": ""E0031456"", ""frequency"": """", ""reference"": ""OMIM:194190"", ""onset"": """"}"
ATL000057	MONDO:0008684	has_phenotype	HP:0000486	HPO annotations	OMIM:194190	https://hpo.jax.org/browse/term/HP:0000486	2026-10-03	observed	TAS				"{""atlas_edge_id"": ""E0031457"", ""frequency"": ""HP:0040282"", ""reference"": ""ISBN-13:978-3-7945-2657-4;OMIM:194190"", ""onset"": """"}"
ATL000058	MONDO:0008684	has_phenotype	HP:0002144	HPO annotations	OMIM:194190	https://hpo.jax.org/browse/term/HP:0002144	2026-10-03	observed	TAS				"{""atlas_edge_id"": ""E0031458"", ""frequency"": ""HP:0040283"", ""reference"": ""OMIM:194190"", ""onset"": """"}"
ATL000059	MONDO:0008684	has_phenotype	HP:0004322	HPO annotations	OMIM:194190	https://hpo.jax.org/browse/term/HP:0004322	2026-10-03	observed	TAS				"{""atlas_edge_id"": ""E0031459"", ""frequency"": ""HP:0040282"", ""reference"": ""http://www.ncbi.nlm.nih.gov/bookshelf/br.fcgi?book=gene&part=whs;ISBN-13:978-3-7945-2657-4"", ""onset"": """"}"
ATL000060	MONDO:0008684	has_phenotype	HP:0001250	HPO annotations	OMIM:194190	https://hpo.jax.org/browse/term/HP:0001250	2026-10-03	observed	TAS				"{""atlas_edge_id"": ""E0031460"", ""frequency"": ""HP:0040282"", ""reference"": ""http://www.ncbi.nlm.nih.gov/bookshelf/br.fcgi?book=gene&part=whs"", ""onset"": """"}"
ATL000061	MONDO:0008684	has_phenotype	HP:0003199	HPO annotations	OMIM:194190	https://hpo.jax.org/browse/term/HP:0003199	2026-10-03	observed	TAS				"{""atlas_edge_id"": ""E0031461"", ""frequency"": ""HP:0040281"", ""reference"": ""http://www.ncbi.nlm.nih.gov/bookshelf/br.fcgi?book=gene&part=whs"", ""onset"": """"}"
ATL000062	MONDO:0008684	has_phenotype	HP:0004484	HPO annotations	OMIM:194190	https://hpo.jax.org/browse/term/HP:0004484	2026-10-03	observed	TAS				"{""atlas_edge_id"": ""E0031462"", ""frequency"": ""HP:0040282"", ""reference"": ""http://www.ncbi.nlm.nih.gov/bookshelf/br.fcgi?book=gene&part=whs"", ""onset"": """"}"
ATL000063	MONDO:0008684	has_phenotype	HP:0002020	HPO annotations	OMIM:194190	https://hpo.jax.org/browse/term/HP:0002020	2026-10-03	observed	TAS				"{""atlas_edge_id"": ""E0031463"", ""frequency"": """", ""reference"": ""OMIM:194190"", ""onset"": """"}"
ATL000064	MONDO:0008684	has_phenotype	HP:0001290	HPO annotations	OMIM:194190	https://hpo.jax.org/browse/term/HP:0001290	2026-10-03	observed	TAS				"{""atlas_edge_id"": ""E0031464"", ""frequency"": ""HP:0040281"", ""reference"": ""http://www.ncbi.nlm.nih.gov/bookshelf/br.fcgi?book=gene&part=whs"", ""onset"": """"}"
ATL000065	MONDO:0008684	has_phenotype	HP:0001171	HPO annotations	OMIM:194190	https://hpo.jax.org/browse/term/HP:0001171	2026-10-03	observed	TAS				"{""atlas_edge_id"": ""E0031465"", ""frequency"": ""HP:0040283"", ""reference"": ""http://www.ncbi.nlm.nih.gov/bookshelf/br.fcgi?book=gene&part=whs"", ""onset"": """"}"
ATL000066	MONDO:0008684	has_phenotype	HP:0000639	HPO annotations	OMIM:194190	https://hpo.jax.org/browse/term/HP:0000639	2026-10-03	observed	TAS				"{""atlas_edge_id"": ""E0031466"", ""frequency"": ""HP:0040282"", ""reference"": ""ISBN-13:978-3-7945-2657-4;OMIM:194190"", ""onset"": """"}"
ATL000067	MONDO:0008684	has_phenotype	HP:0000316	HPO annotations	OMIM:194190	https://hpo.jax.org/browse/term/HP:0000316	2026-10-03	observed	TAS				"{""atlas_edge_id"": ""E0031467"", ""frequency"": ""HP:0040282"", ""reference"": ""http://www.ncbi.nlm.nih.gov/bookshelf/br.fcgi?book=gene&part=whs"", ""onset"": """"}"
ATL000068	MONDO:0008684	has_phenotype	HP:0000558	HPO annotations	OMIM:194190	https://hpo.jax.org/browse/term/HP:0000558	2026-10-03	observed	TAS				"{""atlas_edge_id"": ""E0031468"", ""frequency"": ""HP:0040282"", ""reference"": ""ISBN-13:978-3-7945-2657-4;OMIM:194190"", ""onset"": """"}"
ATL000069	MONDO:0008684	has_phenotype	HP:0000954	HPO annotations	OMIM:194190	https://hpo.jax.org/browse/term/HP:0000954	2026-10-03	observed	TAS				"{""atlas_edge_id"": ""E0031469"", ""frequency"": ""HP:0040283"", ""reference"": ""OMIM:194190"", ""onset"": """"}"
ATL000070	MONDO:0008684	has_phenotype	HP:0000238	HPO annotations	OMIM:194190	https://hpo.jax.org/browse/term/HP:0000238	2026-10-03	observed	TAS				"{""atlas_edge_id"": ""E0031470"", ""frequency"": ""HP:0040283"", ""reference"": ""OMIM:194190"", ""onset"": """"}"
ATL000071	MONDO:0008684	has_phenotype	HP:0008850	HPO annotations	OMIM:194190	https://hpo.jax.org/browse/term/HP:0008850	2026-10-03	observed	TAS				"{""atlas_edge_id"": ""E0031471"", ""frequency"": ""HP:0040282"", ""reference"": ""ISBN-13:978-3-7945-2657-4"", ""onset"": """"}"
ATL000072	MONDO:0008684	has_phenotype	HP:0000119	HPO annotations	OMIM:194190	https://hpo.jax.org/browse/term/HP:0000119	2026-10-03	observed	TAS				"{""atlas_edge_id"": ""E0031472"", ""frequency"": ""25%"", ""reference"": ""http://www.ncbi.nlm.nih.gov/bookshelf/br.fcgi?book=gene&part=whs"", ""onset"": """"}"
ATL000073	MONDO:0008684	has_phenotype	HP:0001841	HPO annotations	OMIM:194190	https://hpo.jax.org/browse/term/HP:0001841	2026-10-03	observed	TAS				"{""atlas_edge_id"": ""E0031473"", ""frequency"": ""HP:0040283"", ""reference"": ""ISBN-13:978-3-7945-2657-4"", ""onset"": """"}"
ATL000074	MONDO:0008684	has_phenotype	HP:0001840	HPO annotations	OMIM:194190	https://hpo.jax.org/browse/term/HP:0001840	2026-10-03	observed	TAS				"{""atlas_edge_id"": ""E0031474"", ""frequency"": """", ""reference"": ""OMIM:194190"", ""onset"": """"}"
ATL000075	MONDO:0008684	has_phenotype	HP:0002974	HPO annotations	OMIM:194190	https://hpo.jax.org/browse/term/HP:0002974	2026-10-03	observed	TAS				"{""atlas_edge_id"": ""E0031475"", ""frequency"": """", ""reference"": ""OMIM:194190"", ""onset"": """"}"
ATL000076	MONDO:0008684	has_phenotype	HP:0002553	HPO annotations	OMIM:194190	https://hpo.jax.org/browse/term/HP:0002553	2026-10-03	observed	TAS				"{""atlas_edge_id"": ""E0031476"", ""frequency"": ""HP:0040282"", ""reference"": ""http://www.ncbi.nlm.nih.gov/bookshelf/br.fcgi?book=gene&part=whs"", ""onset"": """"}"
ATL000077	MONDO:0008684	has_phenotype	HP:0007109	HPO annotations	OMIM:194190	https://hpo.jax.org/browse/term/HP:0007109	2026-10-03	observed	TAS				"{""atlas_edge_id"": ""E0031477"", ""frequency"": """", ""reference"": ""OMIM:194190"", ""onset"": """"}"
ATL000078	MONDO:0008684	has_phenotype	HP:0000252	HPO annotations	OMIM:194190	https://hpo.jax.org/browse/term/HP:0000252	2026-10-03	observed	TAS				"{""atlas_edge_id"": ""E0031478"", ""frequency"": ""HP:0040282"", ""reference"": ""http://www.ncbi.nlm.nih.gov/bookshelf/br.fcgi?book=gene&part=whs"", ""onset"": """"}"
ATL000079	MONDO:0008684	has_phenotype	HP:0001385	HPO annotations	OMIM:194190	https://hpo.jax.org/browse/term/HP:0001385	2026-10-03	observed	TAS				"{""atlas_edge_id"": ""E0031479"", ""frequency"": ""HP:0040283"", ""reference"": ""ISBN-13:978-3-7945-2657-4"", ""onset"": """"}"
ATL000080	MONDO:0008684	has_phenotype	HP:0000175	HPO annotations	OMIM:194190	https://hpo.jax.org/browse/term/HP:0000175	2026-10-03	observed	TAS				"{""atlas_edge_id"": ""E0031480"", ""frequency"": """", ""reference"": ""OMIM:194190"", ""onset"": """"}"
ATL000081	MONDO:0008684	has_phenotype	HP:0002353	HPO annotations	OMIM:194190	https://hpo.jax.org/browse/term/HP:0002353	2026-10-03	observed	TAS				"{""atlas_edge_id"": ""E0031481"", ""frequency"": ""90%"", ""reference"": ""http://www.ncbi.nlm.nih.gov/bookshelf/br.fcgi?book=gene&part=whs"", ""onset"": """"}"
ATL000082	MONDO:0008684	has_phenotype	HP:0002750	HPO annotations	OMIM:194190	https://hpo.jax.org/browse/term/HP:0002750	2026-10-03	observed	TAS				"{""atlas_edge_id"": ""E0031482"", ""frequency"": """", ""reference"": ""OMIM:194190"", ""onset"": """"}"
ATL000083	MONDO:0008684	has_phenotype	HP:0001263	HPO annotations	OMIM:194190	https://hpo.jax.org/browse/term/HP:0001263	2026-10-03	observed	TAS				"{""atlas_edge_id"": ""E0031483"", ""frequency"": ""HP:0040281"", ""reference"": ""http://www.ncbi.nlm.nih.gov/bookshelf/br.fcgi?book=gene&part=whs"", ""onset"": """"}"
ATL000084	MONDO:0008684	has_phenotype	HP:0000407	HPO annotations	OMIM:194190	https://hpo.jax.org/browse/term/HP:0000407	2026-10-03	observed	TAS				"{""atlas_edge_id"": ""E0031484"", ""frequency"": ""15%"", ""reference"": ""http://www.ncbi.nlm.nih.gov/bookshelf/br.fcgi?book=gene&part=whs"", ""onset"": """"}"
ATL000085	MONDO:0008684	has_phenotype	HP:0002948	HPO annotations	OMIM:194190	https://hpo.jax.org/browse/term/HP:0002948	2026-10-03	observed	TAS				"{""atlas_edge_id"": ""E0031485"", ""frequency"": """", ""reference"": ""OMIM:194190"", ""onset"": """"}"
ATL000086	MONDO:0008684	has_phenotype	HP:0002827	HPO annotations	OMIM:194190	https://hpo.jax.org/browse/term/HP:0002827	2026-10-03	observed	TAS				"{""atlas_edge_id"": ""E0031486"", ""frequency"": """", ""reference"": ""OMIM:194190"", ""onset"": """"}"
ATL000087	MONDO:0008684	has_phenotype	HP:0001812	HPO annotations	OMIM:194190	https://hpo.jax.org/browse/term/HP:0001812	2026-10-03	observed	TAS				"{""atlas_edge_id"": ""E0031487"", ""frequency"": """", ""reference"": ""OMIM:194190"", ""onset"": """"}"
ATL000088	MONDO:0008684	has_phenotype	HP:0000405	HPO annotations	OMIM:194190	https://hpo.jax.org/browse/term/HP:0000405	2026-10-03	observed	TAS				"{""atlas_edge_id"": ""E0031488"", ""frequency"": ""40%"", ""reference"": ""http://www.ncbi.nlm.nih.gov/bookshelf/br.fcgi?book=gene&part=whs"", ""onset"": """"}"
ATL000089	MONDO:0008684	has_phenotype	HP:0000202	HPO annotations	OMIM:194190	https://hpo.jax.org/browse/term/HP:0000202	2026-10-03	observed	TAS				"{""atlas_edge_id"": ""E0031489"", ""frequency"": ""HP:0040282"", ""reference"": ""http://www.ncbi.nlm.nih.gov/bookshelf/br.fcgi?book=gene&part=whs"", ""onset"": """"}"
ATL000090	MONDO:0008684	has_phenotype	HP:0000444	HPO annotations	OMIM:194190	https://hpo.jax.org/browse/term/HP:0000444	2026-10-03	observed	TAS				"{""atlas_edge_id"": ""E0031490"", ""frequency"": ""HP:0040282"", ""reference"": ""ISBN-13:978-3-7945-2657-4;OMIM:194190"", ""onset"": """"}"
ATL000091	MONDO:0008684	has_phenotype	HP:0000047	HPO annotations	OMIM:194190	https://hpo.jax.org/browse/term/HP:0000047	2026-10-03	observed	TAS				"{""atlas_edge_id"": ""E0031491"", ""frequency"": ""50%"", ""reference"": ""http://www.ncbi.nlm.nih.gov/bookshelf/br.fcgi?book=gene&part=whs"", ""onset"": """"}"
ATL000092	MONDO:0008684	has_phenotype	HP:0000322	HPO annotations	OMIM:194190	https://hpo.jax.org/browse/term/HP:0000322	2026-10-03	observed	TAS				"{""atlas_edge_id"": ""E0031492"", ""frequency"": ""HP:0040282"", ""reference"": ""http://www.ncbi.nlm.nih.gov/bookshelf/br.fcgi?book=gene&part=whs"", ""onset"": """"}"
ATL000093	MONDO:0008684	has_phenotype	HP:0000960	HPO annotations	OMIM:194190	https://hpo.jax.org/browse/term/HP:0000960	2026-10-03	observed	TAS				"{""atlas_edge_id"": ""E0031493"", ""frequency"": ""HP:0040283"", ""reference"": ""OMIM:194190"", ""onset"": """"}"
ATL000094	MONDO:0008684	has_phenotype	HP:0000520	HPO annotations	OMIM:194190	https://hpo.jax.org/browse/term/HP:0000520	2026-10-03	observed	TAS				"{""atlas_edge_id"": ""E0031494"", ""frequency"": ""HP:0040282"", ""reference"": ""ISBN-13:978-3-7945-2657-4"", ""onset"": """"}"
ATL000095	MONDO:0008684	has_phenotype	HP:0009778	HPO annotations	OMIM:194190	https://hpo.jax.org/browse/term/HP:0009778	2026-10-03	observed	TAS				"{""atlas_edge_id"": ""E0031495"", ""frequency"": ""HP:0040283"", ""reference"": ""ISBN-13:978-3-7945-2657-4"", ""onset"": """"}"
ATL000096	MONDO:0008684	has_phenotype	HP:0000402	HPO annotations	OMIM:194190	https://hpo.jax.org/browse/term/HP:0000402	2026-10-03	observed	TAS				"{""atlas_edge_id"": ""E0031496"", ""frequency"": ""HP:0040282"", ""reference"": ""ISBN-13:978-3-7945-2657-4;OMIM:194190"", ""onset"": """"}"
ATL000097	MONDO:0008684	has_phenotype	HP:0000204	HPO annotations	OMIM:194190	https://hpo.jax.org/browse/term/HP:0000204	2026-10-03	observed	TAS				"{""atlas_edge_id"": ""E0031497"", ""frequency"": """", ""reference"": ""OMIM:194190"", ""onset"": """"}"
ATL000098	MONDO:0008684	has_phenotype	HP:0000384	HPO annotations	OMIM:194190	https://hpo.jax.org/browse/term/HP:0000384	2026-10-03	observed	TAS				"{""atlas_edge_id"": ""E0031498"", ""frequency"": ""HP:0040282"", ""reference"": ""http://www.ncbi.nlm.nih.gov/bookshelf/br.fcgi?book=gene&part=whs"", ""onset"": """"}"
ATL000099	MONDO:0008684	has_phenotype	HP:0004467	HPO annotations	OMIM:194190	https://hpo.jax.org/browse/term/HP:0004467	2026-10-03	observed	TAS				"{""atlas_edge_id"": ""E0031499"", ""frequency"": ""HP:0040282"", ""reference"": ""http://www.ncbi.nlm.nih.gov/bookshelf/br.fcgi?book=gene&part=whs"", ""onset"": """"}"
ATL000100	MONDO:0008684	has_phenotype	HP:0000188	HPO annotations	OMIM:194190	https://hpo.jax.org/browse/term/HP:0000188	2026-10-03	observed	TAS				"{""atlas_edge_id"": ""E0031500"", ""frequency"": ""HP:0040282"", ""reference"": ""OMIM:194190"", ""onset"": """"}"
ATL000101	MONDO:0008684	has_phenotype	HP:0010109	HPO annotations	OMIM:194190	https://hpo.jax.org/browse/term/HP:0010109	2026-10-03	observed	TAS				"{""atlas_edge_id"": ""E0031501"", ""frequency"": ""HP:0040283"", ""reference"": ""ISBN-13:978-3-7945-2657-4"", ""onset"": """"}"
ATL000102	MONDO:0008684	has_phenotype	HP:0009918	HPO annotations	OMIM:194190	https://hpo.jax.org/browse/term/HP:0009918	2026-10-03	observed	TAS				"{""atlas_edge_id"": ""E0031502"", ""frequency"": """", ""reference"": ""OMIM:194190"", ""onset"": """"}"
ATL000103	MONDO:0008684	has_phenotype	HP:0002162	HPO annotations	OMIM:194190	https://hpo.jax.org/browse/term/HP:0002162	2026-10-03	observed	TAS				"{""atlas_edge_id"": ""E0031503"", ""frequency"": """", ""reference"": ""OMIM:194190"", ""onset"": """"}"
ATL000104	MONDO:0008684	has_phenotype	HP:0001274	HPO annotations	OMIM:194190	https://hpo.jax.org/browse/term/HP:0001274	2026-10-03	observed	TAS				"{""atlas_edge_id"": ""E0031504"", ""frequency"": ""HP:0040283"", ""reference"": ""ISBN-13:978-3-7945-2657-4"", ""onset"": """"}"
ATL000105	MONDO:0008684	has_phenotype	HP:0010864	HPO annotations	OMIM:194190	https://hpo.jax.org/browse/term/HP:0010864	2026-10-03	observed	TAS				"{""atlas_edge_id"": ""E0031505"", ""frequency"": """", ""reference"": ""OMIM:194190"", ""onset"": """"}"
ATL000106	MONDO:0008684	has_phenotype	HP:0001508	HPO annotations	OMIM:194190	https://hpo.jax.org/browse/term/HP:0001508	2026-10-03	observed	TAS				"{""atlas_edge_id"": ""E0031506"", ""frequency"": ""HP:0040282"", ""reference"": ""http://www.ncbi.nlm.nih.gov/bookshelf/br.fcgi?book=gene&part=whs;ISBN-13:978-3-7945-2657-4"", ""onset"": """"}"
ATL000107	MONDO:0008684	has_phenotype	HP:0001629	HPO annotations	OMIM:194190	https://hpo.jax.org/browse/term/HP:0001629	2026-10-03	observed	TAS				"{""atlas_edge_id"": ""E0031507"", ""frequency"": """", ""reference"": ""OMIM:194190"", ""onset"": """"}"
ATL000108	MONDO:0008684	has_phenotype	HP:0007385	HPO annotations	OMIM:194190	https://hpo.jax.org/browse/term/HP:0007385	2026-10-03	observed	TAS				"{""atlas_edge_id"": ""E0031508"", ""frequency"": ""HP:0040283"", ""reference"": ""ISBN-13:978-3-7945-2657-4;OMIM:194190"", ""onset"": """"}"
ATL000109	MONDO:0008684	has_phenotype	HP:0000612	HPO annotations	OMIM:194190	https://hpo.jax.org/browse/term/HP:0000612	2026-10-03	observed	TAS				"{""atlas_edge_id"": ""E0031509"", ""frequency"": ""30%"", ""reference"": ""ISBN-13:978-3-7945-2657-4"", ""onset"": """"}"
ATL000110	MONDO:0008684	has_phenotype	HP:0030680	HPO annotations	OMIM:194190	https://hpo.jax.org/browse/term/HP:0030680	2026-10-03	observed	TAS				"{""atlas_edge_id"": ""E0031510"", ""frequency"": ""HP:0040282"", ""reference"": ""http://www.ncbi.nlm.nih.gov/bookshelf/br.fcgi?book=gene&part=whs"", ""onset"": """"}"
ATL000111	MONDO:0008684	has_phenotype	HP:0000733	HPO annotations	OMIM:194190	https://hpo.jax.org/browse/term/HP:0000733	2026-10-03	observed	TAS				"{""atlas_edge_id"": ""E0031511"", ""frequency"": ""HP:0040282"", ""reference"": ""http://www.ncbi.nlm.nih.gov/bookshelf/br.fcgi?book=gene&part=whs"", ""onset"": """"}"
ATL000112	MONDO:0008684	has_phenotype	HP:0002119	HPO annotations	OMIM:194190	https://hpo.jax.org/browse/term/HP:0002119	2026-10-03	observed	TAS				"{""atlas_edge_id"": ""E0031512"", ""frequency"": """", ""reference"": ""OMIM:194190"", ""onset"": """"}"
ATL000113	MONDO:0008684	has_phenotype	HP:0001747	HPO annotations	OMIM:194190	https://hpo.jax.org/browse/term/HP:0001747	2026-10-03	observed	TAS				"{""atlas_edge_id"": ""E0031513"", ""frequency"": """", ""reference"": ""OMIM:194190"", ""onset"": """"}"
ATL000114	MONDO:0008684	has_phenotype	HP:0002714	HPO annotations	OMIM:194190	https://hpo.jax.org/browse/term/HP:0002714	2026-10-03	observed	TAS				"{""atlas_edge_id"": ""E0031514"", ""frequency"": ""HP:0040282"", ""reference"": ""http://www.ncbi.nlm.nih.gov/bookshelf/br.fcgi?book=gene&part=whs"", ""onset"": """"}"
ATL000115	MONDO:0008684	has_phenotype	HP:0006655	HPO annotations	OMIM:194190	https://hpo.jax.org/browse/term/HP:0006655	2026-10-03	observed	TAS				"{""atlas_edge_id"": ""E0031515"", ""frequency"": ""HP:0040282"", ""reference"": ""http://www.ncbi.nlm.nih.gov/bookshelf/br.fcgi?book=gene&part=whs"", ""onset"": """"}"
ATL000116	MONDO:0008684	has_phenotype	HP:0000377	HPO annotations	OMIM:194190	https://hpo.jax.org/browse/term/HP:0000377	2026-10-03	observed	TAS				"{""atlas_edge_id"": ""E0031516"", ""frequency"": ""HP:0040282"", ""reference"": ""http://www.ncbi.nlm.nih.gov/bookshelf/br.fcgi?book=gene&part=whs"", ""onset"": """"}"
ATL000117	MONDO:0008684	has_phenotype	HP:0001028	HPO annotations	OMIM:194190	https://hpo.jax.org/browse/term/HP:0001028	2026-10-03	observed	TAS				"{""atlas_edge_id"": ""E0031517"", ""frequency"": ""HP:0040282"", ""reference"": ""ISBN-13:978-3-7945-2657-4;OMIM:194190"", ""onset"": """"}"
ATL000118	MONDO:0008684	has_phenotype	HP:0000431	HPO annotations	OMIM:194190	https://hpo.jax.org/browse/term/HP:0000431	2026-10-03	observed	TAS				"{""atlas_edge_id"": ""E0031518"", ""frequency"": ""HP:0040282"", ""reference"": ""http://www.ncbi.nlm.nih.gov/bookshelf/br.fcgi?book=gene&part=whs"", ""onset"": """"}"
ATL000119	MONDO:0008684	has_phenotype	HP:0002650	HPO annotations	OMIM:194190	https://hpo.jax.org/browse/term/HP:0002650	2026-10-03	observed	TAS				"{""atlas_edge_id"": ""E0031519"", ""frequency"": ""HP:0040282"", ""reference"": ""http://www.ncbi.nlm.nih.gov/bookshelf/br.fcgi?book=gene&part=whs"", ""onset"": """"}"
ATL000120	MONDO:0008684	has_phenotype	HP:0001762	HPO annotations	OMIM:194190	https://hpo.jax.org/browse/term/HP:0001762	2026-10-03	observed	TAS				"{""atlas_edge_id"": ""E0031520"", ""frequency"": ""HP:0040282"", ""reference"": ""http://www.ncbi.nlm.nih.gov/bookshelf/br.fcgi?book=gene&part=whs"", ""onset"": """"}"
ATL000121	MONDO:0008684	has_phenotype	HP:0002057	HPO annotations	OMIM:194190	https://hpo.jax.org/browse/term/HP:0002057	2026-10-03	observed	TAS				"{""atlas_edge_id"": ""E0031521"", ""frequency"": ""HP:0040282"", ""reference"": ""http://www.ncbi.nlm.nih.gov/bookshelf/br.fcgi?book=gene&part=whs"", ""onset"": """"}"
ATL000122	MONDO:0008684	has_phenotype	HP:0004794	HPO annotations	OMIM:194190	https://hpo.jax.org/browse/term/HP:0004794	2026-10-03	observed	TAS				"{""atlas_edge_id"": ""E0031522"", ""frequency"": """", ""reference"": ""OMIM:194190"", ""onset"": """"}"
ATL000123	MONDO:0008684	has_phenotype	HP:0002011	HPO annotations	OMIM:194190	https://hpo.jax.org/browse/term/HP:0002011	2026-10-03	observed	TAS				"{""atlas_edge_id"": ""E0031523"", ""frequency"": ""33%"", ""reference"": ""http://www.ncbi.nlm.nih.gov/bookshelf/br.fcgi?book=gene&part=whs"", ""onset"": """"}"
ATL000124	MONDO:0008684	has_phenotype	HP:0000151	HPO annotations	OMIM:194190	https://hpo.jax.org/browse/term/HP:0000151	2026-10-03	observed	TAS				"{""atlas_edge_id"": ""E0031524"", ""frequency"": ""HP:0040283"", ""reference"": ""OMIM:194190"", ""onset"": """"}"
ATL000125	MONDO:0008684	has_phenotype	HP:0001080	HPO annotations	OMIM:194190	https://hpo.jax.org/browse/term/HP:0001080	2026-10-03	observed	TAS				"{""atlas_edge_id"": ""E0031525"", ""frequency"": ""HP:0040283"", ""reference"": ""OMIM:194190"", ""onset"": """"}"
ATL000126	MONDO:0008684	has_phenotype	HP:0009193	HPO annotations	OMIM:194190	https://hpo.jax.org/browse/term/HP:0009193	2026-10-03	observed	TAS				"{""atlas_edge_id"": ""E0031526"", ""frequency"": """", ""reference"": ""OMIM:194190"", ""onset"": """"}"
ATL000127	MONDO:0008684	has_phenotype	HP:0011863	HPO annotations	OMIM:194190	https://hpo.jax.org/browse/term/HP:0011863	2026-10-03	observed	TAS				"{""atlas_edge_id"": ""E0031527"", ""frequency"": """", ""reference"": ""OMIM:194190"", ""onset"": """"}"
ATL000128	MONDO:0008684	has_phenotype	HP:0000826	HPO annotations	OMIM:194190	https://hpo.jax.org/browse/term/HP:0000826	2026-10-03	observed	TAS				"{""atlas_edge_id"": ""E0031528"", ""frequency"": """", ""reference"": ""OMIM:194190"", ""onset"": """"}"
ATL000129	MONDO:0008684	has_phenotype	HP:0000902	HPO annotations	OMIM:194190	https://hpo.jax.org/browse/term/HP:0000902	2026-10-03	observed	TAS				"{""atlas_edge_id"": ""E0031529"", ""frequency"": ""HP:0040282"", ""reference"": ""http://www.ncbi.nlm.nih.gov/bookshelf/br.fcgi?book=gene&part=whs"", ""onset"": """"}"
ATL000130	MONDO:0008684	has_phenotype	HP:0001518	HPO annotations	OMIM:194190	https://hpo.jax.org/browse/term/HP:0001518	2026-10-03	observed	TAS				"{""atlas_edge_id"": ""E0031530"", ""frequency"": ""HP:0040281"", ""reference"": ""http://www.ncbi.nlm.nih.gov/bookshelf/br.fcgi?book=gene&part=whs"", ""onset"": """"}"
ATL000131	MONDO:0008684	has_phenotype	HP:0002808	HPO annotations	OMIM:194190	https://hpo.jax.org/browse/term/HP:0002808	2026-10-03	observed	TAS				"{""atlas_edge_id"": ""E0031531"", ""frequency"": ""HP:0040282"", ""reference"": ""http://www.ncbi.nlm.nih.gov/bookshelf/br.fcgi?book=gene&part=whs"", ""onset"": """"}"
ATL000132	MONDO:0008684	has_phenotype	HP:0000508	HPO annotations	OMIM:194190	https://hpo.jax.org/browse/term/HP:0000508	2026-10-03	observed	TAS				"{""atlas_edge_id"": ""E0031532"", ""frequency"": ""HP:0040282"", ""reference"": ""http://www.ncbi.nlm.nih.gov/bookshelf/br.fcgi?book=gene&part=whs"", ""onset"": """"}"
ATL000133	MONDO:0008684	has_phenotype	HP:0000668	HPO annotations	OMIM:194190	https://hpo.jax.org/browse/term/HP:0000668	2026-10-03	observed	TAS				"{""atlas_edge_id"": ""E0031533"", ""frequency"": ""HP:0040282"", ""reference"": ""ISBN-13:978-3-7945-2657-4;OMIM:194190"", ""onset"": """"}"
ATL000134	MONDO:0008684	has_phenotype	HP:0000348	HPO annotations	OMIM:194190	https://hpo.jax.org/browse/term/HP:0000348	2026-10-03	observed	TAS				"{""atlas_edge_id"": ""E0031534"", ""frequency"": ""HP:0040282"", ""reference"": ""http://www.ncbi.nlm.nih.gov/bookshelf/br.fcgi?book=gene&part=whs"", ""onset"": """"}"
ATL000135	MONDO:0008684	has_phenotype	HP:0001558	HPO annotations	OMIM:194190	https://hpo.jax.org/browse/term/HP:0001558	2026-10-03	observed	TAS				"{""atlas_edge_id"": ""E0031535"", ""frequency"": """", ""reference"": ""OMIM:194190"", ""onset"": """"}"
ATL000136	MONDO:0008684	has_phenotype	HP:0001511	HPO annotations	OMIM:194190	https://hpo.jax.org/browse/term/HP:0001511	2026-10-03	observed	TAS				"{""atlas_edge_id"": ""E0031536"", ""frequency"": ""HP:0040281"", ""reference"": ""http://www.ncbi.nlm.nih.gov/bookshelf/br.fcgi?book=gene&part=whs;ISBN-13:978-3-7945-2657-4"", ""onset"": """"}"
ATL000137	MONDO:0008684	has_phenotype	HP:0000465	HPO annotations	OMIM:194190	https://hpo.jax.org/browse/term/HP:0000465	2026-10-03	observed	TAS				"{""atlas_edge_id"": ""E0031537"", ""frequency"": ""HP:0040283"", ""reference"": ""OMIM:194190"", ""onset"": """"}"
ATL000138	MONDO:0008684	has_phenotype	HP:0001510	HPO annotations	OMIM:194190	https://hpo.jax.org/browse/term/HP:0001510	2026-10-03	observed	TAS				"{""atlas_edge_id"": ""E0031538"", ""frequency"": ""HP:0040281"", ""reference"": ""http://www.ncbi.nlm.nih.gov/bookshelf/br.fcgi?book=gene&part=whs;ISBN-13:978-3-7945-2657-4"", ""onset"": """"}"
ATL000139	MONDO:0008684	has_phenotype	HP:0001631	HPO annotations	OMIM:194190	https://hpo.jax.org/browse/term/HP:0001631	2026-10-03	observed	TAS				"{""atlas_edge_id"": ""E0031539"", ""frequency"": ""27%"", ""reference"": ""http://www.ncbi.nlm.nih.gov/bookshelf/br.fcgi?book=gene&part=whs"", ""onset"": """"}"
ATL000140	MONDO:0008684	has_phenotype	HP:0000347	HPO annotations	OMIM:194190	https://hpo.jax.org/browse/term/HP:0000347	2026-10-03	observed	TAS				"{""atlas_edge_id"": ""E0031540"", ""frequency"": ""HP:0040282"", ""reference"": ""http://www.ncbi.nlm.nih.gov/bookshelf/br.fcgi?book=gene&part=whs"", ""onset"": """"}"
ATL000141	MONDO:0008684	has_phenotype	HP:0000028	HPO annotations	OMIM:194190	https://hpo.jax.org/browse/term/HP:0000028	2026-10-03	observed	TAS				"{""atlas_edge_id"": ""E0031541"", ""frequency"": ""50%"", ""reference"": ""http://www.ncbi.nlm.nih.gov/bookshelf/br.fcgi?book=gene&part=whs"", ""onset"": """"}"
ATL000142	MONDO:0008684	has_phenotype	HP:0002721	HPO annotations	OMIM:194190	https://hpo.jax.org/browse/term/HP:0002721	2026-10-03	observed	TAS				"{""atlas_edge_id"": ""E0031542"", ""frequency"": ""69%"", ""reference"": ""http://www.ncbi.nlm.nih.gov/bookshelf/br.fcgi?book=gene&part=whs"", ""onset"": """"}"
ATL000143	MONDO:0009079	has_phenotype	HP:0000286	HPO annotations	OMIM:220500	https://hpo.jax.org/browse/term/HP:0000286	2026-10-03	observed	PCS				"{""atlas_edge_id"": ""E0038392"", ""frequency"": ""8/19"", ""reference"": ""PMID:17994565"", ""onset"": """"}"
ATL000144	MONDO:0009079	has_phenotype	HP:0000365	HPO annotations	OMIM:220500	https://hpo.jax.org/browse/term/HP:0000365	2026-10-03	observed	TAS				"{""atlas_edge_id"": ""E0038393"", ""frequency"": """", ""reference"": ""OMIM:220500"", ""onset"": """"}"
ATL000145	MONDO:0009079	has_phenotype	HP:0001250	HPO annotations	OMIM:220500	https://hpo.jax.org/browse/term/HP:0001250	2026-10-03	observed	PCS				"{""atlas_edge_id"": ""E0038394"", ""frequency"": ""27/31"", ""reference"": ""PMID:17994565"", ""onset"": """"}"
ATL000146	MONDO:0009079	has_phenotype	HP:0001252	HPO annotations	OMIM:220500	https://hpo.jax.org/browse/term/HP:0001252	2026-10-03	observed	IEA				"{""atlas_edge_id"": ""E0038395"", ""frequency"": """", ""reference"": ""OMIM:220500"", ""onset"": """"}"
ATL000147	MONDO:0009079	has_phenotype	HP:0001290	HPO annotations	OMIM:220500	https://hpo.jax.org/browse/term/HP:0001290	2026-10-03	observed	PCS				"{""atlas_edge_id"": ""E0038396"", ""frequency"": """", ""reference"": ""PMID:17994565"", ""onset"": """"}"
ATL000148	MONDO:0009079	has_phenotype	HP:0000280	HPO annotations	OMIM:220500	https://hpo.jax.org/browse/term/HP:0000280	2026-10-03	observed	PCS				"{""atlas_edge_id"": ""E0038397"", ""frequency"": ""14/18"", ""reference"": ""PMID:17994565"", ""onset"": """"}"
ATL000149	MONDO:0009079	has_phenotype	HP:0000518	HPO annotations	OMIM:220500	https://hpo.jax.org/browse/term/HP:0000518	2026-10-03	observed	IEA				"{""atlas_edge_id"": ""E0038398"", ""frequency"": """", ""reference"": ""OMIM:220500"", ""onset"": """"}"
ATL000150	MONDO:0009079	has_phenotype	HP:0001804	HPO annotations	OMIM:220500	https://hpo.jax.org/browse/term/HP:0001804	2026-10-03	observed	PCS				"{""atlas_edge_id"": ""E0038399"", ""frequency"": ""30/30"", ""reference"": ""PMID:17994565"", ""onset"": """"}"
ATL000151	MONDO:0009079	has_phenotype	HP:0000316	HPO annotations	OMIM:220500	https://hpo.jax.org/browse/term/HP:0000316	2026-10-03	observed	PCS				"{""atlas_edge_id"": ""E0038400"", ""frequency"": ""8/15"", ""reference"": ""PMID:17994565"", ""onset"": """"}"
ATL000152	MONDO:0009079	has_phenotype	HP:0001800	HPO annotations	OMIM:220500	https://hpo.jax.org/browse/term/HP:0001800	2026-10-03	observed	PCS				"{""atlas_edge_id"": ""E0038401"", ""frequency"": ""31/31"", ""reference"": ""PMID:17994565"", ""onset"": """"}"
ATL000153	MONDO:0009079	has_phenotype	HP:0001643	HPO annotations	OMIM:220500	https://hpo.jax.org/browse/term/HP:0001643	2026-10-03	observed	PCS				"{""atlas_edge_id"": ""E0038402"", ""frequency"": ""2/30"", ""reference"": ""PMID:17994565"", ""onset"": """"}"
ATL000154	MONDO:0009079	has_phenotype	HP:0001249	HPO annotations	OMIM:220500	https://hpo.jax.org/browse/term/HP:0001249	2026-10-03	observed	PCS				"{""atlas_edge_id"": ""E0038403"", ""frequency"": """", ""reference"": ""PMID:17994565"", ""onset"": """"}"
ATL000155	MONDO:0009079	has_phenotype	HP:0001265	HPO annotations	OMIM:220500	https://hpo.jax.org/browse/term/HP:0001265	2026-10-03	observed	PCS				"{""atlas_edge_id"": ""E0038404"", ""frequency"": """", ""reference"": ""PMID:17994565"", ""onset"": """"}"
ATL000156	MONDO:0009079	has_phenotype	HP:0000175	HPO annotations	OMIM:220500	https://hpo.jax.org/browse/term/HP:0000175	2026-10-03	observed	PCS				"{""atlas_edge_id"": ""E0038405"", ""frequency"": ""4/24"", ""reference"": ""PMID:17994565"", ""onset"": """"}"
ATL000157	MONDO:0009079	has_phenotype	HP:0000252	HPO annotations	OMIM:220500	https://hpo.jax.org/browse/term/HP:0000252	2026-10-03	observed	PCS				"{""atlas_edge_id"": ""E0038406"", ""frequency"": ""7/26"", ""reference"": ""PMID:17994565"", ""onset"": """"}"
ATL000158	MONDO:0009079	has_phenotype	HP:0001263	HPO annotations	OMIM:220500	https://hpo.jax.org/browse/term/HP:0001263	2026-10-03	observed	PCS				"{""atlas_edge_id"": ""E0038407"", ""frequency"": ""24/24"", ""reference"": ""PMID:17994565"", ""onset"": """"}"
ATL000159	MONDO:0009079	has_phenotype	HP:0000294	HPO annotations	OMIM:220500	https://hpo.jax.org/browse/term/HP:0000294	2026-10-03	observed	PCS				"{""atlas_edge_id"": ""E0038408"", ""frequency"": ""5/15"", ""reference"": ""PMID:17994565"", ""onset"": """"}"
ATL000160	MONDO:0009079	has_phenotype	HP:0011003	HPO annotations	OMIM:220500	https://hpo.jax.org/browse/term/HP:0011003	2026-10-03	observed	IEA				"{""atlas_edge_id"": ""E0038409"", ""frequency"": """", ""reference"": ""OMIM:220500"", ""onset"": """"}"
ATL000161	MONDO:0009079	has_phenotype	HP:0032524	HPO annotations	OMIM:220500	https://hpo.jax.org/browse/term/HP:0032524	2026-10-03	observed	PCS				"{""atlas_edge_id"": ""E0038410"", ""frequency"": ""17/28"", ""reference"": ""PMID:17994565"", ""onset"": """"}"
ATL000162	MONDO:0009079	has_phenotype	HP:0000407	HPO annotations	OMIM:220500	https://hpo.jax.org/browse/term/HP:0000407	2026-10-03	observed	PCS				"{""atlas_edge_id"": ""E0038411"", ""frequency"": ""27/27"", ""reference"": ""PMID:17994565"", ""onset"": """"}"
ATL000163	MONDO:0009079	has_phenotype	HP:0000800	HPO annotations	OMIM:220500	https://hpo.jax.org/browse/term/HP:0000800	2026-10-03	observed	TAS				"{""atlas_edge_id"": ""E0038412"", ""frequency"": ""HP:0040283"", ""reference"": ""OMIM:220500"", ""onset"": """"}"
ATL000164	MONDO:0009079	has_phenotype	HP:0000648	HPO annotations	OMIM:220500	https://hpo.jax.org/browse/term/HP:0000648	2026-10-03	observed	PCS				"{""atlas_edge_id"": ""E0038413"", ""frequency"": ""8/28"", ""reference"": ""PMID:17994565"", ""onset"": """"}"
ATL000165	MONDO:0009079	has_phenotype	HP:0004209	HPO annotations	OMIM:220500	https://hpo.jax.org/browse/term/HP:0004209	2026-10-03	observed	PCS				"{""atlas_edge_id"": ""E0038414"", ""frequency"": ""9/29"", ""reference"": ""PMID:17994565"", ""onset"": """"}"
ATL000166	MONDO:0009079	has_phenotype	HP:0000369	HPO annotations	OMIM:220500	https://hpo.jax.org/browse/term/HP:0000369	2026-10-03	observed	PCS				"{""atlas_edge_id"": ""E0038415"", ""frequency"": ""10/17"", ""reference"": ""PMID:17994565"", ""onset"": """"}"
ATL000167	MONDO:0009079	has_phenotype	HP:0000341	HPO annotations	OMIM:220500	https://hpo.jax.org/browse/term/HP:0000341	2026-10-03	observed	PCS				"{""atlas_edge_id"": ""E0038416"", ""frequency"": ""12/17"", ""reference"": ""PMID:17994565"", ""onset"": """"}"
ATL000168	MONDO:0009079	has_phenotype	HP:0001199	HPO annotations	OMIM:220500	https://hpo.jax.org/browse/term/HP:0001199	2026-10-03	observed	PCS				"{""atlas_edge_id"": ""E0038417"", ""frequency"": ""9/29"", ""reference"": ""PMID:17994565"", ""onset"": """"}"
ATL000169	MONDO:0009079	has_phenotype	HP:0000343	HPO annotations	OMIM:220500	https://hpo.jax.org/browse/term/HP:0000343	2026-10-03	observed	PCS				"{""atlas_edge_id"": ""E0038418"", ""frequency"": ""19/20"", ""reference"": ""PMID:17994565"", ""onset"": """"}"
ATL000170	MONDO:0009079	has_phenotype	HP:0000463	HPO annotations	OMIM:220500	https://hpo.jax.org/browse/term/HP:0000463	2026-10-03	observed	PCS				"{""atlas_edge_id"": ""E0038419"", ""frequency"": ""18/20"", ""reference"": ""PMID:17994565"", ""onset"": """"}"
ATL000171	MONDO:0009079	has_phenotype	HP:0001271	HPO annotations	OMIM:220500	https://hpo.jax.org/browse/term/HP:0001271	2026-10-03	observed	PCS				"{""atlas_edge_id"": ""E0038420"", ""frequency"": ""3/3"", ""reference"": ""PMID:17994565"", ""onset"": """"}"
ATL000172	MONDO:0009079	has_phenotype	HP:0012402	HPO annotations	OMIM:220500	https://hpo.jax.org/browse/term/HP:0012402	2026-10-03	observed	PCS				"{""atlas_edge_id"": ""E0038421"", ""frequency"": """", ""reference"": ""PMID:17994565"", ""onset"": """"}"
ATL000173	MONDO:0009079	has_phenotype	HP:0001629	HPO annotations	OMIM:220500	https://hpo.jax.org/browse/term/HP:0001629	2026-10-03	observed	PCS				"{""atlas_edge_id"": ""E0038422"", ""frequency"": ""3/30"", ""reference"": ""PMID:17994565"", ""onset"": ""HP:0003577""}"
ATL000174	MONDO:0009079	has_phenotype	HP:0000618	HPO annotations	OMIM:220500	https://hpo.jax.org/browse/term/HP:0000618	2026-10-03	observed	IEA				"{""atlas_edge_id"": ""E0038423"", ""frequency"": """", ""reference"": ""OMIM:220500"", ""onset"": """"}"
ATL000175	MONDO:0009079	has_phenotype	HP:0009882	HPO annotations	OMIM:220500	https://hpo.jax.org/browse/term/HP:0009882	2026-10-03	observed	PCS				"{""atlas_edge_id"": ""E0038424"", ""frequency"": ""30/30"", ""reference"": ""PMID:17994565"", ""onset"": """"}"
ATL000176	MONDO:0009079	has_phenotype	HP:0000414	HPO annotations	OMIM:220500	https://hpo.jax.org/browse/term/HP:0000414	2026-10-03	observed	PCS				"{""atlas_edge_id"": ""E0038425"", ""frequency"": ""20/20"", ""reference"": ""PMID:17994565"", ""onset"": """"}"
ATL000177	MONDO:0009079	has_phenotype	HP:0001305	HPO annotations	OMIM:220500	https://hpo.jax.org/browse/term/HP:0001305	2026-10-03	observed	TAS				"{""atlas_edge_id"": ""E0038426"", ""frequency"": ""HP:0040283"", ""reference"": ""OMIM:220500"", ""onset"": """"}"
ATL000178	MONDO:0009079	has_phenotype	HP:0000219	HPO annotations	OMIM:220500	https://hpo.jax.org/browse/term/HP:0000219	2026-10-03	observed	PCS				"{""atlas_edge_id"": ""E0038427"", ""frequency"": ""13/21"", ""reference"": ""PMID:17994565"", ""onset"": """"}"
ATL000179	MONDO:0009079	has_phenotype	HP:0002119	HPO annotations	OMIM:220500	https://hpo.jax.org/browse/term/HP:0002119	2026-10-03	observed	TAS				"{""atlas_edge_id"": ""E0038428"", ""frequency"": """", ""reference"": ""OMIM:220500"", ""onset"": """"}"
ATL000180	MONDO:0009079	has_phenotype	HP:0002714	HPO annotations	OMIM:220500	https://hpo.jax.org/browse/term/HP:0002714	2026-10-03	observed	PCS				"{""atlas_edge_id"": ""E0038429"", ""frequency"": ""15/18"", ""reference"": ""PMID:17994565"", ""onset"": """"}"
ATL000181	MONDO:0009079	has_phenotype	HP:0000218	HPO annotations	OMIM:220500	https://hpo.jax.org/browse/term/HP:0000218	2026-10-03	observed	PCS				"{""atlas_edge_id"": ""E0038430"", ""frequency"": ""7/20"", ""reference"": ""PMID:17994565"", ""onset"": """"}"
ATL000182	MONDO:0009079	has_phenotype	HP:0000212	HPO annotations	OMIM:220500	https://hpo.jax.org/browse/term/HP:0000212	2026-10-03	observed	PCS				"{""atlas_edge_id"": ""E0038431"", ""frequency"": ""3/3"", ""reference"": ""PMID:17994565"", ""onset"": """"}"
ATL000183	MONDO:0009079	has_phenotype	HP:0000179	HPO annotations	OMIM:220500	https://hpo.jax.org/browse/term/HP:0000179	2026-10-03	observed	PCS				"{""atlas_edge_id"": ""E0038432"", ""frequency"": ""14/19"", ""reference"": ""PMID:17994565"", ""onset"": """"}"
ATL000184	MONDO:0009079	has_phenotype	HP:0002059	HPO annotations	OMIM:220500	https://hpo.jax.org/browse/term/HP:0002059	2026-10-03	observed	TAS				"{""atlas_edge_id"": ""E0038433"", ""frequency"": """", ""reference"": ""OMIM:220500"", ""onset"": """"}"
ATL000185	MONDO:0009079	has_phenotype	HP:0008619	HPO annotations	OMIM:220500	https://hpo.jax.org/browse/term/HP:0008619	2026-10-03	observed	TAS				"{""atlas_edge_id"": ""E0038434"", ""frequency"": """", ""reference"": ""OMIM:220500"", ""onset"": """"}"
ATL000186	MONDO:0009079	has_phenotype	HP:0000431	HPO annotations	OMIM:220500	https://hpo.jax.org/browse/term/HP:0000431	2026-10-03	observed	PCS				"{""atlas_edge_id"": ""E0038435"", ""frequency"": ""18/19"", ""reference"": ""PMID:17994565"", ""onset"": """"}"
ATL000187	MONDO:0009079	has_phenotype	HP:0000232	HPO annotations	OMIM:220500	https://hpo.jax.org/browse/term/HP:0000232	2026-10-03	observed	IEA				"{""atlas_edge_id"": ""E0038436"", ""frequency"": """", ""reference"": ""OMIM:220500"", ""onset"": """"}"
ATL000188	MONDO:0009079	has_phenotype	HP:0000474	HPO annotations	OMIM:220500	https://hpo.jax.org/browse/term/HP:0000474	2026-10-03	observed	PCS				"{""atlas_edge_id"": ""E0038437"", ""frequency"": ""3/5"", ""reference"": ""PMID:17994565"", ""onset"": ""HP:0030674""}"
ATL000189	MONDO:0009079	has_phenotype	HP:0000194	HPO annotations	OMIM:220500	https://hpo.jax.org/browse/term/HP:0000194	2026-10-03	observed	PCS				"{""atlas_edge_id"": ""E0038438"", ""frequency"": ""12/17"", ""reference"": ""PMID:17994565"", ""onset"": """"}"
ATL000190	MONDO:0009079	has_phenotype	HP:0000508	HPO annotations	OMIM:220500	https://hpo.jax.org/browse/term/HP:0000508	2026-10-03	observed	PCS				"{""atlas_edge_id"": ""E0038439"", ""frequency"": ""4/16"", ""reference"": ""PMID:17994565"", ""onset"": """"}"
ATL000191	MONDO:0009079	has_phenotype	HP:0009237	HPO annotations	OMIM:220500	https://hpo.jax.org/browse/term/HP:0009237	2026-10-03	observed	PCS				"{""atlas_edge_id"": ""E0038440"", ""frequency"": ""21/29"", ""reference"": ""PMID:17994565"", ""onset"": """"}"
ATL000192	MONDO:0009079	has_phenotype	HP:0001631	HPO annotations	OMIM:220500	https://hpo.jax.org/browse/term/HP:0001631	2026-10-03	observed	PCS				"{""atlas_edge_id"": ""E0038441"", ""frequency"": ""2/30"", ""reference"": ""PMID:17994565"", ""onset"": ""HP:0003577""}"
ATL000193	MONDO:0009079	has_phenotype	HP:0001798	HPO annotations	OMIM:220500	https://hpo.jax.org/browse/term/HP:0001798	2026-10-03	observed	TAS				"{""atlas_edge_id"": ""E0038442"", ""frequency"": """", ""reference"": ""OMIM:220500"", ""onset"": """"}"
ATL000194	MONDO:0009079	has_phenotype	HP:0000104	HPO annotations	OMIM:220500	https://hpo.jax.org/browse/term/HP:0000104	2026-10-03	observed	TAS				"{""atlas_edge_id"": ""E0038443"", ""frequency"": ""HP:0040283"", ""reference"": ""OMIM:220500"", ""onset"": """"}"
ATL000195	MONDO:0009079	has_phenotype	HP:0000187	HPO annotations	ORPHA:79500	https://hpo.jax.org/browse/term/HP:0000187	2026-10-03	observed	TAS				"{""atlas_edge_id"": ""E0038444"", ""frequency"": ""HP:0040283"", ""reference"": ""ORPHA:79500"", ""onset"": """"}"
ATL000196	MONDO:0009079	has_phenotype	HP:0000189	HPO annotations	ORPHA:79500	https://hpo.jax.org/browse/term/HP:0000189	2026-10-03	observed	TAS				"{""atlas_edge_id"": ""E0038445"", ""frequency"": ""HP:0040283"", ""reference"": ""ORPHA:79500"", ""onset"": """"}"
ATL000197	MONDO:0009079	has_phenotype	HP:0000200	HPO annotations	ORPHA:79500	https://hpo.jax.org/browse/term/HP:0000200	2026-10-03	observed	TAS				"{""atlas_edge_id"": ""E0038446"", ""frequency"": ""HP:0040283"", ""reference"": ""ORPHA:79500"", ""onset"": """"}"
ATL000198	MONDO:0009079	has_phenotype	HP:0000248	HPO annotations	ORPHA:79500	https://hpo.jax.org/browse/term/HP:0000248	2026-10-03	observed	TAS				"{""atlas_edge_id"": ""E0038447"", ""frequency"": ""HP:0040283"", ""reference"": ""ORPHA:79500"", ""onset"": """"}"
ATL000199	MONDO:0009079	has_phenotype	HP:0000269	HPO annotations	ORPHA:79500	https://hpo.jax.org/browse/term/HP:0000269	2026-10-03	observed	TAS				"{""atlas_edge_id"": ""E0038448"", ""frequency"": ""HP:0040283"", ""reference"": ""ORPHA:79500"", ""onset"": """"}"
ATL000200	MONDO:0009079	has_phenotype	HP:0000455	HPO annotations	ORPHA:79500	https://hpo.jax.org/browse/term/HP:0000455	2026-10-03	observed	TAS				"{""atlas_edge_id"": ""E0038449"", ""frequency"": ""HP:0040283"", ""reference"": ""ORPHA:79500"", ""onset"": """"}"
ATL000201	MONDO:0009079	has_phenotype	HP:0000545	HPO annotations	ORPHA:79500	https://hpo.jax.org/browse/term/HP:0000545	2026-10-03	observed	TAS				"{""atlas_edge_id"": ""E0038450"", ""frequency"": ""HP:0040283"", ""reference"": ""ORPHA:79500"", ""onset"": """"}"
ATL000202	MONDO:0009079	has_phenotype	HP:0000675	HPO annotations	ORPHA:79500	https://hpo.jax.org/browse/term/HP:0000675	2026-10-03	observed	TAS				"{""atlas_edge_id"": ""E0038451"", ""frequency"": ""HP:0040283"", ""reference"": ""ORPHA:79500"", ""onset"": """"}"
ATL000203	MONDO:0009079	has_phenotype	HP:0000687	HPO annotations	ORPHA:79500	https://hpo.jax.org/browse/term/HP:0000687	2026-10-03	observed	TAS				"{""atlas_edge_id"": ""E0038452"", ""frequency"": ""HP:0040283"", ""reference"": ""ORPHA:79500"", ""onset"": """"}"
ATL000204	MONDO:0009079	has_phenotype	HP:0000696	HPO annotations	ORPHA:79500	https://hpo.jax.org/browse/term/HP:0000696	2026-10-03	observed	TAS				"{""atlas_edge_id"": ""E0038453"", ""frequency"": ""HP:0040283"", ""reference"": ""ORPHA:79500"", ""onset"": """"}"
ATL000205	MONDO:0009079	has_phenotype	HP:0000729	HPO annotations	ORPHA:79500	https://hpo.jax.org/browse/term/HP:0000729	2026-10-03	observed	TAS				"{""atlas_edge_id"": ""E0038454"", ""frequency"": ""HP:0040283"", ""reference"": ""ORPHA:79500"", ""onset"": """"}"
ATL000206	MONDO:0009079	has_phenotype	HP:0000851	HPO annotations	ORPHA:79500	https://hpo.jax.org/browse/term/HP:0000851	2026-10-03	observed	TAS				"{""atlas_edge_id"": ""E0038455"", ""frequency"": ""HP:0040283"", ""reference"": ""ORPHA:79500"", ""onset"": """"}"
ATL000207	MONDO:0009079	has_phenotype	HP:0001336	HPO annotations	ORPHA:79500	https://hpo.jax.org/browse/term/HP:0001336	2026-10-03	observed	TAS				"{""atlas_edge_id"": ""E0038456"", ""frequency"": ""HP:0040283"", ""reference"": ""ORPHA:79500"", ""onset"": """"}"
ATL000208	MONDO:0009079	has_phenotype	HP:0001488	HPO annotations	ORPHA:79500	https://hpo.jax.org/browse/term/HP:0001488	2026-10-03	observed	TAS				"{""atlas_edge_id"": ""E0038457"", ""frequency"": ""HP:0040283"", ""reference"": ""ORPHA:79500"", ""onset"": """"}"
ATL000209	MONDO:0009079	has_phenotype	HP:0001719	HPO annotations	ORPHA:79500	https://hpo.jax.org/browse/term/HP:0001719	2026-10-03	observed	TAS				"{""atlas_edge_id"": ""E0038458"", ""frequency"": ""HP:0040283"", ""reference"": ""ORPHA:79500"", ""onset"": """"}"
ATL000210	MONDO:0009079	has_phenotype	HP:0002007	HPO annotations	ORPHA:79500	https://hpo.jax.org/browse/term/HP:0002007	2026-10-03	observed	TAS				"{""atlas_edge_id"": ""E0038459"", ""frequency"": ""HP:0040283"", ""reference"": ""ORPHA:79500"", ""onset"": """"}"
ATL000211	MONDO:0009079	has_phenotype	HP:0002020	HPO annotations	ORPHA:79500	https://hpo.jax.org/browse/term/HP:0002020	2026-10-03	observed	TAS				"{""atlas_edge_id"": ""E0038460"", ""frequency"": ""HP:0040283"", ""reference"": ""ORPHA:79500"", ""onset"": """"}"
ATL000212	MONDO:0009079	has_phenotype	HP:0002098	HPO annotations	ORPHA:79500	https://hpo.jax.org/browse/term/HP:0002098	2026-10-03	observed	TAS				"{""atlas_edge_id"": ""E0038461"", ""frequency"": ""HP:0040283"", ""reference"": ""ORPHA:79500"", ""onset"": """"}"
ATL000213	MONDO:0009079	has_phenotype	HP:0004442	HPO annotations	ORPHA:79500	https://hpo.jax.org/browse/term/HP:0004442	2026-10-03	observed	TAS				"{""atlas_edge_id"": ""E0038462"", ""frequency"": ""HP:0040283"", ""reference"": ""ORPHA:79500"", ""onset"": """"}"
ATL000214	MONDO:0009079	has_phenotype	HP:0005306	HPO annotations	ORPHA:79500	https://hpo.jax.org/browse/term/HP:0005306	2026-10-03	observed	TAS				"{""atlas_edge_id"": ""E0038463"", ""frequency"": ""HP:0040283"", ""reference"": ""ORPHA:79500"", ""onset"": """"}"
ATL000215	MONDO:0009079	has_phenotype	HP:0009830	HPO annotations	ORPHA:79500	https://hpo.jax.org/browse/term/HP:0009830	2026-10-03	observed	TAS				"{""atlas_edge_id"": ""E0038464"", ""frequency"": ""HP:0040283"", ""reference"": ""ORPHA:79500"", ""onset"": """"}"
ATL000216	MONDO:0009079	has_phenotype	HP:0011951	HPO annotations	ORPHA:79500	https://hpo.jax.org/browse/term/HP:0011951	2026-10-03	observed	TAS				"{""atlas_edge_id"": ""E0038465"", ""frequency"": ""HP:0040283"", ""reference"": ""ORPHA:79500"", ""onset"": """"}"
ATL000217	MONDO:0009079	has_phenotype	HP:0011968	HPO annotations	ORPHA:79500	https://hpo.jax.org/browse/term/HP:0011968	2026-10-03	observed	TAS				"{""atlas_edge_id"": ""E0038466"", ""frequency"": ""HP:0040283"", ""reference"": ""ORPHA:79500"", ""onset"": """"}"
ATL000218	MONDO:0009079	has_phenotype	HP:0030680	HPO annotations	ORPHA:79500	https://hpo.jax.org/browse/term/HP:0030680	2026-10-03	observed	TAS				"{""atlas_edge_id"": ""E0038467"", ""frequency"": ""HP:0040283"", ""reference"": ""ORPHA:79500"", ""onset"": """"}"
ATL000219	MONDO:0009079	has_phenotype	HP:0031282	HPO annotations	ORPHA:79500	https://hpo.jax.org/browse/term/HP:0031282	2026-10-03	observed	TAS				"{""atlas_edge_id"": ""E0038468"", ""frequency"": ""HP:0040283"", ""reference"": ""ORPHA:79500"", ""onset"": """"}"
ATL000220	MONDO:0009079	has_phenotype	HP:0031423	HPO annotations	ORPHA:79500	https://hpo.jax.org/browse/term/HP:0031423	2026-10-03	observed	TAS				"{""atlas_edge_id"": ""E0038469"", ""frequency"": ""HP:0040283"", ""reference"": ""ORPHA:79500"", ""onset"": """"}"
ATL000221	MONDO:0009079	has_phenotype	HP:0000062	HPO annotations	ORPHA:79500	https://hpo.jax.org/browse/term/HP:0000062	2026-10-03	observed	TAS				"{""atlas_edge_id"": ""E0038470"", ""frequency"": ""HP:0040284"", ""reference"": ""ORPHA:79500"", ""onset"": """"}"
ATL000222	MONDO:0009079	has_phenotype	HP:0000126	HPO annotations	ORPHA:79500	https://hpo.jax.org/browse/term/HP:0000126	2026-10-03	observed	TAS				"{""atlas_edge_id"": ""E0038471"", ""frequency"": ""HP:0040284"", ""reference"": ""ORPHA:79500"", ""onset"": """"}"
ATL000223	MONDO:0009079	has_phenotype	HP:0000413	HPO annotations	ORPHA:79500	https://hpo.jax.org/browse/term/HP:0000413	2026-10-03	observed	TAS				"{""atlas_edge_id"": ""E0038472"", ""frequency"": ""HP:0040284"", ""reference"": ""ORPHA:79500"", ""onset"": """"}"
ATL000224	MONDO:0009079	has_phenotype	HP:0000486	HPO annotations	ORPHA:79500	https://hpo.jax.org/browse/term/HP:0000486	2026-10-03	observed	TAS				"{""atlas_edge_id"": ""E0038473"", ""frequency"": ""HP:0040284"", ""reference"": ""ORPHA:79500"", ""onset"": """"}"
ATL000225	MONDO:0009079	has_phenotype	HP:0000878	HPO annotations	ORPHA:79500	https://hpo.jax.org/browse/term/HP:0000878	2026-10-03	observed	TAS				"{""atlas_edge_id"": ""E0038474"", ""frequency"": ""HP:0040284"", ""reference"": ""ORPHA:79500"", ""onset"": """"}"
ATL000226	MONDO:0009079	has_phenotype	HP:0001894	HPO annotations	ORPHA:79500	https://hpo.jax.org/browse/term/HP:0001894	2026-10-03	observed	TAS				"{""atlas_edge_id"": ""E0038475"", ""frequency"": ""HP:0040284"", ""reference"": ""ORPHA:79500"", ""onset"": """"}"
ATL000227	MONDO:0009079	has_phenotype	HP:0002126	HPO annotations	ORPHA:79500	https://hpo.jax.org/browse/term/HP:0002126	2026-10-03	observed	TAS				"{""atlas_edge_id"": ""E0038476"", ""frequency"": ""HP:0040284"", ""reference"": ""ORPHA:79500"", ""onset"": """"}"
ATL000228	MONDO:0009079	has_phenotype	HP:0002139	HPO annotations	ORPHA:79500	https://hpo.jax.org/browse/term/HP:0002139	2026-10-03	observed	TAS				"{""atlas_edge_id"": ""E0038477"", ""frequency"": ""HP:0040284"", ""reference"": ""ORPHA:79500"", ""onset"": """"}"
ATL000229	MONDO:0009079	has_phenotype	HP:0002937	HPO annotations	ORPHA:79500	https://hpo.jax.org/browse/term/HP:0002937	2026-10-03	observed	TAS				"{""atlas_edge_id"": ""E0038478"", ""frequency"": ""HP:0040284"", ""reference"": ""ORPHA:79500"", ""onset"": """"}"
ATL000230	MONDO:0009079	has_phenotype	HP:0003298	HPO annotations	ORPHA:79500	https://hpo.jax.org/browse/term/HP:0003298	2026-10-03	observed	TAS				"{""atlas_edge_id"": ""E0038479"", ""frequency"": ""HP:0040284"", ""reference"": ""ORPHA:79500"", ""onset"": """"}"
ATL000231	MONDO:0009079	has_phenotype	HP:0004626	HPO annotations	ORPHA:79500	https://hpo.jax.org/browse/term/HP:0004626	2026-10-03	observed	TAS				"{""atlas_edge_id"": ""E0038480"", ""frequency"": ""HP:0040284"", ""reference"": ""ORPHA:79500"", ""onset"": """"}"
ATL000232	MONDO:0009079	has_phenotype	HP:0006934	HPO annotations	ORPHA:79500	https://hpo.jax.org/browse/term/HP:0006934	2026-10-03	observed	TAS				"{""atlas_edge_id"": ""E0038481"", ""frequency"": ""HP:0040284"", ""reference"": ""ORPHA:79500"", ""onset"": """"}"
ATL000233	MONDO:0009079	has_phenotype	HP:0008110	HPO annotations	ORPHA:79500	https://hpo.jax.org/browse/term/HP:0008110	2026-10-03	observed	TAS				"{""atlas_edge_id"": ""E0038482"", ""frequency"": ""HP:0040284"", ""reference"": ""ORPHA:79500"", ""onset"": """"}"
ATL000234	MONDO:0009079	has_phenotype	HP:0008221	HPO annotations	ORPHA:79500	https://hpo.jax.org/browse/term/HP:0008221	2026-10-03	observed	TAS				"{""atlas_edge_id"": ""E0038483"", ""frequency"": ""HP:0040284"", ""reference"": ""ORPHA:79500"", ""onset"": """"}"
ATL000235	MONDO:0009079	has_phenotype	HP:0010497	HPO annotations	ORPHA:79500	https://hpo.jax.org/browse/term/HP:0010497	2026-10-03	observed	TAS				"{""atlas_edge_id"": ""E0038484"", ""frequency"": ""HP:0040284"", ""reference"": ""ORPHA:79500"", ""onset"": """"}"
ATL000236	MONDO:0009079	has_phenotype	HP:0011326	HPO annotations	ORPHA:79500	https://hpo.jax.org/browse/term/HP:0011326	2026-10-03	observed	TAS				"{""atlas_edge_id"": ""E0038485"", ""frequency"": ""HP:0040284"", ""reference"": ""ORPHA:79500"", ""onset"": """"}"
ATL000237	MONDO:0009079	has_phenotype	HP:0011409	HPO annotations	ORPHA:79500	https://hpo.jax.org/browse/term/HP:0011409	2026-10-03	observed	TAS				"{""atlas_edge_id"": ""E0038486"", ""frequency"": ""HP:0040284"", ""reference"": ""ORPHA:79500"", ""onset"": """"}"
ATL000238	MONDO:0009079	has_phenotype	HP:0012725	HPO annotations	ORPHA:79500	https://hpo.jax.org/browse/term/HP:0012725	2026-10-03	observed	TAS				"{""atlas_edge_id"": ""E0038487"", ""frequency"": ""HP:0040284"", ""reference"": ""ORPHA:79500"", ""onset"": """"}"
ATL000239	MONDO:0009079	has_phenotype	HP:0001167	HPO annotations	ORPHA:79500	https://hpo.jax.org/browse/term/HP:0001167	2026-10-03	observed	TAS				"{""atlas_edge_id"": ""E0038488"", ""frequency"": ""HP:0040281"", ""reference"": ""ORPHA:79500"", ""onset"": """"}"
ATL000240	MONDO:0009079	has_phenotype	HP:0001231	HPO annotations	ORPHA:79500	https://hpo.jax.org/browse/term/HP:0001231	2026-10-03	observed	TAS				"{""atlas_edge_id"": ""E0038489"", ""frequency"": ""HP:0040281"", ""reference"": ""ORPHA:79500"", ""onset"": """"}"
ATL000241	MONDO:0009079	has_phenotype	HP:0001780	HPO annotations	ORPHA:79500	https://hpo.jax.org/browse/term/HP:0001780	2026-10-03	observed	TAS				"{""atlas_edge_id"": ""E0038490"", ""frequency"": ""HP:0040281"", ""reference"": ""ORPHA:79500"", ""onset"": """"}"
ATL000242	MONDO:0009079	has_phenotype	HP:0001817	HPO annotations	ORPHA:79500	https://hpo.jax.org/browse/term/HP:0001817	2026-10-03	observed	TAS				"{""atlas_edge_id"": ""E0038491"", ""frequency"": ""HP:0040281"", ""reference"": ""ORPHA:79500"", ""onset"": """"}"
ATL000243	MONDO:0009079	has_phenotype	HP:0002353	HPO annotations	ORPHA:79500	https://hpo.jax.org/browse/term/HP:0002353	2026-10-03	observed	TAS				"{""atlas_edge_id"": ""E0038492"", ""frequency"": ""HP:0040281"", ""reference"": ""ORPHA:79500"", ""onset"": """"}"
ATL000244	MONDO:0009079	has_phenotype	HP:0008388	HPO annotations	ORPHA:79500	https://hpo.jax.org/browse/term/HP:0008388	2026-10-03	observed	TAS				"{""atlas_edge_id"": ""E0038493"", ""frequency"": ""HP:0040281"", ""reference"": ""ORPHA:79500"", ""onset"": """"}"
ATL000245	MONDO:0009079	has_phenotype	HP:0012810	HPO annotations	ORPHA:79500	https://hpo.jax.org/browse/term/HP:0012810	2026-10-03	observed	TAS				"{""atlas_edge_id"": ""E0038494"", ""frequency"": ""HP:0040281"", ""reference"": ""ORPHA:79500"", ""onset"": """"}"
ATL000246	MONDO:0009079	has_phenotype	HP:0100797	HPO annotations	ORPHA:79500	https://hpo.jax.org/browse/term/HP:0100797	2026-10-03	observed	TAS				"{""atlas_edge_id"": ""E0038495"", ""frequency"": ""HP:0040281"", ""reference"": ""ORPHA:79500"", ""onset"": """"}"
ATL000247	MONDO:0009079	has_phenotype	HP:0001561	HPO annotations	ORPHA:79500	https://hpo.jax.org/browse/term/HP:0001561	2026-10-03	observed	TAS				"{""atlas_edge_id"": ""E0038496"", ""frequency"": ""HP:0040282"", ""reference"": ""ORPHA:79500"", ""onset"": """"}"
ATL000248	MONDO:0009079	has_phenotype	HP:0002033	HPO annotations	ORPHA:79500	https://hpo.jax.org/browse/term/HP:0002033	2026-10-03	observed	TAS				"{""atlas_edge_id"": ""E0038497"", ""frequency"": ""HP:0040282"", ""reference"": ""ORPHA:79500"", ""onset"": """"}"
ATL000249	MONDO:0009079	has_phenotype	HP:0002069	HPO annotations	ORPHA:79500	https://hpo.jax.org/browse/term/HP:0002069	2026-10-03	observed	TAS				"{""atlas_edge_id"": ""E0038498"", ""frequency"": ""HP:0040282"", ""reference"": ""ORPHA:79500"", ""onset"": """"}"
ATL000250	MONDO:0009079	has_phenotype	HP:0002384	HPO annotations	ORPHA:79500	https://hpo.jax.org/browse/term/HP:0002384	2026-10-03	observed	TAS				"{""atlas_edge_id"": ""E0038499"", ""frequency"": ""HP:0040282"", ""reference"": ""ORPHA:79500"", ""onset"": """"}"
ATL000251	MONDO:0009079	has_phenotype	HP:0008947	HPO annotations	ORPHA:79500	https://hpo.jax.org/browse/term/HP:0008947	2026-10-03	observed	TAS				"{""atlas_edge_id"": ""E0038500"", ""frequency"": ""HP:0040282"", ""reference"": ""ORPHA:79500"", ""onset"": """"}"
ATL000252	MONDO:0009079	has_phenotype	HP:0010347	HPO annotations	ORPHA:79500	https://hpo.jax.org/browse/term/HP:0010347	2026-10-03	observed	TAS				"{""atlas_edge_id"": ""E0038501"", ""frequency"": ""HP:0040282"", ""reference"": ""ORPHA:79500"", ""onset"": """"}"
ATL000253	MONDO:0009079	has_phenotype	HP:0000079	HPO annotations	ORPHA:79500	https://hpo.jax.org/browse/term/HP:0000079	2026-10-03	observed	TAS				"{""atlas_edge_id"": ""E0038502"", ""frequency"": ""HP:0040283"", ""reference"": ""ORPHA:79500"", ""onset"": """"}"
ATL000254	MONDO:0009079	has_phenotype	HP:0000121	HPO annotations	ORPHA:79500	https://hpo.jax.org/browse/term/HP:0000121	2026-10-03	observed	TAS				"{""atlas_edge_id"": ""E0038503"", ""frequency"": ""HP:0040283"", ""reference"": ""ORPHA:79500"", ""onset"": """"}"
ATL000255	MONDO:0009079	has_phenotype	HP:0000164	HPO annotations	ORPHA:79500	https://hpo.jax.org/browse/term/HP:0000164	2026-10-03	observed	TAS				"{""atlas_edge_id"": ""E0038504"", ""frequency"": ""HP:0040283"", ""reference"": ""ORPHA:79500"", ""onset"": """"}"
ATL000256	MONDO:0010318	has_phenotype	HP:0000431	HPO annotations	OMIM:300422	https://hpo.jax.org/browse/term/HP:0000431	2026-10-03	observed	PCS				"{""atlas_edge_id"": ""E0060898"", ""frequency"": """", ""reference"": ""PMID:19200522"", ""onset"": """"}"
ATL000257	MONDO:0010318	has_phenotype	HP:0002650	HPO annotations	OMIM:300422	https://hpo.jax.org/browse/term/HP:0002650	2026-10-03	observed	PCS				"{""atlas_edge_id"": ""E0060899"", ""frequency"": ""2/8"", ""reference"": ""PMID:19200522"", ""onset"": """"}"
ATL000258	MONDO:0010318	has_phenotype	HP:0001250	HPO annotations	OMIM:300422	https://hpo.jax.org/browse/term/HP:0001250	2026-10-03	observed	PCS				"{""atlas_edge_id"": ""E0060900"", ""frequency"": ""5/8"", ""reference"": ""PMID:19200522"", ""onset"": """"}"
ATL000259	MONDO:0010318	has_phenotype	HP:0000407	HPO annotations	OMIM:300422	https://hpo.jax.org/browse/term/HP:0000407	2026-10-03	observed	PCS				"{""atlas_edge_id"": ""E0060901"", ""frequency"": ""4/6"", ""reference"": ""PMID:19200522"", ""onset"": """"}"
ATL000260	MONDO:0010318	has_phenotype	HP:0001263	HPO annotations	OMIM:300422	https://hpo.jax.org/browse/term/HP:0001263	2026-10-03	observed	PCS				"{""atlas_edge_id"": ""E0060902"", ""frequency"": """", ""reference"": ""PMID:19200522"", ""onset"": """"}"
ATL000261	MONDO:0010318	has_phenotype	HP:0011220	HPO annotations	OMIM:300422	https://hpo.jax.org/browse/term/HP:0011220	2026-10-03	observed	PCS				"{""atlas_edge_id"": ""E0060903"", ""frequency"": ""3/8"", ""reference"": ""PMID:19200522"", ""onset"": """"}"
ATL000262	MONDO:0010318	has_phenotype	HP:0000316	HPO annotations	OMIM:300422	https://hpo.jax.org/browse/term/HP:0000316	2026-10-03	observed	PCS				"{""atlas_edge_id"": ""E0060904"", ""frequency"": """", ""reference"": ""PMID:19200522"", ""onset"": """"}"
ATL000263	MONDO:0010318	has_phenotype	HP:0008872	HPO annotations	OMIM:300422	https://hpo.jax.org/browse/term/HP:0008872	2026-10-03	observed	PCS				"{""atlas_edge_id"": ""E0060905"", ""frequency"": ""5/8"", ""reference"": ""PMID:19200522"", ""onset"": """"}"
ATL000264	MONDO:0010318	has_phenotype	HP:0001319	HPO annotations	OMIM:300422	https://hpo.jax.org/browse/term/HP:0001319	2026-10-03	observed	PCS				"{""atlas_edge_id"": ""E0060906"", ""frequency"": ""6/8"", ""reference"": ""PMID:19200522"", ""onset"": """"}"
ATL000265	MONDO:0010318	has_phenotype	HP:0001249	HPO annotations	OMIM:300422	https://hpo.jax.org/browse/term/HP:0001249	2026-10-03	observed	PCS				"{""atlas_edge_id"": ""E0060907"", ""frequency"": """", ""reference"": ""PMID:19200522"", ""onset"": """"}"
ATL000266	MONDO:0010417	has_phenotype	HP:0000286	HPO annotations	OMIM:300749	https://hpo.jax.org/browse/term/HP:0000286	2026-10-03	observed	TAS				"{""atlas_edge_id"": ""E0062211"", ""frequency"": """", ""reference"": ""OMIM:300749"", ""onset"": """"}"
ATL000267	MONDO:0010417	has_phenotype	HP:0004325	HPO annotations	OMIM:300749	https://hpo.jax.org/browse/term/HP:0004325	2026-10-03	observed	TAS				"{""atlas_edge_id"": ""E0062212"", ""frequency"": """", ""reference"": ""OMIM:300749"", ""onset"": """"}"
ATL000268	MONDO:0010417	has_phenotype	HP:0000486	HPO annotations	OMIM:300749	https://hpo.jax.org/browse/term/HP:0000486	2026-10-03	observed	TAS				"{""atlas_edge_id"": ""E0062213"", ""frequency"": ""HP:0040283"", ""reference"": ""OMIM:300749"", ""onset"": """"}"
ATL000269	MONDO:0010417	has_phenotype	HP:0002342	HPO annotations	OMIM:300749	https://hpo.jax.org/browse/term/HP:0002342	2026-10-03	observed	TAS				"{""atlas_edge_id"": ""E0062214"", ""frequency"": """", ""reference"": ""OMIM:300749"", ""onset"": """"}"
ATL000270	MONDO:0010417	has_phenotype	HP:0000365	HPO annotations	OMIM:300749	https://hpo.jax.org/browse/term/HP:0000365	2026-10-03	observed	TAS				"{""atlas_edge_id"": ""E0062215"", ""frequency"": ""HP:0040283"", ""reference"": ""OMIM:300749"", ""onset"": """"}"
ATL000271	MONDO:0010417	has_phenotype	HP:0004322	HPO annotations	OMIM:300749	https://hpo.jax.org/browse/term/HP:0004322	2026-10-03	observed	PCS				"{""atlas_edge_id"": ""E0062216"", ""frequency"": ""3/5"", ""reference"": ""PMID:19165920"", ""onset"": """"}"
ATL000272	MONDO:0010417	has_phenotype	HP:0001250	HPO annotations	OMIM:300749	https://hpo.jax.org/browse/term/HP:0001250	2026-10-03	observed	PCS				"{""atlas_edge_id"": ""E0062217"", ""frequency"": ""3/6"", ""reference"": ""PMID:19165920"", ""onset"": """"}"
ATL000273	MONDO:0010417	has_phenotype	HP:0000480	HPO annotations	OMIM:300749	https://hpo.jax.org/browse/term/HP:0000480	2026-10-03	observed	PCS				"{""atlas_edge_id"": ""E0062218"", ""frequency"": ""1/6"", ""reference"": ""PMID:19165920"", ""onset"": """"}"
ATL000274	MONDO:0010417	has_phenotype	HP:0003196	HPO annotations	OMIM:300749	https://hpo.jax.org/browse/term/HP:0003196	2026-10-03	observed	TAS				"{""atlas_edge_id"": ""E0062219"", ""frequency"": """", ""reference"": ""OMIM:300749"", ""onset"": """"}"
ATL000275	MONDO:0010417	has_phenotype	HP:0001252	HPO annotations	OMIM:300749	https://hpo.jax.org/browse/term/HP:0001252	2026-10-03	observed	PCS				"{""atlas_edge_id"": ""E0062220"", ""frequency"": ""3/5"", ""reference"": ""PMID:19165920"", ""onset"": """"}"
ATL000276	MONDO:0010417	has_phenotype	HP:0001090	HPO annotations	OMIM:300749	https://hpo.jax.org/browse/term/HP:0001090	2026-10-03	observed	TAS				"{""atlas_edge_id"": ""E0062221"", ""frequency"": """", ""reference"": ""OMIM:300749"", ""onset"": """"}"
ATL000277	MONDO:0010417	has_phenotype	HP:0012110	HPO annotations	OMIM:300749	https://hpo.jax.org/browse/term/HP:0012110	2026-10-03	observed	PCS				"{""atlas_edge_id"": ""E0062222"", ""frequency"": ""5/5"", ""reference"": ""PMID:19165920"", ""onset"": """"}"
ATL000278	MONDO:0010417	has_phenotype	HP:0000639	HPO annotations	OMIM:300749	https://hpo.jax.org/browse/term/HP:0000639	2026-10-03	observed	TAS				"{""atlas_edge_id"": ""E0062223"", ""frequency"": ""HP:0040283"", ""reference"": ""OMIM:300749"", ""onset"": """"}"
ATL000279	MONDO:0010417	has_phenotype	HP:0000319	HPO annotations	OMIM:300749	https://hpo.jax.org/browse/term/HP:0000319	2026-10-03	observed	PCS				"{""atlas_edge_id"": ""E0062224"", ""frequency"": ""1/5"", ""reference"": ""PMID:19165920"", ""onset"": """"}"
ATL000280	MONDO:0010417	has_phenotype	HP:0000316	HPO annotations	OMIM:300749	https://hpo.jax.org/browse/term/HP:0000316	2026-10-03	observed	PCS				"{""atlas_edge_id"": ""E0062225"", ""frequency"": ""1/5"", ""reference"": ""PMID:19165920"", ""onset"": """"}"
ATL000281	MONDO:0010417	has_phenotype	HP:0008897	HPO annotations	OMIM:300749	https://hpo.jax.org/browse/term/HP:0008897	2026-10-03	observed	TAS				"{""atlas_edge_id"": ""E0062226"", ""frequency"": """", ""reference"": ""OMIM:300749"", ""onset"": """"}"
ATL000282	MONDO:0010417	has_phenotype	HP:0025336	HPO annotations	OMIM:300749	https://hpo.jax.org/browse/term/HP:0025336	2026-10-03	observed	PCS				"{""atlas_edge_id"": ""E0062227"", ""frequency"": ""3/4"", ""reference"": ""PMID:19165920"", ""onset"": """"}"
ATL000283	MONDO:0010417	has_phenotype	HP:0001324	HPO annotations	OMIM:300749	https://hpo.jax.org/browse/term/HP:0001324	2026-10-03	observed	TAS				"{""atlas_edge_id"": ""E0062228"", ""frequency"": """", ""reference"": ""OMIM:300749"", ""onset"": """"}"
ATL000284	MONDO:0010417	has_phenotype	HP:0004879	HPO annotations	OMIM:300749	https://hpo.jax.org/browse/term/HP:0004879	2026-10-03	observed	PCS				"{""atlas_edge_id"": ""E0062229"", ""frequency"": ""1/6"", ""reference"": ""PMID:19165920"", ""onset"": """"}"
ATL000285	MONDO:0010417	has_phenotype	HP:0000253	HPO annotations	OMIM:300749	https://hpo.jax.org/browse/term/HP:0000253	2026-10-03	observed	TAS				"{""atlas_edge_id"": ""E0062230"", ""frequency"": """", ""reference"": ""OMIM:300749"", ""onset"": """"}"
ATL000286	MONDO:0010417	has_phenotype	HP:0000252	HPO annotations	OMIM:300749	https://hpo.jax.org/browse/term/HP:0000252	2026-10-03	observed	PCS				"{""atlas_edge_id"": ""E0062231"", ""frequency"": ""5/5"", ""reference"": ""PMID:19165920"", ""onset"": """"}"
ATL000287	MONDO:0010417	has_phenotype	HP:0000494	HPO annotations	OMIM:300749	https://hpo.jax.org/browse/term/HP:0000494	2026-10-03	observed	PCS				"{""atlas_edge_id"": ""E0062232"", ""frequency"": ""1/5"", ""reference"": ""PMID:19165920"", ""onset"": """"}"
ATL000288	MONDO:0010417	has_phenotype	HP:0001344	HPO annotations	OMIM:300749	https://hpo.jax.org/browse/term/HP:0001344	2026-10-03	observed	PCS				"{""atlas_edge_id"": ""E0062233"", ""frequency"": ""4/4"", ""reference"": ""PMID:19165920"", ""onset"": """"}"
ATL000289	MONDO:0010417	has_phenotype	HP:0011968	HPO annotations	OMIM:300749	https://hpo.jax.org/browse/term/HP:0011968	2026-10-03	observed	PCS				"{""atlas_edge_id"": ""E0062234"", ""frequency"": ""5/5"", ""reference"": ""PMID:19165920"", ""onset"": """"}"
ATL000290	MONDO:0010417	has_phenotype	HP:0002198	HPO annotations	OMIM:300749	https://hpo.jax.org/browse/term/HP:0002198	2026-10-03	observed	TAS				"{""atlas_edge_id"": ""E0062235"", ""frequency"": """", ""reference"": ""OMIM:300749"", ""onset"": """"}"
ATL000291	MONDO:0010417	has_phenotype	HP:0001263	HPO annotations	OMIM:300749	https://hpo.jax.org/browse/term/HP:0001263	2026-10-03	observed	PCS				"{""atlas_edge_id"": ""E0062236"", ""frequency"": ""5/5"", ""reference"": ""PMID:19165920"", ""onset"": """"}"
ATL000292	MONDO:0010417	has_phenotype	HP:0000609	HPO annotations	OMIM:300749	https://hpo.jax.org/browse/term/HP:0000609	2026-10-03	observed	PCS				"{""atlas_edge_id"": ""E0062237"", ""frequency"": ""1/6"", ""reference"": ""PMID:19165920"", ""onset"": """"}"
ATL000293	MONDO:0010417	has_phenotype	HP:0000407	HPO annotations	OMIM:300749	https://hpo.jax.org/browse/term/HP:0000407	2026-10-03	observed	PCS				"{""atlas_edge_id"": ""E0062238"", ""frequency"": ""2/4"", ""reference"": ""PMID:19165920"", ""onset"": """"}"
ATL000294	MONDO:0010417	has_phenotype	HP:0000966	HPO annotations	OMIM:300749	https://hpo.jax.org/browse/term/HP:0000966	2026-10-03	observed	TAS				"{""atlas_edge_id"": ""E0062239"", ""frequency"": """", ""reference"": ""OMIM:300749"", ""onset"": """"}"
ATL000295	MONDO:0010417	has_phenotype	HP:0000400	HPO annotations	OMIM:300749	https://hpo.jax.org/browse/term/HP:0000400	2026-10-03	observed	PCS				"{""atlas_edge_id"": ""E0062240"", ""frequency"": ""3/5"", ""reference"": ""PMID:19165920"", ""onset"": """"}"
ATL000296	MONDO:0010417	has_phenotype	HP:0001257	HPO annotations	OMIM:300749	https://hpo.jax.org/browse/term/HP:0001257	2026-10-03	observed	PCS				"{""atlas_edge_id"": ""E0062241"", ""frequency"": ""2/6"", ""reference"": ""PMID:19165920"", ""onset"": """"}"
ATL000297	MONDO:0010417	has_phenotype	HP:0001276	HPO annotations	OMIM:300749	https://hpo.jax.org/browse/term/HP:0001276	2026-10-03	observed	TAS				"{""atlas_edge_id"": ""E0062242"", ""frequency"": """", ""reference"": ""OMIM:300749"", ""onset"": """"}"
ATL000298	MONDO:0010417	has_phenotype	HP:0000343	HPO annotations	OMIM:300749	https://hpo.jax.org/browse/term/HP:0000343	2026-10-03	observed	TAS				"{""atlas_edge_id"": ""E0062243"", ""frequency"": """", ""reference"": ""OMIM:300749"", ""onset"": """"}"
ATL000299	MONDO:0010417	has_phenotype	HP:0002365	HPO annotations	OMIM:300749	https://hpo.jax.org/browse/term/HP:0002365	2026-10-03	observed	PCS				"{""atlas_edge_id"": ""E0062244"", ""frequency"": ""5/5"", ""reference"": ""PMID:19165920"", ""onset"": """"}"
ATL000300	MONDO:0010417	has_phenotype	HP:0000218	HPO annotations	OMIM:300749	https://hpo.jax.org/browse/term/HP:0000218	2026-10-03	observed	TAS				"{""atlas_edge_id"": ""E0062245"", ""frequency"": """", ""reference"": ""OMIM:300749"", ""onset"": """"}"
ATL000301	MONDO:0010417	has_phenotype	HP:0001302	HPO annotations	OMIM:300749	https://hpo.jax.org/browse/term/HP:0001302	2026-10-03	observed	TAS				"{""atlas_edge_id"": ""E0062246"", ""frequency"": ""HP:0040283"", ""reference"": ""OMIM:300749"", ""onset"": """"}"
ATL000302	MONDO:0010417	has_phenotype	HP:0000455	HPO annotations	OMIM:300749	https://hpo.jax.org/browse/term/HP:0000455	2026-10-03	observed	PCS				"{""atlas_edge_id"": ""E0062247"", ""frequency"": ""2/5"", ""reference"": ""PMID:19165920"", ""onset"": """"}"
ATL000303	MONDO:0010417	has_phenotype	HP:0001347	HPO annotations	OMIM:300749	https://hpo.jax.org/browse/term/HP:0001347	2026-10-03	observed	TAS				"{""atlas_edge_id"": ""E0062248"", ""frequency"": """", ""reference"": ""OMIM:300749"", ""onset"": """"}"
ATL000304	MONDO:0010417	has_phenotype	HP:0008936	HPO annotations	OMIM:300749	https://hpo.jax.org/browse/term/HP:0008936	2026-10-03	observed	TAS				"{""atlas_edge_id"": ""E0062249"", ""frequency"": """", ""reference"": ""OMIM:300749"", ""onset"": """"}"
ATL000305	MONDO:0010417	has_phenotype	HP:0000431	HPO annotations	OMIM:300749	https://hpo.jax.org/browse/term/HP:0000431	2026-10-03	observed	PCS				"{""atlas_edge_id"": ""E0062250"", ""frequency"": ""3/5"", ""reference"": ""PMID:19165920"", ""onset"": """"}"
ATL000306	MONDO:0010417	has_phenotype	HP:0002650	HPO annotations	OMIM:300749	https://hpo.jax.org/browse/term/HP:0002650	2026-10-03	observed	PCS				"{""atlas_edge_id"": ""E0062251"", ""frequency"": ""2/6"", ""reference"": ""PMID:19165920"", ""onset"": """"}"
ATL000307	MONDO:0010417	has_phenotype	HP:0001321	HPO annotations	OMIM:300749	https://hpo.jax.org/browse/term/HP:0001321	2026-10-03	observed	PCS				"{""atlas_edge_id"": ""E0062252"", ""frequency"": ""5/5"", ""reference"": ""PMID:19165920"", ""onset"": """"}"
ATL000308	MONDO:0010417	has_phenotype	HP:0031936	HPO annotations	OMIM:300749	https://hpo.jax.org/browse/term/HP:0031936	2026-10-03	observed	PCS				"{""atlas_edge_id"": ""E0062253"", ""frequency"": ""3/3"", ""reference"": ""PMID:19165920"", ""onset"": """"}"
ATL000309	MONDO:0010417	has_phenotype	HP:0000426	HPO annotations	OMIM:300749	https://hpo.jax.org/browse/term/HP:0000426	2026-10-03	observed	TAS				"{""atlas_edge_id"": ""E0062254"", ""frequency"": """", ""reference"": ""OMIM:300749"", ""onset"": """"}"
ATL000310	MONDO:0010417	has_phenotype	HP:0000543	HPO annotations	OMIM:300749	https://hpo.jax.org/browse/term/HP:0000543	2026-10-03	observed	PCS				"{""atlas_edge_id"": ""E0062255"", ""frequency"": ""2/6"", ""reference"": ""PMID:19165920"", ""onset"": """"}"
ATL000311	MONDO:0010417	has_phenotype	HP:0001357	HPO annotations	OMIM:300749	https://hpo.jax.org/browse/term/HP:0001357	2026-10-03	observed	PCS				"{""atlas_edge_id"": ""E0062256"", ""frequency"": ""1/5"", ""reference"": ""PMID:19165920"", ""onset"": """"}"
ATL000312	MONDO:0010417	has_phenotype	HP:0000300	HPO annotations	OMIM:300749	https://hpo.jax.org/browse/term/HP:0000300	2026-10-03	observed	TAS				"{""atlas_edge_id"": ""E0062257"", ""frequency"": """", ""reference"": ""OMIM:300749"", ""onset"": """"}"
ATL000313	MONDO:0010417	has_phenotype	HP:0000347	HPO annotations	OMIM:300749	https://hpo.jax.org/browse/term/HP:0000347	2026-10-03	observed	PCS				"{""atlas_edge_id"": ""E0062258"", ""frequency"": ""3/5"", ""reference"": ""PMID:19165920"", ""onset"": """"}"
ATL000314	MONDO:0010417	has_phenotype	HP:0009879	HPO annotations	OMIM:300749	https://hpo.jax.org/browse/term/HP:0009879	2026-10-03	observed	PCS				"{""atlas_edge_id"": ""E0062259"", ""frequency"": ""5/5"", ""reference"": ""PMID:19165920"", ""onset"": """"}"
ATL000315	MONDO:0010417	has_phenotype	HP:0011344	HPO annotations	ORPHA:163937	https://hpo.jax.org/browse/term/HP:0011344	2026-10-03	observed	TAS				"{""atlas_edge_id"": ""E0062260"", ""frequency"": ""HP:0040281"", ""reference"": ""ORPHA:163937"", ""onset"": """"}"
ATL000316	MONDO:0010417	has_phenotype	HP:0000278	HPO annotations	ORPHA:163937	https://hpo.jax.org/browse/term/HP:0000278	2026-10-03	observed	TAS				"{""atlas_edge_id"": ""E0062261"", ""frequency"": ""HP:0040282"", ""reference"": ""ORPHA:163937"", ""onset"": """"}"
ATL000317	MONDO:0010417	has_phenotype	HP:0000337	HPO annotations	ORPHA:163937	https://hpo.jax.org/browse/term/HP:0000337	2026-10-03	observed	TAS				"{""atlas_edge_id"": ""E0062262"", ""frequency"": ""HP:0040282"", ""reference"": ""ORPHA:163937"", ""onset"": """"}"
ATL000318	MONDO:0010417	has_phenotype	HP:0000505	HPO annotations	ORPHA:163937	https://hpo.jax.org/browse/term/HP:0000505	2026-10-03	observed	TAS				"{""atlas_edge_id"": ""E0062263"", ""frequency"": ""HP:0040282"", ""reference"": ""ORPHA:163937"", ""onset"": """"}"
ATL000319	MONDO:0010417	has_phenotype	HP:0000545	HPO annotations	ORPHA:163937	https://hpo.jax.org/browse/term/HP:0000545	2026-10-03	observed	TAS				"{""atlas_edge_id"": ""E0062264"", ""frequency"": ""HP:0040282"", ""reference"": ""ORPHA:163937"", ""onset"": """"}"
ATL000320	MONDO:0010417	has_phenotype	HP:0001288	HPO annotations	ORPHA:163937	https://hpo.jax.org/browse/term/HP:0001288	2026-10-03	observed	TAS				"{""atlas_edge_id"": ""E0062265"", ""frequency"": ""HP:0040282"", ""reference"": ""ORPHA:163937"", ""onset"": """"}"
ATL000321	MONDO:0010417	has_phenotype	HP:0001332	HPO annotations	ORPHA:163937	https://hpo.jax.org/browse/term/HP:0001332	2026-10-03	observed	TAS				"{""atlas_edge_id"": ""E0062266"", ""frequency"": ""HP:0040282"", ""reference"": ""ORPHA:163937"", ""onset"": """"}"
ATL000322	MONDO:0010417	has_phenotype	HP:0002120	HPO annotations	ORPHA:163937	https://hpo.jax.org/browse/term/HP:0002120	2026-10-03	observed	TAS				"{""atlas_edge_id"": ""E0062267"", ""frequency"": ""HP:0040282"", ""reference"": ""ORPHA:163937"", ""onset"": """"}"
ATL000323	MONDO:0010417	has_phenotype	HP:0002360	HPO annotations	ORPHA:163937	https://hpo.jax.org/browse/term/HP:0002360	2026-10-03	observed	TAS				"{""atlas_edge_id"": ""E0062268"", ""frequency"": ""HP:0040282"", ""reference"": ""ORPHA:163937"", ""onset"": """"}"
ATL000324	MONDO:0010417	has_phenotype	HP:0002553	HPO annotations	ORPHA:163937	https://hpo.jax.org/browse/term/HP:0002553	2026-10-03	observed	TAS				"{""atlas_edge_id"": ""E0062269"", ""frequency"": ""HP:0040282"", ""reference"": ""ORPHA:163937"", ""onset"": """"}"
ATL000325	MONDO:0010417	has_phenotype	HP:0008872	HPO annotations	ORPHA:163937	https://hpo.jax.org/browse/term/HP:0008872	2026-10-03	observed	TAS				"{""atlas_edge_id"": ""E0062270"", ""frequency"": ""HP:0040282"", ""reference"": ""ORPHA:163937"", ""onset"": """"}"
ATL000326	MONDO:0010417	has_phenotype	HP:0008947	HPO annotations	ORPHA:163937	https://hpo.jax.org/browse/term/HP:0008947	2026-10-03	observed	TAS				"{""atlas_edge_id"": ""E0062271"", ""frequency"": ""HP:0040282"", ""reference"": ""ORPHA:163937"", ""onset"": """"}"
ATL000327	MONDO:0010417	has_phenotype	HP:0011097	HPO annotations	ORPHA:163937	https://hpo.jax.org/browse/term/HP:0011097	2026-10-03	observed	TAS				"{""atlas_edge_id"": ""E0062272"", ""frequency"": ""HP:0040282"", ""reference"": ""ORPHA:163937"", ""onset"": """"}"
ATL000328	MONDO:0010417	has_phenotype	HP:0012171	HPO annotations	ORPHA:163937	https://hpo.jax.org/browse/term/HP:0012171	2026-10-03	observed	TAS				"{""atlas_edge_id"": ""E0062273"", ""frequency"": ""HP:0040282"", ""reference"": ""ORPHA:163937"", ""onset"": """"}"
ATL000329	MONDO:0010417	has_phenotype	HP:0032794	HPO annotations	ORPHA:163937	https://hpo.jax.org/browse/term/HP:0032794	2026-10-03	observed	TAS				"{""atlas_edge_id"": ""E0062274"", ""frequency"": ""HP:0040282"", ""reference"": ""ORPHA:163937"", ""onset"": """"}"
ATL000330	MONDO:0010417	has_phenotype	HP:0034353	HPO annotations	ORPHA:163937	https://hpo.jax.org/browse/term/HP:0034353	2026-10-03	observed	TAS				"{""atlas_edge_id"": ""E0062275"", ""frequency"": ""HP:0040282"", ""reference"": ""ORPHA:163937"", ""onset"": """"}"
ATL000331	MONDO:0010417	has_phenotype	HP:0200134	HPO annotations	ORPHA:163937	https://hpo.jax.org/browse/term/HP:0200134	2026-10-03	observed	TAS				"{""atlas_edge_id"": ""E0062276"", ""frequency"": ""HP:0040282"", ""reference"": ""ORPHA:163937"", ""onset"": """"}"
ATL000332	MONDO:0010417	has_phenotype	HP:0000648	HPO annotations	ORPHA:163937	https://hpo.jax.org/browse/term/HP:0000648	2026-10-03	observed	TAS				"{""atlas_edge_id"": ""E0062277"", ""frequency"": ""HP:0040283"", ""reference"": ""ORPHA:163937"", ""onset"": """"}"
ATL000333	MONDO:0010417	has_phenotype	HP:0000729	HPO annotations	ORPHA:163937	https://hpo.jax.org/browse/term/HP:0000729	2026-10-03	observed	TAS				"{""atlas_edge_id"": ""E0062278"", ""frequency"": ""HP:0040283"", ""reference"": ""ORPHA:163937"", ""onset"": """"}"
ATL000334	MONDO:0010417	has_phenotype	HP:0001508	HPO annotations	ORPHA:163937	https://hpo.jax.org/browse/term/HP:0001508	2026-10-03	observed	TAS				"{""atlas_edge_id"": ""E0062279"", ""frequency"": ""HP:0040283"", ""reference"": ""ORPHA:163937"", ""onset"": """"}"
ATL000335	MONDO:0010417	has_phenotype	HP:0002063	HPO annotations	ORPHA:163937	https://hpo.jax.org/browse/term/HP:0002063	2026-10-03	observed	TAS				"{""atlas_edge_id"": ""E0062280"", ""frequency"": ""HP:0040283"", ""reference"": ""ORPHA:163937"", ""onset"": """"}"
ATL000336	MONDO:0010417	has_phenotype	HP:0002317	HPO annotations	ORPHA:163937	https://hpo.jax.org/browse/term/HP:0002317	2026-10-03	observed	TAS				"{""atlas_edge_id"": ""E0062281"", ""frequency"": ""HP:0040283"", ""reference"": ""ORPHA:163937"", ""onset"": """"}"
ATL000337	MONDO:0010417	has_phenotype	HP:0003508	HPO annotations	ORPHA:163937	https://hpo.jax.org/browse/term/HP:0003508	2026-10-03	observed	TAS				"{""atlas_edge_id"": ""E0062282"", ""frequency"": ""HP:0040283"", ""reference"": ""ORPHA:163937"", ""onset"": """"}"
ATL000338	MONDO:0010417	has_phenotype	HP:0100660	HPO annotations	ORPHA:163937	https://hpo.jax.org/browse/term/HP:0100660	2026-10-03	observed	TAS				"{""atlas_edge_id"": ""E0062283"", ""frequency"": ""HP:0040283"", ""reference"": ""ORPHA:163937"", ""onset"": """"}"
ATL000339	MONDO:0010480	has_phenotype	HP:0020082	HPO annotations	OMIM:300908	https://hpo.jax.org/browse/term/HP:0020082	2026-10-03	observed	PCS				"{""atlas_edge_id"": ""E0063470"", ""frequency"": """", ""reference"": ""PMID:29298156"", ""onset"": """"}"
ATL000340	MONDO:0010480	has_phenotype	HP:0000980	HPO annotations	OMIM:300908	https://hpo.jax.org/browse/term/HP:0000980	2026-10-03	observed	IEA				"{""atlas_edge_id"": ""E0063471"", ""frequency"": """", ""reference"": ""OMIM:300908"", ""onset"": """"}"
ATL000341	MONDO:0010480	has_phenotype	HP:0003641	HPO annotations	OMIM:300908	https://hpo.jax.org/browse/term/HP:0003641	2026-10-03	observed	IEA				"{""atlas_edge_id"": ""E0063472"", ""frequency"": """", ""reference"": ""OMIM:300908"", ""onset"": """"}"
ATL000342	MONDO:0010480	has_phenotype	HP:0410179	HPO annotations	OMIM:300908	https://hpo.jax.org/browse/term/HP:0410179	2026-10-03	observed	PCS				"{""atlas_edge_id"": ""E0063473"", ""frequency"": ""20/20"", ""reference"": ""PMID:9674740"", ""onset"": """"}"
ATL000343	MONDO:0010480	has_phenotype	HP:0008282	HPO annotations	OMIM:300908	https://hpo.jax.org/browse/term/HP:0008282	2026-10-03	observed	PCS				"{""atlas_edge_id"": ""E0063474"", ""frequency"": """", ""reference"": ""PMID:9674740"", ""onset"": """"}"
ATL000344	MONDO:0010480	has_phenotype	HP:0011273	HPO annotations	OMIM:300908	https://hpo.jax.org/browse/term/HP:0011273	2026-10-03	observed	IEA				"{""atlas_edge_id"": ""E0063475"", ""frequency"": """", ""reference"": ""OMIM:300908"", ""onset"": """"}"
ATL000345	MONDO:0010480	has_phenotype	HP:0001923	HPO annotations	OMIM:300908	https://hpo.jax.org/browse/term/HP:0001923	2026-10-03	observed	PCS				"{""atlas_edge_id"": ""E0063476"", ""frequency"": """", ""reference"": ""PMID:9674740"", ""onset"": """"}"
ATL000346	MONDO:0010480	has_phenotype	HP:0001945	HPO annotations	OMIM:300908	https://hpo.jax.org/browse/term/HP:0001945	2026-10-03	observed	PCS				"{""atlas_edge_id"": ""E0063477"", ""frequency"": ""11/11"", ""reference"": ""OMIM:300908;PMID:29298156"", ""onset"": """"}"
ATL000347	MONDO:0010480	has_phenotype	HP:0004814	HPO annotations	OMIM:300908	https://hpo.jax.org/browse/term/HP:0004814	2026-10-03	observed	PCS				"{""atlas_edge_id"": ""E0063478"", ""frequency"": ""16/16"", ""reference"": ""PMID:29298156;PMID:9674740"", ""onset"": """"}"
ATL000348	MONDO:0010480	has_phenotype	HP:0001744	HPO annotations	OMIM:300908	https://hpo.jax.org/browse/term/HP:0001744	2026-10-03	observed	PCS				"{""atlas_edge_id"": ""E0063479"", ""frequency"": ""17/20"", ""reference"": ""PMID:9674740"", ""onset"": """"}"
ATL000349	MONDO:0010480	has_phenotype	HP:0006579	HPO annotations	OMIM:300908	https://hpo.jax.org/browse/term/HP:0006579	2026-10-03	observed	PCS				"{""atlas_edge_id"": ""E0063480"", ""frequency"": ""19/19"", ""reference"": ""PMID:9674740"", ""onset"": """"}"
ATL000350	MONDO:0010480	has_phenotype	HP:0000952	HPO annotations	OMIM:300908	https://hpo.jax.org/browse/term/HP:0000952	2026-10-03	observed	PCS				"{""atlas_edge_id"": ""E0063481"", ""frequency"": ""1/1"", ""reference"": ""PMID:29298156"", ""onset"": """"}"
ATL000351	MONDO:0010480	has_phenotype	HP:0002027	HPO annotations	OMIM:300908	https://hpo.jax.org/browse/term/HP:0002027	2026-10-03	observed	PCS				"{""atlas_edge_id"": ""E0063482"", ""frequency"": ""11/11"", ""reference"": ""OMIM:300908;PMID:29298156"", ""onset"": """"}"
ATL000352	MONDO:0010480	has_phenotype	HP:0004447	HPO annotations	OMIM:300908	https://hpo.jax.org/browse/term/HP:0004447	2026-10-03	observed	IEA				"{""atlas_edge_id"": ""E0063483"", ""frequency"": """", ""reference"": ""OMIM:300908"", ""onset"": """"}"
ATL000353	MONDO:0010480	has_phenotype	HP:0001930	HPO annotations	OMIM:300908	https://hpo.jax.org/browse/term/HP:0001930	2026-10-03	observed	TAS				"{""atlas_edge_id"": ""E0063484"", ""frequency"": """", ""reference"": ""OMIM:300908"", ""onset"": """"}"
ATL000354	MONDO:0010480	has_phenotype	HP:0001974	HPO annotations	OMIM:300908	https://hpo.jax.org/browse/term/HP:0001974	2026-10-03	observed	IEA				"{""atlas_edge_id"": ""E0063485"", ""frequency"": """", ""reference"": ""OMIM:300908"", ""onset"": """"}"
ATL000355	MONDO:0011506	has_phenotype	HP:0002069	HPO annotations	OMIM:605021	https://hpo.jax.org/browse/term/HP:0002069	2026-10-03	observed	TAS				"{""atlas_edge_id"": ""E0076807"", ""frequency"": """", ""reference"": ""OMIM:605021"", ""onset"": """"}"
ATL000356	MONDO:0011506	has_phenotype	HP:0002123	HPO annotations	OMIM:605021	https://hpo.jax.org/browse/term/HP:0002123	2026-10-03	observed	TAS				"{""atlas_edge_id"": ""E0076808"", ""frequency"": """", ""reference"": ""OMIM:605021"", ""onset"": """"}"
ATL000357	MONDO:0011506	has_phenotype	HP:0002373	HPO annotations	OMIM:605021	https://hpo.jax.org/browse/term/HP:0002373	2026-10-03	observed	IEA				"{""atlas_edge_id"": ""E0076809"", ""frequency"": """", ""reference"": ""OMIM:605021"", ""onset"": """"}"
ATL000358	MONDO:0011506	has_phenotype	HP:0031629	HPO annotations	OMIM:605021	https://hpo.jax.org/browse/term/HP:0031629	2026-10-03	observed	PCS				"{""atlas_edge_id"": ""E0076810"", ""frequency"": ""2/2"", ""reference"": ""PMID:23517570"", ""onset"": """"}"
ATL000359	MONDO:0011506	has_phenotype	HP:0001250	HPO annotations	OMIM:605021	https://hpo.jax.org/browse/term/HP:0001250	2026-10-03	observed	PCS				"{""atlas_edge_id"": ""E0076811"", ""frequency"": ""4/4"", ""reference"": ""PMID:23517570"", ""onset"": """"}"
ATL000360	MONDO:0011506	has_phenotype	HP:0001260	HPO annotations	OMIM:605021	https://hpo.jax.org/browse/term/HP:0001260	2026-10-03	observed	PCS				"{""atlas_edge_id"": ""E0076812"", ""frequency"": ""3/4"", ""reference"": ""PMID:23517570"", ""onset"": """"}"
ATL000361	MONDO:0011506	has_phenotype	HP:0002066	HPO annotations	OMIM:605021	https://hpo.jax.org/browse/term/HP:0002066	2026-10-03	observed	PCS				"{""atlas_edge_id"": ""E0076813"", ""frequency"": ""2/4"", ""reference"": ""PMID:23517570"", ""onset"": """"}"
ATL000362	MONDO:0011506	has_phenotype	HP:0001263	HPO annotations	OMIM:605021	https://hpo.jax.org/browse/term/HP:0001263	2026-10-03	observed	PCS				"{""atlas_edge_id"": ""E0076814"", ""frequency"": ""4/4"", ""reference"": ""PMID:23517570"", ""onset"": """"}"
ATL000363	MONDO:0011506	has_phenotype	HP:0001251	HPO annotations	OMIM:605021	https://hpo.jax.org/browse/term/HP:0001251	2026-10-03	observed	PCS				"{""atlas_edge_id"": ""E0076815"", ""frequency"": ""1/4"", ""reference"": ""PMID:23517570"", ""onset"": """"}"
ATL000364	MONDO:0011506	has_phenotype	HP:0002070	HPO annotations	OMIM:605021	https://hpo.jax.org/browse/term/HP:0002070	2026-10-03	observed	PCS				"{""atlas_edge_id"": ""E0076816"", ""frequency"": ""1/4"", ""reference"": ""PMID:23517570"", ""onset"": """"}"
ATL000365	MONDO:0011506	has_phenotype	HP:0010546	HPO annotations	OMIM:605021	https://hpo.jax.org/browse/term/HP:0010546	2026-10-03	observed	PCS				"{""atlas_edge_id"": ""E0076817"", ""frequency"": ""1/4"", ""reference"": ""PMID:23517570"", ""onset"": """"}"
ATL000366	MONDO:0011506	has_phenotype	HP:0007359	HPO annotations	OMIM:605021	https://hpo.jax.org/browse/term/HP:0007359	2026-10-03	observed	TAS				"{""atlas_edge_id"": ""E0076818"", ""frequency"": """", ""reference"": ""OMIM:605021"", ""onset"": """"}"
ATL000367	MONDO:0011506	has_phenotype	HP:0001249	HPO annotations	OMIM:605021	https://hpo.jax.org/browse/term/HP:0001249	2026-10-03	observed	PCS				"{""atlas_edge_id"": ""E0076819"", ""frequency"": ""4/4"", ""reference"": ""PMID:23517570"", ""onset"": """"}"
ATL000368	MONDO:0011551	has_phenotype	HP:0003785	HPO annotations	OMIM:605407	https://hpo.jax.org/browse/term/HP:0003785	2026-10-03	observed	IEA				"{""atlas_edge_id"": ""E0077470"", ""frequency"": """", ""reference"": ""OMIM:605407"", ""onset"": """"}"
ATL000369	MONDO:0011551	has_phenotype	HP:0008936	HPO annotations	OMIM:605407	https://hpo.jax.org/browse/term/HP:0008936	2026-10-03	observed	IEA				"{""atlas_edge_id"": ""E0077471"", ""frequency"": """", ""reference"": ""OMIM:605407"", ""onset"": """"}"
ATL000370	MONDO:0011551	has_phenotype	HP:0000750	HPO annotations	OMIM:605407	https://hpo.jax.org/browse/term/HP:0000750	2026-10-03	observed	IEA				"{""atlas_edge_id"": ""E0077472"", ""frequency"": """", ""reference"": ""OMIM:605407"", ""onset"": """"}"
ATL000371	MONDO:0011551	has_phenotype	HP:0001300	HPO annotations	OMIM:605407	https://hpo.jax.org/browse/term/HP:0001300	2026-10-03	observed	IEA				"{""atlas_edge_id"": ""E0077473"", ""frequency"": """", ""reference"": ""OMIM:605407"", ""onset"": """"}"
ATL000372	MONDO:0011551	has_phenotype	HP:0002375	HPO annotations	OMIM:605407	https://hpo.jax.org/browse/term/HP:0002375	2026-10-03	observed	IEA				"{""atlas_edge_id"": ""E0077474"", ""frequency"": """", ""reference"": ""OMIM:605407"", ""onset"": """"}"
ATL000373	MONDO:0011551	has_phenotype	HP:0000298	HPO annotations	OMIM:605407	https://hpo.jax.org/browse/term/HP:0000298	2026-10-03	observed	TAS				"{""atlas_edge_id"": ""E0077475"", ""frequency"": """", ""reference"": ""OMIM:605407"", ""onset"": """"}"
ATL000374	MONDO:0011551	has_phenotype	HP:0002066	HPO annotations	OMIM:605407	https://hpo.jax.org/browse/term/HP:0002066	2026-10-03	observed	IEA				"{""atlas_edge_id"": ""E0077476"", ""frequency"": """", ""reference"": ""OMIM:605407"", ""onset"": """"}"
ATL000375	MONDO:0011551	has_phenotype	HP:0002451	HPO annotations	OMIM:605407	https://hpo.jax.org/browse/term/HP:0002451	2026-10-03	observed	IEA				"{""atlas_edge_id"": ""E0077477"", ""frequency"": """", ""reference"": ""OMIM:605407"", ""onset"": """"}"
ATL000376	MONDO:0011551	has_phenotype	HP:0002063	HPO annotations	OMIM:605407	https://hpo.jax.org/browse/term/HP:0002063	2026-10-03	observed	IEA				"{""atlas_edge_id"": ""E0077478"", ""frequency"": """", ""reference"": ""OMIM:605407"", ""onset"": """"}"
ATL000377	MONDO:0011551	has_phenotype	HP:0001270	HPO annotations	OMIM:605407	https://hpo.jax.org/browse/term/HP:0001270	2026-10-03	observed	IEA				"{""atlas_edge_id"": ""E0077479"", ""frequency"": """", ""reference"": ""OMIM:605407"", ""onset"": """"}"
ATL000378	MONDO:0011551	has_phenotype	HP:0002071	HPO annotations	OMIM:605407	https://hpo.jax.org/browse/term/HP:0002071	2026-10-03	observed	IEA				"{""atlas_edge_id"": ""E0077480"", ""frequency"": """", ""reference"": ""OMIM:605407"", ""onset"": """"}"
ATL000379	MONDO:0011551	has_phenotype	HP:0000508	HPO annotations	OMIM:605407	https://hpo.jax.org/browse/term/HP:0000508	2026-10-03	observed	IEA				"{""atlas_edge_id"": ""E0077481"", ""frequency"": """", ""reference"": ""OMIM:605407"", ""onset"": """"}"
ATL000380	MONDO:0011551	has_phenotype	HP:0002548	HPO annotations	OMIM:605407	https://hpo.jax.org/browse/term/HP:0002548	2026-10-03	observed	TAS				"{""atlas_edge_id"": ""E0077482"", ""frequency"": """", ""reference"": ""OMIM:605407"", ""onset"": """"}"
ATL000381	MONDO:0011551	has_phenotype	HP:0001337	HPO annotations	OMIM:605407	https://hpo.jax.org/browse/term/HP:0001337	2026-10-03	observed	IEA				"{""atlas_edge_id"": ""E0077483"", ""frequency"": """", ""reference"": ""OMIM:605407"", ""onset"": """"}"
ATL000382	MONDO:0011551	has_phenotype	HP:0001336	HPO annotations	OMIM:605407	https://hpo.jax.org/browse/term/HP:0001336	2026-10-03	observed	PCS				"{""atlas_edge_id"": ""E0077484"", ""frequency"": ""HP:0040283"", ""reference"": ""PMID:8817341"", ""onset"": """"}"
ATL000383	MONDO:0011551	has_phenotype	HP:0000737	HPO annotations	ORPHA:101150	https://hpo.jax.org/browse/term/HP:0000737	2026-10-03	observed	TAS				"{""atlas_edge_id"": ""E0077485"", ""frequency"": ""HP:0040282"", ""reference"": ""ORPHA:101150"", ""onset"": """"}"
ATL000384	MONDO:0011551	has_phenotype	HP:0001251	HPO annotations	ORPHA:101150	https://hpo.jax.org/browse/term/HP:0001251	2026-10-03	observed	TAS				"{""atlas_edge_id"": ""E0077486"", ""frequency"": ""HP:0040282"", ""reference"": ""ORPHA:101150"", ""onset"": """"}"
ATL000385	MONDO:0011551	has_phenotype	HP:0001252	HPO annotations	ORPHA:101150	https://hpo.jax.org/browse/term/HP:0001252	2026-10-03	observed	TAS				"{""atlas_edge_id"": ""E0077487"", ""frequency"": ""HP:0040282"", ""reference"": ""ORPHA:101150"", ""onset"": """"}"
ATL000386	MONDO:0011551	has_phenotype	HP:0001254	HPO annotations	ORPHA:101150	https://hpo.jax.org/browse/term/HP:0001254	2026-10-03	observed	TAS				"{""atlas_edge_id"": ""E0077488"", ""frequency"": ""HP:0040282"", ""reference"": ""ORPHA:101150"", ""onset"": """"}"
ATL000387	MONDO:0011551	has_phenotype	HP:0001348	HPO annotations	ORPHA:101150	https://hpo.jax.org/browse/term/HP:0001348	2026-10-03	observed	TAS				"{""atlas_edge_id"": ""E0077489"", ""frequency"": ""HP:0040282"", ""reference"": ""ORPHA:101150"", ""onset"": """"}"
ATL000388	MONDO:0011551	has_phenotype	HP:0001761	HPO annotations	ORPHA:101150	https://hpo.jax.org/browse/term/HP:0001761	2026-10-03	observed	TAS				"{""atlas_edge_id"": ""E0077490"", ""frequency"": ""HP:0040282"", ""reference"": ""ORPHA:101150"", ""onset"": """"}"
ATL000389	MONDO:0011551	has_phenotype	HP:0001762	HPO annotations	ORPHA:101150	https://hpo.jax.org/browse/term/HP:0001762	2026-10-03	observed	TAS				"{""atlas_edge_id"": ""E0077491"", ""frequency"": ""HP:0040282"", ""reference"": ""ORPHA:101150"", ""onset"": """"}"
ATL000390	MONDO:0011551	has_phenotype	HP:0002019	HPO annotations	ORPHA:101150	https://hpo.jax.org/browse/term/HP:0002019	2026-10-03	observed	TAS				"{""atlas_edge_id"": ""E0077492"", ""frequency"": ""HP:0040282"", ""reference"": ""ORPHA:101150"", ""onset"": """"}"
ATL000391	MONDO:0011551	has_phenotype	HP:0002067	HPO annotations	ORPHA:101150	https://hpo.jax.org/browse/term/HP:0002067	2026-10-03	observed	TAS				"{""atlas_edge_id"": ""E0077493"", ""frequency"": ""HP:0040282"", ""reference"": ""ORPHA:101150"", ""onset"": """"}"
ATL000392	MONDO:0011551	has_phenotype	HP:0002174	HPO annotations	ORPHA:101150	https://hpo.jax.org/browse/term/HP:0002174	2026-10-03	observed	TAS				"{""atlas_edge_id"": ""E0077494"", ""frequency"": ""HP:0040282"", ""reference"": ""ORPHA:101150"", ""onset"": """"}"
ATL000393	MONDO:0011551	has_phenotype	HP:0002395	HPO annotations	ORPHA:101150	https://hpo.jax.org/browse/term/HP:0002395	2026-10-03	observed	TAS				"{""atlas_edge_id"": ""E0077495"", ""frequency"": ""HP:0040282"", ""reference"": ""ORPHA:101150"", ""onset"": """"}"
ATL000394	MONDO:0011551	has_phenotype	HP:0003487	HPO annotations	ORPHA:101150	https://hpo.jax.org/browse/term/HP:0003487	2026-10-03	observed	TAS				"{""atlas_edge_id"": ""E0077496"", ""frequency"": ""HP:0040282"", ""reference"": ""ORPHA:101150"", ""onset"": """"}"
ATL000395	MONDO:0011551	has_phenotype	HP:0003781	HPO annotations	ORPHA:101150	https://hpo.jax.org/browse/term/HP:0003781	2026-10-03	observed	TAS				"{""atlas_edge_id"": ""E0077497"", ""frequency"": ""HP:0040282"", ""reference"": ""ORPHA:101150"", ""onset"": """"}"
ATL000396	MONDO:0011551	has_phenotype	HP:0004373	HPO annotations	ORPHA:101150	https://hpo.jax.org/browse/term/HP:0004373	2026-10-03	observed	TAS				"{""atlas_edge_id"": ""E0077498"", ""frequency"": ""HP:0040282"", ""reference"": ""ORPHA:101150"", ""onset"": """"}"
ATL000397	MONDO:0011551	has_phenotype	HP:0010553	HPO annotations	ORPHA:101150	https://hpo.jax.org/browse/term/HP:0010553	2026-10-03	observed	TAS				"{""atlas_edge_id"": ""E0077499"", ""frequency"": ""HP:0040282"", ""reference"": ""ORPHA:101150"", ""onset"": """"}"
ATL000398	MONDO:0011551	has_phenotype	HP:0011968	HPO annotations	ORPHA:101150	https://hpo.jax.org/browse/term/HP:0011968	2026-10-03	observed	TAS				"{""atlas_edge_id"": ""E0077500"", ""frequency"": ""HP:0040282"", ""reference"": ""ORPHA:101150"", ""onset"": """"}"
ATL000399	MONDO:0011551	has_phenotype	HP:0030166	HPO annotations	ORPHA:101150	https://hpo.jax.org/browse/term/HP:0030166	2026-10-03	observed	TAS				"{""atlas_edge_id"": ""E0077501"", ""frequency"": ""HP:0040282"", ""reference"": ""ORPHA:101150"", ""onset"": """"}"
ATL000400	MONDO:0011551	has_phenotype	HP:0001256	HPO annotations	ORPHA:101150	https://hpo.jax.org/browse/term/HP:0001256	2026-10-03	observed	TAS				"{""atlas_edge_id"": ""E0077502"", ""frequency"": ""HP:0040283"", ""reference"": ""ORPHA:101150"", ""onset"": """"}"
ATL000401	MONDO:0011551	has_phenotype	HP:0001945	HPO annotations	ORPHA:101150	https://hpo.jax.org/browse/term/HP:0001945	2026-10-03	observed	TAS				"{""atlas_edge_id"": ""E0077503"", ""frequency"": ""HP:0040283"", ""reference"": ""ORPHA:101150"", ""onset"": """"}"
ATL000402	MONDO:0011551	has_phenotype	HP:0007325	HPO annotations	ORPHA:101150	https://hpo.jax.org/browse/term/HP:0007325	2026-10-03	observed	TAS				"{""atlas_edge_id"": ""E0077504"", ""frequency"": ""HP:0040283"", ""reference"": ""ORPHA:101150"", ""onset"": """"}"
ATL000403	MONDO:0011551	has_phenotype	HP:0001290	HPO annotations	ORPHA:101150	https://hpo.jax.org/browse/term/HP:0001290	2026-10-03	observed	TAS				"{""atlas_edge_id"": ""E0077505"", ""frequency"": ""HP:0040284"", ""reference"": ""ORPHA:101150"", ""onset"": """"}"
ATL000404	MONDO:0011551	has_phenotype	HP:0002448	HPO annotations	ORPHA:101150	https://hpo.jax.org/browse/term/HP:0002448	2026-10-03	observed	TAS				"{""atlas_edge_id"": ""E0077506"", ""frequency"": ""HP:0040284"", ""reference"": ""ORPHA:101150"", ""onset"": """"}"
ATL000405	MONDO:0011970	has_phenotype	HP:0002069	HPO annotations	OMIM:608105	https://hpo.jax.org/browse/term/HP:0002069	2026-10-03	observed	PCS				"{""atlas_edge_id"": ""E0082382"", ""frequency"": ""1/6"", ""reference"": ""PMID:31257402"", ""onset"": """"}"
ATL000406	MONDO:0011970	has_phenotype	HP:0002268	HPO annotations	OMIM:608105	https://hpo.jax.org/browse/term/HP:0002268	2026-10-03	observed	PCS				"{""atlas_edge_id"": ""E0082383"", ""frequency"": ""6/6"", ""reference"": ""PMID:31257402"", ""onset"": ""HP:0011463""}"
ATL000407	MONDO:0011970	has_phenotype	HP:0002356	HPO annotations	OMIM:608105	https://hpo.jax.org/browse/term/HP:0002356	2026-10-03	observed	PCS				"{""atlas_edge_id"": ""E0082384"", ""frequency"": ""3/6"", ""reference"": ""PMID:31257402"", ""onset"": """"}"
ATL000408	MONDO:0011970	has_phenotype	HP:0002378	HPO annotations	OMIM:608105	https://hpo.jax.org/browse/term/HP:0002378	2026-10-03	observed	PCS				"{""atlas_edge_id"": ""E0082385"", ""frequency"": ""5/6"", ""reference"": ""PMID:31257402"", ""onset"": """"}"
ATL000409	MONDO:0011970	has_phenotype	HP:0001260	HPO annotations	OMIM:608105	https://hpo.jax.org/browse/term/HP:0001260	2026-10-03	observed	PCS				"{""atlas_edge_id"": ""E0082386"", ""frequency"": ""2/6"", ""reference"": ""PMID:31257402"", ""onset"": """"}"
ATL000410	MONDO:0011970	has_phenotype	HP:0000639	HPO annotations	OMIM:608105	https://hpo.jax.org/browse/term/HP:0000639	2026-10-03	observed	PCS				"{""atlas_edge_id"": ""E0082387"", ""frequency"": ""3/6"", ""reference"": ""PMID:31257402"", ""onset"": """"}"
ATL000411	MONDO:0011970	has_phenotype	HP:0011153	HPO annotations	OMIM:608105	https://hpo.jax.org/browse/term/HP:0011153	2026-10-03	observed	PCS				"{""atlas_edge_id"": ""E0082388"", ""frequency"": ""6/6"", ""reference"": ""PMID:31257402"", ""onset"": """"}"
ATL000412	MONDO:0011970	has_phenotype	HP:0007332	HPO annotations	OMIM:608105	https://hpo.jax.org/browse/term/HP:0007332	2026-10-03	observed	TAS				"{""atlas_edge_id"": ""E0082389"", ""frequency"": """", ""reference"": ""OMIM:608105"", ""onset"": """"}"
ATL000413	MONDO:0011970	has_phenotype	HP:0007104	HPO annotations	OMIM:608105	https://hpo.jax.org/browse/term/HP:0007104	2026-10-03	observed	TAS				"{""atlas_edge_id"": ""E0082390"", ""frequency"": """", ""reference"": ""OMIM:608105"", ""onset"": """"}"
ATL000414	MONDO:0011970	has_phenotype	HP:0000666	HPO annotations	OMIM:608105	https://hpo.jax.org/browse/term/HP:0000666	2026-10-03	observed	TAS				"{""atlas_edge_id"": ""E0082391"", ""frequency"": """", ""reference"": ""OMIM:608105"", ""onset"": """"}"
ATL000415	MONDO:0011970	has_phenotype	HP:0001336	HPO annotations	OMIM:608105	https://hpo.jax.org/browse/term/HP:0001336	2026-10-03	observed	IEA				"{""atlas_edge_id"": ""E0082392"", ""frequency"": """", ""reference"": ""OMIM:608105"", ""onset"": """"}"
ATL000416	MONDO:0011970	has_phenotype	HP:0011295	HPO annotations	ORPHA:163727	https://hpo.jax.org/browse/term/HP:0011295	2026-10-03	observed	TAS				"{""atlas_edge_id"": ""E0082393"", ""frequency"": ""HP:0040282"", ""reference"": ""ORPHA:163727"", ""onset"": """"}"
ATL000417	MONDO:0011970	has_phenotype	HP:0012012	HPO annotations	ORPHA:163727	https://hpo.jax.org/browse/term/HP:0012012	2026-10-03	observed	TAS				"{""atlas_edge_id"": ""E0082394"", ""frequency"": ""HP:0040282"", ""reference"": ""ORPHA:163727"", ""onset"": """"}"
ATL000418	MONDO:0011970	has_phenotype	HP:0001250	HPO annotations	ORPHA:163727	https://hpo.jax.org/browse/term/HP:0001250	2026-10-03	observed	TAS				"{""atlas_edge_id"": ""E0082395"", ""frequency"": ""HP:0040283"", ""reference"": ""ORPHA:163727"", ""onset"": """"}"
ATL000419	MONDO:0012812	has_phenotype	HP:0002069	HPO annotations	OMIM:612164	https://hpo.jax.org/browse/term/HP:0002069	2026-10-03	observed	PCS				"{""atlas_edge_id"": ""E0091298"", ""frequency"": ""2/5"", ""reference"": ""PMID:18469812"", ""onset"": """"}"
ATL000420	MONDO:0012812	has_phenotype	HP:0002521	HPO annotations	OMIM:612164	https://hpo.jax.org/browse/term/HP:0002521	2026-10-03	observed	PCS				"{""atlas_edge_id"": ""E0091299"", ""frequency"": """", ""reference"": ""OMIM:612164"", ""onset"": """"}"
ATL000421	MONDO:0012812	has_phenotype	HP:0002188	HPO annotations	OMIM:612164	https://hpo.jax.org/browse/term/HP:0002188	2026-10-03	observed	PCS				"{""atlas_edge_id"": ""E0091300"", ""frequency"": ""2/5"", ""reference"": ""PMID:18469812"", ""onset"": """"}"
ATL000422	MONDO:0012812	has_phenotype	HP:0002123	HPO annotations	OMIM:612164	https://hpo.jax.org/browse/term/HP:0002123	2026-10-03	observed	PCS				"{""atlas_edge_id"": ""E0091301"", ""frequency"": """", ""reference"": ""OMIM:612164"", ""onset"": """"}"
ATL000423	MONDO:0012812	has_phenotype	HP:0001151	HPO annotations	OMIM:612164	https://hpo.jax.org/browse/term/HP:0001151	2026-10-03	observed	PCS				"{""atlas_edge_id"": ""E0091302"", ""frequency"": """", ""reference"": ""OMIM:612164"", ""onset"": """"}"
ATL000424	MONDO:0012812	has_phenotype	HP:0002187	HPO annotations	OMIM:612164	https://hpo.jax.org/browse/term/HP:0002187	2026-10-03	observed	PCS				"{""atlas_edge_id"": ""E0091303"", ""frequency"": ""5/5"", ""reference"": ""PMID:18469812"", ""onset"": """"}"
ATL000425	MONDO:0012812	has_phenotype	HP:0001252	HPO annotations	OMIM:612164	https://hpo.jax.org/browse/term/HP:0001252	2026-10-03	observed	PCS				"{""atlas_edge_id"": ""E0091304"", ""frequency"": ""12/15"", ""reference"": ""OMIM:612164;PMID:18469812"", ""onset"": """"}"
ATL000426	MONDO:0012812	has_phenotype	HP:0006808	HPO annotations	OMIM:612164	https://hpo.jax.org/browse/term/HP:0006808	2026-10-03	observed	PCS				"{""atlas_edge_id"": ""E0091305"", ""frequency"": """", ""reference"": ""OMIM:612164"", ""onset"": """"}"
ATL000427	MONDO:0012812	has_phenotype	HP:0010864	HPO annotations	OMIM:612164	https://hpo.jax.org/browse/term/HP:0010864	2026-10-03	observed	TAS				"{""atlas_edge_id"": ""E0091306"", ""frequency"": """", ""reference"": ""OMIM:612164"", ""onset"": """"}"
ATL000428	MONDO:0012812	has_phenotype	HP:0007105	HPO annotations	OMIM:612164	https://hpo.jax.org/browse/term/HP:0007105	2026-10-03	observed	PCS				"{""atlas_edge_id"": ""E0091307"", ""frequency"": """", ""reference"": ""OMIM:612164"", ""onset"": """"}"
ATL000429	MONDO:0012812	has_phenotype	HP:0002059	HPO annotations	OMIM:612164	https://hpo.jax.org/browse/term/HP:0002059	2026-10-03	observed	PCS				"{""atlas_edge_id"": ""E0091308"", ""frequency"": ""4/5"", ""reference"": ""PMID:18469812"", ""onset"": """"}"
ATL000430	MONDO:0012812	has_phenotype	HP:0002510	HPO annotations	OMIM:612164	https://hpo.jax.org/browse/term/HP:0002510	2026-10-03	observed	PCS				"{""atlas_edge_id"": ""E0091309"", ""frequency"": ""4/5"", ""reference"": ""PMID:18469812"", ""onset"": """"}"
ATL000431	MONDO:0012812	has_phenotype	HP:0001344	HPO annotations	OMIM:612164	https://hpo.jax.org/browse/term/HP:0001344	2026-10-03	observed	PCS				"{""atlas_edge_id"": ""E0091310"", ""frequency"": ""2/5"", ""reference"": ""PMID:18469812"", ""onset"": """"}"
ATL000432	MONDO:0012812	has_phenotype	HP:0002133	HPO annotations	OMIM:612164	https://hpo.jax.org/browse/term/HP:0002133	2026-10-03	observed	TAS				"{""atlas_edge_id"": ""E0091311"", ""frequency"": """", ""reference"": ""OMIM:612164"", ""onset"": """"}"
ATL000433	MONDO:0012812	has_phenotype	HP:0002376	HPO annotations	OMIM:612164	https://hpo.jax.org/browse/term/HP:0002376	2026-10-03	observed	TAS				"{""atlas_edge_id"": ""E0091312"", ""frequency"": """", ""reference"": ""OMIM:612164"", ""onset"": """"}"
ATL000434	MONDO:0012812	has_phenotype	HP:0002079	HPO annotations	OMIM:612164	https://hpo.jax.org/browse/term/HP:0002079	2026-10-03	observed	PCS				"{""atlas_edge_id"": ""E0091313"", ""frequency"": ""1/5"", ""reference"": ""PMID:18469812"", ""onset"": """"}"
ATL000435	MONDO:0012812	has_phenotype	HP:0001266	HPO annotations	OMIM:612164	https://hpo.jax.org/browse/term/HP:0001266	2026-10-03	observed	PCS				"{""atlas_edge_id"": ""E0091314"", ""frequency"": ""1/5"", ""reference"": ""PMID:18469812"", ""onset"": """"}"
ATL000436	MONDO:0012812	has_phenotype	HP:0010818	HPO annotations	OMIM:612164	https://hpo.jax.org/browse/term/HP:0010818	2026-10-03	observed	PCS				"{""atlas_edge_id"": ""E0091315"", ""frequency"": """", ""reference"": ""OMIM:612164"", ""onset"": """"}"
ATL000437	MONDO:0012812	has_phenotype	HP:0010851	HPO annotations	OMIM:612164	https://hpo.jax.org/browse/term/HP:0010851	2026-10-03	observed	PCS				"{""atlas_edge_id"": ""E0091316"", ""frequency"": ""5/5"", ""reference"": ""PMID:18469812"", ""onset"": """"}"
ATL000438	MONDO:0012812	has_phenotype	HP:0011344	HPO annotations	OMIM:612164	https://hpo.jax.org/browse/term/HP:0011344	2026-10-03	observed	PCS				"{""atlas_edge_id"": ""E0091317"", ""frequency"": """", ""reference"": ""PMID:18469812"", ""onset"": """"}"
ATL000439	MONDO:0012812	has_phenotype	HP:0011097	HPO annotations	OMIM:612164	https://hpo.jax.org/browse/term/HP:0011097	2026-10-03	observed	PCS				"{""atlas_edge_id"": ""E0091318"", ""frequency"": ""4/5"", ""reference"": ""PMID:18469812"", ""onset"": """"}"
ATL000440	MONDO:0012812	has_phenotype	HP:0200134	HPO annotations	OMIM:612164	https://hpo.jax.org/browse/term/HP:0200134	2026-10-03	observed	PCS				"{""atlas_edge_id"": ""E0091319"", ""frequency"": """", ""reference"": ""PMID:18469812"", ""onset"": """"}"
ATL000441	MONDO:0012812	has_phenotype	HP:0001258	HPO annotations	OMIM:612164	https://hpo.jax.org/browse/term/HP:0001258	2026-10-03	observed	PCS				"{""atlas_edge_id"": ""E0091320"", ""frequency"": """", ""reference"": ""OMIM:612164"", ""onset"": """"}"
ATL000442	MONDO:0012812	has_phenotype	HP:0001337	HPO annotations	OMIM:612164	https://hpo.jax.org/browse/term/HP:0001337	2026-10-03	observed	TAS				"{""atlas_edge_id"": ""E0091321"", ""frequency"": """", ""reference"": ""OMIM:612164"", ""onset"": """"}"
ATL000443	MONDO:0012812	has_phenotype	HP:0001249	HPO annotations	ORPHA:599373	https://hpo.jax.org/browse/term/HP:0001249	2026-10-03	observed	TAS				"{""atlas_edge_id"": ""E0091322"", ""frequency"": ""HP:0040282"", ""reference"": ""ORPHA:599373"", ""onset"": """"}"
ATL000444	MONDO:0012812	has_phenotype	HP:0001250	HPO annotations	ORPHA:599373	https://hpo.jax.org/browse/term/HP:0001250	2026-10-03	observed	TAS				"{""atlas_edge_id"": ""E0091323"", ""frequency"": ""HP:0040282"", ""reference"": ""ORPHA:599373"", ""onset"": """"}"
ATL000445	MONDO:0012812	has_phenotype	HP:0001263	HPO annotations	ORPHA:599373	https://hpo.jax.org/browse/term/HP:0001263	2026-10-03	observed	TAS				"{""atlas_edge_id"": ""E0091324"", ""frequency"": ""HP:0040282"", ""reference"": ""ORPHA:599373"", ""onset"": """"}"
ATL000446	MONDO:0012812	has_phenotype	HP:0011185	HPO annotations	ORPHA:599373	https://hpo.jax.org/browse/term/HP:0011185	2026-10-03	observed	TAS				"{""atlas_edge_id"": ""E0091325"", ""frequency"": ""HP:0040282"", ""reference"": ""ORPHA:599373"", ""onset"": """"}"
ATL000447	MONDO:0012812	has_phenotype	HP:0000729	HPO annotations	ORPHA:599373	https://hpo.jax.org/browse/term/HP:0000729	2026-10-03	observed	TAS				"{""atlas_edge_id"": ""E0091326"", ""frequency"": ""HP:0040283"", ""reference"": ""ORPHA:599373"", ""onset"": """"}"
ATL000448	MONDO:0012812	has_phenotype	HP:0000750	HPO annotations	ORPHA:599373	https://hpo.jax.org/browse/term/HP:0000750	2026-10-03	observed	TAS				"{""atlas_edge_id"": ""E0091327"", ""frequency"": ""HP:0040283"", ""reference"": ""ORPHA:599373"", ""onset"": """"}"
ATL000449	MONDO:0012812	has_phenotype	HP:0000752	HPO annotations	ORPHA:599373	https://hpo.jax.org/browse/term/HP:0000752	2026-10-03	observed	TAS				"{""atlas_edge_id"": ""E0091328"", ""frequency"": ""HP:0040283"", ""reference"": ""ORPHA:599373"", ""onset"": """"}"
ATL000450	MONDO:0012812	has_phenotype	HP:0001251	HPO annotations	ORPHA:599373	https://hpo.jax.org/browse/term/HP:0001251	2026-10-03	observed	TAS				"{""atlas_edge_id"": ""E0091329"", ""frequency"": ""HP:0040283"", ""reference"": ""ORPHA:599373"", ""onset"": """"}"
ATL000451	MONDO:0012812	has_phenotype	HP:0002384	HPO annotations	ORPHA:599373	https://hpo.jax.org/browse/term/HP:0002384	2026-10-03	observed	TAS				"{""atlas_edge_id"": ""E0091330"", ""frequency"": ""HP:0040283"", ""reference"": ""ORPHA:599373"", ""onset"": """"}"
ATL000452	MONDO:0012812	has_phenotype	HP:0002540	HPO annotations	ORPHA:599373	https://hpo.jax.org/browse/term/HP:0002540	2026-10-03	observed	TAS				"{""atlas_edge_id"": ""E0091331"", ""frequency"": ""HP:0040283"", ""reference"": ""ORPHA:599373"", ""onset"": """"}"
ATL000453	MONDO:0012812	has_phenotype	HP:0006989	HPO annotations	ORPHA:599373	https://hpo.jax.org/browse/term/HP:0006989	2026-10-03	observed	TAS				"{""atlas_edge_id"": ""E0091332"", ""frequency"": ""HP:0040283"", ""reference"": ""ORPHA:599373"", ""onset"": """"}"
ATL000454	MONDO:0012812	has_phenotype	HP:0010819	HPO annotations	ORPHA:599373	https://hpo.jax.org/browse/term/HP:0010819	2026-10-03	observed	TAS				"{""atlas_edge_id"": ""E0091333"", ""frequency"": ""HP:0040283"", ""reference"": ""ORPHA:599373"", ""onset"": """"}"
ATL000455	MONDO:0012812	has_phenotype	HP:0010841	HPO annotations	ORPHA:599373	https://hpo.jax.org/browse/term/HP:0010841	2026-10-03	observed	TAS				"{""atlas_edge_id"": ""E0091334"", ""frequency"": ""HP:0040283"", ""reference"": ""ORPHA:599373"", ""onset"": """"}"
ATL000456	MONDO:0012812	has_phenotype	HP:0011153	HPO annotations	ORPHA:599373	https://hpo.jax.org/browse/term/HP:0011153	2026-10-03	observed	TAS				"{""atlas_edge_id"": ""E0091335"", ""frequency"": ""HP:0040283"", ""reference"": ""ORPHA:599373"", ""onset"": """"}"
ATL000457	MONDO:0012812	has_phenotype	HP:0011203	HPO annotations	ORPHA:599373	https://hpo.jax.org/browse/term/HP:0011203	2026-10-03	observed	TAS				"{""atlas_edge_id"": ""E0091336"", ""frequency"": ""HP:0040283"", ""reference"": ""ORPHA:599373"", ""onset"": """"}"
ATL000458	MONDO:0012812	has_phenotype	HP:0012469	HPO annotations	ORPHA:599373	https://hpo.jax.org/browse/term/HP:0012469	2026-10-03	observed	TAS				"{""atlas_edge_id"": ""E0091337"", ""frequency"": ""HP:0040283"", ""reference"": ""ORPHA:599373"", ""onset"": """"}"
ATL000459	MONDO:0012812	has_phenotype	HP:0012762	HPO annotations	ORPHA:599373	https://hpo.jax.org/browse/term/HP:0012762	2026-10-03	observed	TAS				"{""atlas_edge_id"": ""E0091338"", ""frequency"": ""HP:0040283"", ""reference"": ""ORPHA:599373"", ""onset"": """"}"
ATL000460	MONDO:0012812	has_phenotype	HP:0001257	HPO annotations	ORPHA:599373	https://hpo.jax.org/browse/term/HP:0001257	2026-10-03	observed	TAS				"{""atlas_edge_id"": ""E0091339"", ""frequency"": ""HP:0040284"", ""reference"": ""ORPHA:599373"", ""onset"": """"}"
ATL000461	MONDO:0012812	has_phenotype	HP:0001332	HPO annotations	ORPHA:599373	https://hpo.jax.org/browse/term/HP:0001332	2026-10-03	observed	TAS				"{""atlas_edge_id"": ""E0091340"", ""frequency"": ""HP:0040284"", ""reference"": ""ORPHA:599373"", ""onset"": """"}"
ATL000462	MONDO:0012812	has_phenotype	HP:0007334	HPO annotations	ORPHA:599373	https://hpo.jax.org/browse/term/HP:0007334	2026-10-03	observed	TAS				"{""atlas_edge_id"": ""E0091341"", ""frequency"": ""HP:0040284"", ""reference"": ""ORPHA:599373"", ""onset"": """"}"
ATL000463	MONDO:0012812	has_phenotype	HP:0012448	HPO annotations	ORPHA:599373	https://hpo.jax.org/browse/term/HP:0012448	2026-10-03	observed	TAS				"{""atlas_edge_id"": ""E0091342"", ""frequency"": ""HP:0040284"", ""reference"": ""ORPHA:599373"", ""onset"": """"}"
ATL000464	MONDO:0012812	has_phenotype	HP:0100660	HPO annotations	ORPHA:599373	https://hpo.jax.org/browse/term/HP:0100660	2026-10-03	observed	TAS				"{""atlas_edge_id"": ""E0091343"", ""frequency"": ""HP:0040284"", ""reference"": ""ORPHA:599373"", ""onset"": """"}"
ATL000465	MONDO:0013680	has_phenotype	HP:0006889	HPO annotations	OMIM:614306	https://hpo.jax.org/browse/term/HP:0006889	2026-10-03	observed	PCS				"{""atlas_edge_id"": ""E0101539"", ""frequency"": ""1/2"", ""reference"": ""PMID:28702509"", ""onset"": """"}"
ATL000466	MONDO:0013680	has_phenotype	HP:0001561	HPO annotations	OMIM:614306	https://hpo.jax.org/browse/term/HP:0001561	2026-10-03	observed	PCS				"{""atlas_edge_id"": ""E0101540"", ""frequency"": ""1/2"", ""reference"": ""PMID:28702509"", ""onset"": """"}"
ATL000467	MONDO:0013680	has_phenotype	HP:0000750	HPO annotations	OMIM:614306	https://hpo.jax.org/browse/term/HP:0000750	2026-10-03	observed	PCS				"{""atlas_edge_id"": ""E0101541"", ""frequency"": ""2/3"", ""reference"": ""PMID:28702509"", ""onset"": """"}"
ATL000468	MONDO:0013680	has_phenotype	HP:0000640	HPO annotations	OMIM:614306	https://hpo.jax.org/browse/term/HP:0000640	2026-10-03	observed	PCS				"{""atlas_edge_id"": ""E0101542"", ""frequency"": ""1/1"", ""reference"": ""PMID:16236810"", ""onset"": """"}"
ATL000469	MONDO:0013680	has_phenotype	HP:0001256	HPO annotations	OMIM:614306	https://hpo.jax.org/browse/term/HP:0001256	2026-10-03	observed	PCS				"{""atlas_edge_id"": ""E0101543"", ""frequency"": ""1/2"", ""reference"": ""PMID:28702509"", ""onset"": """"}"
ATL000470	MONDO:0013680	has_phenotype	HP:0000486	HPO annotations	OMIM:614306	https://hpo.jax.org/browse/term/HP:0000486	2026-10-03	observed	PCS				"{""atlas_edge_id"": ""E0101544"", ""frequency"": ""1/1"", ""reference"": ""PMID:16236810"", ""onset"": """"}"
ATL000471	MONDO:0013680	has_phenotype	HP:0001310	HPO annotations	OMIM:614306	https://hpo.jax.org/browse/term/HP:0001310	2026-10-03	observed	PCS				"{""atlas_edge_id"": ""E0101545"", ""frequency"": ""1/1"", ""reference"": ""PMID:28702509"", ""onset"": """"}"
ATL000472	MONDO:0013680	has_phenotype	HP:0001272	HPO annotations	OMIM:614306	https://hpo.jax.org/browse/term/HP:0001272	2026-10-03	observed	PCS				"{""atlas_edge_id"": ""E0101546"", ""frequency"": ""1/1"", ""reference"": ""PMID:16236810"", ""onset"": """"}"
ATL000473	MONDO:0013680	has_phenotype	HP:0001260	HPO annotations	OMIM:614306	https://hpo.jax.org/browse/term/HP:0001260	2026-10-03	observed	PCS				"{""atlas_edge_id"": ""E0101547"", ""frequency"": ""1/1"", ""reference"": ""PMID:28702509"", ""onset"": """"}"
ATL000474	MONDO:0013680	has_phenotype	HP:0025312	HPO annotations	OMIM:614306	https://hpo.jax.org/browse/term/HP:0025312	2026-10-03	observed	PCS				"{""atlas_edge_id"": ""E0101548"", ""frequency"": ""1/1"", ""reference"": ""PMID:16236810"", ""onset"": """"}"
ATL000475	MONDO:0013680	has_phenotype	HP:0002066	HPO annotations	OMIM:614306	https://hpo.jax.org/browse/term/HP:0002066	2026-10-03	observed	PCS				"{""atlas_edge_id"": ""E0101549"", ""frequency"": ""1/2"", ""reference"": ""PMID:28702509"", ""onset"": """"}"
ATL000476	MONDO:0013680	has_phenotype	HP:0001263	HPO annotations	OMIM:614306	https://hpo.jax.org/browse/term/HP:0001263	2026-10-03	observed	PCS				"{""atlas_edge_id"": ""E0101550"", ""frequency"": ""3/3"", ""reference"": ""PMID:28702509;PMID:16236810"", ""onset"": """"}"
ATL000477	MONDO:0013680	has_phenotype	HP:0001252	HPO annotations	OMIM:614306	https://hpo.jax.org/browse/term/HP:0001252	2026-10-03	observed	PCS				"{""atlas_edge_id"": ""E0101551"", ""frequency"": ""1/3"", ""reference"": ""PMID:28702509;PMID:16236810"", ""onset"": """"}"
ATL000478	MONDO:0013680	has_phenotype	HP:0001251	HPO annotations	OMIM:614306	https://hpo.jax.org/browse/term/HP:0001251	2026-10-03	observed	PCS				"{""atlas_edge_id"": ""E0101552"", ""frequency"": ""1/1"", ""reference"": ""PMID:16236810"", ""onset"": """"}"
ATL000479	MONDO:0013680	has_phenotype	HP:0001290	HPO annotations	OMIM:614306	https://hpo.jax.org/browse/term/HP:0001290	2026-10-03	observed	IEA				"{""atlas_edge_id"": ""E0101553"", ""frequency"": ""HP:0040284"", ""reference"": ""OMIM:614306"", ""onset"": """"}"
ATL000480	MONDO:0013680	has_phenotype	HP:0025162	HPO annotations	OMIM:614306	https://hpo.jax.org/browse/term/HP:0025162	2026-10-03	observed	PCS				"{""atlas_edge_id"": ""E0101554"", ""frequency"": ""1/2"", ""reference"": ""PMID:28702509"", ""onset"": """"}"
ATL000481	MONDO:0013680	has_phenotype	HP:0000609	HPO annotations	OMIM:614306	https://hpo.jax.org/browse/term/HP:0000609	2026-10-03	observed	PCS				"{""atlas_edge_id"": ""E0101555"", ""frequency"": ""1/1"", ""reference"": ""PMID:16236810"", ""onset"": """"}"
ATL000482	MONDO:0013680	has_phenotype	HP:0000646	HPO annotations	OMIM:614306	https://hpo.jax.org/browse/term/HP:0000646	2026-10-03	observed	PCS				"{""atlas_edge_id"": ""E0101556"", ""frequency"": ""1/1"", ""reference"": ""PMID:16236810"", ""onset"": """"}"
ATL000483	MONDO:0013680	has_phenotype	HP:0007018	HPO annotations	OMIM:614306	https://hpo.jax.org/browse/term/HP:0007018	2026-10-03	observed	PCS				"{""atlas_edge_id"": ""E0101557"", ""frequency"": ""2/3"", ""reference"": ""PMID:28702509;PMID:16236810"", ""onset"": """"}"
ATL000484	MONDO:0013680	has_phenotype	HP:0001249	HPO annotations	OMIM:614306	https://hpo.jax.org/browse/term/HP:0001249	2026-10-03	observed	PCS				"{""atlas_edge_id"": ""E0101558"", ""frequency"": ""1/1"", ""reference"": ""PMID:16236810"", ""onset"": """"}"
ATL000485	MONDO:0013801	has_phenotype	HP:0002069	HPO annotations	OMIM:614558	https://hpo.jax.org/browse/term/HP:0002069	2026-10-03	observed	PCS				"{""atlas_edge_id"": ""E0102803"", ""frequency"": ""4/8"", ""reference"": ""PMID:24888894;PMID:22365152"", ""onset"": """"}"
ATL000486	MONDO:0013801	has_phenotype	HP:0002121	HPO annotations	OMIM:614558	https://hpo.jax.org/browse/term/HP:0002121	2026-10-03	observed	PCS				"{""atlas_edge_id"": ""E0102804"", ""frequency"": ""1/7"", ""reference"": ""PMID:24888894"", ""onset"": """"}"
ATL000487	MONDO:0013801	has_phenotype	HP:0002187	HPO annotations	OMIM:614558	https://hpo.jax.org/browse/term/HP:0002187	2026-10-03	observed	PCS				"{""atlas_edge_id"": ""E0102805"", ""frequency"": ""5/7"", ""reference"": ""PMID:24888894"", ""onset"": """"}"
ATL000488	MONDO:0013801	has_phenotype	HP:0001252	HPO annotations	OMIM:614558	https://hpo.jax.org/browse/term/HP:0001252	2026-10-03	observed	PCS				"{""atlas_edge_id"": ""E0102806"", ""frequency"": ""4/7"", ""reference"": ""PMID:24888894"", ""onset"": """"}"
ATL000489	MONDO:0013801	has_phenotype	HP:0010841	HPO annotations	OMIM:614558	https://hpo.jax.org/browse/term/HP:0010841	2026-10-03	observed	PCS				"{""atlas_edge_id"": ""E0102807"", ""frequency"": ""1/1"", ""reference"": ""PMID:25239001"", ""onset"": """"}"
ATL000490	MONDO:0013801	has_phenotype	HP:0001270	HPO annotations	OMIM:614558	https://hpo.jax.org/browse/term/HP:0001270	2026-10-03	observed	PCS				"{""atlas_edge_id"": ""E0102808"", ""frequency"": ""6/7"", ""reference"": ""PMID:24888894"", ""onset"": """"}"
ATL000491	MONDO:0013801	has_phenotype	HP:0010864	HPO annotations	OMIM:614558	https://hpo.jax.org/browse/term/HP:0010864	2026-10-03	observed	PCS				"{""atlas_edge_id"": ""E0102809"", ""frequency"": ""1/1"", ""reference"": ""PMID:25239001"", ""onset"": """"}"
ATL000492	MONDO:0013801	has_phenotype	HP:0011167	HPO annotations	OMIM:614558	https://hpo.jax.org/browse/term/HP:0011167	2026-10-03	observed	PCS				"{""atlas_edge_id"": ""E0102810"", ""frequency"": ""1/7"", ""reference"": ""PMID:24888894"", ""onset"": """"}"
ATL000493	MONDO:0013801	has_phenotype	HP:0020221	HPO annotations	OMIM:614558	https://hpo.jax.org/browse/term/HP:0020221	2026-10-03	observed	PCS				"{""atlas_edge_id"": ""E0102811"", ""frequency"": ""1/1"", ""reference"": ""PMID:25239001"", ""onset"": """"}"
ATL000494	MONDO:0013801	has_phenotype	HP:0001249	HPO annotations	OMIM:614558	https://hpo.jax.org/browse/term/HP:0001249	2026-10-03	observed	PCS				"{""atlas_edge_id"": ""E0102812"", ""frequency"": ""1/1"", ""reference"": ""PMID:22365152"", ""onset"": """"}"
ATL000495	MONDO:0013801	has_phenotype	HP:0000253	HPO annotations	OMIM:614558	https://hpo.jax.org/browse/term/HP:0000253	2026-10-03	observed	TAS				"{""atlas_edge_id"": ""E0102813"", ""frequency"": """", ""reference"": ""OMIM:614558"", ""onset"": """"}"
ATL000496	MONDO:0013801	has_phenotype	HP:0000252	HPO annotations	OMIM:614558	https://hpo.jax.org/browse/term/HP:0000252	2026-10-03	observed	PCS				"{""atlas_edge_id"": ""E0102814"", ""frequency"": ""1/1"", ""reference"": ""PMID:25239001"", ""onset"": ""HP:0011463""}"
ATL000497	MONDO:0013801	has_phenotype	HP:0002059	HPO annotations	OMIM:614558	https://hpo.jax.org/browse/term/HP:0002059	2026-10-03	observed	PCS				"{""atlas_edge_id"": ""E0102815"", ""frequency"": ""4/8"", ""reference"": ""PMID:25239001;PMID:24888894"", ""onset"": """"}"
ATL000498	MONDO:0013801	has_phenotype	HP:0006813	HPO annotations	OMIM:614558	https://hpo.jax.org/browse/term/HP:0006813	2026-10-03	observed	PCS				"{""atlas_edge_id"": ""E0102816"", ""frequency"": ""1/7"", ""reference"": ""PMID:24888894"", ""onset"": """"}"
ATL000499	MONDO:0013801	has_phenotype	HP:0002376	HPO annotations	OMIM:614558	https://hpo.jax.org/browse/term/HP:0002376	2026-10-03	observed	PCS				"{""atlas_edge_id"": ""E0102817"", ""frequency"": ""4/9"", ""reference"": ""PMID:25239001;PMID:24888894;PMID:22365152"", ""onset"": """"}"
ATL000500	MONDO:0013801	has_phenotype	HP:0002373	HPO annotations	OMIM:614558	https://hpo.jax.org/browse/term/HP:0002373	2026-10-03	observed	PCS				"{""atlas_edge_id"": ""E0102818"", ""frequency"": ""1/7"", ""reference"": ""PMID:24888894"", ""onset"": """"}"
ATL000501	MONDO:0013801	has_phenotype	HP:0001263	HPO annotations	OMIM:614558	https://hpo.jax.org/browse/term/HP:0001263	2026-10-03	observed	PCS				"{""atlas_edge_id"": ""E0102819"", ""frequency"": ""9/9"", ""reference"": ""PMID:25239001;PMID:24888894;PMID:22365152"", ""onset"": """"}"
ATL000502	MONDO:0013801	has_phenotype	HP:0010850	HPO annotations	OMIM:614558	https://hpo.jax.org/browse/term/HP:0010850	2026-10-03	observed	PCS				"{""atlas_edge_id"": ""E0102820"", ""frequency"": ""1/1"", ""reference"": ""PMID:22365152"", ""onset"": """"}"
ATL000503	MONDO:0013801	has_phenotype	HP:0011169	HPO annotations	OMIM:614558	https://hpo.jax.org/browse/term/HP:0011169	2026-10-03	observed	PCS				"{""atlas_edge_id"": ""E0102821"", ""frequency"": ""1/7"", ""reference"": ""PMID:24888894"", ""onset"": """"}"
ATL000504	MONDO:0013801	has_phenotype	HP:0033258	HPO annotations	OMIM:614558	https://hpo.jax.org/browse/term/HP:0033258	2026-10-03	observed	PCS				"{""atlas_edge_id"": ""E0102822"", ""frequency"": ""1/1"", ""reference"": ""PMID:22365152"", ""onset"": ""HP:0003621""}"
ATL000505	MONDO:0013801	has_phenotype	HP:0011097	HPO annotations	OMIM:614558	https://hpo.jax.org/browse/term/HP:0011097	2026-10-03	observed	PCS				"{""atlas_edge_id"": ""E0102823"", ""frequency"": ""1/1"", ""reference"": ""PMID:22365152"", ""onset"": """"}"
ATL000506	MONDO:0013801	has_phenotype	HP:0000729	HPO annotations	OMIM:614558	https://hpo.jax.org/browse/term/HP:0000729	2026-10-03	observed	PCS				"{""atlas_edge_id"": ""E0102824"", ""frequency"": ""1/1"", ""reference"": ""PMID:22365152"", ""onset"": """"}"
ATL000507	MONDO:0013801	has_phenotype	HP:0032792	HPO annotations	OMIM:614558	https://hpo.jax.org/browse/term/HP:0032792	2026-10-03	observed	PCS				"{""atlas_edge_id"": ""E0102825"", ""frequency"": ""2/8"", ""reference"": ""PMID:25239001;PMID:24888894"", ""onset"": """"}"
ATL000508	MONDO:0013801	has_phenotype	HP:0000722	HPO annotations	OMIM:614558	https://hpo.jax.org/browse/term/HP:0000722	2026-10-03	observed	PCS				"{""atlas_edge_id"": ""E0102826"", ""frequency"": ""1/1"", ""reference"": ""PMID:22365152"", ""onset"": """"}"
ATL000509	MONDO:0013801	has_phenotype	HP:0200134	HPO annotations	OMIM:614558	https://hpo.jax.org/browse/term/HP:0200134	2026-10-03	observed	PCS				"{""atlas_edge_id"": ""E0102827"", ""frequency"": """", ""reference"": ""PMID:24888894"", ""onset"": """"}"
ATL000510	MONDO:0013801	has_phenotype	HP:0007334	HPO annotations	OMIM:614558	https://hpo.jax.org/browse/term/HP:0007334	2026-10-03	observed	PCS				"{""atlas_edge_id"": ""E0102828"", ""frequency"": ""1/7"", ""reference"": ""PMID:24888894"", ""onset"": """"}"
ATL000511	MONDO:0013826	has_phenotype	HP:0000365	HPO annotations	OMIM:614617	https://hpo.jax.org/browse/term/HP:0000365	2026-10-03	observed	PCS				"{""atlas_edge_id"": ""E0103259"", ""frequency"": ""11/11"", ""reference"": ""PMID:24387994"", ""onset"": """"}"
ATL000512	MONDO:0014133	has_phenotype	HP:0000572	HPO annotations	OMIM:615338	https://hpo.jax.org/browse/term/HP:0000572	2026-10-03	observed	TAS				"{""atlas_edge_id"": ""E0108000"", ""frequency"": """", ""reference"": ""OMIM:615338"", ""onset"": """"}"
ATL000513	MONDO:0014133	has_phenotype	HP:0002059	HPO annotations	OMIM:615338	https://hpo.jax.org/browse/term/HP:0002059	2026-10-03	observed	PCS				"{""atlas_edge_id"": ""E0108001"", ""frequency"": ""2/2"", ""reference"": ""PMID:23526554"", ""onset"": """"}"
ATL000514	MONDO:0014133	has_phenotype	HP:0000252	HPO annotations	OMIM:615338	https://hpo.jax.org/browse/term/HP:0000252	2026-10-03	observed	TAS				"{""atlas_edge_id"": ""E0108002"", ""frequency"": ""HP:0040283"", ""reference"": ""OMIM:615338"", ""onset"": """"}"
ATL000515	MONDO:0014133	has_phenotype	HP:0002133	HPO annotations	OMIM:615338	https://hpo.jax.org/browse/term/HP:0002133	2026-10-03	observed	TAS				"{""atlas_edge_id"": ""E0108003"", ""frequency"": """", ""reference"": ""OMIM:615338"", ""onset"": """"}"
ATL000516	MONDO:0014133	has_phenotype	HP:0002376	HPO annotations	OMIM:615338	https://hpo.jax.org/browse/term/HP:0002376	2026-10-03	observed	PCS				"{""atlas_edge_id"": ""E0108004"", ""frequency"": ""2/2"", ""reference"": ""PMID:23526554"", ""onset"": """"}"
ATL000517	MONDO:0014133	has_phenotype	HP:0001332	HPO annotations	OMIM:615338	https://hpo.jax.org/browse/term/HP:0001332	2026-10-03	observed	TAS				"{""atlas_edge_id"": ""E0108005"", ""frequency"": """", ""reference"": ""OMIM:615338"", ""onset"": """"}"
ATL000518	MONDO:0014133	has_phenotype	HP:0011968	HPO annotations	OMIM:615338	https://hpo.jax.org/browse/term/HP:0011968	2026-10-03	observed	PCS				"{""atlas_edge_id"": ""E0108006"", ""frequency"": ""1/1"", ""reference"": ""PMID:23526554"", ""onset"": """"}"
ATL000519	MONDO:0014133	has_phenotype	HP:0001263	HPO annotations	OMIM:615338	https://hpo.jax.org/browse/term/HP:0001263	2026-10-03	observed	PCS				"{""atlas_edge_id"": ""E0108007"", ""frequency"": ""12/12"", ""reference"": ""PMID:23526554;OMIM:615338"", ""onset"": """"}"
ATL000520	MONDO:0014133	has_phenotype	HP:0006829	HPO annotations	OMIM:615338	https://hpo.jax.org/browse/term/HP:0006829	2026-10-03	observed	TAS				"{""atlas_edge_id"": ""E0108008"", ""frequency"": """", ""reference"": ""OMIM:615338"", ""onset"": """"}"
ATL000521	MONDO:0014133	has_phenotype	HP:0001252	HPO annotations	OMIM:615338	https://hpo.jax.org/browse/term/HP:0001252	2026-10-03	observed	PCS				"{""atlas_edge_id"": ""E0108009"", ""frequency"": ""2/2"", ""reference"": ""PMID:23526554"", ""onset"": """"}"
ATL000522	MONDO:0014133	has_phenotype	HP:0005484	HPO annotations	OMIM:615338	https://hpo.jax.org/browse/term/HP:0005484	2026-10-03	observed	TAS				"{""atlas_edge_id"": ""E0108010"", ""frequency"": """", ""reference"": ""OMIM:615338"", ""onset"": """"}"
ATL000523	MONDO:0014133	has_phenotype	HP:0012448	HPO annotations	OMIM:615338	https://hpo.jax.org/browse/term/HP:0012448	2026-10-03	observed	TAS				"{""atlas_edge_id"": ""E0108011"", ""frequency"": """", ""reference"": ""OMIM:615338"", ""onset"": """"}"
ATL000524	MONDO:0014133	has_phenotype	HP:0002071	HPO annotations	OMIM:615338	https://hpo.jax.org/browse/term/HP:0002071	2026-10-03	observed	TAS				"{""atlas_edge_id"": ""E0108012"", ""frequency"": """", ""reference"": ""OMIM:615338"", ""onset"": """"}"
ATL000525	MONDO:0014133	has_phenotype	HP:0033258	HPO annotations	OMIM:615338	https://hpo.jax.org/browse/term/HP:0033258	2026-10-03	observed	PCS				"{""atlas_edge_id"": ""E0108013"", ""frequency"": ""1/2"", ""reference"": ""PMID:23526554"", ""onset"": """"}"
ATL000526	MONDO:0014133	has_phenotype	HP:0020221	HPO annotations	OMIM:615338	https://hpo.jax.org/browse/term/HP:0020221	2026-10-03	observed	PCS				"{""atlas_edge_id"": ""E0108014"", ""frequency"": ""2/2"", ""reference"": ""PMID:23526554"", ""onset"": """"}"
ATL000527	MONDO:0014133	has_phenotype	HP:0200134	HPO annotations	OMIM:615338	https://hpo.jax.org/browse/term/HP:0200134	2026-10-03	observed	PCS				"{""atlas_edge_id"": ""E0108015"", ""frequency"": ""2/2"", ""reference"": ""PMID:23526554"", ""onset"": """"}"
ATL000528	MONDO:0014133	has_phenotype	HP:0000648	HPO annotations	OMIM:615338	https://hpo.jax.org/browse/term/HP:0000648	2026-10-03	observed	TAS				"{""atlas_edge_id"": ""E0108016"", ""frequency"": ""HP:0040283"", ""reference"": ""OMIM:615338"", ""onset"": """"}"
ATL000529	MONDO:0014133	has_phenotype	HP:0001269	HPO annotations	OMIM:615338	https://hpo.jax.org/browse/term/HP:0001269	2026-10-03	observed	TAS				"{""atlas_edge_id"": ""E0108017"", ""frequency"": """", ""reference"": ""OMIM:615338"", ""onset"": """"}"
ATL000530	MONDO:0014133	has_phenotype	HP:0001336	HPO annotations	OMIM:615338	https://hpo.jax.org/browse/term/HP:0001336	2026-10-03	observed	TAS				"{""atlas_edge_id"": ""E0108018"", ""frequency"": """", ""reference"": ""OMIM:615338"", ""onset"": """"}"
ATL000531	MONDO:0014470	has_phenotype	HP:0001751	HPO annotations	OMIM:616044	https://hpo.jax.org/browse/term/HP:0001751	2026-10-03	observed	PCS				"{""atlas_edge_id"": ""E0114372"", ""frequency"": ""0/9"", ""reference"": ""PMID:24729547"", ""onset"": """"}"
ATL000532	MONDO:0014470	has_phenotype	HP:0001730	HPO annotations	OMIM:616044	https://hpo.jax.org/browse/term/HP:0001730	2026-10-03	observed	PCS				"{""atlas_edge_id"": ""E0114373"", ""frequency"": ""19/19"", ""reference"": ""PMID:24729547;PMID:24729539"", ""onset"": ""HP:0011462""}"
ATL000533	MONDO:0014903	has_phenotype	HP:0002069	HPO annotations	OMIM:617080	https://hpo.jax.org/browse/term/HP:0002069	2026-10-03	observed	PCS				"{""atlas_edge_id"": ""E0123680"", ""frequency"": ""15/16"", ""reference"": ""PMID:26677014"", ""onset"": """"}"
ATL000534	MONDO:0014903	has_phenotype	HP:0002384	HPO annotations	OMIM:617080	https://hpo.jax.org/browse/term/HP:0002384	2026-10-03	observed	PCS				"{""atlas_edge_id"": ""E0123681"", ""frequency"": ""3/16"", ""reference"": ""PMID:26677014"", ""onset"": """"}"
ATL000535	MONDO:0014903	has_phenotype	HP:0007166	HPO annotations	OMIM:617080	https://hpo.jax.org/browse/term/HP:0007166	2026-10-03	observed	PCS				"{""atlas_edge_id"": ""E0123682"", ""frequency"": ""5/16"", ""reference"": ""PMID:26677014"", ""onset"": """"}"
ATL000536	MONDO:0017385	has_phenotype	HP:0002376	HPO annotations	ORPHA:293181	https://hpo.jax.org/browse/term/HP:0002376	2026-10-03	observed	TAS				"{""atlas_edge_id"": ""E0131873"", ""frequency"": ""HP:0040281"", ""reference"": ""ORPHA:293181"", ""onset"": """"}"
ATL000537	MONDO:0017385	has_phenotype	HP:0002540	HPO annotations	ORPHA:293181	https://hpo.jax.org/browse/term/HP:0002540	2026-10-03	observed	TAS				"{""atlas_edge_id"": ""E0131874"", ""frequency"": ""HP:0040281"", ""reference"": ""ORPHA:293181"", ""onset"": """"}"
ATL000538	MONDO:0017385	has_phenotype	HP:0004302	HPO annotations	ORPHA:293181	https://hpo.jax.org/browse/term/HP:0004302	2026-10-03	observed	TAS				"{""atlas_edge_id"": ""E0131875"", ""frequency"": ""HP:0040281"", ""reference"": ""ORPHA:293181"", ""onset"": """"}"
ATL000539	MONDO:0017385	has_phenotype	HP:0010841	HPO annotations	ORPHA:293181	https://hpo.jax.org/browse/term/HP:0010841	2026-10-03	observed	TAS				"{""atlas_edge_id"": ""E0131876"", ""frequency"": ""HP:0040281"", ""reference"": ""ORPHA:293181"", ""onset"": """"}"
ATL000540	MONDO:0017385	has_phenotype	HP:0012758	HPO annotations	ORPHA:293181	https://hpo.jax.org/browse/term/HP:0012758	2026-10-03	observed	TAS				"{""atlas_edge_id"": ""E0131877"", ""frequency"": ""HP:0040281"", ""reference"": ""ORPHA:293181"", ""onset"": """"}"
ATL000541	MONDO:0017385	has_phenotype	HP:0100543	HPO annotations	ORPHA:293181	https://hpo.jax.org/browse/term/HP:0100543	2026-10-03	observed	TAS				"{""atlas_edge_id"": ""E0131878"", ""frequency"": ""HP:0040281"", ""reference"": ""ORPHA:293181"", ""onset"": """"}"
ATL000542	MONDO:0017385	has_phenotype	HP:0000252	HPO annotations	ORPHA:293181	https://hpo.jax.org/browse/term/HP:0000252	2026-10-03	observed	TAS				"{""atlas_edge_id"": ""E0131879"", ""frequency"": ""HP:0040282"", ""reference"": ""ORPHA:293181"", ""onset"": """"}"
ATL000543	MONDO:0017385	has_phenotype	HP:0001252	HPO annotations	ORPHA:293181	https://hpo.jax.org/browse/term/HP:0001252	2026-10-03	observed	TAS				"{""atlas_edge_id"": ""E0131880"", ""frequency"": ""HP:0040282"", ""reference"": ""ORPHA:293181"", ""onset"": """"}"
ATL000544	MONDO:0017385	has_phenotype	HP:0002059	HPO annotations	ORPHA:293181	https://hpo.jax.org/browse/term/HP:0002059	2026-10-03	observed	TAS				"{""atlas_edge_id"": ""E0131881"", ""frequency"": ""HP:0040282"", ""reference"": ""ORPHA:293181"", ""onset"": """"}"
ATL000545	MONDO:0017385	has_phenotype	HP:0002069	HPO annotations	ORPHA:293181	https://hpo.jax.org/browse/term/HP:0002069	2026-10-03	observed	TAS				"{""atlas_edge_id"": ""E0131882"", ""frequency"": ""HP:0040282"", ""reference"": ""ORPHA:293181"", ""onset"": """"}"
ATL000546	MONDO:0017385	has_phenotype	HP:0002384	HPO annotations	ORPHA:293181	https://hpo.jax.org/browse/term/HP:0002384	2026-10-03	observed	TAS				"{""atlas_edge_id"": ""E0131883"", ""frequency"": ""HP:0040282"", ""reference"": ""ORPHA:293181"", ""onset"": """"}"
ATL000547	MONDO:0017385	has_phenotype	HP:0006813	HPO annotations	ORPHA:293181	https://hpo.jax.org/browse/term/HP:0006813	2026-10-03	observed	TAS				"{""atlas_edge_id"": ""E0131884"", ""frequency"": ""HP:0040282"", ""reference"": ""ORPHA:293181"", ""onset"": """"}"
ATL000548	MONDO:0017385	has_phenotype	HP:0007334	HPO annotations	ORPHA:293181	https://hpo.jax.org/browse/term/HP:0007334	2026-10-03	observed	TAS				"{""atlas_edge_id"": ""E0131885"", ""frequency"": ""HP:0040282"", ""reference"": ""ORPHA:293181"", ""onset"": """"}"
ATL000549	MONDO:0017385	has_phenotype	HP:0010821	HPO annotations	ORPHA:293181	https://hpo.jax.org/browse/term/HP:0010821	2026-10-03	observed	TAS				"{""atlas_edge_id"": ""E0131886"", ""frequency"": ""HP:0040282"", ""reference"": ""ORPHA:293181"", ""onset"": """"}"
ATL000550	MONDO:0017385	has_phenotype	HP:0032794	HPO annotations	ORPHA:293181	https://hpo.jax.org/browse/term/HP:0032794	2026-10-03	observed	TAS				"{""atlas_edge_id"": ""E0131887"", ""frequency"": ""HP:0040282"", ""reference"": ""ORPHA:293181"", ""onset"": """"}"
ATL000551	MONDO:0017385	has_phenotype	HP:0000505	HPO annotations	ORPHA:293181	https://hpo.jax.org/browse/term/HP:0000505	2026-10-03	observed	TAS				"{""atlas_edge_id"": ""E0131888"", ""frequency"": ""HP:0040283"", ""reference"": ""ORPHA:293181"", ""onset"": """"}"
ATL000552	MONDO:0017385	has_phenotype	HP:0001273	HPO annotations	ORPHA:293181	https://hpo.jax.org/browse/term/HP:0001273	2026-10-03	observed	TAS				"{""atlas_edge_id"": ""E0131889"", ""frequency"": ""HP:0040283"", ""reference"": ""ORPHA:293181"", ""onset"": """"}"
ATL000553	MONDO:0017385	has_phenotype	HP:0001276	HPO annotations	ORPHA:293181	https://hpo.jax.org/browse/term/HP:0001276	2026-10-03	observed	TAS				"{""atlas_edge_id"": ""E0131890"", ""frequency"": ""HP:0040283"", ""reference"": ""ORPHA:293181"", ""onset"": """"}"
ATL000554	MONDO:0017385	has_phenotype	HP:0001508	HPO annotations	ORPHA:293181	https://hpo.jax.org/browse/term/HP:0001508	2026-10-03	observed	TAS				"{""atlas_edge_id"": ""E0131891"", ""frequency"": ""HP:0040283"", ""reference"": ""ORPHA:293181"", ""onset"": """"}"
ATL000555	MONDO:0017385	has_phenotype	HP:0002521	HPO annotations	ORPHA:293181	https://hpo.jax.org/browse/term/HP:0002521	2026-10-03	observed	TAS				"{""atlas_edge_id"": ""E0131892"", ""frequency"": ""HP:0040283"", ""reference"": ""ORPHA:293181"", ""onset"": """"}"
ATL000556	MONDO:0017385	has_phenotype	HP:0002650	HPO annotations	ORPHA:293181	https://hpo.jax.org/browse/term/HP:0002650	2026-10-03	observed	TAS				"{""atlas_edge_id"": ""E0131893"", ""frequency"": ""HP:0040283"", ""reference"": ""ORPHA:293181"", ""onset"": """"}"
ATL000557	MONDO:0017385	has_phenotype	HP:0011097	HPO annotations	ORPHA:293181	https://hpo.jax.org/browse/term/HP:0011097	2026-10-03	observed	TAS				"{""atlas_edge_id"": ""E0131894"", ""frequency"": ""HP:0040283"", ""reference"": ""ORPHA:293181"", ""onset"": """"}"
ATL000558	MONDO:0017385	has_phenotype	HP:0012448	HPO annotations	ORPHA:293181	https://hpo.jax.org/browse/term/HP:0012448	2026-10-03	observed	TAS				"{""atlas_edge_id"": ""E0131895"", ""frequency"": ""HP:0040283"", ""reference"": ""ORPHA:293181"", ""onset"": """"}"
ATL000559	MONDO:0017385	has_phenotype	HP:0031834	HPO annotations	ORPHA:293181	https://hpo.jax.org/browse/term/HP:0031834	2026-10-03	observed	TAS				"{""atlas_edge_id"": ""E0131896"", ""frequency"": ""HP:0040283"", ""reference"": ""ORPHA:293181"", ""onset"": """"}"
ATL000560	MONDO:0017385	has_phenotype	HP:0000826	HPO annotations	ORPHA:293181	https://hpo.jax.org/browse/term/HP:0000826	2026-10-03	observed	TAS				"{""atlas_edge_id"": ""E0131897"", ""frequency"": ""HP:0040284"", ""reference"": ""ORPHA:293181"", ""onset"": """"}"
ATL000561	MONDO:0017615	has_phenotype	HP:0002372	HPO annotations	ORPHA:306	https://hpo.jax.org/browse/term/HP:0002372	2026-10-03	observed	TAS				"{""atlas_edge_id"": ""E0132251"", ""frequency"": ""HP:0040281"", ""reference"": ""ORPHA:306"", ""onset"": """"}"
ATL000562	MONDO:0017615	has_phenotype	HP:0032807	HPO annotations	ORPHA:306	https://hpo.jax.org/browse/term/HP:0032807	2026-10-03	observed	TAS				"{""atlas_edge_id"": ""E0132252"", ""frequency"": ""HP:0040281"", ""reference"": ""ORPHA:306"", ""onset"": """"}"
ATL000563	MONDO:0017615	has_phenotype	HP:0001250	HPO annotations	ORPHA:306	https://hpo.jax.org/browse/term/HP:0001250	2026-10-03	observed	TAS				"{""atlas_edge_id"": ""E0132253"", ""frequency"": ""HP:0040282"", ""reference"": ""ORPHA:306"", ""onset"": """"}"
ATL000564	MONDO:0017615	has_phenotype	HP:0001266	HPO annotations	ORPHA:306	https://hpo.jax.org/browse/term/HP:0001266	2026-10-03	observed	TAS				"{""atlas_edge_id"": ""E0132254"", ""frequency"": ""HP:0040282"", ""reference"": ""ORPHA:306"", ""onset"": """"}"
ATL000565	MONDO:0017615	has_phenotype	HP:0001332	HPO annotations	ORPHA:306	https://hpo.jax.org/browse/term/HP:0001332	2026-10-03	observed	TAS				"{""atlas_edge_id"": ""E0132255"", ""frequency"": ""HP:0040282"", ""reference"": ""ORPHA:306"", ""onset"": """"}"
ATL000566	MONDO:0017615	has_phenotype	HP:0002072	HPO annotations	ORPHA:306	https://hpo.jax.org/browse/term/HP:0002072	2026-10-03	observed	TAS				"{""atlas_edge_id"": ""E0132256"", ""frequency"": ""HP:0040282"", ""reference"": ""ORPHA:306"", ""onset"": """"}"
ATL000567	MONDO:0017615	has_phenotype	HP:0002104	HPO annotations	ORPHA:306	https://hpo.jax.org/browse/term/HP:0002104	2026-10-03	observed	TAS				"{""atlas_edge_id"": ""E0132257"", ""frequency"": ""HP:0040282"", ""reference"": ""ORPHA:306"", ""onset"": """"}"
ATL000568	MONDO:0017615	has_phenotype	HP:0002266	HPO annotations	ORPHA:306	https://hpo.jax.org/browse/term/HP:0002266	2026-10-03	observed	TAS				"{""atlas_edge_id"": ""E0132258"", ""frequency"": ""HP:0040282"", ""reference"": ""ORPHA:306"", ""onset"": """"}"
ATL000569	MONDO:0017615	has_phenotype	HP:0002305	HPO annotations	ORPHA:306	https://hpo.jax.org/browse/term/HP:0002305	2026-10-03	observed	TAS				"{""atlas_edge_id"": ""E0132259"", ""frequency"": ""HP:0040282"", ""reference"": ""ORPHA:306"", ""onset"": """"}"
ATL000570	MONDO:0017615	has_phenotype	HP:0002384	HPO annotations	ORPHA:306	https://hpo.jax.org/browse/term/HP:0002384	2026-10-03	observed	TAS				"{""atlas_edge_id"": ""E0132260"", ""frequency"": ""HP:0040282"", ""reference"": ""ORPHA:306"", ""onset"": """"}"
ATL000571	MONDO:0017615	has_phenotype	HP:0004305	HPO annotations	ORPHA:306	https://hpo.jax.org/browse/term/HP:0004305	2026-10-03	observed	TAS				"{""atlas_edge_id"": ""E0132261"", ""frequency"": ""HP:0040282"", ""reference"": ""ORPHA:306"", ""onset"": """"}"
ATL000572	MONDO:0017615	has_phenotype	HP:0007166	HPO annotations	ORPHA:306	https://hpo.jax.org/browse/term/HP:0007166	2026-10-03	observed	TAS				"{""atlas_edge_id"": ""E0132262"", ""frequency"": ""HP:0040282"", ""reference"": ""ORPHA:306"", ""onset"": """"}"
ATL000573	MONDO:0017615	has_phenotype	HP:0007334	HPO annotations	ORPHA:306	https://hpo.jax.org/browse/term/HP:0007334	2026-10-03	observed	TAS				"{""atlas_edge_id"": ""E0132263"", ""frequency"": ""HP:0040282"", ""reference"": ""ORPHA:306"", ""onset"": """"}"
ATL000574	MONDO:0017615	has_phenotype	HP:0007359	HPO annotations	ORPHA:306	https://hpo.jax.org/browse/term/HP:0007359	2026-10-03	observed	TAS				"{""atlas_edge_id"": ""E0132264"", ""frequency"": ""HP:0040282"", ""reference"": ""ORPHA:306"", ""onset"": """"}"
ATL000575	MONDO:0017615	has_phenotype	HP:0010818	HPO annotations	ORPHA:306	https://hpo.jax.org/browse/term/HP:0010818	2026-10-03	observed	TAS				"{""atlas_edge_id"": ""E0132265"", ""frequency"": ""HP:0040282"", ""reference"": ""ORPHA:306"", ""onset"": """"}"
ATL000576	MONDO:0017615	has_phenotype	HP:0011153	HPO annotations	ORPHA:306	https://hpo.jax.org/browse/term/HP:0011153	2026-10-03	observed	TAS				"{""atlas_edge_id"": ""E0132266"", ""frequency"": ""HP:0040282"", ""reference"": ""ORPHA:306"", ""onset"": """"}"
ATL000577	MONDO:0017615	has_phenotype	HP:0011167	HPO annotations	ORPHA:306	https://hpo.jax.org/browse/term/HP:0011167	2026-10-03	observed	TAS				"{""atlas_edge_id"": ""E0132267"", ""frequency"": ""HP:0040282"", ""reference"": ""ORPHA:306"", ""onset"": """"}"
ATL000578	MONDO:0017615	has_phenotype	HP:0011169	HPO annotations	ORPHA:306	https://hpo.jax.org/browse/term/HP:0011169	2026-10-03	observed	TAS				"{""atlas_edge_id"": ""E0132268"", ""frequency"": ""HP:0040282"", ""reference"": ""ORPHA:306"", ""onset"": """"}"
ATL000579	MONDO:0017615	has_phenotype	HP:0032755	HPO annotations	ORPHA:306	https://hpo.jax.org/browse/term/HP:0032755	2026-10-03	observed	TAS				"{""atlas_edge_id"": ""E0132269"", ""frequency"": ""HP:0040282"", ""reference"": ""ORPHA:306"", ""onset"": """"}"
ATL000580	MONDO:0017615	has_phenotype	HP:0000961	HPO annotations	ORPHA:306	https://hpo.jax.org/browse/term/HP:0000961	2026-10-03	observed	TAS				"{""atlas_edge_id"": ""E0132270"", ""frequency"": ""HP:0040283"", ""reference"": ""ORPHA:306"", ""onset"": """"}"
ATL000581	MONDO:0017615	has_phenotype	HP:0001276	HPO annotations	ORPHA:306	https://hpo.jax.org/browse/term/HP:0001276	2026-10-03	observed	TAS				"{""atlas_edge_id"": ""E0132271"", ""frequency"": ""HP:0040283"", ""reference"": ""ORPHA:306"", ""onset"": """"}"
ATL000582	MONDO:0017615	has_phenotype	HP:0002069	HPO annotations	ORPHA:306	https://hpo.jax.org/browse/term/HP:0002069	2026-10-03	observed	TAS				"{""atlas_edge_id"": ""E0132272"", ""frequency"": ""HP:0040283"", ""reference"": ""ORPHA:306"", ""onset"": """"}"
ATL000583	MONDO:0017615	has_phenotype	HP:0002121	HPO annotations	ORPHA:306	https://hpo.jax.org/browse/term/HP:0002121	2026-10-03	observed	TAS				"{""atlas_edge_id"": ""E0132273"", ""frequency"": ""HP:0040283"", ""reference"": ""ORPHA:306"", ""onset"": """"}"
ATL000584	MONDO:0017615	has_phenotype	HP:0011172	HPO annotations	ORPHA:306	https://hpo.jax.org/browse/term/HP:0011172	2026-10-03	observed	TAS				"{""atlas_edge_id"": ""E0132274"", ""frequency"": ""HP:0040283"", ""reference"": ""ORPHA:306"", ""onset"": """"}"
ATL000585	MONDO:0017615	has_phenotype	HP:0012002	HPO annotations	ORPHA:306	https://hpo.jax.org/browse/term/HP:0012002	2026-10-03	observed	TAS				"{""atlas_edge_id"": ""E0132275"", ""frequency"": ""HP:0040283"", ""reference"": ""ORPHA:306"", ""onset"": """"}"
ATL000586	MONDO:0017615	has_phenotype	HP:0032678	HPO annotations	ORPHA:306	https://hpo.jax.org/browse/term/HP:0032678	2026-10-03	observed	TAS				"{""atlas_edge_id"": ""E0132276"", ""frequency"": ""HP:0040283"", ""reference"": ""ORPHA:306"", ""onset"": """"}"
ATL000587	MONDO:0017615	has_phenotype	HP:0032823	HPO annotations	ORPHA:306	https://hpo.jax.org/browse/term/HP:0032823	2026-10-03	observed	TAS				"{""atlas_edge_id"": ""E0132277"", ""frequency"": ""HP:0040283"", ""reference"": ""ORPHA:306"", ""onset"": """"}"
ATL000588	MONDO:0017615	has_phenotype	HP:0032906	HPO annotations	ORPHA:306	https://hpo.jax.org/browse/term/HP:0032906	2026-10-03	observed	TAS				"{""atlas_edge_id"": ""E0132278"", ""frequency"": ""HP:0040283"", ""reference"": ""ORPHA:306"", ""onset"": """"}"
ATL000589	MONDO:0017615	has_phenotype	HP:0045084	HPO annotations	ORPHA:306	https://hpo.jax.org/browse/term/HP:0045084	2026-10-03	observed	TAS				"{""atlas_edge_id"": ""E0132279"", ""frequency"": ""HP:0040283"", ""reference"": ""ORPHA:306"", ""onset"": """"}"
ATL000590	MONDO:0017615	has_phenotype	HP:0002133	HPO annotations	ORPHA:306	https://hpo.jax.org/browse/term/HP:0002133	2026-10-03	observed	TAS				"{""atlas_edge_id"": ""E0132280"", ""frequency"": ""HP:0040284"", ""reference"": ""ORPHA:306"", ""onset"": """"}"
ATL000591	MONDO:0017615	has_phenotype	HP:0011171	HPO annotations	ORPHA:306	https://hpo.jax.org/browse/term/HP:0011171	2026-10-03	observed	TAS				"{""atlas_edge_id"": ""E0132281"", ""frequency"": ""HP:0040284"", ""reference"": ""ORPHA:306"", ""onset"": """"}"
ATL000592	MONDO:0017615	has_phenotype	HP:0011182	HPO annotations	ORPHA:306	https://hpo.jax.org/browse/term/HP:0011182	2026-10-03	observed	TAS				"{""atlas_edge_id"": ""E0132282"", ""frequency"": ""HP:0040284"", ""reference"": ""ORPHA:306"", ""onset"": """"}"
ATL000593	MONDO:0018126	has_phenotype	HP:0001332	HPO annotations	ORPHA:352596	https://hpo.jax.org/browse/term/HP:0001332	2026-10-03	observed	TAS				"{""atlas_edge_id"": ""E0133758"", ""frequency"": ""HP:0040281"", ""reference"": ""ORPHA:352596"", ""onset"": """"}"
ATL000594	MONDO:0018126	has_phenotype	HP:0001336	HPO annotations	ORPHA:352596	https://hpo.jax.org/browse/term/HP:0001336	2026-10-03	observed	TAS				"{""atlas_edge_id"": ""E0133759"", ""frequency"": ""HP:0040281"", ""reference"": ""ORPHA:352596"", ""onset"": """"}"
ATL000595	MONDO:0018126	has_phenotype	HP:0002788	HPO annotations	ORPHA:352596	https://hpo.jax.org/browse/term/HP:0002788	2026-10-03	observed	TAS				"{""atlas_edge_id"": ""E0133760"", ""frequency"": ""HP:0040281"", ""reference"": ""ORPHA:352596"", ""onset"": """"}"
ATL000596	MONDO:0018126	has_phenotype	HP:0007256	HPO annotations	ORPHA:352596	https://hpo.jax.org/browse/term/HP:0007256	2026-10-03	observed	TAS				"{""atlas_edge_id"": ""E0133761"", ""frequency"": ""HP:0040281"", ""reference"": ""ORPHA:352596"", ""onset"": """"}"
ATL000597	MONDO:0018126	has_phenotype	HP:0000252	HPO annotations	ORPHA:352596	https://hpo.jax.org/browse/term/HP:0000252	2026-10-03	observed	TAS				"{""atlas_edge_id"": ""E0133762"", ""frequency"": ""HP:0040282"", ""reference"": ""ORPHA:352596"", ""onset"": """"}"
ATL000598	MONDO:0018126	has_phenotype	HP:0001326	HPO annotations	ORPHA:352596	https://hpo.jax.org/browse/term/HP:0001326	2026-10-03	observed	TAS				"{""atlas_edge_id"": ""E0133763"", ""frequency"": ""HP:0040282"", ""reference"": ""ORPHA:352596"", ""onset"": """"}"
ATL000599	MONDO:0018126	has_phenotype	HP:0002123	HPO annotations	ORPHA:352596	https://hpo.jax.org/browse/term/HP:0002123	2026-10-03	observed	TAS				"{""atlas_edge_id"": ""E0133764"", ""frequency"": ""HP:0040282"", ""reference"": ""ORPHA:352596"", ""onset"": """"}"
ATL000600	MONDO:0018126	has_phenotype	HP:0002133	HPO annotations	ORPHA:352596	https://hpo.jax.org/browse/term/HP:0002133	2026-10-03	observed	TAS				"{""atlas_edge_id"": ""E0133765"", ""frequency"": ""HP:0040282"", ""reference"": ""ORPHA:352596"", ""onset"": """"}"
ATL000601	MONDO:0018126	has_phenotype	HP:0002188	HPO annotations	ORPHA:352596	https://hpo.jax.org/browse/term/HP:0002188	2026-10-03	observed	TAS				"{""atlas_edge_id"": ""E0133766"", ""frequency"": ""HP:0040282"", ""reference"": ""ORPHA:352596"", ""onset"": """"}"
ATL000602	MONDO:0018126	has_phenotype	HP:0002376	HPO annotations	ORPHA:352596	https://hpo.jax.org/browse/term/HP:0002376	2026-10-03	observed	TAS				"{""atlas_edge_id"": ""E0133767"", ""frequency"": ""HP:0040282"", ""reference"": ""ORPHA:352596"", ""onset"": """"}"
ATL000603	MONDO:0018126	has_phenotype	HP:0008935	HPO annotations	ORPHA:352596	https://hpo.jax.org/browse/term/HP:0008935	2026-10-03	observed	TAS				"{""atlas_edge_id"": ""E0133768"", ""frequency"": ""HP:0040282"", ""reference"": ""ORPHA:352596"", ""onset"": """"}"
ATL000604	MONDO:0018126	has_phenotype	HP:0011968	HPO annotations	ORPHA:352596	https://hpo.jax.org/browse/term/HP:0011968	2026-10-03	observed	TAS				"{""atlas_edge_id"": ""E0133769"", ""frequency"": ""HP:0040282"", ""reference"": ""ORPHA:352596"", ""onset"": """"}"
ATL000605	MONDO:0018126	has_phenotype	HP:0200134	HPO annotations	ORPHA:352596	https://hpo.jax.org/browse/term/HP:0200134	2026-10-03	observed	TAS				"{""atlas_edge_id"": ""E0133770"", ""frequency"": ""HP:0040282"", ""reference"": ""ORPHA:352596"", ""onset"": """"}"
ATL000606	MONDO:0018126	has_phenotype	HP:0001262	HPO annotations	ORPHA:352596	https://hpo.jax.org/browse/term/HP:0001262	2026-10-03	observed	TAS				"{""atlas_edge_id"": ""E0133771"", ""frequency"": ""HP:0040283"", ""reference"": ""ORPHA:352596"", ""onset"": """"}"
ATL000607	MONDO:0018126	has_phenotype	HP:0001263	HPO annotations	ORPHA:352596	https://hpo.jax.org/browse/term/HP:0001263	2026-10-03	observed	TAS				"{""atlas_edge_id"": ""E0133772"", ""frequency"": ""HP:0040283"", ""reference"": ""ORPHA:352596"", ""onset"": """"}"
ATL000608	MONDO:0018126	has_phenotype	HP:0001269	HPO annotations	ORPHA:352596	https://hpo.jax.org/browse/term/HP:0001269	2026-10-03	observed	TAS				"{""atlas_edge_id"": ""E0133773"", ""frequency"": ""HP:0040283"", ""reference"": ""ORPHA:352596"", ""onset"": """"}"
ATL000609	MONDO:0018126	has_phenotype	HP:0002071	HPO annotations	ORPHA:352596	https://hpo.jax.org/browse/term/HP:0002071	2026-10-03	observed	TAS				"{""atlas_edge_id"": ""E0133774"", ""frequency"": ""HP:0040283"", ""reference"": ""ORPHA:352596"", ""onset"": """"}"
ATL000610	MONDO:0018126	has_phenotype	HP:0002301	HPO annotations	ORPHA:352596	https://hpo.jax.org/browse/term/HP:0002301	2026-10-03	observed	TAS				"{""atlas_edge_id"": ""E0133775"", ""frequency"": ""HP:0040283"", ""reference"": ""ORPHA:352596"", ""onset"": """"}"
ATL000611	MONDO:0018126	has_phenotype	HP:0002506	HPO annotations	ORPHA:352596	https://hpo.jax.org/browse/term/HP:0002506	2026-10-03	observed	TAS				"{""atlas_edge_id"": ""E0133776"", ""frequency"": ""HP:0040283"", ""reference"": ""ORPHA:352596"", ""onset"": """"}"
ATL000612	MONDO:0018126	has_phenotype	HP:0025152	HPO annotations	ORPHA:352596	https://hpo.jax.org/browse/term/HP:0025152	2026-10-03	observed	TAS				"{""atlas_edge_id"": ""E0133777"", ""frequency"": ""HP:0040283"", ""reference"": ""ORPHA:352596"", ""onset"": """"}"
ATL000613	MONDO:0018126	has_phenotype	HP:0100275	HPO annotations	ORPHA:352596	https://hpo.jax.org/browse/term/HP:0100275	2026-10-03	observed	TAS				"{""atlas_edge_id"": ""E0133778"", ""frequency"": ""HP:0040283"", ""reference"": ""ORPHA:352596"", ""onset"": """"}"
ATL000614	MONDO:0018126	has_phenotype	HP:0000648	HPO annotations	ORPHA:352596	https://hpo.jax.org/browse/term/HP:0000648	2026-10-03	observed	TAS				"{""atlas_edge_id"": ""E0133779"", ""frequency"": ""HP:0040284"", ""reference"": ""ORPHA:352596"", ""onset"": """"}"
ATL000615	MONDO:0018214	has_phenotype	HP:0002197	HPO annotations	ORPHA:36387	https://hpo.jax.org/browse/term/HP:0002197	2026-10-03	observed	TAS				"{""atlas_edge_id"": ""E0134123"", ""frequency"": ""HP:0040281"", ""reference"": ""ORPHA:36387"", ""onset"": """"}"
ATL000616	MONDO:0018214	has_phenotype	HP:0002121	HPO annotations	ORPHA:36387	https://hpo.jax.org/browse/term/HP:0002121	2026-10-03	observed	TAS				"{""atlas_edge_id"": ""E0134124"", ""frequency"": ""HP:0040282"", ""reference"": ""ORPHA:36387"", ""onset"": """"}"
ATL000617	MONDO:0018214	has_phenotype	HP:0002373	HPO annotations	ORPHA:36387	https://hpo.jax.org/browse/term/HP:0002373	2026-10-03	observed	TAS				"{""atlas_edge_id"": ""E0134125"", ""frequency"": ""HP:0040282"", ""reference"": ""ORPHA:36387"", ""onset"": """"}"
ATL000618	MONDO:0018214	has_phenotype	HP:0001251	HPO annotations	ORPHA:36387	https://hpo.jax.org/browse/term/HP:0001251	2026-10-03	observed	TAS				"{""atlas_edge_id"": ""E0134126"", ""frequency"": ""HP:0040283"", ""reference"": ""ORPHA:36387"", ""onset"": """"}"
ATL000619	MONDO:0018214	has_phenotype	HP:0001252	HPO annotations	ORPHA:36387	https://hpo.jax.org/browse/term/HP:0001252	2026-10-03	observed	TAS				"{""atlas_edge_id"": ""E0134127"", ""frequency"": ""HP:0040283"", ""reference"": ""ORPHA:36387"", ""onset"": """"}"
ATL000620	MONDO:0018214	has_phenotype	HP:0002069	HPO annotations	ORPHA:36387	https://hpo.jax.org/browse/term/HP:0002069	2026-10-03	observed	TAS				"{""atlas_edge_id"": ""E0134128"", ""frequency"": ""HP:0040283"", ""reference"": ""ORPHA:36387"", ""onset"": """"}"
ATL000621	MONDO:0018214	has_phenotype	HP:0002123	HPO annotations	ORPHA:36387	https://hpo.jax.org/browse/term/HP:0002123	2026-10-03	observed	TAS				"{""atlas_edge_id"": ""E0134129"", ""frequency"": ""HP:0040283"", ""reference"": ""ORPHA:36387"", ""onset"": """"}"
ATL000622	MONDO:0018214	has_phenotype	HP:0002311	HPO annotations	ORPHA:36387	https://hpo.jax.org/browse/term/HP:0002311	2026-10-03	observed	TAS				"{""atlas_edge_id"": ""E0134130"", ""frequency"": ""HP:0040283"", ""reference"": ""ORPHA:36387"", ""onset"": """"}"
ATL000623	MONDO:0018214	has_phenotype	HP:0002376	HPO annotations	ORPHA:36387	https://hpo.jax.org/browse/term/HP:0002376	2026-10-03	observed	TAS				"{""atlas_edge_id"": ""E0134131"", ""frequency"": ""HP:0040283"", ""reference"": ""ORPHA:36387"", ""onset"": """"}"
ATL000624	MONDO:0018214	has_phenotype	HP:0002539	HPO annotations	ORPHA:36387	https://hpo.jax.org/browse/term/HP:0002539	2026-10-03	observed	TAS				"{""atlas_edge_id"": ""E0134132"", ""frequency"": ""HP:0040283"", ""reference"": ""ORPHA:36387"", ""onset"": """"}"
ATL000625	MONDO:0018214	has_phenotype	HP:0007010	HPO annotations	ORPHA:36387	https://hpo.jax.org/browse/term/HP:0007010	2026-10-03	observed	TAS				"{""atlas_edge_id"": ""E0134133"", ""frequency"": ""HP:0040283"", ""reference"": ""ORPHA:36387"", ""onset"": """"}"
ATL000626	MONDO:0018214	has_phenotype	HP:0007058	HPO annotations	ORPHA:36387	https://hpo.jax.org/browse/term/HP:0007058	2026-10-03	observed	TAS				"{""atlas_edge_id"": ""E0134134"", ""frequency"": ""HP:0040283"", ""reference"": ""ORPHA:36387"", ""onset"": """"}"
ATL000627	MONDO:0018214	has_phenotype	HP:0010819	HPO annotations	ORPHA:36387	https://hpo.jax.org/browse/term/HP:0010819	2026-10-03	observed	TAS				"{""atlas_edge_id"": ""E0134135"", ""frequency"": ""HP:0040283"", ""reference"": ""ORPHA:36387"", ""onset"": """"}"
ATL000628	MONDO:0018214	has_phenotype	HP:0010850	HPO annotations	ORPHA:36387	https://hpo.jax.org/browse/term/HP:0010850	2026-10-03	observed	TAS				"{""atlas_edge_id"": ""E0134136"", ""frequency"": ""HP:0040283"", ""reference"": ""ORPHA:36387"", ""onset"": """"}"
ATL000629	MONDO:0018214	has_phenotype	HP:0011151	HPO annotations	ORPHA:36387	https://hpo.jax.org/browse/term/HP:0011151	2026-10-03	observed	TAS				"{""atlas_edge_id"": ""E0134137"", ""frequency"": ""HP:0040283"", ""reference"": ""ORPHA:36387"", ""onset"": """"}"
ATL000630	MONDO:0018214	has_phenotype	HP:0100543	HPO annotations	ORPHA:36387	https://hpo.jax.org/browse/term/HP:0100543	2026-10-03	observed	TAS				"{""atlas_edge_id"": ""E0134138"", ""frequency"": ""HP:0040283"", ""reference"": ""ORPHA:36387"", ""onset"": """"}"
ATL000631	MONDO:0018214	has_phenotype	HP:0000729	HPO annotations	ORPHA:36387	https://hpo.jax.org/browse/term/HP:0000729	2026-10-03	observed	TAS				"{""atlas_edge_id"": ""E0134139"", ""frequency"": ""HP:0040284"", ""reference"": ""ORPHA:36387"", ""onset"": """"}"
ATL000632	MONDO:0018214	has_phenotype	HP:0000739	HPO annotations	ORPHA:36387	https://hpo.jax.org/browse/term/HP:0000739	2026-10-03	observed	TAS				"{""atlas_edge_id"": ""E0134140"", ""frequency"": ""HP:0040284"", ""reference"": ""ORPHA:36387"", ""onset"": """"}"
ATL000633	MONDO:0018214	has_phenotype	HP:0001337	HPO annotations	ORPHA:36387	https://hpo.jax.org/browse/term/HP:0001337	2026-10-03	observed	TAS				"{""atlas_edge_id"": ""E0134141"", ""frequency"": ""HP:0040284"", ""reference"": ""ORPHA:36387"", ""onset"": """"}"
ATL000634	MONDO:0018214	has_phenotype	HP:0001763	HPO annotations	ORPHA:36387	https://hpo.jax.org/browse/term/HP:0001763	2026-10-03	observed	TAS				"{""atlas_edge_id"": ""E0134142"", ""frequency"": ""HP:0040284"", ""reference"": ""ORPHA:36387"", ""onset"": """"}"
ATL000635	MONDO:0018214	has_phenotype	HP:0002067	HPO annotations	ORPHA:36387	https://hpo.jax.org/browse/term/HP:0002067	2026-10-03	observed	TAS				"{""atlas_edge_id"": ""E0134143"", ""frequency"": ""HP:0040284"", ""reference"": ""ORPHA:36387"", ""onset"": """"}"
ATL000636	MONDO:0018214	has_phenotype	HP:0002133	HPO annotations	ORPHA:36387	https://hpo.jax.org/browse/term/HP:0002133	2026-10-03	observed	TAS				"{""atlas_edge_id"": ""E0134144"", ""frequency"": ""HP:0040284"", ""reference"": ""ORPHA:36387"", ""onset"": """"}"
ATL000637	MONDO:0018214	has_phenotype	HP:0002384	HPO annotations	ORPHA:36387	https://hpo.jax.org/browse/term/HP:0002384	2026-10-03	observed	TAS				"{""atlas_edge_id"": ""E0134145"", ""frequency"": ""HP:0040284"", ""reference"": ""ORPHA:36387"", ""onset"": """"}"
ATL000638	MONDO:0018214	has_phenotype	HP:0003066	HPO annotations	ORPHA:36387	https://hpo.jax.org/browse/term/HP:0003066	2026-10-03	observed	TAS				"{""atlas_edge_id"": ""E0134146"", ""frequency"": ""HP:0040284"", ""reference"": ""ORPHA:36387"", ""onset"": """"}"
ATL000639	MONDO:0018214	has_phenotype	HP:0004684	HPO annotations	ORPHA:36387	https://hpo.jax.org/browse/term/HP:0004684	2026-10-03	observed	TAS				"{""atlas_edge_id"": ""E0134147"", ""frequency"": ""HP:0040284"", ""reference"": ""ORPHA:36387"", ""onset"": """"}"
ATL000640	MONDO:0018214	has_phenotype	HP:0007359	HPO annotations	ORPHA:36387	https://hpo.jax.org/browse/term/HP:0007359	2026-10-03	observed	TAS				"{""atlas_edge_id"": ""E0134148"", ""frequency"": ""HP:0040284"", ""reference"": ""ORPHA:36387"", ""onset"": """"}"
ATL000641	MONDO:0018214	has_phenotype	HP:0008770	HPO annotations	ORPHA:36387	https://hpo.jax.org/browse/term/HP:0008770	2026-10-03	observed	TAS				"{""atlas_edge_id"": ""E0134149"", ""frequency"": ""HP:0040284"", ""reference"": ""ORPHA:36387"", ""onset"": """"}"
ATL000642	MONDO:0018214	has_phenotype	HP:0100694	HPO annotations	ORPHA:36387	https://hpo.jax.org/browse/term/HP:0100694	2026-10-03	observed	TAS				"{""atlas_edge_id"": ""E0134150"", ""frequency"": ""HP:0040284"", ""reference"": ""ORPHA:36387"", ""onset"": """"}"
ATL000643	MONDO:0018614	has_phenotype	HP:0000494	HPO annotations	ORPHA:442835	https://hpo.jax.org/browse/term/HP:0000494	2026-10-03	observed	TAS				"{""atlas_edge_id"": ""E0135548"", ""frequency"": ""HP:0040283"", ""reference"": ""ORPHA:442835"", ""onset"": """"}"
ATL000644	MONDO:0018614	has_phenotype	HP:0000508	HPO annotations	ORPHA:442835	https://hpo.jax.org/browse/term/HP:0000508	2026-10-03	observed	TAS				"{""atlas_edge_id"": ""E0135549"", ""frequency"": ""HP:0040283"", ""reference"": ""ORPHA:442835"", ""onset"": """"}"
ATL000645	MONDO:0018614	has_phenotype	HP:0000639	HPO annotations	ORPHA:442835	https://hpo.jax.org/browse/term/HP:0000639	2026-10-03	observed	TAS				"{""atlas_edge_id"": ""E0135550"", ""frequency"": ""HP:0040283"", ""reference"": ""ORPHA:442835"", ""onset"": """"}"
ATL000646	MONDO:0018614	has_phenotype	HP:0000668	HPO annotations	ORPHA:442835	https://hpo.jax.org/browse/term/HP:0000668	2026-10-03	observed	TAS				"{""atlas_edge_id"": ""E0135551"", ""frequency"": ""HP:0040283"", ""reference"": ""ORPHA:442835"", ""onset"": """"}"
ATL000647	MONDO:0018614	has_phenotype	HP:0000708	HPO annotations	ORPHA:442835	https://hpo.jax.org/browse/term/HP:0000708	2026-10-03	observed	TAS				"{""atlas_edge_id"": ""E0135552"", ""frequency"": ""HP:0040283"", ""reference"": ""ORPHA:442835"", ""onset"": """"}"
ATL000648	MONDO:0018614	has_phenotype	HP:0000717	HPO annotations	ORPHA:442835	https://hpo.jax.org/browse/term/HP:0000717	2026-10-03	observed	TAS				"{""atlas_edge_id"": ""E0135553"", ""frequency"": ""HP:0040283"", ""reference"": ""ORPHA:442835"", ""onset"": """"}"
ATL000649	MONDO:0018614	has_phenotype	HP:0001251	HPO annotations	ORPHA:442835	https://hpo.jax.org/browse/term/HP:0001251	2026-10-03	observed	TAS				"{""atlas_edge_id"": ""E0135554"", ""frequency"": ""HP:0040283"", ""reference"": ""ORPHA:442835"", ""onset"": """"}"
ATL000650	MONDO:0018614	has_phenotype	HP:0001257	HPO annotations	ORPHA:442835	https://hpo.jax.org/browse/term/HP:0001257	2026-10-03	observed	TAS				"{""atlas_edge_id"": ""E0135555"", ""frequency"": ""HP:0040283"", ""reference"": ""ORPHA:442835"", ""onset"": """"}"
ATL000651	MONDO:0018614	has_phenotype	HP:0001268	HPO annotations	ORPHA:442835	https://hpo.jax.org/browse/term/HP:0001268	2026-10-03	observed	TAS				"{""atlas_edge_id"": ""E0135556"", ""frequency"": ""HP:0040283"", ""reference"": ""ORPHA:442835"", ""onset"": """"}"
ATL000652	MONDO:0018614	has_phenotype	HP:0001273	HPO annotations	ORPHA:442835	https://hpo.jax.org/browse/term/HP:0001273	2026-10-03	observed	TAS				"{""atlas_edge_id"": ""E0135557"", ""frequency"": ""HP:0040283"", ""reference"": ""ORPHA:442835"", ""onset"": """"}"
ATL000653	MONDO:0018614	has_phenotype	HP:0001288	HPO annotations	ORPHA:442835	https://hpo.jax.org/browse/term/HP:0001288	2026-10-03	observed	TAS				"{""atlas_edge_id"": ""E0135558"", ""frequency"": ""HP:0040283"", ""reference"": ""ORPHA:442835"", ""onset"": """"}"
ATL000654	MONDO:0018614	has_phenotype	HP:0001315	HPO annotations	ORPHA:442835	https://hpo.jax.org/browse/term/HP:0001315	2026-10-03	observed	TAS				"{""atlas_edge_id"": ""E0135559"", ""frequency"": ""HP:0040283"", ""reference"": ""ORPHA:442835"", ""onset"": """"}"
ATL000655	MONDO:0018614	has_phenotype	HP:0001336	HPO annotations	ORPHA:442835	https://hpo.jax.org/browse/term/HP:0001336	2026-10-03	observed	TAS				"{""atlas_edge_id"": ""E0135560"", ""frequency"": ""HP:0040283"", ""reference"": ""ORPHA:442835"", ""onset"": """"}"
ATL000656	MONDO:0018614	has_phenotype	HP:0001337	HPO annotations	ORPHA:442835	https://hpo.jax.org/browse/term/HP:0001337	2026-10-03	observed	TAS				"{""atlas_edge_id"": ""E0135561"", ""frequency"": ""HP:0040283"", ""reference"": ""ORPHA:442835"", ""onset"": """"}"
ATL000657	MONDO:0018614	has_phenotype	HP:0001558	HPO annotations	ORPHA:442835	https://hpo.jax.org/browse/term/HP:0001558	2026-10-03	observed	TAS				"{""atlas_edge_id"": ""E0135562"", ""frequency"": ""HP:0040283"", ""reference"": ""ORPHA:442835"", ""onset"": """"}"
ATL000658	MONDO:0018614	has_phenotype	HP:0002020	HPO annotations	ORPHA:442835	https://hpo.jax.org/browse/term/HP:0002020	2026-10-03	observed	TAS				"{""atlas_edge_id"": ""E0135563"", ""frequency"": ""HP:0040283"", ""reference"": ""ORPHA:442835"", ""onset"": """"}"
ATL000659	MONDO:0018614	has_phenotype	HP:0002059	HPO annotations	ORPHA:442835	https://hpo.jax.org/browse/term/HP:0002059	2026-10-03	observed	TAS				"{""atlas_edge_id"": ""E0135564"", ""frequency"": ""HP:0040283"", ""reference"": ""ORPHA:442835"", ""onset"": """"}"
ATL000660	MONDO:0018614	has_phenotype	HP:0002063	HPO annotations	ORPHA:442835	https://hpo.jax.org/browse/term/HP:0002063	2026-10-03	observed	TAS				"{""atlas_edge_id"": ""E0135565"", ""frequency"": ""HP:0040283"", ""reference"": ""ORPHA:442835"", ""onset"": """"}"
ATL000661	MONDO:0018614	has_phenotype	HP:0002317	HPO annotations	ORPHA:442835	https://hpo.jax.org/browse/term/HP:0002317	2026-10-03	observed	TAS				"{""atlas_edge_id"": ""E0135566"", ""frequency"": ""HP:0040283"", ""reference"": ""ORPHA:442835"", ""onset"": """"}"
ATL000662	MONDO:0018614	has_phenotype	HP:0002421	HPO annotations	ORPHA:442835	https://hpo.jax.org/browse/term/HP:0002421	2026-10-03	observed	TAS				"{""atlas_edge_id"": ""E0135567"", ""frequency"": ""HP:0040283"", ""reference"": ""ORPHA:442835"", ""onset"": """"}"
ATL000663	MONDO:0018614	has_phenotype	HP:0002521	HPO annotations	ORPHA:442835	https://hpo.jax.org/browse/term/HP:0002521	2026-10-03	observed	TAS				"{""atlas_edge_id"": ""E0135568"", ""frequency"": ""HP:0040283"", ""reference"": ""ORPHA:442835"", ""onset"": """"}"
ATL000664	MONDO:0018614	has_phenotype	HP:0004305	HPO annotations	ORPHA:442835	https://hpo.jax.org/browse/term/HP:0004305	2026-10-03	observed	TAS				"{""atlas_edge_id"": ""E0135569"", ""frequency"": ""HP:0040283"", ""reference"": ""ORPHA:442835"", ""onset"": """"}"
ATL000665	MONDO:0018614	has_phenotype	HP:0004322	HPO annotations	ORPHA:442835	https://hpo.jax.org/browse/term/HP:0004322	2026-10-03	observed	TAS				"{""atlas_edge_id"": ""E0135570"", ""frequency"": ""HP:0040283"", ""reference"": ""ORPHA:442835"", ""onset"": """"}"
ATL000666	MONDO:0018614	has_phenotype	HP:0007018	HPO annotations	ORPHA:442835	https://hpo.jax.org/browse/term/HP:0007018	2026-10-03	observed	TAS				"{""atlas_edge_id"": ""E0135571"", ""frequency"": ""HP:0040283"", ""reference"": ""ORPHA:442835"", ""onset"": """"}"
ATL000667	MONDO:0018614	has_phenotype	HP:0011968	HPO annotations	ORPHA:442835	https://hpo.jax.org/browse/term/HP:0011968	2026-10-03	observed	TAS				"{""atlas_edge_id"": ""E0135572"", ""frequency"": ""HP:0040283"", ""reference"": ""ORPHA:442835"", ""onset"": """"}"
ATL000668	MONDO:0018614	has_phenotype	HP:0012444	HPO annotations	ORPHA:442835	https://hpo.jax.org/browse/term/HP:0012444	2026-10-03	observed	TAS				"{""atlas_edge_id"": ""E0135573"", ""frequency"": ""HP:0040283"", ""reference"": ""ORPHA:442835"", ""onset"": """"}"
ATL000669	MONDO:0018614	has_phenotype	HP:0012447	HPO annotations	ORPHA:442835	https://hpo.jax.org/browse/term/HP:0012447	2026-10-03	observed	TAS				"{""atlas_edge_id"": ""E0135574"", ""frequency"": ""HP:0040283"", ""reference"": ""ORPHA:442835"", ""onset"": """"}"
ATL000670	MONDO:0018614	has_phenotype	HP:0100660	HPO annotations	ORPHA:442835	https://hpo.jax.org/browse/term/HP:0100660	2026-10-03	observed	TAS				"{""atlas_edge_id"": ""E0135575"", ""frequency"": ""HP:0040283"", ""reference"": ""ORPHA:442835"", ""onset"": """"}"
ATL000671	MONDO:0018614	has_phenotype	HP:0100710	HPO annotations	ORPHA:442835	https://hpo.jax.org/browse/term/HP:0100710	2026-10-03	observed	TAS				"{""atlas_edge_id"": ""E0135576"", ""frequency"": ""HP:0040283"", ""reference"": ""ORPHA:442835"", ""onset"": """"}"
ATL000672	MONDO:0018614	has_phenotype	HP:0000504	HPO annotations	ORPHA:442835	https://hpo.jax.org/browse/term/HP:0000504	2026-10-03	observed	TAS				"{""atlas_edge_id"": ""E0135577"", ""frequency"": ""HP:0040284"", ""reference"": ""ORPHA:442835"", ""onset"": """"}"
ATL000673	MONDO:0018614	has_phenotype	HP:0000546	HPO annotations	ORPHA:442835	https://hpo.jax.org/browse/term/HP:0000546	2026-10-03	observed	TAS				"{""atlas_edge_id"": ""E0135578"", ""frequency"": ""HP:0040284"", ""reference"": ""ORPHA:442835"", ""onset"": """"}"
ATL000674	MONDO:0018614	has_phenotype	HP:0000648	HPO annotations	ORPHA:442835	https://hpo.jax.org/browse/term/HP:0000648	2026-10-03	observed	TAS				"{""atlas_edge_id"": ""E0135579"", ""frequency"": ""HP:0040284"", ""reference"": ""ORPHA:442835"", ""onset"": """"}"
ATL000675	MONDO:0018614	has_phenotype	HP:0002133	HPO annotations	ORPHA:442835	https://hpo.jax.org/browse/term/HP:0002133	2026-10-03	observed	TAS				"{""atlas_edge_id"": ""E0135580"", ""frequency"": ""HP:0040284"", ""reference"": ""ORPHA:442835"", ""onset"": """"}"
ATL000676	MONDO:0018614	has_phenotype	HP:0002509	HPO annotations	ORPHA:442835	https://hpo.jax.org/browse/term/HP:0002509	2026-10-03	observed	TAS				"{""atlas_edge_id"": ""E0135581"", ""frequency"": ""HP:0040284"", ""reference"": ""ORPHA:442835"", ""onset"": """"}"
ATL000677	MONDO:0018614	has_phenotype	HP:0012547	HPO annotations	ORPHA:442835	https://hpo.jax.org/browse/term/HP:0012547	2026-10-03	observed	TAS				"{""atlas_edge_id"": ""E0135582"", ""frequency"": ""HP:0040284"", ""reference"": ""ORPHA:442835"", ""onset"": """"}"
ATL000678	MONDO:0018614	has_phenotype	HP:0001298	HPO annotations	ORPHA:442835	https://hpo.jax.org/browse/term/HP:0001298	2026-10-03	observed	TAS				"{""atlas_edge_id"": ""E0135583"", ""frequency"": ""HP:0040281"", ""reference"": ""ORPHA:442835"", ""onset"": """"}"
ATL000679	MONDO:0018614	has_phenotype	HP:0000750	HPO annotations	ORPHA:442835	https://hpo.jax.org/browse/term/HP:0000750	2026-10-03	observed	TAS				"{""atlas_edge_id"": ""E0135584"", ""frequency"": ""HP:0040282"", ""reference"": ""ORPHA:442835"", ""onset"": """"}"
ATL000680	MONDO:0018614	has_phenotype	HP:0001249	HPO annotations	ORPHA:442835	https://hpo.jax.org/browse/term/HP:0001249	2026-10-03	observed	TAS				"{""atlas_edge_id"": ""E0135585"", ""frequency"": ""HP:0040282"", ""reference"": ""ORPHA:442835"", ""onset"": """"}"
ATL000681	MONDO:0018614	has_phenotype	HP:0001250	HPO annotations	ORPHA:442835	https://hpo.jax.org/browse/term/HP:0001250	2026-10-03	observed	TAS				"{""atlas_edge_id"": ""E0135586"", ""frequency"": ""HP:0040282"", ""reference"": ""ORPHA:442835"", ""onset"": """"}"
ATL000682	MONDO:0018614	has_phenotype	HP:0001263	HPO annotations	ORPHA:442835	https://hpo.jax.org/browse/term/HP:0001263	2026-10-03	observed	TAS				"{""atlas_edge_id"": ""E0135587"", ""frequency"": ""HP:0040282"", ""reference"": ""ORPHA:442835"", ""onset"": """"}"
ATL000683	MONDO:0018614	has_phenotype	HP:0001265	HPO annotations	ORPHA:442835	https://hpo.jax.org/browse/term/HP:0001265	2026-10-03	observed	TAS				"{""atlas_edge_id"": ""E0135588"", ""frequency"": ""HP:0040282"", ""reference"": ""ORPHA:442835"", ""onset"": """"}"
ATL000684	MONDO:0018614	has_phenotype	HP:0001290	HPO annotations	ORPHA:442835	https://hpo.jax.org/browse/term/HP:0001290	2026-10-03	observed	TAS				"{""atlas_edge_id"": ""E0135589"", ""frequency"": ""HP:0040282"", ""reference"": ""ORPHA:442835"", ""onset"": """"}"
ATL000685	MONDO:0018614	has_phenotype	HP:0001508	HPO annotations	ORPHA:442835	https://hpo.jax.org/browse/term/HP:0001508	2026-10-03	observed	TAS				"{""atlas_edge_id"": ""E0135590"", ""frequency"": ""HP:0040282"", ""reference"": ""ORPHA:442835"", ""onset"": """"}"
ATL000686	MONDO:0018614	has_phenotype	HP:0002376	HPO annotations	ORPHA:442835	https://hpo.jax.org/browse/term/HP:0002376	2026-10-03	observed	TAS				"{""atlas_edge_id"": ""E0135591"", ""frequency"": ""HP:0040282"", ""reference"": ""ORPHA:442835"", ""onset"": """"}"
ATL000687	MONDO:0018614	has_phenotype	HP:0010844	HPO annotations	ORPHA:442835	https://hpo.jax.org/browse/term/HP:0010844	2026-10-03	observed	TAS				"{""atlas_edge_id"": ""E0135592"", ""frequency"": ""HP:0040282"", ""reference"": ""ORPHA:442835"", ""onset"": """"}"
ATL000688	MONDO:0018614	has_phenotype	HP:0011443	HPO annotations	ORPHA:442835	https://hpo.jax.org/browse/term/HP:0011443	2026-10-03	observed	TAS				"{""atlas_edge_id"": ""E0135593"", ""frequency"": ""HP:0040282"", ""reference"": ""ORPHA:442835"", ""onset"": """"}"
ATL000689	MONDO:0018614	has_phenotype	HP:0000252	HPO annotations	ORPHA:442835	https://hpo.jax.org/browse/term/HP:0000252	2026-10-03	observed	TAS				"{""atlas_edge_id"": ""E0135594"", ""frequency"": ""HP:0040283"", ""reference"": ""ORPHA:442835"", ""onset"": """"}"
ATL000690	MONDO:0018614	has_phenotype	HP:0000348	HPO annotations	ORPHA:442835	https://hpo.jax.org/browse/term/HP:0000348	2026-10-03	observed	TAS				"{""atlas_edge_id"": ""E0135595"", ""frequency"": ""HP:0040283"", ""reference"": ""ORPHA:442835"", ""onset"": """"}"
ATL000691	MONDO:0030856	has_phenotype	HP:0001276	HPO annotations	OMIM:619124	https://hpo.jax.org/browse/term/HP:0001276	2026-10-03	observed	PCS				"{""atlas_edge_id"": ""E0150537"", ""frequency"": ""3/11"", ""reference"": ""PMID:32282878"", ""onset"": """"}"
ATL000692	MONDO:0030856	has_phenotype	HP:0002487	HPO annotations	OMIM:619124	https://hpo.jax.org/browse/term/HP:0002487	2026-10-03	observed	PCS				"{""atlas_edge_id"": ""E0150538"", ""frequency"": ""1/11"", ""reference"": ""PMID:32282878"", ""onset"": """"}"
ATL000693	MONDO:0030856	has_phenotype	HP:0002521	HPO annotations	OMIM:619124	https://hpo.jax.org/browse/term/HP:0002521	2026-10-03	observed	PCS				"{""atlas_edge_id"": ""E0150539"", ""frequency"": ""2/10"", ""reference"": ""PMID:32282878"", ""onset"": """"}"
ATL000694	MONDO:0030856	has_phenotype	HP:0000582	HPO annotations	OMIM:619124	https://hpo.jax.org/browse/term/HP:0000582	2026-10-03	observed	PCS				"{""atlas_edge_id"": ""E0150540"", ""frequency"": ""1/11"", ""reference"": ""PMID:32282878"", ""onset"": """"}"
ATL000695	MONDO:0030856	has_phenotype	HP:0000343	HPO annotations	OMIM:619124	https://hpo.jax.org/browse/term/HP:0000343	2026-10-03	observed	PCS				"{""atlas_edge_id"": ""E0150541"", ""frequency"": ""1/11"", ""reference"": ""PMID:32282878"", ""onset"": """"}"
ATL000696	MONDO:0030856	has_phenotype	HP:0001332	HPO annotations	OMIM:619124	https://hpo.jax.org/browse/term/HP:0001332	2026-10-03	observed	PCS				"{""atlas_edge_id"": ""E0150542"", ""frequency"": ""3/11"", ""reference"": ""PMID:32282878"", ""onset"": """"}"
ATL000697	MONDO:0030856	has_phenotype	HP:0000463	HPO annotations	OMIM:619124	https://hpo.jax.org/browse/term/HP:0000463	2026-10-03	observed	PCS				"{""atlas_edge_id"": ""E0150543"", ""frequency"": ""2/11"", ""reference"": ""PMID:32282878"", ""onset"": """"}"
ATL000698	MONDO:0030856	has_phenotype	HP:0001371	HPO annotations	OMIM:619124	https://hpo.jax.org/browse/term/HP:0001371	2026-10-03	observed	PCS				"{""atlas_edge_id"": ""E0150544"", ""frequency"": ""6/11"", ""reference"": ""PMID:32282878"", ""onset"": """"}"
ATL000699	MONDO:0030856	has_phenotype	HP:0001272	HPO annotations	OMIM:619124	https://hpo.jax.org/browse/term/HP:0001272	2026-10-03	observed	PCS				"{""atlas_edge_id"": ""E0150545"", ""frequency"": ""2/9"", ""reference"": ""PMID:32282878"", ""onset"": """"}"
ATL000700	MONDO:0030856	has_phenotype	HP:0002187	HPO annotations	OMIM:619124	https://hpo.jax.org/browse/term/HP:0002187	2026-10-03	observed	PCS				"{""atlas_edge_id"": ""E0150546"", ""frequency"": ""10/10"", ""reference"": ""PMID:32282878"", ""onset"": """"}"
ATL000701	MONDO:0030856	has_phenotype	HP:0000064	HPO annotations	OMIM:619124	https://hpo.jax.org/browse/term/HP:0000064	2026-10-03	observed	PCS				"{""atlas_edge_id"": ""E0150547"", ""frequency"": ""1/5"", ""reference"": ""PMID:32282878"", ""onset"": """"}"
ATL000702	MONDO:0030856	has_phenotype	HP:0032794	HPO annotations	OMIM:619124	https://hpo.jax.org/browse/term/HP:0032794	2026-10-03	observed	PCS				"{""atlas_edge_id"": ""E0150548"", ""frequency"": ""6/11"", ""reference"": ""PMID:32282878"", ""onset"": """"}"
ATL000703	MONDO:0030856	has_phenotype	HP:0012368	HPO annotations	OMIM:619124	https://hpo.jax.org/browse/term/HP:0012368	2026-10-03	observed	PCS				"{""atlas_edge_id"": ""E0150549"", ""frequency"": ""1/11"", ""reference"": ""PMID:32282878"", ""onset"": """"}"
ATL000704	MONDO:0030856	has_phenotype	HP:0045075	HPO annotations	OMIM:619124	https://hpo.jax.org/browse/term/HP:0045075	2026-10-03	observed	PCS				"{""atlas_edge_id"": ""E0150550"", ""frequency"": ""1/11"", ""reference"": ""PMID:32282878"", ""onset"": """"}"
ATL000705	MONDO:0030856	has_phenotype	HP:0010722	HPO annotations	OMIM:619124	https://hpo.jax.org/browse/term/HP:0010722	2026-10-03	observed	PCS				"{""atlas_edge_id"": ""E0150551"", ""frequency"": ""1/11"", ""reference"": ""PMID:32282878"", ""onset"": """"}"
ATL000706	MONDO:0030856	has_phenotype	HP:0000319	HPO annotations	OMIM:619124	https://hpo.jax.org/browse/term/HP:0000319	2026-10-03	observed	PCS				"{""atlas_edge_id"": ""E0150552"", ""frequency"": ""1/11"", ""reference"": ""PMID:32282878"", ""onset"": """"}"
ATL000707	MONDO:0030856	has_phenotype	HP:0000316	HPO annotations	OMIM:619124	https://hpo.jax.org/browse/term/HP:0000316	2026-10-03	observed	PCS				"{""atlas_edge_id"": ""E0150553"", ""frequency"": ""4/11"", ""reference"": ""PMID:32282878"", ""onset"": """"}"
ATL000708	MONDO:0030856	has_phenotype	HP:0000219	HPO annotations	OMIM:619124	https://hpo.jax.org/browse/term/HP:0000219	2026-10-03	observed	PCS				"{""atlas_edge_id"": ""E0150554"", ""frequency"": ""2/11"", ""reference"": ""PMID:32282878"", ""onset"": """"}"
ATL000709	MONDO:0030856	has_phenotype	HP:0000059	HPO annotations	OMIM:619124	https://hpo.jax.org/browse/term/HP:0000059	2026-10-03	observed	PCS				"{""atlas_edge_id"": ""E0150555"", ""frequency"": ""1/5"", ""reference"": ""PMID:32282878"", ""onset"": """"}"
ATL000710	MONDO:0030856	has_phenotype	HP:0000774	HPO annotations	OMIM:619124	https://hpo.jax.org/browse/term/HP:0000774	2026-10-03	observed	PCS				"{""atlas_edge_id"": ""E0150556"", ""frequency"": ""1/11"", ""reference"": ""PMID:32282878"", ""onset"": """"}"
ATL000711	MONDO:0030856	has_phenotype	HP:0000256	HPO annotations	OMIM:619124	https://hpo.jax.org/browse/term/HP:0000256	2026-10-03	observed	PCS				"{""atlas_edge_id"": ""E0150557"", ""frequency"": ""1/11"", ""reference"": ""PMID:32282878"", ""onset"": """"}"
ATL000712	MONDO:0030856	has_phenotype	HP:0001347	HPO annotations	OMIM:619124	https://hpo.jax.org/browse/term/HP:0001347	2026-10-03	observed	PCS				"{""atlas_edge_id"": ""E0150558"", ""frequency"": ""1/11"", ""reference"": ""PMID:32282878"", ""onset"": """"}"
ATL000713	MONDO:0030856	has_phenotype	HP:0008936	HPO annotations	OMIM:619124	https://hpo.jax.org/browse/term/HP:0008936	2026-10-03	observed	PCS				"{""atlas_edge_id"": ""E0150559"", ""frequency"": ""5/11"", ""reference"": ""PMID:32282878"", ""onset"": """"}"
ATL000714	MONDO:0030856	has_phenotype	HP:0002553	HPO annotations	OMIM:619124	https://hpo.jax.org/browse/term/HP:0002553	2026-10-03	observed	PCS				"{""atlas_edge_id"": ""E0150560"", ""frequency"": ""1/11"", ""reference"": ""PMID:32282878"", ""onset"": """"}"
ATL000715	MONDO:0030856	has_phenotype	HP:0000175	HPO annotations	OMIM:619124	https://hpo.jax.org/browse/term/HP:0000175	2026-10-03	observed	PCS				"{""atlas_edge_id"": ""E0150561"", ""frequency"": ""7/11"", ""reference"": ""PMID:32282878"", ""onset"": """"}"
ATL000716	MONDO:0030856	has_phenotype	HP:0002059	HPO annotations	OMIM:619124	https://hpo.jax.org/browse/term/HP:0002059	2026-10-03	observed	PCS				"{""atlas_edge_id"": ""E0150562"", ""frequency"": ""2/9"", ""reference"": ""PMID:32282878"", ""onset"": """"}"
ATL000717	MONDO:0030856	has_phenotype	HP:0000494	HPO annotations	OMIM:619124	https://hpo.jax.org/browse/term/HP:0000494	2026-10-03	observed	PCS				"{""atlas_edge_id"": ""E0150563"", ""frequency"": ""1/11"", ""reference"": ""PMID:32282878"", ""onset"": """"}"
ATL000718	MONDO:0030856	has_phenotype	HP:0009826	HPO annotations	OMIM:619124	https://hpo.jax.org/browse/term/HP:0009826	2026-10-03	observed	PCS				"{""atlas_edge_id"": ""E0150564"", ""frequency"": ""1/11"", ""reference"": ""PMID:32282878"", ""onset"": """"}"
ATL000719	MONDO:0030856	has_phenotype	HP:0002650	HPO annotations	OMIM:619124	https://hpo.jax.org/browse/term/HP:0002650	2026-10-03	observed	PCS				"{""atlas_edge_id"": ""E0150565"", ""frequency"": ""4/11"", ""reference"": ""PMID:32282878"", ""onset"": """"}"
ATL000720	MONDO:0030856	has_phenotype	HP:0001762	HPO annotations	OMIM:619124	https://hpo.jax.org/browse/term/HP:0001762	2026-10-03	observed	PCS				"{""atlas_edge_id"": ""E0150566"", ""frequency"": ""5/11"", ""reference"": ""PMID:32282878"", ""onset"": """"}"
ATL000721	MONDO:0030856	has_phenotype	HP:0000431	HPO annotations	OMIM:619124	https://hpo.jax.org/browse/term/HP:0000431	2026-10-03	observed	PCS				"{""atlas_edge_id"": ""E0150567"", ""frequency"": ""2/11"", ""reference"": ""PMID:32282878"", ""onset"": """"}"
ATL000722	MONDO:0030856	has_phenotype	HP:0002079	HPO annotations	OMIM:619124	https://hpo.jax.org/browse/term/HP:0002079	2026-10-03	observed	PCS				"{""atlas_edge_id"": ""E0150568"", ""frequency"": ""1/9"", ""reference"": ""PMID:32282878"", ""onset"": """"}"
ATL000723	MONDO:0030856	has_phenotype	HP:0001263	HPO annotations	OMIM:619124	https://hpo.jax.org/browse/term/HP:0001263	2026-10-03	observed	PCS				"{""atlas_edge_id"": ""E0150569"", ""frequency"": ""7/7"", ""reference"": ""PMID:32282878"", ""onset"": """"}"
ATL000724	MONDO:0030856	has_phenotype	HP:0002273	HPO annotations	OMIM:619124	https://hpo.jax.org/browse/term/HP:0002273	2026-10-03	observed	PCS				"{""atlas_edge_id"": ""E0150570"", ""frequency"": ""2/11"", ""reference"": ""PMID:32282878"", ""onset"": """"}"
ATL000725	MONDO:0030856	has_phenotype	HP:0025190	HPO annotations	OMIM:619124	https://hpo.jax.org/browse/term/HP:0025190	2026-10-03	observed	PCS				"{""atlas_edge_id"": ""E0150571"", ""frequency"": ""2/11"", ""reference"": ""PMID:32282878"", ""onset"": """"}"
ATL000726	MONDO:0030856	has_phenotype	HP:0010851	HPO annotations	OMIM:619124	https://hpo.jax.org/browse/term/HP:0010851	2026-10-03	observed	PCS				"{""atlas_edge_id"": ""E0150572"", ""frequency"": ""7/10"", ""reference"": ""PMID:32282878"", ""onset"": """"}"
ATL000727	MONDO:0030856	has_phenotype	HP:0005280	HPO annotations	OMIM:619124	https://hpo.jax.org/browse/term/HP:0005280	2026-10-03	observed	PCS				"{""atlas_edge_id"": ""E0150573"", ""frequency"": ""1/11"", ""reference"": ""PMID:32282878"", ""onset"": """"}"
ATL000728	MONDO:0030856	has_phenotype	HP:0011097	HPO annotations	OMIM:619124	https://hpo.jax.org/browse/term/HP:0011097	2026-10-03	observed	PCS				"{""atlas_edge_id"": ""E0150574"", ""frequency"": ""6/11"", ""reference"": ""PMID:32282878"", ""onset"": """"}"
ATL000729	MONDO:0030856	has_phenotype	HP:0000308	HPO annotations	OMIM:619124	https://hpo.jax.org/browse/term/HP:0000308	2026-10-03	observed	PCS				"{""atlas_edge_id"": ""E0150575"", ""frequency"": ""2/11"", ""reference"": ""PMID:32282878"", ""onset"": """"}"
ATL000730	MONDO:0030856	has_phenotype	HP:0001539	HPO annotations	OMIM:619124	https://hpo.jax.org/browse/term/HP:0001539	2026-10-03	observed	PCS				"{""atlas_edge_id"": ""E0150576"", ""frequency"": ""2/11"", ""reference"": ""PMID:32282878"", ""onset"": """"}"
ATL000731	MONDO:0030856	has_phenotype	HP:0008665	HPO annotations	OMIM:619124	https://hpo.jax.org/browse/term/HP:0008665	2026-10-03	observed	PCS				"{""atlas_edge_id"": ""E0150577"", ""frequency"": ""1/5"", ""reference"": ""PMID:32282878"", ""onset"": """"}"
ATL000732	MONDO:0030856	has_phenotype	HP:0001257	HPO annotations	OMIM:619124	https://hpo.jax.org/browse/term/HP:0001257	2026-10-03	observed	PCS				"{""atlas_edge_id"": ""E0150578"", ""frequency"": ""5/11"", ""reference"": ""PMID:32282878"", ""onset"": """"}"
ATL000733	MONDO:0030856	has_phenotype	HP:0000369	HPO annotations	OMIM:619124	https://hpo.jax.org/browse/term/HP:0000369	2026-10-03	observed	PCS				"{""atlas_edge_id"": ""E0150579"", ""frequency"": ""2/11"", ""reference"": ""PMID:32282878"", ""onset"": """"}"
ATL000734	MONDO:0032678	has_phenotype	HP:0001250	HPO annotations	OMIM:618328	https://hpo.jax.org/browse/term/HP:0001250	2026-10-03	observed	PCS				"{""atlas_edge_id"": ""E0155517"", ""frequency"": ""4/4"", ""reference"": ""PMID:30575854"", ""onset"": """"}"
ATL000735	MONDO:0032678	has_phenotype	HP:0012196	HPO annotations	OMIM:618328	https://hpo.jax.org/browse/term/HP:0012196	2026-10-03	observed	PCS				"{""atlas_edge_id"": ""E0155518"", ""frequency"": ""1/4"", ""reference"": ""PMID:30575854"", ""onset"": """"}"
ATL000736	MONDO:0032678	has_phenotype	HP:0001252	HPO annotations	OMIM:618328	https://hpo.jax.org/browse/term/HP:0001252	2026-10-03	observed	PCS				"{""atlas_edge_id"": ""E0155519"", ""frequency"": ""3/3"", ""reference"": ""PMID:30575854"", ""onset"": """"}"
ATL000737	MONDO:0032678	has_phenotype	HP:0002171	HPO annotations	OMIM:618328	https://hpo.jax.org/browse/term/HP:0002171	2026-10-03	observed	PCS				"{""atlas_edge_id"": ""E0155520"", ""frequency"": ""1/3"", ""reference"": ""PMID:30575854"", ""onset"": """"}"
ATL000738	MONDO:0032678	has_phenotype	HP:0010851	HPO annotations	OMIM:618328	https://hpo.jax.org/browse/term/HP:0010851	2026-10-03	observed	PCS				"{""atlas_edge_id"": ""E0155521"", ""frequency"": ""3/3"", ""reference"": ""PMID:30575854"", ""onset"": """"}"
ATL000739	MONDO:0032678	has_phenotype	HP:0200134	HPO annotations	OMIM:618328	https://hpo.jax.org/browse/term/HP:0200134	2026-10-03	observed	PCS				"{""atlas_edge_id"": ""E0155522"", ""frequency"": ""4/4"", ""reference"": ""PMID:30575854"", ""onset"": """"}"
ATL000740	MONDO:0032678	has_phenotype	HP:0002878	HPO annotations	OMIM:618328	https://hpo.jax.org/browse/term/HP:0002878	2026-10-03	observed	PCS				"{""atlas_edge_id"": ""E0155523"", ""frequency"": ""3/4"", ""reference"": ""PMID:30575854"", ""onset"": """"}"
ATL000741	MONDO:0032678	has_phenotype	HP:0002093	HPO annotations	OMIM:618328	https://hpo.jax.org/browse/term/HP:0002093	2026-10-03	observed	PCS				"{""atlas_edge_id"": ""E0155524"", ""frequency"": ""4/4"", ""reference"": ""PMID:30575854"", ""onset"": """"}"
ATL000742	MONDO:0032678	has_phenotype	HP:0007305	HPO annotations	OMIM:618328	https://hpo.jax.org/browse/term/HP:0007305	2026-10-03	observed	PCS				"{""atlas_edge_id"": ""E0155525"", ""frequency"": ""1/3"", ""reference"": ""PMID:30575854"", ""onset"": """"}"
ATL000743	MONDO:0032678	has_phenotype	HP:0009879	HPO annotations	OMIM:618328	https://hpo.jax.org/browse/term/HP:0009879	2026-10-03	observed	PCS				"{""atlas_edge_id"": ""E0155526"", ""frequency"": ""2/3"", ""reference"": ""PMID:30575854"", ""onset"": """"}"
ATL000744	MONDO:0032685	has_phenotype	HP:0008936	HPO annotations	OMIM:618339	https://hpo.jax.org/browse/term/HP:0008936	2026-10-03	observed	PCS				"{""atlas_edge_id"": ""E0155633"", ""frequency"": ""1/1"", ""reference"": ""PMID:30239721"", ""onset"": """"}"
ATL000745	MONDO:0032685	has_phenotype	HP:0002751	HPO annotations	OMIM:618339	https://hpo.jax.org/browse/term/HP:0002751	2026-10-03	observed	PCS				"{""atlas_edge_id"": ""E0155634"", ""frequency"": ""1/1"", ""reference"": ""PMID:30239721"", ""onset"": """"}"
ATL000746	MONDO:0032685	has_phenotype	HP:0002188	HPO annotations	OMIM:618339	https://hpo.jax.org/browse/term/HP:0002188	2026-10-03	observed	PCS				"{""atlas_edge_id"": ""E0155635"", ""frequency"": ""1/1"", ""reference"": ""PMID:30239721"", ""onset"": """"}"
ATL000747	MONDO:0032685	has_phenotype	HP:0001036	HPO annotations	OMIM:618339	https://hpo.jax.org/browse/term/HP:0001036	2026-10-03	observed	PCS				"{""atlas_edge_id"": ""E0155636"", ""frequency"": ""1/1"", ""reference"": ""PMID:30239721"", ""onset"": """"}"
ATL000748	MONDO:0032685	has_phenotype	HP:0001263	HPO annotations	OMIM:618339	https://hpo.jax.org/browse/term/HP:0001263	2026-10-03	observed	PCS				"{""atlas_edge_id"": ""E0155637"", ""frequency"": ""1/1"", ""reference"": ""PMID:30239721"", ""onset"": """"}"
ATL000749	MONDO:0032685	has_phenotype	HP:0005484	HPO annotations	OMIM:618339	https://hpo.jax.org/browse/term/HP:0005484	2026-10-03	observed	PCS				"{""atlas_edge_id"": ""E0155638"", ""frequency"": ""1/1"", ""reference"": ""PMID:30239721"", ""onset"": """"}"
ATL000750	MONDO:0032685	has_phenotype	HP:0001482	HPO annotations	OMIM:618339	https://hpo.jax.org/browse/term/HP:0001482	2026-10-03	observed	PCS				"{""atlas_edge_id"": ""E0155639"", ""frequency"": ""1/1"", ""reference"": ""PMID:30239721"", ""onset"": """"}"
ATL000751	MONDO:0032685	has_phenotype	HP:0000817	HPO annotations	OMIM:618339	https://hpo.jax.org/browse/term/HP:0000817	2026-10-03	observed	PCS				"{""atlas_edge_id"": ""E0155640"", ""frequency"": ""1/1"", ""reference"": ""PMID:30239721"", ""onset"": """"}"
ATL000752	MONDO:0032685	has_phenotype	HP:0100716	HPO annotations	OMIM:618339	https://hpo.jax.org/browse/term/HP:0100716	2026-10-03	observed	PCS				"{""atlas_edge_id"": ""E0155641"", ""frequency"": ""1/1"", ""reference"": ""PMID:30239721"", ""onset"": """"}"
ATL000753	MONDO:0032685	has_phenotype	HP:0000713	HPO annotations	OMIM:618339	https://hpo.jax.org/browse/term/HP:0000713	2026-10-03	observed	PCS				"{""atlas_edge_id"": ""E0155642"", ""frequency"": ""1/1"", ""reference"": ""PMID:30239721"", ""onset"": """"}"
ATL000754	MONDO:0032685	has_phenotype	HP:0000962	HPO annotations	OMIM:618339	https://hpo.jax.org/browse/term/HP:0000962	2026-10-03	observed	PCS				"{""atlas_edge_id"": ""E0155643"", ""frequency"": ""1/1"", ""reference"": ""PMID:30239721"", ""onset"": """"}"
ATL000755	MONDO:0032733	has_phenotype	HP:0000750	HPO annotations	OMIM:618412	https://hpo.jax.org/browse/term/HP:0000750	2026-10-03	observed	PCS				"{""atlas_edge_id"": ""E0156448"", ""frequency"": ""3/3"", ""reference"": ""PMID:30970188"", ""onset"": """"}"
ATL000756	MONDO:0032733	has_phenotype	HP:0002373	HPO annotations	OMIM:618412	https://hpo.jax.org/browse/term/HP:0002373	2026-10-03	observed	PCS				"{""atlas_edge_id"": ""E0156449"", ""frequency"": ""1/3"", ""reference"": ""PMID:30970188"", ""onset"": """"}"
ATL000757	MONDO:0032733	has_phenotype	HP:0001272	HPO annotations	OMIM:618412	https://hpo.jax.org/browse/term/HP:0001272	2026-10-03	observed	PCS				"{""atlas_edge_id"": ""E0156450"", ""frequency"": ""1/3"", ""reference"": ""PMID:30970188"", ""onset"": ""HP:0003621""}"
ATL000758	MONDO:0032733	has_phenotype	HP:0001263	HPO annotations	OMIM:618412	https://hpo.jax.org/browse/term/HP:0001263	2026-10-03	observed	PCS				"{""atlas_edge_id"": ""E0156451"", ""frequency"": ""3/3"", ""reference"": ""PMID:30970188"", ""onset"": """"}"
ATL000759	MONDO:0032733	has_phenotype	HP:0002194	HPO annotations	OMIM:618412	https://hpo.jax.org/browse/term/HP:0002194	2026-10-03	observed	PCS				"{""atlas_edge_id"": ""E0156452"", ""frequency"": ""3/3"", ""reference"": ""PMID:30970188"", ""onset"": """"}"
ATL000760	MONDO:0032733	has_phenotype	HP:0002073	HPO annotations	OMIM:618412	https://hpo.jax.org/browse/term/HP:0002073	2026-10-03	observed	PCS				"{""atlas_edge_id"": ""E0156453"", ""frequency"": ""3/3"", ""reference"": ""PMID:30970188"", ""onset"": """"}"
ATL000761	MONDO:0032733	has_phenotype	HP:0003217	HPO annotations	OMIM:618412	https://hpo.jax.org/browse/term/HP:0003217	2026-10-03	observed	PCS				"{""atlas_edge_id"": ""E0156454"", ""frequency"": ""3/3"", ""reference"": ""PMID:30970188"", ""onset"": """"}"
ATL000762	MONDO:0032900	has_phenotype	HP:0008936	HPO annotations	OMIM:618760	https://hpo.jax.org/browse/term/HP:0008936	2026-10-03	observed	PCS				"{""atlas_edge_id"": ""E0159470"", ""frequency"": ""5/5"", ""reference"": ""PMID:30929742"", ""onset"": ""HP:0003577""}"
ATL000763	MONDO:0032900	has_phenotype	HP:0002353	HPO annotations	OMIM:618760	https://hpo.jax.org/browse/term/HP:0002353	2026-10-03	observed	PCS				"{""atlas_edge_id"": ""E0159471"", ""frequency"": ""5/5"", ""reference"": ""PMID:30929742"", ""onset"": """"}"
ATL000764	MONDO:0032900	has_phenotype	HP:0002540	HPO annotations	OMIM:618760	https://hpo.jax.org/browse/term/HP:0002540	2026-10-03	observed	PCS				"{""atlas_edge_id"": ""E0159472"", ""frequency"": ""3/5"", ""reference"": ""PMID:30929742"", ""onset"": """"}"
ATL000765	MONDO:0032900	has_phenotype	HP:0001332	HPO annotations	OMIM:618760	https://hpo.jax.org/browse/term/HP:0001332	2026-10-03	observed	PCS				"{""atlas_edge_id"": ""E0159473"", ""frequency"": ""1/5"", ""reference"": ""PMID:30929742"", ""onset"": """"}"
ATL000766	MONDO:0032900	has_phenotype	HP:0002079	HPO annotations	OMIM:618760	https://hpo.jax.org/browse/term/HP:0002079	2026-10-03	observed	PCS				"{""atlas_edge_id"": ""E0159474"", ""frequency"": ""1/5"", ""reference"": ""PMID:30929742"", ""onset"": """"}"
ATL000767	MONDO:0032900	has_phenotype	HP:0001263	HPO annotations	OMIM:618760	https://hpo.jax.org/browse/term/HP:0001263	2026-10-03	observed	PCS				"{""atlas_edge_id"": ""E0159475"", ""frequency"": ""5/5"", ""reference"": ""PMID:30929742"", ""onset"": """"}"
ATL000768	MONDO:0032900	has_phenotype	HP:0002072	HPO annotations	OMIM:618760	https://hpo.jax.org/browse/term/HP:0002072	2026-10-03	observed	PCS				"{""atlas_edge_id"": ""E0159476"", ""frequency"": ""2/5"", ""reference"": ""PMID:30929742"", ""onset"": """"}"
ATL000769	MONDO:0032900	has_phenotype	HP:0000708	HPO annotations	OMIM:618760	https://hpo.jax.org/browse/term/HP:0000708	2026-10-03	observed	PCS				"{""atlas_edge_id"": ""E0159477"", ""frequency"": ""3/5"", ""reference"": ""PMID:30929742"", ""onset"": """"}"
ATL000770	MONDO:0032900	has_phenotype	HP:0100704	HPO annotations	OMIM:618760	https://hpo.jax.org/browse/term/HP:0100704	2026-10-03	observed	PCS				"{""atlas_edge_id"": ""E0159478"", ""frequency"": ""3/5"", ""reference"": ""PMID:30929742"", ""onset"": """"}"
ATL000771	MONDO:0032900	has_phenotype	HP:0032660	HPO annotations	OMIM:618760	https://hpo.jax.org/browse/term/HP:0032660	2026-10-03	observed	PCS				"{""atlas_edge_id"": ""E0159479"", ""frequency"": ""1/5"", ""reference"": ""PMID:30929742"", ""onset"": """"}"
ATL000772	MONDO:0032900	has_phenotype	HP:0000729	HPO annotations	OMIM:618760	https://hpo.jax.org/browse/term/HP:0000729	2026-10-03	observed	PCS				"{""atlas_edge_id"": ""E0159480"", ""frequency"": ""5/5"", ""reference"": ""PMID:30929742"", ""onset"": """"}"
ATL000773	MONDO:0032900	has_phenotype	HP:0100716	HPO annotations	OMIM:618760	https://hpo.jax.org/browse/term/HP:0100716	2026-10-03	observed	PCS				"{""atlas_edge_id"": ""E0159481"", ""frequency"": ""1/5"", ""reference"": ""PMID:30929742"", ""onset"": """"}"
ATL000774	MONDO:0032900	has_phenotype	HP:0012171	HPO annotations	OMIM:618760	https://hpo.jax.org/browse/term/HP:0012171	2026-10-03	observed	PCS				"{""atlas_edge_id"": ""E0159482"", ""frequency"": ""4/5"", ""reference"": ""PMID:30929742"", ""onset"": """"}"
ATL000775	MONDO:0032900	has_phenotype	HP:0007359	HPO annotations	OMIM:618760	https://hpo.jax.org/browse/term/HP:0007359	2026-10-03	observed	PCS				"{""atlas_edge_id"": ""E0159483"", ""frequency"": ""2/5"", ""reference"": ""PMID:30929742"", ""onset"": """"}"
ATL000776	MONDO:0032900	has_phenotype	HP:0001249	HPO annotations	OMIM:618760	https://hpo.jax.org/browse/term/HP:0001249	2026-10-03	observed	PCS				"{""atlas_edge_id"": ""E0159484"", ""frequency"": ""5/5"", ""reference"": ""PMID:30929742"", ""onset"": """"}"
ATL000777	MONDO:0033372	has_phenotype	HP:0002069	HPO annotations	OMIM:617976	https://hpo.jax.org/browse/term/HP:0002069	2026-10-03	observed	PCS				"{""atlas_edge_id"": ""E0160981"", ""frequency"": ""3/3"", ""reference"": ""PMID:28422131"", ""onset"": """"}"
ATL000778	MONDO:0033372	has_phenotype	HP:0002421	HPO annotations	OMIM:617976	https://hpo.jax.org/browse/term/HP:0002421	2026-10-03	observed	PCS				"{""atlas_edge_id"": ""E0160982"", ""frequency"": ""1/3"", ""reference"": ""PMID:28422131"", ""onset"": """"}"
ATL000779	MONDO:0033372	has_phenotype	HP:0002540	HPO annotations	OMIM:617976	https://hpo.jax.org/browse/term/HP:0002540	2026-10-03	observed	PCS				"{""atlas_edge_id"": ""E0160983"", ""frequency"": ""3/3"", ""reference"": ""PMID:28422131"", ""onset"": """"}"
ATL000780	MONDO:0033372	has_phenotype	HP:0000343	HPO annotations	OMIM:617976	https://hpo.jax.org/browse/term/HP:0000343	2026-10-03	observed	PCS				"{""atlas_edge_id"": ""E0160984"", ""frequency"": ""2/3"", ""reference"": ""PMID:28422131"", ""onset"": """"}"
ATL000781	MONDO:0033372	has_phenotype	HP:0000486	HPO annotations	OMIM:617976	https://hpo.jax.org/browse/term/HP:0000486	2026-10-03	observed	PCS				"{""atlas_edge_id"": ""E0160985"", ""frequency"": ""1/3"", ""reference"": ""PMID:28422131"", ""onset"": """"}"
ATL000782	MONDO:0033372	has_phenotype	HP:0002123	HPO annotations	OMIM:617976	https://hpo.jax.org/browse/term/HP:0002123	2026-10-03	observed	PCS				"{""atlas_edge_id"": ""E0160986"", ""frequency"": ""3/3"", ""reference"": ""PMID:28422131"", ""onset"": """"}"
ATL000783	MONDO:0033372	has_phenotype	HP:0002120	HPO annotations	OMIM:617976	https://hpo.jax.org/browse/term/HP:0002120	2026-10-03	observed	PCS				"{""atlas_edge_id"": ""E0160987"", ""frequency"": ""0/3"", ""reference"": ""PMID:28422131"", ""onset"": """"}"
ATL000784	MONDO:0033372	has_phenotype	HP:0001250	HPO annotations	OMIM:617976	https://hpo.jax.org/browse/term/HP:0001250	2026-10-03	observed	PCS				"{""atlas_edge_id"": ""E0160988"", ""frequency"": ""3/3"", ""reference"": ""PMID:28422131"", ""onset"": """"}"
ATL000785	MONDO:0033372	has_phenotype	HP:0001252	HPO annotations	OMIM:617976	https://hpo.jax.org/browse/term/HP:0001252	2026-10-03	observed	PCS				"{""atlas_edge_id"": ""E0160989"", ""frequency"": ""3/3"", ""reference"": ""PMID:28422131"", ""onset"": """"}"
ATL000786	MONDO:0033372	has_phenotype	HP:0032794	HPO annotations	OMIM:617976	https://hpo.jax.org/browse/term/HP:0032794	2026-10-03	observed	PCS				"{""atlas_edge_id"": ""E0160990"", ""frequency"": ""1/3"", ""reference"": ""PMID:28422131"", ""onset"": """"}"
ATL000787	MONDO:0033372	has_phenotype	HP:0002719	HPO annotations	OMIM:617976	https://hpo.jax.org/browse/term/HP:0002719	2026-10-03	observed	PCS				"{""atlas_edge_id"": ""E0160991"", ""frequency"": ""2/3"", ""reference"": ""PMID:28422131"", ""onset"": """"}"
ATL000788	MONDO:0033372	has_phenotype	HP:0000316	HPO annotations	OMIM:617976	https://hpo.jax.org/browse/term/HP:0000316	2026-10-03	observed	PCS				"{""atlas_edge_id"": ""E0160992"", ""frequency"": ""2/3"", ""reference"": ""PMID:28422131"", ""onset"": """"}"
ATL000789	MONDO:0033372	has_phenotype	HP:0001845	HPO annotations	OMIM:617976	https://hpo.jax.org/browse/term/HP:0001845	2026-10-03	observed	PCS				"{""atlas_edge_id"": ""E0160993"", ""frequency"": ""2/3"", ""reference"": ""PMID:28422131"", ""onset"": """"}"
ATL000790	MONDO:0033372	has_phenotype	HP:0000414	HPO annotations	OMIM:617976	https://hpo.jax.org/browse/term/HP:0000414	2026-10-03	observed	PCS				"{""atlas_edge_id"": ""E0160994"", ""frequency"": ""1/3"", ""reference"": ""PMID:28422131"", ""onset"": """"}"
ATL000791	MONDO:0033372	has_phenotype	HP:0000219	HPO annotations	OMIM:617976	https://hpo.jax.org/browse/term/HP:0000219	2026-10-03	observed	PCS				"{""atlas_edge_id"": ""E0160995"", ""frequency"": ""3/3"", ""reference"": ""PMID:28422131"", ""onset"": """"}"
ATL000792	MONDO:0033372	has_phenotype	HP:0001249	HPO annotations	OMIM:617976	https://hpo.jax.org/browse/term/HP:0001249	2026-10-03	observed	PCS				"{""atlas_edge_id"": ""E0160996"", ""frequency"": ""3/3"", ""reference"": ""PMID:28422131"", ""onset"": """"}"
ATL000793	MONDO:0033372	has_phenotype	HP:0002553	HPO annotations	OMIM:617976	https://hpo.jax.org/browse/term/HP:0002553	2026-10-03	observed	PCS				"{""atlas_edge_id"": ""E0160997"", ""frequency"": ""2/3"", ""reference"": ""PMID:28422131"", ""onset"": """"}"
ATL000794	MONDO:0033372	has_phenotype	HP:0000175	HPO annotations	OMIM:617976	https://hpo.jax.org/browse/term/HP:0000175	2026-10-03	observed	PCS				"{""atlas_edge_id"": ""E0160998"", ""frequency"": ""1/3"", ""reference"": ""PMID:28422131"", ""onset"": """"}"
ATL000795	MONDO:0033372	has_phenotype	HP:0001344	HPO annotations	OMIM:617976	https://hpo.jax.org/browse/term/HP:0001344	2026-10-03	observed	PCS				"{""atlas_edge_id"": ""E0160999"", ""frequency"": ""3/3"", ""reference"": ""PMID:28422131"", ""onset"": """"}"
ATL000796	MONDO:0033372	has_phenotype	HP:0000574	HPO annotations	OMIM:617976	https://hpo.jax.org/browse/term/HP:0000574	2026-10-03	observed	PCS				"{""atlas_edge_id"": ""E0161000"", ""frequency"": ""1/3"", ""reference"": ""PMID:28422131"", ""onset"": """"}"
ATL000797	MONDO:0033372	has_phenotype	HP:0031936	HPO annotations	OMIM:617976	https://hpo.jax.org/browse/term/HP:0031936	2026-10-03	observed	PCS				"{""atlas_edge_id"": ""E0161001"", ""frequency"": ""3/3"", ""reference"": ""PMID:28422131"", ""onset"": """"}"
ATL000798	MONDO:0033372	has_phenotype	HP:0011968	HPO annotations	OMIM:617976	https://hpo.jax.org/browse/term/HP:0011968	2026-10-03	observed	PCS				"{""atlas_edge_id"": ""E0161002"", ""frequency"": ""1/3"", ""reference"": ""PMID:28422131"", ""onset"": """"}"
ATL000799	MONDO:0033372	has_phenotype	HP:0002197	HPO annotations	OMIM:617976	https://hpo.jax.org/browse/term/HP:0002197	2026-10-03	observed	PCS				"{""atlas_edge_id"": ""E0161003"", ""frequency"": ""2/3"", ""reference"": ""PMID:28422131"", ""onset"": """"}"
ATL000800	MONDO:0033372	has_phenotype	HP:0010818	HPO annotations	OMIM:617976	https://hpo.jax.org/browse/term/HP:0010818	2026-10-03	observed	PCS				"{""atlas_edge_id"": ""E0161004"", ""frequency"": ""1/3"", ""reference"": ""PMID:28422131"", ""onset"": """"}"
ATL000801	MONDO:0033372	has_phenotype	HP:0001263	HPO annotations	OMIM:617976	https://hpo.jax.org/browse/term/HP:0001263	2026-10-03	observed	PCS				"{""atlas_edge_id"": ""E0161005"", ""frequency"": ""3/3"", ""reference"": ""PMID:28422131"", ""onset"": """"}"
ATL000802	MONDO:0033372	has_phenotype	HP:0100021	HPO annotations	OMIM:617976	https://hpo.jax.org/browse/term/HP:0100021	2026-10-03	observed	PCS				"{""atlas_edge_id"": ""E0161006"", ""frequency"": ""1/3"", ""reference"": ""PMID:28422131"", ""onset"": """"}"
ATL000803	MONDO:0033372	has_phenotype	HP:0011800	HPO annotations	OMIM:617976	https://hpo.jax.org/browse/term/HP:0011800	2026-10-03	observed	PCS				"{""atlas_edge_id"": ""E0161007"", ""frequency"": ""2/3"", ""reference"": ""PMID:28422131"", ""onset"": """"}"
ATL000804	MONDO:0033372	has_phenotype	HP:0033258	HPO annotations	OMIM:617976	https://hpo.jax.org/browse/term/HP:0033258	2026-10-03	observed	PCS				"{""atlas_edge_id"": ""E0161008"", ""frequency"": ""1/3"", ""reference"": ""PMID:28422131"", ""onset"": """"}"
ATL000805	MONDO:0033372	has_phenotype	HP:0011097	HPO annotations	OMIM:617976	https://hpo.jax.org/browse/term/HP:0011097	2026-10-03	observed	PCS				"{""atlas_edge_id"": ""E0161009"", ""frequency"": ""1/3"", ""reference"": ""PMID:28422131"", ""onset"": """"}"
ATL000806	MONDO:0033372	has_phenotype	HP:0011198	HPO annotations	OMIM:617976	https://hpo.jax.org/browse/term/HP:0011198	2026-10-03	observed	PCS				"{""atlas_edge_id"": ""E0161010"", ""frequency"": ""1/3"", ""reference"": ""PMID:28422131"", ""onset"": """"}"
ATL000807	MONDO:0033372	has_phenotype	HP:0200134	HPO annotations	OMIM:617976	https://hpo.jax.org/browse/term/HP:0200134	2026-10-03	observed	PCS				"{""atlas_edge_id"": ""E0161011"", ""frequency"": ""3/3"", ""reference"": ""PMID:28422131"", ""onset"": """"}"
ATL000808	MONDO:0033372	has_phenotype	HP:0000405	HPO annotations	OMIM:617976	https://hpo.jax.org/browse/term/HP:0000405	2026-10-03	observed	PCS				"{""atlas_edge_id"": ""E0161012"", ""frequency"": ""1/3"", ""reference"": ""PMID:28422131"", ""onset"": """"}"
ATL000809	MONDO:0033864	has_phenotype	HP:0000286	HPO annotations	OMIM:618218	https://hpo.jax.org/browse/term/HP:0000286	2026-10-03	observed	IEA				"{""atlas_edge_id"": ""E0162858"", ""frequency"": """", ""reference"": ""OMIM:618218"", ""onset"": """"}"
ATL000810	MONDO:0033864	has_phenotype	HP:0002487	HPO annotations	OMIM:618218	https://hpo.jax.org/browse/term/HP:0002487	2026-10-03	observed	PCS				"{""atlas_edge_id"": ""E0162859"", ""frequency"": ""1/11"", ""reference"": ""PMID:30107533"", ""onset"": """"}"
ATL000811	MONDO:0033864	has_phenotype	HP:0002540	HPO annotations	OMIM:618218	https://hpo.jax.org/browse/term/HP:0002540	2026-10-03	observed	IEA				"{""atlas_edge_id"": ""E0162860"", ""frequency"": """", ""reference"": ""OMIM:618218"", ""onset"": """"}"
ATL000812	MONDO:0033864	has_phenotype	HP:0000486	HPO annotations	OMIM:618218	https://hpo.jax.org/browse/term/HP:0000486	2026-10-03	observed	PCS				"{""atlas_edge_id"": ""E0162861"", ""frequency"": ""2/11"", ""reference"": ""PMID:30107533"", ""onset"": """"}"
ATL000813	MONDO:0033864	has_phenotype	HP:0001332	HPO annotations	OMIM:618218	https://hpo.jax.org/browse/term/HP:0001332	2026-10-03	observed	PCS				"{""atlas_edge_id"": ""E0162862"", ""frequency"": ""3/11"", ""reference"": ""PMID:30107533"", ""onset"": """"}"
ATL000814	MONDO:0033864	has_phenotype	HP:0003196	HPO annotations	OMIM:618218	https://hpo.jax.org/browse/term/HP:0003196	2026-10-03	observed	IEA				"{""atlas_edge_id"": ""E0162863"", ""frequency"": """", ""reference"": ""OMIM:618218"", ""onset"": """"}"
ATL000815	MONDO:0033864	has_phenotype	HP:0001251	HPO annotations	OMIM:618218	https://hpo.jax.org/browse/term/HP:0001251	2026-10-03	observed	PCS				"{""atlas_edge_id"": ""E0162864"", ""frequency"": ""1/11"", ""reference"": ""PMID:30107533"", ""onset"": """"}"
ATL000816	MONDO:0033864	has_phenotype	HP:0002020	HPO annotations	OMIM:618218	https://hpo.jax.org/browse/term/HP:0002020	2026-10-03	observed	PCS				"{""atlas_edge_id"": ""E0162865"", ""frequency"": ""4/11"", ""reference"": ""PMID:30107533"", ""onset"": """"}"
ATL000817	MONDO:0033864	has_phenotype	HP:0005274	HPO annotations	OMIM:618218	https://hpo.jax.org/browse/term/HP:0005274	2026-10-03	observed	IEA				"{""atlas_edge_id"": ""E0162866"", ""frequency"": """", ""reference"": ""OMIM:618218"", ""onset"": """"}"
ATL000818	MONDO:0033864	has_phenotype	HP:0000639	HPO annotations	OMIM:618218	https://hpo.jax.org/browse/term/HP:0000639	2026-10-03	observed	PCS				"{""atlas_edge_id"": ""E0162867"", ""frequency"": ""5/11"", ""reference"": ""PMID:30107533"", ""onset"": """"}"
ATL000819	MONDO:0033864	has_phenotype	HP:0000319	HPO annotations	OMIM:618218	https://hpo.jax.org/browse/term/HP:0000319	2026-10-03	observed	IEA				"{""atlas_edge_id"": ""E0162868"", ""frequency"": """", ""reference"": ""OMIM:618218"", ""onset"": """"}"
ATL000820	MONDO:0033864	has_phenotype	HP:0000733	HPO annotations	OMIM:618218	https://hpo.jax.org/browse/term/HP:0000733	2026-10-03	observed	PCS				"{""atlas_edge_id"": ""E0162869"", ""frequency"": ""4/11"", ""reference"": ""PMID:30107533"", ""onset"": """"}"
ATL000821	MONDO:0033864	has_phenotype	HP:0000219	HPO annotations	OMIM:618218	https://hpo.jax.org/browse/term/HP:0000219	2026-10-03	observed	IEA				"{""atlas_edge_id"": ""E0162870"", ""frequency"": """", ""reference"": ""OMIM:618218"", ""onset"": """"}"
ATL000822	MONDO:0033864	has_phenotype	HP:0001760	HPO annotations	OMIM:618218	https://hpo.jax.org/browse/term/HP:0001760	2026-10-03	observed	IEA				"{""atlas_edge_id"": ""E0162871"", ""frequency"": """", ""reference"": ""OMIM:618218"", ""onset"": """"}"
ATL000823	MONDO:0033864	has_phenotype	HP:0002353	HPO annotations	OMIM:618218	https://hpo.jax.org/browse/term/HP:0002353	2026-10-03	observed	IEA				"{""atlas_edge_id"": ""E0162872"", ""frequency"": """", ""reference"": ""OMIM:618218"", ""onset"": """"}"
ATL000824	MONDO:0033864	has_phenotype	HP:0002650	HPO annotations	OMIM:618218	https://hpo.jax.org/browse/term/HP:0002650	2026-10-03	observed	IEA				"{""atlas_edge_id"": ""E0162873"", ""frequency"": """", ""reference"": ""OMIM:618218"", ""onset"": """"}"
ATL000825	MONDO:0033864	has_phenotype	HP:0001344	HPO annotations	OMIM:618218	https://hpo.jax.org/browse/term/HP:0001344	2026-10-03	observed	PCS				"{""atlas_edge_id"": ""E0162874"", ""frequency"": ""9/11"", ""reference"": ""PMID:30107533"", ""onset"": """"}"
ATL000826	MONDO:0033864	has_phenotype	HP:0001266	HPO annotations	OMIM:618218	https://hpo.jax.org/browse/term/HP:0001266	2026-10-03	observed	PCS				"{""atlas_edge_id"": ""E0162875"", ""frequency"": ""2/11"", ""reference"": ""PMID:30107533"", ""onset"": """"}"
ATL000827	MONDO:0033864	has_phenotype	HP:0031936	HPO annotations	OMIM:618218	https://hpo.jax.org/browse/term/HP:0031936	2026-10-03	observed	PCS				"{""atlas_edge_id"": ""E0162876"", ""frequency"": ""4/4"", ""reference"": ""PMID:30107533"", ""onset"": """"}"
ATL000828	MONDO:0033864	has_phenotype	HP:0011968	HPO annotations	OMIM:618218	https://hpo.jax.org/browse/term/HP:0011968	2026-10-03	observed	PCS				"{""atlas_edge_id"": ""E0162877"", ""frequency"": ""2/11"", ""reference"": ""PMID:30107533"", ""onset"": """"}"
ATL000829	MONDO:0033864	has_phenotype	HP:0001382	HPO annotations	OMIM:618218	https://hpo.jax.org/browse/term/HP:0001382	2026-10-03	observed	IEA				"{""atlas_edge_id"": ""E0162878"", ""frequency"": """", ""reference"": ""OMIM:618218"", ""onset"": """"}"
ATL000830	MONDO:0033864	has_phenotype	HP:0001263	HPO annotations	OMIM:618218	https://hpo.jax.org/browse/term/HP:0001263	2026-10-03	observed	IEA				"{""atlas_edge_id"": ""E0162879"", ""frequency"": """", ""reference"": ""OMIM:618218"", ""onset"": """"}"
ATL000831	MONDO:0033864	has_phenotype	HP:0011445	HPO annotations	OMIM:618218	https://hpo.jax.org/browse/term/HP:0011445	2026-10-03	observed	PCS				"{""atlas_edge_id"": ""E0162880"", ""frequency"": ""1/11"", ""reference"": ""PMID:30107533"", ""onset"": """"}"
ATL000832	MONDO:0033864	has_phenotype	HP:0100660	HPO annotations	OMIM:618218	https://hpo.jax.org/browse/term/HP:0100660	2026-10-03	observed	IEA				"{""atlas_edge_id"": ""E0162881"", ""frequency"": """", ""reference"": ""OMIM:618218"", ""onset"": """"}"
ATL000833	MONDO:0033864	has_phenotype	HP:0010535	HPO annotations	OMIM:618218	https://hpo.jax.org/browse/term/HP:0010535	2026-10-03	observed	PCS				"{""atlas_edge_id"": ""E0162882"", ""frequency"": ""1/11"", ""reference"": ""PMID:30107533"", ""onset"": """"}"
ATL000834	MONDO:0033864	has_phenotype	HP:0000348	HPO annotations	OMIM:618218	https://hpo.jax.org/browse/term/HP:0000348	2026-10-03	observed	IEA				"{""atlas_edge_id"": ""E0162883"", ""frequency"": """", ""reference"": ""OMIM:618218"", ""onset"": """"}"
ATL000835	MONDO:0033864	has_phenotype	HP:0001319	HPO annotations	OMIM:618218	https://hpo.jax.org/browse/term/HP:0001319	2026-10-03	observed	IEA				"{""atlas_edge_id"": ""E0162884"", ""frequency"": """", ""reference"": ""OMIM:618218"", ""onset"": """"}"
ATL000836	MONDO:0033864	has_phenotype	HP:0100716	HPO annotations	OMIM:618218	https://hpo.jax.org/browse/term/HP:0100716	2026-10-03	observed	PCS				"{""atlas_edge_id"": ""E0162885"", ""frequency"": ""9/11"", ""reference"": ""PMID:30107533"", ""onset"": """"}"
ATL000837	MONDO:0033864	has_phenotype	HP:0000505	HPO annotations	OMIM:618218	https://hpo.jax.org/browse/term/HP:0000505	2026-10-03	observed	IEA				"{""atlas_edge_id"": ""E0162886"", ""frequency"": """", ""reference"": ""OMIM:618218"", ""onset"": """"}"
ATL000838	MONDO:0033864	has_phenotype	HP:0004305	HPO annotations	OMIM:618218	https://hpo.jax.org/browse/term/HP:0004305	2026-10-03	observed	IEA				"{""atlas_edge_id"": ""E0162887"", ""frequency"": """", ""reference"": ""OMIM:618218"", ""onset"": """"}"
ATL000839	MONDO:0033864	has_phenotype	HP:0008138	HPO annotations	ORPHA:522077	https://hpo.jax.org/browse/term/HP:0008138	2026-10-03	observed	TAS				"{""atlas_edge_id"": ""E0162888"", ""frequency"": ""HP:0040283"", ""reference"": ""ORPHA:522077"", ""onset"": """"}"
ATL000840	MONDO:0033864	has_phenotype	HP:0010850	HPO annotations	ORPHA:522077	https://hpo.jax.org/browse/term/HP:0010850	2026-10-03	observed	TAS				"{""atlas_edge_id"": ""E0162889"", ""frequency"": ""HP:0040283"", ""reference"": ""ORPHA:522077"", ""onset"": """"}"
ATL000841	MONDO:0033864	has_phenotype	HP:0011194	HPO annotations	ORPHA:522077	https://hpo.jax.org/browse/term/HP:0011194	2026-10-03	observed	TAS				"{""atlas_edge_id"": ""E0162890"", ""frequency"": ""HP:0040283"", ""reference"": ""ORPHA:522077"", ""onset"": """"}"
ATL000842	MONDO:0033864	has_phenotype	HP:0011196	HPO annotations	ORPHA:522077	https://hpo.jax.org/browse/term/HP:0011196	2026-10-03	observed	TAS				"{""atlas_edge_id"": ""E0162891"", ""frequency"": ""HP:0040283"", ""reference"": ""ORPHA:522077"", ""onset"": """"}"
ATL000843	MONDO:0033864	has_phenotype	HP:0011228	HPO annotations	ORPHA:522077	https://hpo.jax.org/browse/term/HP:0011228	2026-10-03	observed	TAS				"{""atlas_edge_id"": ""E0162892"", ""frequency"": ""HP:0040283"", ""reference"": ""ORPHA:522077"", ""onset"": """"}"
ATL000844	MONDO:0033864	has_phenotype	HP:0012169	HPO annotations	ORPHA:522077	https://hpo.jax.org/browse/term/HP:0012169	2026-10-03	observed	TAS				"{""atlas_edge_id"": ""E0162893"", ""frequency"": ""HP:0040283"", ""reference"": ""ORPHA:522077"", ""onset"": """"}"
ATL000845	MONDO:0033864	has_phenotype	HP:0012448	HPO annotations	ORPHA:522077	https://hpo.jax.org/browse/term/HP:0012448	2026-10-03	observed	TAS				"{""atlas_edge_id"": ""E0162894"", ""frequency"": ""HP:0040283"", ""reference"": ""ORPHA:522077"", ""onset"": """"}"
ATL000846	MONDO:0033864	has_phenotype	HP:0025247	HPO annotations	ORPHA:522077	https://hpo.jax.org/browse/term/HP:0025247	2026-10-03	observed	TAS				"{""atlas_edge_id"": ""E0162895"", ""frequency"": ""HP:0040283"", ""reference"": ""ORPHA:522077"", ""onset"": """"}"
ATL000847	MONDO:0033864	has_phenotype	HP:0040296	HPO annotations	ORPHA:522077	https://hpo.jax.org/browse/term/HP:0040296	2026-10-03	observed	TAS				"{""atlas_edge_id"": ""E0162896"", ""frequency"": ""HP:0040283"", ""reference"": ""ORPHA:522077"", ""onset"": """"}"
ATL000848	MONDO:0033864	has_phenotype	HP:0100248	HPO annotations	ORPHA:522077	https://hpo.jax.org/browse/term/HP:0100248	2026-10-03	observed	TAS				"{""atlas_edge_id"": ""E0162897"", ""frequency"": ""HP:0040283"", ""reference"": ""ORPHA:522077"", ""onset"": """"}"
ATL000849	MONDO:0033864	has_phenotype	HP:0000729	HPO annotations	ORPHA:522077	https://hpo.jax.org/browse/term/HP:0000729	2026-10-03	observed	TAS				"{""atlas_edge_id"": ""E0162898"", ""frequency"": ""HP:0040281"", ""reference"": ""ORPHA:522077"", ""onset"": """"}"
ATL000850	MONDO:0033864	has_phenotype	HP:0001270	HPO annotations	ORPHA:522077	https://hpo.jax.org/browse/term/HP:0001270	2026-10-03	observed	TAS				"{""atlas_edge_id"": ""E0162899"", ""frequency"": ""HP:0040281"", ""reference"": ""ORPHA:522077"", ""onset"": """"}"
ATL000851	MONDO:0033864	has_phenotype	HP:0008947	HPO annotations	ORPHA:522077	https://hpo.jax.org/browse/term/HP:0008947	2026-10-03	observed	TAS				"{""atlas_edge_id"": ""E0162900"", ""frequency"": ""HP:0040281"", ""reference"": ""ORPHA:522077"", ""onset"": """"}"
ATL000852	MONDO:0033864	has_phenotype	HP:0011344	HPO annotations	ORPHA:522077	https://hpo.jax.org/browse/term/HP:0011344	2026-10-03	observed	TAS				"{""atlas_edge_id"": ""E0162901"", ""frequency"": ""HP:0040281"", ""reference"": ""ORPHA:522077"", ""onset"": """"}"
ATL000853	MONDO:0033864	has_phenotype	HP:0000565	HPO annotations	ORPHA:522077	https://hpo.jax.org/browse/term/HP:0000565	2026-10-03	observed	TAS				"{""atlas_edge_id"": ""E0162902"", ""frequency"": ""HP:0040282"", ""reference"": ""ORPHA:522077"", ""onset"": """"}"
ATL000854	MONDO:0033864	has_phenotype	HP:0000817	HPO annotations	ORPHA:522077	https://hpo.jax.org/browse/term/HP:0000817	2026-10-03	observed	TAS				"{""atlas_edge_id"": ""E0162903"", ""frequency"": ""HP:0040282"", ""reference"": ""ORPHA:522077"", ""onset"": """"}"
ATL000855	MONDO:0033864	has_phenotype	HP:0001249	HPO annotations	ORPHA:522077	https://hpo.jax.org/browse/term/HP:0001249	2026-10-03	observed	TAS				"{""atlas_edge_id"": ""E0162904"", ""frequency"": ""HP:0040282"", ""reference"": ""ORPHA:522077"", ""onset"": """"}"
ATL000856	MONDO:0033864	has_phenotype	HP:0002013	HPO annotations	ORPHA:522077	https://hpo.jax.org/browse/term/HP:0002013	2026-10-03	observed	TAS				"{""atlas_edge_id"": ""E0162905"", ""frequency"": ""HP:0040282"", ""reference"": ""ORPHA:522077"", ""onset"": """"}"
ATL000857	MONDO:0033864	has_phenotype	HP:0002360	HPO annotations	ORPHA:522077	https://hpo.jax.org/browse/term/HP:0002360	2026-10-03	observed	TAS				"{""atlas_edge_id"": ""E0162906"", ""frequency"": ""HP:0040282"", ""reference"": ""ORPHA:522077"", ""onset"": """"}"
ATL000858	MONDO:0033864	has_phenotype	HP:0008762	HPO annotations	ORPHA:522077	https://hpo.jax.org/browse/term/HP:0008762	2026-10-03	observed	TAS				"{""atlas_edge_id"": ""E0162907"", ""frequency"": ""HP:0040282"", ""reference"": ""ORPHA:522077"", ""onset"": """"}"
ATL000859	MONDO:0033864	has_phenotype	HP:0025152	HPO annotations	ORPHA:522077	https://hpo.jax.org/browse/term/HP:0025152	2026-10-03	observed	TAS				"{""atlas_edge_id"": ""E0162908"", ""frequency"": ""HP:0040282"", ""reference"": ""ORPHA:522077"", ""onset"": """"}"
ATL000860	MONDO:0033864	has_phenotype	HP:0000244	HPO annotations	ORPHA:522077	https://hpo.jax.org/browse/term/HP:0000244	2026-10-03	observed	TAS				"{""atlas_edge_id"": ""E0162909"", ""frequency"": ""HP:0040283"", ""reference"": ""ORPHA:522077"", ""onset"": """"}"
ATL000861	MONDO:0033864	has_phenotype	HP:0000349	HPO annotations	ORPHA:522077	https://hpo.jax.org/browse/term/HP:0000349	2026-10-03	observed	TAS				"{""atlas_edge_id"": ""E0162910"", ""frequency"": ""HP:0040283"", ""reference"": ""ORPHA:522077"", ""onset"": """"}"
ATL000862	MONDO:0033864	has_phenotype	HP:0000540	HPO annotations	ORPHA:522077	https://hpo.jax.org/browse/term/HP:0000540	2026-10-03	observed	TAS				"{""atlas_edge_id"": ""E0162911"", ""frequency"": ""HP:0040283"", ""reference"": ""ORPHA:522077"", ""onset"": """"}"
ATL000863	MONDO:0033864	has_phenotype	HP:0000713	HPO annotations	ORPHA:522077	https://hpo.jax.org/browse/term/HP:0000713	2026-10-03	observed	TAS				"{""atlas_edge_id"": ""E0162912"", ""frequency"": ""HP:0040283"", ""reference"": ""ORPHA:522077"", ""onset"": """"}"
ATL000864	MONDO:0033864	has_phenotype	HP:0000739	HPO annotations	ORPHA:522077	https://hpo.jax.org/browse/term/HP:0000739	2026-10-03	observed	TAS				"{""atlas_edge_id"": ""E0162913"", ""frequency"": ""HP:0040283"", ""reference"": ""ORPHA:522077"", ""onset"": """"}"
ATL000865	MONDO:0033864	has_phenotype	HP:0000742	HPO annotations	ORPHA:522077	https://hpo.jax.org/browse/term/HP:0000742	2026-10-03	observed	TAS				"{""atlas_edge_id"": ""E0162914"", ""frequency"": ""HP:0040283"", ""reference"": ""ORPHA:522077"", ""onset"": """"}"
ATL000866	MONDO:0033864	has_phenotype	HP:0001601	HPO annotations	ORPHA:522077	https://hpo.jax.org/browse/term/HP:0001601	2026-10-03	observed	TAS				"{""atlas_edge_id"": ""E0162915"", ""frequency"": ""HP:0040283"", ""reference"": ""ORPHA:522077"", ""onset"": """"}"
ATL000867	MONDO:0033864	has_phenotype	HP:0001631	HPO annotations	ORPHA:522077	https://hpo.jax.org/browse/term/HP:0001631	2026-10-03	observed	TAS				"{""atlas_edge_id"": ""E0162916"", ""frequency"": ""HP:0040283"", ""reference"": ""ORPHA:522077"", ""onset"": """"}"
ATL000868	MONDO:0033864	has_phenotype	HP:0001776	HPO annotations	ORPHA:522077	https://hpo.jax.org/browse/term/HP:0001776	2026-10-03	observed	TAS				"{""atlas_edge_id"": ""E0162917"", ""frequency"": ""HP:0040283"", ""reference"": ""ORPHA:522077"", ""onset"": """"}"
ATL000869	MONDO:0033864	has_phenotype	HP:0002072	HPO annotations	ORPHA:522077	https://hpo.jax.org/browse/term/HP:0002072	2026-10-03	observed	TAS				"{""atlas_edge_id"": ""E0162918"", ""frequency"": ""HP:0040283"", ""reference"": ""ORPHA:522077"", ""onset"": """"}"
ATL000870	MONDO:0033864	has_phenotype	HP:0002465	HPO annotations	ORPHA:522077	https://hpo.jax.org/browse/term/HP:0002465	2026-10-03	observed	TAS				"{""atlas_edge_id"": ""E0162919"", ""frequency"": ""HP:0040283"", ""reference"": ""ORPHA:522077"", ""onset"": """"}"
ATL000871	MONDO:0033864	has_phenotype	HP:0002871	HPO annotations	ORPHA:522077	https://hpo.jax.org/browse/term/HP:0002871	2026-10-03	observed	TAS				"{""atlas_edge_id"": ""E0162920"", ""frequency"": ""HP:0040283"", ""reference"": ""ORPHA:522077"", ""onset"": """"}"
ATL000872	MONDO:0033864	has_phenotype	HP:0002883	HPO annotations	ORPHA:522077	https://hpo.jax.org/browse/term/HP:0002883	2026-10-03	observed	TAS				"{""atlas_edge_id"": ""E0162921"", ""frequency"": ""HP:0040283"", ""reference"": ""ORPHA:522077"", ""onset"": """"}"
ATL000873	MONDO:0033864	has_phenotype	HP:0002938	HPO annotations	ORPHA:522077	https://hpo.jax.org/browse/term/HP:0002938	2026-10-03	observed	TAS				"{""atlas_edge_id"": ""E0162922"", ""frequency"": ""HP:0040283"", ""reference"": ""ORPHA:522077"", ""onset"": """"}"
ATL000874	MONDO:0033864	has_phenotype	HP:0004691	HPO annotations	ORPHA:522077	https://hpo.jax.org/browse/term/HP:0004691	2026-10-03	observed	TAS				"{""atlas_edge_id"": ""E0162923"", ""frequency"": ""HP:0040283"", ""reference"": ""ORPHA:522077"", ""onset"": """"}"
ATL000875	MONDO:0033864	has_phenotype	HP:0004879	HPO annotations	ORPHA:522077	https://hpo.jax.org/browse/term/HP:0004879	2026-10-03	observed	TAS				"{""atlas_edge_id"": ""E0162924"", ""frequency"": ""HP:0040283"", ""reference"": ""ORPHA:522077"", ""onset"": """"}"
ATL000876	MONDO:0033864	has_phenotype	HP:0005876	HPO annotations	ORPHA:522077	https://hpo.jax.org/browse/term/HP:0005876	2026-10-03	observed	TAS				"{""atlas_edge_id"": ""E0162925"", ""frequency"": ""HP:0040283"", ""reference"": ""ORPHA:522077"", ""onset"": """"}"
ATL000877	MONDO:0033864	has_phenotype	HP:0007874	HPO annotations	ORPHA:522077	https://hpo.jax.org/browse/term/HP:0007874	2026-10-03	observed	TAS				"{""atlas_edge_id"": ""E0162926"", ""frequency"": ""HP:0040283"", ""reference"": ""ORPHA:522077"", ""onset"": """"}"
ATL000878	MONDO:0033864	has_phenotype	HP:0008081	HPO annotations	ORPHA:522077	https://hpo.jax.org/browse/term/HP:0008081	2026-10-03	observed	TAS				"{""atlas_edge_id"": ""E0162927"", ""frequency"": ""HP:0040283"", ""reference"": ""ORPHA:522077"", ""onset"": """"}"
ATL000879	MONDO:0100092	has_phenotype	HP:0001332	HPO annotations	OMIM:618364	https://hpo.jax.org/browse/term/HP:0001332	2026-10-03	observed	PCS				"{""atlas_edge_id"": ""E0169452"", ""frequency"": ""0/2"", ""reference"": ""PMID:29726066"", ""onset"": """"}"
ATL000880	MONDO:0100092	has_phenotype	HP:0031936	HPO annotations	OMIM:618364	https://hpo.jax.org/browse/term/HP:0031936	2026-10-03	observed	PCS				"{""atlas_edge_id"": ""E0169453"", ""frequency"": ""1/2"", ""reference"": ""PMID:29726066"", ""onset"": """"}"
ATL000881	MONDO:0100092	has_phenotype	HP:0001250	HPO annotations	OMIM:618364	https://hpo.jax.org/browse/term/HP:0001250	2026-10-03	observed	IEA				"{""atlas_edge_id"": ""E0169454"", ""frequency"": ""0/2"", ""reference"": ""PMID:29726066"", ""onset"": """"}"
ATL000882	MONDO:0100092	has_phenotype	HP:0001249	HPO annotations	OMIM:618364	https://hpo.jax.org/browse/term/HP:0001249	2026-10-03	observed	PCS				"{""atlas_edge_id"": ""E0169455"", ""frequency"": ""0/2"", ""reference"": ""PMID:29726066"", ""onset"": """"}"
ATL000883	MONDO:0100092	has_phenotype	HP:0045084	HPO annotations	OMIM:618364	https://hpo.jax.org/browse/term/HP:0045084	2026-10-03	observed	PCS				"{""atlas_edge_id"": ""E0169456"", ""frequency"": ""5/5"", ""reference"": ""PMID:29726066"", ""onset"": ""HP:0003621""}"
ATL000884	MONDO:0100566	has_phenotype	HP:0001250	HPO annotations	ORPHA:86909	https://hpo.jax.org/browse/term/HP:0001250	2026-10-03	observed	TAS				"{""atlas_edge_id"": ""E0171308"", ""frequency"": ""HP:0040281"", ""reference"": ""ORPHA:86909"", ""onset"": """"}"
ATL000885	MONDO:0100566	has_phenotype	HP:0001256	HPO annotations	ORPHA:86909	https://hpo.jax.org/browse/term/HP:0001256	2026-10-03	observed	TAS				"{""atlas_edge_id"": ""E0171309"", ""frequency"": ""HP:0040281"", ""reference"": ""ORPHA:86909"", ""onset"": """"}"
ATL000886	MONDO:0100566	has_phenotype	HP:0001326	HPO annotations	ORPHA:86909	https://hpo.jax.org/browse/term/HP:0001326	2026-10-03	observed	TAS				"{""atlas_edge_id"": ""E0171310"", ""frequency"": ""HP:0040281"", ""reference"": ""ORPHA:86909"", ""onset"": """"}"
ATL000887	MONDO:0100566	has_phenotype	HP:0002069	HPO annotations	ORPHA:86909	https://hpo.jax.org/browse/term/HP:0002069	2026-10-03	observed	TAS				"{""atlas_edge_id"": ""E0171311"", ""frequency"": ""HP:0040281"", ""reference"": ""ORPHA:86909"", ""onset"": """"}"
ATL000888	MONDO:0100566	has_phenotype	HP:0002123	HPO annotations	ORPHA:86909	https://hpo.jax.org/browse/term/HP:0002123	2026-10-03	observed	TAS				"{""atlas_edge_id"": ""E0171312"", ""frequency"": ""HP:0040281"", ""reference"": ""ORPHA:86909"", ""onset"": """"}"
ATL000889	MONDO:0100566	has_phenotype	HP:0007018	HPO annotations	ORPHA:86909	https://hpo.jax.org/browse/term/HP:0007018	2026-10-03	observed	TAS				"{""atlas_edge_id"": ""E0171313"", ""frequency"": ""HP:0040281"", ""reference"": ""ORPHA:86909"", ""onset"": """"}"
ATL000890	MONDO:0100566	has_phenotype	HP:0000718	HPO annotations	ORPHA:86909	https://hpo.jax.org/browse/term/HP:0000718	2026-10-03	observed	TAS				"{""atlas_edge_id"": ""E0171314"", ""frequency"": ""HP:0040282"", ""reference"": ""ORPHA:86909"", ""onset"": """"}"
ATL000891	MONDO:0100566	has_phenotype	HP:0000737	HPO annotations	ORPHA:86909	https://hpo.jax.org/browse/term/HP:0000737	2026-10-03	observed	TAS				"{""atlas_edge_id"": ""E0171315"", ""frequency"": ""HP:0040282"", ""reference"": ""ORPHA:86909"", ""onset"": """"}"
ATL000892	MONDO:0100566	has_phenotype	HP:0001268	HPO annotations	ORPHA:86909	https://hpo.jax.org/browse/term/HP:0001268	2026-10-03	observed	TAS				"{""atlas_edge_id"": ""E0171316"", ""frequency"": ""HP:0040282"", ""reference"": ""ORPHA:86909"", ""onset"": """"}"
ATL000893	MONDO:0100566	has_phenotype	HP:0001272	HPO annotations	ORPHA:86909	https://hpo.jax.org/browse/term/HP:0001272	2026-10-03	observed	TAS				"{""atlas_edge_id"": ""E0171317"", ""frequency"": ""HP:0040282"", ""reference"": ""ORPHA:86909"", ""onset"": """"}"
ATL000894	MONDO:0100566	has_phenotype	HP:0001336	HPO annotations	ORPHA:86909	https://hpo.jax.org/browse/term/HP:0001336	2026-10-03	observed	TAS				"{""atlas_edge_id"": ""E0171318"", ""frequency"": ""HP:0040282"", ""reference"": ""ORPHA:86909"", ""onset"": """"}"
ATL000895	MONDO:0100566	has_phenotype	HP:0002311	HPO annotations	ORPHA:86909	https://hpo.jax.org/browse/term/HP:0002311	2026-10-03	observed	TAS				"{""atlas_edge_id"": ""E0171319"", ""frequency"": ""HP:0040282"", ""reference"": ""ORPHA:86909"", ""onset"": """"}"
ATL000896	MONDO:0100566	has_phenotype	HP:0002376	HPO annotations	ORPHA:86909	https://hpo.jax.org/browse/term/HP:0002376	2026-10-03	observed	TAS				"{""atlas_edge_id"": ""E0171320"", ""frequency"": ""HP:0040282"", ""reference"": ""ORPHA:86909"", ""onset"": """"}"
ATL000897	MONDO:0100566	has_phenotype	HP:0006891	HPO annotations	ORPHA:86909	https://hpo.jax.org/browse/term/HP:0006891	2026-10-03	observed	TAS				"{""atlas_edge_id"": ""E0171321"", ""frequency"": ""HP:0040282"", ""reference"": ""ORPHA:86909"", ""onset"": """"}"
ATL000898	MONDO:0100566	has_phenotype	HP:0007057	HPO annotations	ORPHA:86909	https://hpo.jax.org/browse/term/HP:0007057	2026-10-03	observed	TAS				"{""atlas_edge_id"": ""E0171322"", ""frequency"": ""HP:0040282"", ""reference"": ""ORPHA:86909"", ""onset"": """"}"
ATL000899	MONDO:0100566	has_phenotype	HP:0007359	HPO annotations	ORPHA:86909	https://hpo.jax.org/browse/term/HP:0007359	2026-10-03	observed	TAS				"{""atlas_edge_id"": ""E0171323"", ""frequency"": ""HP:0040282"", ""reference"": ""ORPHA:86909"", ""onset"": """"}"
ATL000900	MONDO:0100566	has_phenotype	HP:0011171	HPO annotations	ORPHA:86909	https://hpo.jax.org/browse/term/HP:0011171	2026-10-03	observed	TAS				"{""atlas_edge_id"": ""E0171324"", ""frequency"": ""HP:0040282"", ""reference"": ""ORPHA:86909"", ""onset"": """"}"
ATL000901	MONDO:0100566	has_phenotype	HP:0011197	HPO annotations	ORPHA:86909	https://hpo.jax.org/browse/term/HP:0011197	2026-10-03	observed	TAS				"{""atlas_edge_id"": ""E0171325"", ""frequency"": ""HP:0040282"", ""reference"": ""ORPHA:86909"", ""onset"": """"}"
ATL000902	MONDO:0100566	has_phenotype	HP:0025190	HPO annotations	ORPHA:86909	https://hpo.jax.org/browse/term/HP:0025190	2026-10-03	observed	TAS				"{""atlas_edge_id"": ""E0171326"", ""frequency"": ""HP:0040282"", ""reference"": ""ORPHA:86909"", ""onset"": """"}"
ATL000903	MONDO:0100566	has_phenotype	HP:0025373	HPO annotations	ORPHA:86909	https://hpo.jax.org/browse/term/HP:0025373	2026-10-03	observed	TAS				"{""atlas_edge_id"": ""E0171327"", ""frequency"": ""HP:0040282"", ""reference"": ""ORPHA:86909"", ""onset"": """"}"
ATL000904	MONDO:0100566	has_phenotype	HP:0000520	HPO annotations	ORPHA:86909	https://hpo.jax.org/browse/term/HP:0000520	2026-10-03	observed	TAS				"{""atlas_edge_id"": ""E0171328"", ""frequency"": ""HP:0040283"", ""reference"": ""ORPHA:86909"", ""onset"": """"}"
ATL000905	MONDO:0100566	has_phenotype	HP:0000643	HPO annotations	ORPHA:86909	https://hpo.jax.org/browse/term/HP:0000643	2026-10-03	observed	TAS				"{""atlas_edge_id"": ""E0171329"", ""frequency"": ""HP:0040283"", ""reference"": ""ORPHA:86909"", ""onset"": """"}"
ATL000906	MONDO:0100566	has_phenotype	HP:0000750	HPO annotations	ORPHA:86909	https://hpo.jax.org/browse/term/HP:0000750	2026-10-03	observed	TAS				"{""atlas_edge_id"": ""E0171330"", ""frequency"": ""HP:0040283"", ""reference"": ""ORPHA:86909"", ""onset"": """"}"
ATL000907	MONDO:0100566	has_phenotype	HP:0001112	HPO annotations	ORPHA:86909	https://hpo.jax.org/browse/term/HP:0001112	2026-10-03	observed	TAS				"{""atlas_edge_id"": ""E0171331"", ""frequency"": ""HP:0040283"", ""reference"": ""ORPHA:86909"", ""onset"": """"}"
ATL000908	MONDO:0100566	has_phenotype	HP:0001249	HPO annotations	ORPHA:86909	https://hpo.jax.org/browse/term/HP:0001249	2026-10-03	observed	TAS				"{""atlas_edge_id"": ""E0171332"", ""frequency"": ""HP:0040283"", ""reference"": ""ORPHA:86909"", ""onset"": """"}"
ATL000909	MONDO:0100566	has_phenotype	HP:0001251	HPO annotations	ORPHA:86909	https://hpo.jax.org/browse/term/HP:0001251	2026-10-03	observed	TAS				"{""atlas_edge_id"": ""E0171333"", ""frequency"": ""HP:0040283"", ""reference"": ""ORPHA:86909"", ""onset"": """"}"
ATL000910	MONDO:0100566	has_phenotype	HP:0001260	HPO annotations	ORPHA:86909	https://hpo.jax.org/browse/term/HP:0001260	2026-10-03	observed	TAS				"{""atlas_edge_id"": ""E0171334"", ""frequency"": ""HP:0040283"", ""reference"": ""ORPHA:86909"", ""onset"": """"}"
ATL000911	MONDO:0100566	has_phenotype	HP:0001263	HPO annotations	ORPHA:86909	https://hpo.jax.org/browse/term/HP:0001263	2026-10-03	observed	TAS				"{""atlas_edge_id"": ""E0171335"", ""frequency"": ""HP:0040283"", ""reference"": ""ORPHA:86909"", ""onset"": """"}"
ATL000912	MONDO:0100566	has_phenotype	HP:0002121	HPO annotations	ORPHA:86909	https://hpo.jax.org/browse/term/HP:0002121	2026-10-03	observed	TAS				"{""atlas_edge_id"": ""E0171336"", ""frequency"": ""HP:0040283"", ""reference"": ""ORPHA:86909"", ""onset"": """"}"
ATL000913	MONDO:0100566	has_phenotype	HP:0002373	HPO annotations	ORPHA:86909	https://hpo.jax.org/browse/term/HP:0002373	2026-10-03	observed	TAS				"{""atlas_edge_id"": ""E0171337"", ""frequency"": ""HP:0040283"", ""reference"": ""ORPHA:86909"", ""onset"": """"}"
ATL000914	MONDO:0100566	has_phenotype	HP:0002463	HPO annotations	ORPHA:86909	https://hpo.jax.org/browse/term/HP:0002463	2026-10-03	observed	TAS				"{""atlas_edge_id"": ""E0171338"", ""frequency"": ""HP:0040283"", ""reference"": ""ORPHA:86909"", ""onset"": """"}"
ATL000915	MONDO:0100566	has_phenotype	HP:0007207	HPO annotations	ORPHA:86909	https://hpo.jax.org/browse/term/HP:0007207	2026-10-03	observed	TAS				"{""atlas_edge_id"": ""E0171339"", ""frequency"": ""HP:0040283"", ""reference"": ""ORPHA:86909"", ""onset"": """"}"
ATL000916	MONDO:0100566	has_phenotype	HP:0010862	HPO annotations	ORPHA:86909	https://hpo.jax.org/browse/term/HP:0010862	2026-10-03	observed	TAS				"{""atlas_edge_id"": ""E0171340"", ""frequency"": ""HP:0040283"", ""reference"": ""ORPHA:86909"", ""onset"": """"}"
ATL000917	MONDO:0100566	has_phenotype	HP:0002301	HPO annotations	ORPHA:86909	https://hpo.jax.org/browse/term/HP:0002301	2026-10-03	observed	TAS				"{""atlas_edge_id"": ""E0171341"", ""frequency"": ""HP:0040284"", ""reference"": ""ORPHA:86909"", ""onset"": """"}"
ATL000918	MONDO:0800491	has_phenotype	HP:0001250	HPO annotations	ORPHA:1934	https://hpo.jax.org/browse/term/HP:0001250	2026-10-03	observed	TAS				"{""atlas_edge_id"": ""E0173018"", ""frequency"": ""HP:0040280"", ""reference"": ""ORPHA:1934"", ""onset"": """"}"
ATL000919	MONDO:0800491	has_phenotype	HP:0001249	HPO annotations	ORPHA:1934	https://hpo.jax.org/browse/term/HP:0001249	2026-10-03	observed	TAS				"{""atlas_edge_id"": ""E0173019"", ""frequency"": ""HP:0040281"", ""reference"": ""ORPHA:1934"", ""onset"": """"}"
ATL000920	MONDO:0800491	has_phenotype	HP:0001263	HPO annotations	ORPHA:1934	https://hpo.jax.org/browse/term/HP:0001263	2026-10-03	observed	TAS				"{""atlas_edge_id"": ""E0173020"", ""frequency"": ""HP:0040281"", ""reference"": ""ORPHA:1934"", ""onset"": """"}"
ATL000921	MONDO:0800491	has_phenotype	HP:0002123	HPO annotations	ORPHA:1934	https://hpo.jax.org/browse/term/HP:0002123	2026-10-03	observed	TAS				"{""atlas_edge_id"": ""E0173021"", ""frequency"": ""HP:0040281"", ""reference"": ""ORPHA:1934"", ""onset"": """"}"
ATL000922	MONDO:0800491	has_phenotype	HP:0011153	HPO annotations	ORPHA:1934	https://hpo.jax.org/browse/term/HP:0011153	2026-10-03	observed	TAS				"{""atlas_edge_id"": ""E0173022"", ""frequency"": ""HP:0040281"", ""reference"": ""ORPHA:1934"", ""onset"": """"}"
ATL000923	MONDO:0800491	has_phenotype	HP:0200134	HPO annotations	ORPHA:1934	https://hpo.jax.org/browse/term/HP:0200134	2026-10-03	observed	TAS				"{""atlas_edge_id"": ""E0173023"", ""frequency"": ""HP:0040281"", ""reference"": ""ORPHA:1934"", ""onset"": """"}"
ATL000924	MONDO:0800491	has_phenotype	HP:0001254	HPO annotations	ORPHA:1934	https://hpo.jax.org/browse/term/HP:0001254	2026-10-03	observed	TAS				"{""atlas_edge_id"": ""E0173024"", ""frequency"": ""HP:0040282"", ""reference"": ""ORPHA:1934"", ""onset"": """"}"
ATL000925	MONDO:0800491	has_phenotype	HP:0001347	HPO annotations	ORPHA:1934	https://hpo.jax.org/browse/term/HP:0001347	2026-10-03	observed	TAS				"{""atlas_edge_id"": ""E0173025"", ""frequency"": ""HP:0040282"", ""reference"": ""ORPHA:1934"", ""onset"": """"}"
ATL000926	MONDO:0800491	has_phenotype	HP:0002015	HPO annotations	ORPHA:1934	https://hpo.jax.org/browse/term/HP:0002015	2026-10-03	observed	TAS				"{""atlas_edge_id"": ""E0173026"", ""frequency"": ""HP:0040282"", ""reference"": ""ORPHA:1934"", ""onset"": """"}"
ATL000927	MONDO:0800491	has_phenotype	HP:0002033	HPO annotations	ORPHA:1934	https://hpo.jax.org/browse/term/HP:0002033	2026-10-03	observed	TAS				"{""atlas_edge_id"": ""E0173027"", ""frequency"": ""HP:0040282"", ""reference"": ""ORPHA:1934"", ""onset"": """"}"
ATL000928	MONDO:0800491	has_phenotype	HP:0002205	HPO annotations	ORPHA:1934	https://hpo.jax.org/browse/term/HP:0002205	2026-10-03	observed	TAS				"{""atlas_edge_id"": ""E0173028"", ""frequency"": ""HP:0040282"", ""reference"": ""ORPHA:1934"", ""onset"": """"}"
ATL000929	MONDO:0800491	has_phenotype	HP:0002353	HPO annotations	ORPHA:1934	https://hpo.jax.org/browse/term/HP:0002353	2026-10-03	observed	TAS				"{""atlas_edge_id"": ""E0173029"", ""frequency"": ""HP:0040282"", ""reference"": ""ORPHA:1934"", ""onset"": """"}"
ATL000930	MONDO:0800491	has_phenotype	HP:0002360	HPO annotations	ORPHA:1934	https://hpo.jax.org/browse/term/HP:0002360	2026-10-03	observed	TAS				"{""atlas_edge_id"": ""E0173030"", ""frequency"": ""HP:0040282"", ""reference"": ""ORPHA:1934"", ""onset"": """"}"
ATL000931	MONDO:0800491	has_phenotype	HP:0002421	HPO annotations	ORPHA:1934	https://hpo.jax.org/browse/term/HP:0002421	2026-10-03	observed	TAS				"{""atlas_edge_id"": ""E0173031"", ""frequency"": ""HP:0040282"", ""reference"": ""ORPHA:1934"", ""onset"": """"}"
ATL000932	MONDO:0800491	has_phenotype	HP:0002521	HPO annotations	ORPHA:1934	https://hpo.jax.org/browse/term/HP:0002521	2026-10-03	observed	TAS				"{""atlas_edge_id"": ""E0173032"", ""frequency"": ""HP:0040282"", ""reference"": ""ORPHA:1934"", ""onset"": """"}"
ATL000933	MONDO:0800491	has_phenotype	HP:0008947	HPO annotations	ORPHA:1934	https://hpo.jax.org/browse/term/HP:0008947	2026-10-03	observed	TAS				"{""atlas_edge_id"": ""E0173033"", ""frequency"": ""HP:0040282"", ""reference"": ""ORPHA:1934"", ""onset"": """"}"
ATL000934	MONDO:0800491	has_phenotype	HP:0010851	HPO annotations	ORPHA:1934	https://hpo.jax.org/browse/term/HP:0010851	2026-10-03	observed	TAS				"{""atlas_edge_id"": ""E0173034"", ""frequency"": ""HP:0040282"", ""reference"": ""ORPHA:1934"", ""onset"": """"}"
ATL000935	MONDO:0800491	has_phenotype	HP:0011167	HPO annotations	ORPHA:1934	https://hpo.jax.org/browse/term/HP:0011167	2026-10-03	observed	TAS				"{""atlas_edge_id"": ""E0173035"", ""frequency"": ""HP:0040282"", ""reference"": ""ORPHA:1934"", ""onset"": """"}"
ATL000936	MONDO:0800491	has_phenotype	HP:0011968	HPO annotations	ORPHA:1934	https://hpo.jax.org/browse/term/HP:0011968	2026-10-03	observed	TAS				"{""atlas_edge_id"": ""E0173036"", ""frequency"": ""HP:0040282"", ""reference"": ""ORPHA:1934"", ""onset"": """"}"
ATL000937	MONDO:0800491	has_phenotype	HP:0000729	HPO annotations	ORPHA:1934	https://hpo.jax.org/browse/term/HP:0000729	2026-10-03	observed	TAS				"{""atlas_edge_id"": ""E0173037"", ""frequency"": ""HP:0040283"", ""reference"": ""ORPHA:1934"", ""onset"": """"}"
ATL000938	MONDO:0800491	has_phenotype	HP:0000752	HPO annotations	ORPHA:1934	https://hpo.jax.org/browse/term/HP:0000752	2026-10-03	observed	TAS				"{""atlas_edge_id"": ""E0173038"", ""frequency"": ""HP:0040283"", ""reference"": ""ORPHA:1934"", ""onset"": """"}"
ATL000939	MONDO:0800491	has_phenotype	HP:0001257	HPO annotations	ORPHA:1934	https://hpo.jax.org/browse/term/HP:0001257	2026-10-03	observed	TAS				"{""atlas_edge_id"": ""E0173039"", ""frequency"": ""HP:0040283"", ""reference"": ""ORPHA:1934"", ""onset"": """"}"
ATL000940	MONDO:0800491	has_phenotype	HP:0001266	HPO annotations	ORPHA:1934	https://hpo.jax.org/browse/term/HP:0001266	2026-10-03	observed	TAS				"{""atlas_edge_id"": ""E0173040"", ""frequency"": ""HP:0040283"", ""reference"": ""ORPHA:1934"", ""onset"": """"}"
ATL000941	MONDO:0800491	has_phenotype	HP:0001272	HPO annotations	ORPHA:1934	https://hpo.jax.org/browse/term/HP:0001272	2026-10-03	observed	TAS				"{""atlas_edge_id"": ""E0173041"", ""frequency"": ""HP:0040283"", ""reference"": ""ORPHA:1934"", ""onset"": """"}"
ATL000942	MONDO:0800491	has_phenotype	HP:0001302	HPO annotations	ORPHA:1934	https://hpo.jax.org/browse/term/HP:0001302	2026-10-03	observed	TAS				"{""atlas_edge_id"": ""E0173042"", ""frequency"": ""HP:0040283"", ""reference"": ""ORPHA:1934"", ""onset"": """"}"
ATL000943	MONDO:0800491	has_phenotype	HP:0001336	HPO annotations	ORPHA:1934	https://hpo.jax.org/browse/term/HP:0001336	2026-10-03	observed	TAS				"{""atlas_edge_id"": ""E0173043"", ""frequency"": ""HP:0040283"", ""reference"": ""ORPHA:1934"", ""onset"": """"}"
ATL000944	MONDO:0800491	has_phenotype	HP:0001337	HPO annotations	ORPHA:1934	https://hpo.jax.org/browse/term/HP:0001337	2026-10-03	observed	TAS				"{""atlas_edge_id"": ""E0173044"", ""frequency"": ""HP:0040283"", ""reference"": ""ORPHA:1934"", ""onset"": """"}"
ATL000945	MONDO:0800491	has_phenotype	HP:0002069	HPO annotations	ORPHA:1934	https://hpo.jax.org/browse/term/HP:0002069	2026-10-03	observed	TAS				"{""atlas_edge_id"": ""E0173045"", ""frequency"": ""HP:0040283"", ""reference"": ""ORPHA:1934"", ""onset"": """"}"
ATL000946	MONDO:0800491	has_phenotype	HP:0002079	HPO annotations	ORPHA:1934	https://hpo.jax.org/browse/term/HP:0002079	2026-10-03	observed	TAS				"{""atlas_edge_id"": ""E0173046"", ""frequency"": ""HP:0040283"", ""reference"": ""ORPHA:1934"", ""onset"": """"}"
ATL000947	MONDO:0800491	has_phenotype	HP:0002121	HPO annotations	ORPHA:1934	https://hpo.jax.org/browse/term/HP:0002121	2026-10-03	observed	TAS				"{""atlas_edge_id"": ""E0173047"", ""frequency"": ""HP:0040283"", ""reference"": ""ORPHA:1934"", ""onset"": """"}"
ATL000948	MONDO:0800491	has_phenotype	HP:0002131	HPO annotations	ORPHA:1934	https://hpo.jax.org/browse/term/HP:0002131	2026-10-03	observed	TAS				"{""atlas_edge_id"": ""E0173048"", ""frequency"": ""HP:0040283"", ""reference"": ""ORPHA:1934"", ""onset"": """"}"
ATL000949	MONDO:0800491	has_phenotype	HP:0002373	HPO annotations	ORPHA:1934	https://hpo.jax.org/browse/term/HP:0002373	2026-10-03	observed	TAS				"{""atlas_edge_id"": ""E0173049"", ""frequency"": ""HP:0040283"", ""reference"": ""ORPHA:1934"", ""onset"": """"}"
ATL000950	MONDO:0800491	has_phenotype	HP:0002376	HPO annotations	ORPHA:1934	https://hpo.jax.org/browse/term/HP:0002376	2026-10-03	observed	TAS				"{""atlas_edge_id"": ""E0173050"", ""frequency"": ""HP:0040283"", ""reference"": ""ORPHA:1934"", ""onset"": """"}"
ATL000951	MONDO:0800491	has_phenotype	HP:0002506	HPO annotations	ORPHA:1934	https://hpo.jax.org/browse/term/HP:0002506	2026-10-03	observed	TAS				"{""atlas_edge_id"": ""E0173051"", ""frequency"": ""HP:0040283"", ""reference"": ""ORPHA:1934"", ""onset"": """"}"
ATL000952	MONDO:0800491	has_phenotype	HP:0007204	HPO annotations	ORPHA:1934	https://hpo.jax.org/browse/term/HP:0007204	2026-10-03	observed	TAS				"{""atlas_edge_id"": ""E0173052"", ""frequency"": ""HP:0040283"", ""reference"": ""ORPHA:1934"", ""onset"": """"}"
ATL000953	MONDO:0800491	has_phenotype	HP:0007359	HPO annotations	ORPHA:1934	https://hpo.jax.org/browse/term/HP:0007359	2026-10-03	observed	TAS				"{""atlas_edge_id"": ""E0173053"", ""frequency"": ""HP:0040283"", ""reference"": ""ORPHA:1934"", ""onset"": """"}"
ATL000954	MONDO:0800491	has_phenotype	HP:0010818	HPO annotations	ORPHA:1934	https://hpo.jax.org/browse/term/HP:0010818	2026-10-03	observed	TAS				"{""atlas_edge_id"": ""E0173054"", ""frequency"": ""HP:0040283"", ""reference"": ""ORPHA:1934"", ""onset"": """"}"
ATL000955	MONDO:0800491	has_phenotype	HP:0010819	HPO annotations	ORPHA:1934	https://hpo.jax.org/browse/term/HP:0010819	2026-10-03	observed	TAS				"{""atlas_edge_id"": ""E0173055"", ""frequency"": ""HP:0040283"", ""reference"": ""ORPHA:1934"", ""onset"": """"}"
ATL000956	MONDO:0800491	has_phenotype	HP:0010850	HPO annotations	ORPHA:1934	https://hpo.jax.org/browse/term/HP:0010850	2026-10-03	observed	TAS				"{""atlas_edge_id"": ""E0173056"", ""frequency"": ""HP:0040283"", ""reference"": ""ORPHA:1934"", ""onset"": """"}"
ATL000957	MONDO:0800491	has_phenotype	HP:0011169	HPO annotations	ORPHA:1934	https://hpo.jax.org/browse/term/HP:0011169	2026-10-03	observed	TAS				"{""atlas_edge_id"": ""E0173057"", ""frequency"": ""HP:0040283"", ""reference"": ""ORPHA:1934"", ""onset"": """"}"
ATL000958	MONDO:0800491	has_phenotype	HP:0011190	HPO annotations	ORPHA:1934	https://hpo.jax.org/browse/term/HP:0011190	2026-10-03	observed	TAS				"{""atlas_edge_id"": ""E0173058"", ""frequency"": ""HP:0040283"", ""reference"": ""ORPHA:1934"", ""onset"": """"}"
ATL000959	MONDO:0800491	has_phenotype	HP:0012448	HPO annotations	ORPHA:1934	https://hpo.jax.org/browse/term/HP:0012448	2026-10-03	observed	TAS				"{""atlas_edge_id"": ""E0173059"", ""frequency"": ""HP:0040283"", ""reference"": ""ORPHA:1934"", ""onset"": """"}"
ATL000960	MONDO:0800491	has_phenotype	HP:0012469	HPO annotations	ORPHA:1934	https://hpo.jax.org/browse/term/HP:0012469	2026-10-03	observed	TAS				"{""atlas_edge_id"": ""E0173060"", ""frequency"": ""HP:0040283"", ""reference"": ""ORPHA:1934"", ""onset"": """"}"
ATL000961	MONDO:0800491	has_phenotype	HP:0100660	HPO annotations	ORPHA:1934	https://hpo.jax.org/browse/term/HP:0100660	2026-10-03	observed	TAS				"{""atlas_edge_id"": ""E0173061"", ""frequency"": ""HP:0040283"", ""reference"": ""ORPHA:1934"", ""onset"": """"}"
ATL000962	MONDO:0800491	has_phenotype	HP:0100716	HPO annotations	ORPHA:1934	https://hpo.jax.org/browse/term/HP:0100716	2026-10-03	observed	TAS				"{""atlas_edge_id"": ""E0173062"", ""frequency"": ""HP:0040283"", ""reference"": ""ORPHA:1934"", ""onset"": """"}"
ATL000963	MONDO:0800491	has_phenotype	HP:0000054	HPO annotations	ORPHA:1934	https://hpo.jax.org/browse/term/HP:0000054	2026-10-03	observed	TAS				"{""atlas_edge_id"": ""E0173063"", ""frequency"": ""HP:0040284"", ""reference"": ""ORPHA:1934"", ""onset"": """"}"
ATL000964	MONDO:0800491	has_phenotype	HP:0000070	HPO annotations	ORPHA:1934	https://hpo.jax.org/browse/term/HP:0000070	2026-10-03	observed	TAS				"{""atlas_edge_id"": ""E0173064"", ""frequency"": ""HP:0040284"", ""reference"": ""ORPHA:1934"", ""onset"": """"}"
ATL000965	MONDO:0800491	has_phenotype	HP:0000110	HPO annotations	ORPHA:1934	https://hpo.jax.org/browse/term/HP:0000110	2026-10-03	observed	TAS				"{""atlas_edge_id"": ""E0173065"", ""frequency"": ""HP:0040284"", ""reference"": ""ORPHA:1934"", ""onset"": """"}"
ATL000966	MONDO:0800491	has_phenotype	HP:0000175	HPO annotations	ORPHA:1934	https://hpo.jax.org/browse/term/HP:0000175	2026-10-03	observed	TAS				"{""atlas_edge_id"": ""E0173066"", ""frequency"": ""HP:0040284"", ""reference"": ""ORPHA:1934"", ""onset"": """"}"
ATL000967	MONDO:0800491	has_phenotype	HP:0000252	HPO annotations	ORPHA:1934	https://hpo.jax.org/browse/term/HP:0000252	2026-10-03	observed	TAS				"{""atlas_edge_id"": ""E0173067"", ""frequency"": ""HP:0040284"", ""reference"": ""ORPHA:1934"", ""onset"": """"}"
ATL000968	MONDO:0800491	has_phenotype	HP:0000340	HPO annotations	ORPHA:1934	https://hpo.jax.org/browse/term/HP:0000340	2026-10-03	observed	TAS				"{""atlas_edge_id"": ""E0173068"", ""frequency"": ""HP:0040284"", ""reference"": ""ORPHA:1934"", ""onset"": """"}"
ATL000969	MONDO:0800491	has_phenotype	HP:0000463	HPO annotations	ORPHA:1934	https://hpo.jax.org/browse/term/HP:0000463	2026-10-03	observed	TAS				"{""atlas_edge_id"": ""E0173069"", ""frequency"": ""HP:0040284"", ""reference"": ""ORPHA:1934"", ""onset"": """"}"
ATL000970	MONDO:0800491	has_phenotype	HP:0000486	HPO annotations	ORPHA:1934	https://hpo.jax.org/browse/term/HP:0000486	2026-10-03	observed	TAS				"{""atlas_edge_id"": ""E0173070"", ""frequency"": ""HP:0040284"", ""reference"": ""ORPHA:1934"", ""onset"": """"}"
ATL000971	MONDO:0800491	has_phenotype	HP:0000826	HPO annotations	ORPHA:1934	https://hpo.jax.org/browse/term/HP:0000826	2026-10-03	observed	TAS				"{""atlas_edge_id"": ""E0173071"", ""frequency"": ""HP:0040284"", ""reference"": ""ORPHA:1934"", ""onset"": """"}"
ATL000972	MONDO:0800491	has_phenotype	HP:0001332	HPO annotations	ORPHA:1934	https://hpo.jax.org/browse/term/HP:0001332	2026-10-03	observed	TAS				"{""atlas_edge_id"": ""E0173072"", ""frequency"": ""HP:0040284"", ""reference"": ""ORPHA:1934"", ""onset"": """"}"
ATL000973	MONDO:0800491	has_phenotype	HP:0001500	HPO annotations	ORPHA:1934	https://hpo.jax.org/browse/term/HP:0001500	2026-10-03	observed	TAS				"{""atlas_edge_id"": ""E0173073"", ""frequency"": ""HP:0040284"", ""reference"": ""ORPHA:1934"", ""onset"": """"}"
ATL000974	MONDO:0800491	has_phenotype	HP:0001508	HPO annotations	ORPHA:1934	https://hpo.jax.org/browse/term/HP:0001508	2026-10-03	observed	TAS				"{""atlas_edge_id"": ""E0173074"", ""frequency"": ""HP:0040284"", ""reference"": ""ORPHA:1934"", ""onset"": """"}"
ATL000975	MONDO:0800491	has_phenotype	HP:0001537	HPO annotations	ORPHA:1934	https://hpo.jax.org/browse/term/HP:0001537	2026-10-03	observed	TAS				"{""atlas_edge_id"": ""E0173075"", ""frequency"": ""HP:0040284"", ""reference"": ""ORPHA:1934"", ""onset"": """"}"
ATL000976	MONDO:0800491	has_phenotype	HP:0001629	HPO annotations	ORPHA:1934	https://hpo.jax.org/browse/term/HP:0001629	2026-10-03	observed	TAS				"{""atlas_edge_id"": ""E0173076"", ""frequency"": ""HP:0040284"", ""reference"": ""ORPHA:1934"", ""onset"": """"}"
ATL000977	MONDO:0800491	has_phenotype	HP:0005280	HPO annotations	ORPHA:1934	https://hpo.jax.org/browse/term/HP:0005280	2026-10-03	observed	TAS				"{""atlas_edge_id"": ""E0173077"", ""frequency"": ""HP:0040284"", ""reference"": ""ORPHA:1934"", ""onset"": """"}"
ATL000978	MONDO:0800491	has_phenotype	HP:0009381	HPO annotations	ORPHA:1934	https://hpo.jax.org/browse/term/HP:0009381	2026-10-03	observed	TAS				"{""atlas_edge_id"": ""E0173078"", ""frequency"": ""HP:0040284"", ""reference"": ""ORPHA:1934"", ""onset"": """"}"
ATL000979	MONDO:0800491	has_phenotype	HP:0010174	HPO annotations	ORPHA:1934	https://hpo.jax.org/browse/term/HP:0010174	2026-10-03	observed	TAS				"{""atlas_edge_id"": ""E0173079"", ""frequency"": ""HP:0040284"", ""reference"": ""ORPHA:1934"", ""onset"": """"}"
ATL000980	MONDO:0800491	has_phenotype	HP:0012554	HPO annotations	ORPHA:1934	https://hpo.jax.org/browse/term/HP:0012554	2026-10-03	observed	TAS				"{""atlas_edge_id"": ""E0173080"", ""frequency"": ""HP:0040284"", ""reference"": ""ORPHA:1934"", ""onset"": """"}"
ATL000981	MONDO:0957539	has_phenotype	HP:0000473	HPO annotations	OMIM:620453	https://hpo.jax.org/browse/term/HP:0000473	2026-10-03	observed	PCS				"{""atlas_edge_id"": ""E0181289"", ""frequency"": ""3/3"", ""reference"": ""PMID:33539324"", ""onset"": """"}"
ATL000982	MONDO:0957539	has_phenotype	HP:0002069	HPO annotations	OMIM:620453	https://hpo.jax.org/browse/term/HP:0002069	2026-10-03	observed	PCS				"{""atlas_edge_id"": ""E0181290"", ""frequency"": ""1/3"", ""reference"": ""PMID:33539324"", ""onset"": """"}"
ATL000983	MONDO:0957539	has_phenotype	HP:0000571	HPO annotations	OMIM:620453	https://hpo.jax.org/browse/term/HP:0000571	2026-10-03	observed	PCS				"{""atlas_edge_id"": ""E0181291"", ""frequency"": ""2/3"", ""reference"": ""PMID:33539324"", ""onset"": """"}"
ATL000984	MONDO:0957539	has_phenotype	HP:0001310	HPO annotations	OMIM:620453	https://hpo.jax.org/browse/term/HP:0001310	2026-10-03	observed	PCS				"{""atlas_edge_id"": ""E0181292"", ""frequency"": ""1/3"", ""reference"": ""PMID:33539324"", ""onset"": """"}"
ATL000985	MONDO:0957539	has_phenotype	HP:0001272	HPO annotations	OMIM:620453	https://hpo.jax.org/browse/term/HP:0001272	2026-10-03	observed	PCS				"{""atlas_edge_id"": ""E0181293"", ""frequency"": ""3/3"", ""reference"": ""PMID:33539324"", ""onset"": """"}"
ATL000986	MONDO:0957539	has_phenotype	HP:0001260	HPO annotations	OMIM:620453	https://hpo.jax.org/browse/term/HP:0001260	2026-10-03	observed	PCS				"{""atlas_edge_id"": ""E0181294"", ""frequency"": ""3/3"", ""reference"": ""PMID:33539324"", ""onset"": """"}"
ATL000987	MONDO:0957539	has_phenotype	HP:0002075	HPO annotations	OMIM:620453	https://hpo.jax.org/browse/term/HP:0002075	2026-10-03	observed	PCS				"{""atlas_edge_id"": ""E0181295"", ""frequency"": ""1/3"", ""reference"": ""PMID:33539324"", ""onset"": """"}"
ATL000988	MONDO:0957539	has_phenotype	HP:0002061	HPO annotations	OMIM:620453	https://hpo.jax.org/browse/term/HP:0002061	2026-10-03	observed	PCS				"{""atlas_edge_id"": ""E0181296"", ""frequency"": ""1/3"", ""reference"": ""PMID:33539324"", ""onset"": """"}"
ATL000989	MONDO:0957539	has_phenotype	HP:0012048	HPO annotations	OMIM:620453	https://hpo.jax.org/browse/term/HP:0012048	2026-10-03	observed	PCS				"{""atlas_edge_id"": ""E0181297"", ""frequency"": ""3/3"", ""reference"": ""PMID:33539324"", ""onset"": """"}"
ATL000990	MONDO:0957539	has_phenotype	HP:0012049	HPO annotations	OMIM:620453	https://hpo.jax.org/browse/term/HP:0012049	2026-10-03	observed	PCS				"{""atlas_edge_id"": ""E0181298"", ""frequency"": ""3/3"", ""reference"": ""PMID:33539324"", ""onset"": """"}"
ATL000991	MONDO:0957539	has_phenotype	HP:0002080	HPO annotations	OMIM:620453	https://hpo.jax.org/browse/term/HP:0002080	2026-10-03	observed	PCS				"{""atlas_edge_id"": ""E0181299"", ""frequency"": ""1/3"", ""reference"": ""PMID:33539324"", ""onset"": """"}"
ATL000992	MONDO:0957539	has_phenotype	HP:0000514	HPO annotations	OMIM:620453	https://hpo.jax.org/browse/term/HP:0000514	2026-10-03	observed	PCS				"{""atlas_edge_id"": ""E0181300"", ""frequency"": ""2/3"", ""reference"": ""PMID:33539324"", ""onset"": """"}"
ATL000993	MONDO:0957539	has_phenotype	HP:0007325	HPO annotations	OMIM:620453	https://hpo.jax.org/browse/term/HP:0007325	2026-10-03	observed	PCS				"{""atlas_edge_id"": ""E0181301"", ""frequency"": ""3/3"", ""reference"": ""PMID:33539324"", ""onset"": """"}"
ATL000994	MONDO:0957539	has_phenotype	HP:0001268	HPO annotations	OMIM:620453	https://hpo.jax.org/browse/term/HP:0001268	2026-10-03	observed	PCS				"{""atlas_edge_id"": ""E0181302"", ""frequency"": ""3/3"", ""reference"": ""PMID:33539324"", ""onset"": ""HP:0003581""}"
ATL000995	MONDO:0957542	has_phenotype	HP:0000473	HPO annotations	OMIM:620456	https://hpo.jax.org/browse/term/HP:0000473	2026-10-03	observed	PCS				"{""atlas_edge_id"": ""E0181377"", ""frequency"": ""1/1"", ""reference"": ""PMID:33539324"", ""onset"": """"}"
ATL000996	MONDO:0957542	has_phenotype	HP:0001288	HPO annotations	OMIM:620456	https://hpo.jax.org/browse/term/HP:0001288	2026-10-03	observed	PCS				"{""atlas_edge_id"": ""E0181378"", ""frequency"": ""0/3"", ""reference"": ""PMID:33539324"", ""onset"": """"}"
ATL000997	MONDO:0957542	has_phenotype	HP:0003487	HPO annotations	OMIM:620456	https://hpo.jax.org/browse/term/HP:0003487	2026-10-03	observed	PCS				"{""atlas_edge_id"": ""E0181379"", ""frequency"": ""1/3"", ""reference"": ""PMID:33539324"", ""onset"": """"}"
ATL000998	MONDO:0957542	has_phenotype	HP:0007351	HPO annotations	OMIM:620456	https://hpo.jax.org/browse/term/HP:0007351	2026-10-03	observed	PCS				"{""atlas_edge_id"": ""E0181380"", ""frequency"": ""1/3"", ""reference"": ""PMID:33539324"", ""onset"": """"}"
ATL000999	MONDO:0957542	has_phenotype	HP:0004373	HPO annotations	OMIM:620456	https://hpo.jax.org/browse/term/HP:0004373	2026-10-03	observed	PCS				"{""atlas_edge_id"": ""E0181381"", ""frequency"": ""1/1"", ""reference"": ""PMID:33539324"", ""onset"": """"}"
ATL001000	MONDO:0957542	has_phenotype	HP:0001270	HPO annotations	OMIM:620456	https://hpo.jax.org/browse/term/HP:0001270	2026-10-03	observed	PCS				"{""atlas_edge_id"": ""E0181382"", ""frequency"": ""0/3"", ""reference"": ""PMID:33539324"", ""onset"": """"}"
ATL001001	MONDO:0957542	has_phenotype	HP:0001268	HPO annotations	OMIM:620456	https://hpo.jax.org/browse/term/HP:0001268	2026-10-03	observed	PCS				"{""atlas_edge_id"": ""E0181383"", ""frequency"": ""3/3"", ""reference"": ""PMID:33539324"", ""onset"": """"}"
ATL001002	MONDO:0957542	has_phenotype	HP:0002544	HPO annotations	OMIM:620456	https://hpo.jax.org/browse/term/HP:0002544	2026-10-03	observed	PCS				"{""atlas_edge_id"": ""E0181384"", ""frequency"": ""1/3"", ""reference"": ""PMID:33539324"", ""onset"": """"}"
ATL001003	MONDO:0958324	has_phenotype	HP:0002373	HPO annotations	OMIM:620755	https://hpo.jax.org/browse/term/HP:0002373	2026-10-03	observed	PCS				"{""atlas_edge_id"": ""E0184187"", ""frequency"": ""23/33"", ""reference"": ""PMID:34038384"", ""onset"": """"}"
ATL001004	MONDO:0958324	has_phenotype	HP:0002197	HPO annotations	OMIM:620755	https://hpo.jax.org/browse/term/HP:0002197	2026-10-03	observed	PCS				"{""atlas_edge_id"": ""E0184188"", ""frequency"": ""11/11"", ""reference"": ""PMID:34038384"", ""onset"": """"}"
ATL001005	MONDO:0958324	has_phenotype	HP:0001250	HPO annotations	OMIM:620755	https://hpo.jax.org/browse/term/HP:0001250	2026-10-03	observed	PCS				"{""atlas_edge_id"": ""E0184189"", ""frequency"": ""1/1"", ""reference"": ""PMID:34038384"", ""onset"": """"}"
ATL001006	MONDO:0958324	has_phenotype	HP:0000729	HPO annotations	OMIM:620755	https://hpo.jax.org/browse/term/HP:0000729	2026-10-03	observed	PCS				"{""atlas_edge_id"": ""E0184190"", ""frequency"": ""1/34"", ""reference"": ""PMID:34038384"", ""onset"": """"}"
ATL001007	MONDO:0958324	has_phenotype	HP:0007166	HPO annotations	OMIM:620755	https://hpo.jax.org/browse/term/HP:0007166	2026-10-03	observed	PCS				"{""atlas_edge_id"": ""E0184191"", ""frequency"": ""1/34"", ""reference"": ""PMID:34038384"", ""onset"": """"}"
ATL001008	MONDO:0958324	has_phenotype	HP:0025190	HPO annotations	OMIM:620755	https://hpo.jax.org/browse/term/HP:0025190	2026-10-03	observed	PCS				"{""atlas_edge_id"": ""E0184192"", ""frequency"": ""3/34"", ""reference"": ""PMID:34038384"", ""onset"": """"}"
ATL001009	MONDO:0958324	has_phenotype	HP:0033258	HPO annotations	OMIM:620755	https://hpo.jax.org/browse/term/HP:0033258	2026-10-03	observed	PCS				"{""atlas_edge_id"": ""E0184193"", ""frequency"": ""1/34"", ""reference"": ""PMID:34038384"", ""onset"": """"}"
ATL001010	MONDO:0958324	has_phenotype	HP:0011170	HPO annotations	OMIM:620755	https://hpo.jax.org/browse/term/HP:0011170	2026-10-03	observed	PCS				"{""atlas_edge_id"": ""E0184194"", ""frequency"": ""2/34"", ""reference"": ""PMID:34038384"", ""onset"": """"}"
ATL001011	MONDO:0958324	has_phenotype	HP:0007359	HPO annotations	OMIM:620755	https://hpo.jax.org/browse/term/HP:0007359	2026-10-03	observed	PCS				"{""atlas_edge_id"": ""E0184195"", ""frequency"": ""7/34"", ""reference"": ""PMID:34038384"", ""onset"": """"}"
ATL001012	MONDO:0958331	has_phenotype	HP:0002069	HPO annotations	OMIM:620774	https://hpo.jax.org/browse/term/HP:0002069	2026-10-03	observed	PCS				"{""atlas_edge_id"": ""E0184379"", ""frequency"": ""3/4"", ""reference"": ""PMID:36073542"", ""onset"": """"}"
ATL001013	MONDO:0958331	has_phenotype	HP:0001332	HPO annotations	OMIM:620774	https://hpo.jax.org/browse/term/HP:0001332	2026-10-03	observed	PCS				"{""atlas_edge_id"": ""E0184380"", ""frequency"": ""1/4"", ""reference"": ""PMID:36073542"", ""onset"": """"}"
ATL001014	MONDO:0958331	has_phenotype	HP:0002384	HPO annotations	OMIM:620774	https://hpo.jax.org/browse/term/HP:0002384	2026-10-03	observed	PCS				"{""atlas_edge_id"": ""E0184381"", ""frequency"": ""3/4"", ""reference"": ""PMID:36073542"", ""onset"": """"}"
ATL001015	MONDO:0958331	has_phenotype	HP:0001252	HPO annotations	OMIM:620774	https://hpo.jax.org/browse/term/HP:0001252	2026-10-03	observed	PCS				"{""atlas_edge_id"": ""E0184382"", ""frequency"": ""4/4"", ""reference"": ""PMID:36073542"", ""onset"": """"}"
ATL001016	MONDO:0958331	has_phenotype	HP:0002360	HPO annotations	OMIM:620774	https://hpo.jax.org/browse/term/HP:0002360	2026-10-03	observed	PCS				"{""atlas_edge_id"": ""E0184383"", ""frequency"": ""3/3"", ""reference"": ""PMID:36073542"", ""onset"": """"}"
ATL001017	MONDO:0958331	has_phenotype	HP:0032794	HPO annotations	OMIM:620774	https://hpo.jax.org/browse/term/HP:0032794	2026-10-03	observed	PCS				"{""atlas_edge_id"": ""E0184384"", ""frequency"": ""2/4"", ""reference"": ""PMID:36073542"", ""onset"": """"}"
ATL001018	MONDO:0958331	has_phenotype	HP:0001270	HPO annotations	OMIM:620774	https://hpo.jax.org/browse/term/HP:0001270	2026-10-03	observed	PCS				"{""atlas_edge_id"": ""E0184385"", ""frequency"": ""4/4"", ""reference"": ""PMID:36073542"", ""onset"": """"}"
ATL001019	MONDO:0958331	has_phenotype	HP:0008070	HPO annotations	OMIM:620774	https://hpo.jax.org/browse/term/HP:0008070	2026-10-03	observed	PCS				"{""atlas_edge_id"": ""E0184386"", ""frequency"": ""1/4"", ""reference"": ""PMID:36073542"", ""onset"": """"}"
ATL001020	MONDO:0958331	has_phenotype	HP:0033725	HPO annotations	OMIM:620774	https://hpo.jax.org/browse/term/HP:0033725	2026-10-03	observed	PCS				"{""atlas_edge_id"": ""E0184387"", ""frequency"": ""1/4"", ""reference"": ""PMID:36073542"", ""onset"": """"}"
ATL001021	MONDO:0958331	has_phenotype	HP:0010721	HPO annotations	OMIM:620774	https://hpo.jax.org/browse/term/HP:0010721	2026-10-03	observed	PCS				"{""atlas_edge_id"": ""E0184388"", ""frequency"": ""1/4"", ""reference"": ""PMID:36073542"", ""onset"": """"}"
ATL001022	MONDO:0958331	has_phenotype	HP:0000718	HPO annotations	OMIM:620774	https://hpo.jax.org/browse/term/HP:0000718	2026-10-03	observed	PCS				"{""atlas_edge_id"": ""E0184389"", ""frequency"": ""1/2"", ""reference"": ""PMID:36073542"", ""onset"": """"}"
ATL001023	MONDO:0958331	has_phenotype	HP:0007166	HPO annotations	OMIM:620774	https://hpo.jax.org/browse/term/HP:0007166	2026-10-03	observed	PCS				"{""atlas_edge_id"": ""E0184390"", ""frequency"": ""1/4"", ""reference"": ""PMID:36073542"", ""onset"": """"}"
ATL001024	MONDO:0958331	has_phenotype	HP:0012450	HPO annotations	OMIM:620774	https://hpo.jax.org/browse/term/HP:0012450	2026-10-03	observed	PCS				"{""atlas_edge_id"": ""E0184391"", ""frequency"": ""1/4"", ""reference"": ""PMID:36073542"", ""onset"": """"}"
ATL001025	MONDO:0958331	has_phenotype	HP:0000316	HPO annotations	OMIM:620774	https://hpo.jax.org/browse/term/HP:0000316	2026-10-03	observed	PCS				"{""atlas_edge_id"": ""E0184392"", ""frequency"": ""1/4"", ""reference"": ""PMID:36073542"", ""onset"": """"}"
ATL001026	MONDO:0958331	has_phenotype	HP:0000238	HPO annotations	OMIM:620774	https://hpo.jax.org/browse/term/HP:0000238	2026-10-03	observed	PCS				"{""atlas_edge_id"": ""E0184393"", ""frequency"": ""1/4"", ""reference"": ""PMID:36073542"", ""onset"": """"}"
ATL001027	MONDO:0958331	has_phenotype	HP:0002119	HPO annotations	OMIM:620774	https://hpo.jax.org/browse/term/HP:0002119	2026-10-03	observed	PCS				"{""atlas_edge_id"": ""E0184394"", ""frequency"": ""1/4"", ""reference"": ""PMID:36073542"", ""onset"": """"}"
ATL001028	MONDO:0958331	has_phenotype	HP:0001249	HPO annotations	OMIM:620774	https://hpo.jax.org/browse/term/HP:0001249	2026-10-03	observed	PCS				"{""atlas_edge_id"": ""E0184395"", ""frequency"": ""4/4"", ""reference"": ""PMID:36073542"", ""onset"": """"}"
ATL001029	MONDO:0958331	has_phenotype	HP:0000577	HPO annotations	OMIM:620774	https://hpo.jax.org/browse/term/HP:0000577	2026-10-03	observed	PCS				"{""atlas_edge_id"": ""E0184396"", ""frequency"": ""1/4"", ""reference"": ""PMID:36073542"", ""onset"": """"}"
ATL001030	MONDO:0958331	has_phenotype	HP:0000494	HPO annotations	OMIM:620774	https://hpo.jax.org/browse/term/HP:0000494	2026-10-03	observed	PCS				"{""atlas_edge_id"": ""E0184397"", ""frequency"": ""1/4"", ""reference"": ""PMID:36073542"", ""onset"": """"}"
ATL001031	MONDO:0958331	has_phenotype	HP:0002059	HPO annotations	OMIM:620774	https://hpo.jax.org/browse/term/HP:0002059	2026-10-03	observed	PCS				"{""atlas_edge_id"": ""E0184398"", ""frequency"": ""1/4"", ""reference"": ""PMID:36073542"", ""onset"": """"}"
ATL001032	MONDO:0958331	has_phenotype	HP:0000750	HPO annotations	OMIM:620774	https://hpo.jax.org/browse/term/HP:0000750	2026-10-03	observed	PCS				"{""atlas_edge_id"": ""E0184399"", ""frequency"": ""4/4"", ""reference"": ""PMID:36073542"", ""onset"": """"}"
ATL001033	MONDO:0958331	has_phenotype	HP:0002133	HPO annotations	OMIM:620774	https://hpo.jax.org/browse/term/HP:0002133	2026-10-03	observed	PCS				"{""atlas_edge_id"": ""E0184400"", ""frequency"": ""1/4"", ""reference"": ""PMID:36073542"", ""onset"": """"}"
ATL001034	MONDO:0958331	has_phenotype	HP:0002376	HPO annotations	OMIM:620774	https://hpo.jax.org/browse/term/HP:0002376	2026-10-03	observed	PCS				"{""atlas_edge_id"": ""E0184401"", ""frequency"": ""4/4"", ""reference"": ""PMID:36073542"", ""onset"": """"}"
ATL001035	MONDO:0958331	has_phenotype	HP:0010819	HPO annotations	OMIM:620774	https://hpo.jax.org/browse/term/HP:0010819	2026-10-03	observed	PCS				"{""atlas_edge_id"": ""E0184402"", ""frequency"": ""2/4"", ""reference"": ""PMID:36073542"", ""onset"": """"}"
ATL001036	MONDO:0958331	has_phenotype	HP:0000490	HPO annotations	OMIM:620774	https://hpo.jax.org/browse/term/HP:0000490	2026-10-03	observed	PCS				"{""atlas_edge_id"": ""E0184403"", ""frequency"": ""1/4"", ""reference"": ""PMID:36073542"", ""onset"": """"}"
ATL001037	MONDO:0958331	has_phenotype	HP:0001263	HPO annotations	OMIM:620774	https://hpo.jax.org/browse/term/HP:0001263	2026-10-03	observed	PCS				"{""atlas_edge_id"": ""E0184404"", ""frequency"": ""3/3"", ""reference"": ""PMID:36073542"", ""onset"": """"}"
ATL001038	MONDO:0958331	has_phenotype	HP:0009909	HPO annotations	OMIM:620774	https://hpo.jax.org/browse/term/HP:0009909	2026-10-03	observed	PCS				"{""atlas_edge_id"": ""E0184405"", ""frequency"": ""1/4"", ""reference"": ""PMID:36073542"", ""onset"": """"}"
ATL001039	MONDO:0958331	has_phenotype	HP:0002072	HPO annotations	OMIM:620774	https://hpo.jax.org/browse/term/HP:0002072	2026-10-03	observed	PCS				"{""atlas_edge_id"": ""E0184406"", ""frequency"": ""2/4"", ""reference"": ""PMID:36073542"", ""onset"": """"}"
ATL001040	MONDO:0958331	has_phenotype	HP:0100021	HPO annotations	OMIM:620774	https://hpo.jax.org/browse/term/HP:0100021	2026-10-03	observed	PCS				"{""atlas_edge_id"": ""E0184407"", ""frequency"": ""1/4"", ""reference"": ""PMID:36073542"", ""onset"": """"}"
ATL001041	MONDO:0958331	has_phenotype	HP:0001182	HPO annotations	OMIM:620774	https://hpo.jax.org/browse/term/HP:0001182	2026-10-03	observed	PCS				"{""atlas_edge_id"": ""E0184408"", ""frequency"": ""1/4"", ""reference"": ""PMID:36073542"", ""onset"": """"}"
ATL001042	MONDO:0958331	has_phenotype	HP:0010535	HPO annotations	OMIM:620774	https://hpo.jax.org/browse/term/HP:0010535	2026-10-03	observed	PCS				"{""atlas_edge_id"": ""E0184409"", ""frequency"": ""1/4"", ""reference"": ""PMID:36073542"", ""onset"": """"}"
ATL001043	MONDO:0958331	has_phenotype	HP:0007270	HPO annotations	OMIM:620774	https://hpo.jax.org/browse/term/HP:0007270	2026-10-03	observed	PCS				"{""atlas_edge_id"": ""E0184410"", ""frequency"": ""1/4"", ""reference"": ""PMID:36073542"", ""onset"": """"}"
ATL001044	MONDO:0958331	has_phenotype	HP:0000729	HPO annotations	OMIM:620774	https://hpo.jax.org/browse/term/HP:0000729	2026-10-03	observed	PCS				"{""atlas_edge_id"": ""E0184411"", ""frequency"": ""2/4"", ""reference"": ""PMID:36073542"", ""onset"": """"}"
ATL001045	MONDO:0958331	has_phenotype	HP:0008523	HPO annotations	OMIM:620774	https://hpo.jax.org/browse/term/HP:0008523	2026-10-03	observed	PCS				"{""atlas_edge_id"": ""E0184412"", ""frequency"": ""1/4"", ""reference"": ""PMID:36073542"", ""onset"": """"}"
ATL001046	MONDO:0958331	has_phenotype	HP:0100716	HPO annotations	OMIM:620774	https://hpo.jax.org/browse/term/HP:0100716	2026-10-03	observed	PCS				"{""atlas_edge_id"": ""E0184413"", ""frequency"": ""1/2"", ""reference"": ""PMID:36073542"", ""onset"": """"}"
ATL001047	MONDO:0958331	has_phenotype	HP:0001852	HPO annotations	OMIM:620774	https://hpo.jax.org/browse/term/HP:0001852	2026-10-03	observed	PCS				"{""atlas_edge_id"": ""E0184414"", ""frequency"": ""1/4"", ""reference"": ""PMID:36073542"", ""onset"": """"}"
ATL001048	MONDO:0958331	has_phenotype	HP:0000664	HPO annotations	OMIM:620774	https://hpo.jax.org/browse/term/HP:0000664	2026-10-03	observed	PCS				"{""atlas_edge_id"": ""E0184415"", ""frequency"": ""1/4"", ""reference"": ""PMID:36073542"", ""onset"": """"}"
ATL001049	MONDO:1040014	has_phenotype	HP:0004325	HPO annotations	OMIM:621122	https://hpo.jax.org/browse/term/HP:0004325	2026-10-03	observed	PCS				"{""atlas_edge_id"": ""E0195148"", ""frequency"": ""0/5"", ""reference"": ""PMID:38181735"", ""onset"": """"}"
ATL001050	MONDO:1040014	has_phenotype	HP:0000483	HPO annotations	OMIM:621122	https://hpo.jax.org/browse/term/HP:0000483	2026-10-03	observed	PCS				"{""atlas_edge_id"": ""E0195149"", ""frequency"": ""1/7"", ""reference"": ""PMID:38181735"", ""onset"": """"}"
ATL001051	MONDO:1040014	has_phenotype	HP:0001572	HPO annotations	OMIM:621122	https://hpo.jax.org/browse/term/HP:0001572	2026-10-03	observed	PCS				"{""atlas_edge_id"": ""E0195150"", ""frequency"": ""1/1"", ""reference"": ""PMID:38181735"", ""onset"": """"}"
ATL001052	MONDO:1040014	has_phenotype	HP:0002540	HPO annotations	OMIM:621122	https://hpo.jax.org/browse/term/HP:0002540	2026-10-03	observed	PCS				"{""atlas_edge_id"": ""E0195151"", ""frequency"": ""1/3"", ""reference"": ""PMID:38181735"", ""onset"": """"}"
ATL001053	MONDO:1040014	has_phenotype	HP:0003112	HPO annotations	OMIM:621122	https://hpo.jax.org/browse/term/HP:0003112	2026-10-03	observed	PCS				"{""atlas_edge_id"": ""E0195152"", ""frequency"": ""0/1"", ""reference"": ""PMID:38181735"", ""onset"": """"}"
ATL001054	MONDO:1040014	has_phenotype	HP:0000486	HPO annotations	OMIM:621122	https://hpo.jax.org/browse/term/HP:0000486	2026-10-03	observed	PCS				"{""atlas_edge_id"": ""E0195153"", ""frequency"": ""2/2"", ""reference"": ""PMID:38181735"", ""onset"": """"}"
ATL001055	MONDO:1040014	has_phenotype	HP:0001332	HPO annotations	OMIM:621122	https://hpo.jax.org/browse/term/HP:0001332	2026-10-03	observed	PCS				"{""atlas_edge_id"": ""E0195154"", ""frequency"": ""0/6"", ""reference"": ""PMID:38181735"", ""onset"": """"}"
ATL001056	MONDO:1040014	has_phenotype	HP:0004322	HPO annotations	OMIM:621122	https://hpo.jax.org/browse/term/HP:0004322	2026-10-03	observed	PCS				"{""atlas_edge_id"": ""E0195155"", ""frequency"": ""2/6"", ""reference"": ""PMID:38181735"", ""onset"": """"}"
ATL001057	MONDO:1040014	has_phenotype	HP:0000083	HPO annotations	OMIM:621122	https://hpo.jax.org/browse/term/HP:0000083	2026-10-03	observed	PCS				"{""atlas_edge_id"": ""E0195156"", ""frequency"": ""0/2"", ""reference"": ""PMID:38181735"", ""onset"": """"}"
ATL001058	MONDO:1040014	has_phenotype	HP:0002020	HPO annotations	OMIM:621122	https://hpo.jax.org/browse/term/HP:0002020	2026-10-03	observed	PCS				"{""atlas_edge_id"": ""E0195157"", ""frequency"": ""2/6"", ""reference"": ""PMID:38181735"", ""onset"": """"}"
ATL001059	MONDO:1040014	has_phenotype	HP:0033725	HPO annotations	OMIM:621122	https://hpo.jax.org/browse/term/HP:0033725	2026-10-03	observed	PCS				"{""atlas_edge_id"": ""E0195158"", ""frequency"": ""0/5"", ""reference"": ""PMID:38181735"", ""onset"": """"}"
ATL001060	MONDO:1040014	has_phenotype	HP:0100248	HPO annotations	OMIM:621122	https://hpo.jax.org/browse/term/HP:0100248	2026-10-03	observed	PCS				"{""atlas_edge_id"": ""E0195159"", ""frequency"": ""0/6"", ""reference"": ""PMID:38181735"", ""onset"": """"}"
ATL001061	MONDO:1040014	has_phenotype	HP:0000639	HPO annotations	OMIM:621122	https://hpo.jax.org/browse/term/HP:0000639	2026-10-03	observed	PCS				"{""atlas_edge_id"": ""E0195160"", ""frequency"": ""0/5"", ""reference"": ""PMID:38181735"", ""onset"": """"}"
ATL001062	MONDO:1040014	has_phenotype	HP:0040131	HPO annotations	OMIM:621122	https://hpo.jax.org/browse/term/HP:0040131	2026-10-03	observed	PCS				"{""atlas_edge_id"": ""E0195161"", ""frequency"": ""0/1"", ""reference"": ""PMID:38181735"", ""onset"": """"}"
ATL001063	MONDO:1040014	has_phenotype	HP:0010450	HPO annotations	OMIM:621122	https://hpo.jax.org/browse/term/HP:0010450	2026-10-03	observed	PCS				"{""atlas_edge_id"": ""E0195162"", ""frequency"": ""0/3"", ""reference"": ""PMID:38181735"", ""onset"": """"}"
ATL001064	MONDO:1040014	has_phenotype	HP:0012071	HPO annotations	OMIM:621122	https://hpo.jax.org/browse/term/HP:0012071	2026-10-03	observed	PCS				"{""atlas_edge_id"": ""E0195163"", ""frequency"": ""0/1"", ""reference"": ""PMID:38181735"", ""onset"": """"}"
ATL001065	MONDO:1040014	has_phenotype	HP:0002019	HPO annotations	OMIM:621122	https://hpo.jax.org/browse/term/HP:0002019	2026-10-03	observed	PCS				"{""atlas_edge_id"": ""E0195164"", ""frequency"": ""0/3"", ""reference"": ""PMID:38181735"", ""onset"": """"}"
ATL001066	MONDO:1040014	has_phenotype	HP:0002036	HPO annotations	OMIM:621122	https://hpo.jax.org/browse/term/HP:0002036	2026-10-03	observed	PCS				"{""atlas_edge_id"": ""E0195165"", ""frequency"": ""0/3"", ""reference"": ""PMID:38181735"", ""onset"": """"}"
ATL001067	MONDO:1040014	has_phenotype	HP:0000252	HPO annotations	OMIM:621122	https://hpo.jax.org/browse/term/HP:0000252	2026-10-03	observed	PCS				"{""atlas_edge_id"": ""E0195166"", ""frequency"": ""2/6"", ""reference"": ""PMID:38181735"", ""onset"": """"}"
ATL001068	MONDO:1040014	has_phenotype	HP:0000494	HPO annotations	OMIM:621122	https://hpo.jax.org/browse/term/HP:0000494	2026-10-03	observed	PCS				"{""atlas_edge_id"": ""E0195167"", ""frequency"": ""1/3"", ""reference"": ""PMID:38181735"", ""onset"": """"}"
ATL001069	MONDO:1040014	has_phenotype	HP:0000010	HPO annotations	OMIM:621122	https://hpo.jax.org/browse/term/HP:0000010	2026-10-03	observed	PCS				"{""atlas_edge_id"": ""E0195168"", ""frequency"": ""1/6"", ""reference"": ""PMID:38181735"", ""onset"": """"}"
ATL001070	MONDO:1040014	has_phenotype	HP:0001344	HPO annotations	OMIM:621122	https://hpo.jax.org/browse/term/HP:0001344	2026-10-03	observed	PCS				"{""atlas_edge_id"": ""E0195169"", ""frequency"": ""2/5"", ""reference"": ""PMID:38181735"", ""onset"": """"}"
ATL001071	MONDO:1040014	has_phenotype	HP:0002151	HPO annotations	OMIM:621122	https://hpo.jax.org/browse/term/HP:0002151	2026-10-03	observed	PCS				"{""atlas_edge_id"": ""E0195170"", ""frequency"": ""0/1"", ""reference"": ""PMID:38181735"", ""onset"": """"}"
ATL001072	MONDO:1040014	has_phenotype	HP:0034665	HPO annotations	OMIM:621122	https://hpo.jax.org/browse/term/HP:0034665	2026-10-03	observed	PCS				"{""atlas_edge_id"": ""E0195171"", ""frequency"": ""1/3"", ""reference"": ""PMID:38181735"", ""onset"": """"}"
ATL001073	MONDO:1040014	has_phenotype	HP:0003083	HPO annotations	OMIM:621122	https://hpo.jax.org/browse/term/HP:0003083	2026-10-03	observed	PCS				"{""atlas_edge_id"": ""E0195172"", ""frequency"": ""1/1"", ""reference"": ""PMID:38181735"", ""onset"": """"}"
ATL001074	MONDO:1040014	has_phenotype	HP:0008003	HPO annotations	OMIM:621122	https://hpo.jax.org/browse/term/HP:0008003	2026-10-03	observed	PCS				"{""atlas_edge_id"": ""E0195173"", ""frequency"": ""0/5"", ""reference"": ""PMID:38181735"", ""onset"": """"}"
ATL001075	MONDO:1040014	has_phenotype	HP:0000527	HPO annotations	OMIM:621122	https://hpo.jax.org/browse/term/HP:0000527	2026-10-03	observed	PCS				"{""atlas_edge_id"": ""E0195174"", ""frequency"": ""1/1"", ""reference"": ""PMID:38181735"", ""onset"": """"}"
ATL001076	MONDO:1040014	has_phenotype	HP:0004209	HPO annotations	OMIM:621122	https://hpo.jax.org/browse/term/HP:0004209	2026-10-03	observed	PCS				"{""atlas_edge_id"": ""E0195175"", ""frequency"": ""1/1"", ""reference"": ""PMID:38181735"", ""onset"": """"}"
ATL001077	MONDO:1040014	has_phenotype	HP:0002307	HPO annotations	OMIM:621122	https://hpo.jax.org/browse/term/HP:0002307	2026-10-03	observed	PCS				"{""atlas_edge_id"": ""E0195176"", ""frequency"": ""1/3"", ""reference"": ""PMID:38181735"", ""onset"": """"}"
ATL001078	MONDO:1040014	has_phenotype	HP:0001852	HPO annotations	OMIM:621122	https://hpo.jax.org/browse/term/HP:0001852	2026-10-03	observed	PCS				"{""atlas_edge_id"": ""E0195177"", ""frequency"": ""1/3"", ""reference"": ""PMID:38181735"", ""onset"": """"}"
ATL001079	MONDO:1040014	has_phenotype	HP:0001337	HPO annotations	OMIM:621122	https://hpo.jax.org/browse/term/HP:0001337	2026-10-03	observed	PCS				"{""atlas_edge_id"": ""E0195178"", ""frequency"": ""1/6"", ""reference"": ""PMID:38181735"", ""onset"": """"}"
ATL001080	MONDO:1040014	has_phenotype	HP:0000369	HPO annotations	OMIM:621122	https://hpo.jax.org/browse/term/HP:0000369	2026-10-03	observed	PCS				"{""atlas_edge_id"": ""E0195179"", ""frequency"": ""2/4"", ""reference"": ""PMID:38181735"", ""onset"": """"}"
ATL001081	MONDO:1040014	has_phenotype	HP:0000126	HPO annotations	OMIM:621122	https://hpo.jax.org/browse/term/HP:0000126	2026-10-03	observed	PCS				"{""atlas_edge_id"": ""E0195180"", ""frequency"": ""1/5"", ""reference"": ""PMID:38181735"", ""onset"": """"}"
ATL001082	MONDO:1040014	has_phenotype	HP:0001336	HPO annotations	OMIM:621122	https://hpo.jax.org/browse/term/HP:0001336	2026-10-03	observed	PCS				"{""atlas_edge_id"": ""E0195181"", ""frequency"": ""1/6"", ""reference"": ""PMID:38181735"", ""onset"": """"}"
ATL001083	MONDO:1040014	has_phenotype	HP:0001276	HPO annotations	OMIM:621122	https://hpo.jax.org/browse/term/HP:0001276	2026-10-03	observed	PCS				"{""atlas_edge_id"": ""E0195182"", ""frequency"": ""1/7"", ""reference"": ""PMID:38181735"", ""onset"": """"}"
ATL001084	MONDO:1040014	has_phenotype	HP:0000062	HPO annotations	OMIM:621122	https://hpo.jax.org/browse/term/HP:0000062	2026-10-03	observed	PCS				"{""atlas_edge_id"": ""E0195183"", ""frequency"": ""0/2"", ""reference"": ""PMID:38181735"", ""onset"": """"}"
ATL001085	MONDO:1040014	has_phenotype	HP:0002121	HPO annotations	OMIM:621122	https://hpo.jax.org/browse/term/HP:0002121	2026-10-03	observed	PCS				"{""atlas_edge_id"": ""E0195184"", ""frequency"": ""1/1"", ""reference"": ""PMID:38181735"", ""onset"": """"}"
ATL001086	MONDO:1040014	has_phenotype	HP:0000739	HPO annotations	OMIM:621122	https://hpo.jax.org/browse/term/HP:0000739	2026-10-03	observed	PCS				"{""atlas_edge_id"": ""E0195185"", ""frequency"": ""2/5"", ""reference"": ""PMID:38181735"", ""onset"": """"}"
ATL001087	MONDO:1040014	has_phenotype	HP:0012450	HPO annotations	OMIM:621122	https://hpo.jax.org/browse/term/HP:0012450	2026-10-03	observed	PCS				"{""atlas_edge_id"": ""E0195186"", ""frequency"": ""1/3"", ""reference"": ""PMID:38181735"", ""onset"": """"}"
ATL001088	MONDO:1040014	has_phenotype	HP:0000338	HPO annotations	OMIM:621122	https://hpo.jax.org/browse/term/HP:0000338	2026-10-03	observed	PCS				"{""atlas_edge_id"": ""E0195187"", ""frequency"": ""1/1"", ""reference"": ""PMID:38181735"", ""onset"": """"}"
ATL001089	MONDO:1040014	has_phenotype	HP:0000733	HPO annotations	OMIM:621122	https://hpo.jax.org/browse/term/HP:0000733	2026-10-03	observed	PCS				"{""atlas_edge_id"": ""E0195188"", ""frequency"": ""1/4"", ""reference"": ""PMID:38181735"", ""onset"": """"}"
ATL001090	MONDO:1040014	has_phenotype	HP:0000219	HPO annotations	OMIM:621122	https://hpo.jax.org/browse/term/HP:0000219	2026-10-03	observed	PCS				"{""atlas_edge_id"": ""E0195189"", ""frequency"": ""1/1"", ""reference"": ""PMID:38181735"", ""onset"": """"}"
ATL001091	MONDO:1040014	has_phenotype	HP:0030084	HPO annotations	OMIM:621122	https://hpo.jax.org/browse/term/HP:0030084	2026-10-03	observed	PCS				"{""atlas_edge_id"": ""E0195190"", ""frequency"": ""2/4"", ""reference"": ""PMID:38181735"", ""onset"": """"}"
ATL001092	MONDO:1040014	has_phenotype	HP:0000577	HPO annotations	OMIM:621122	https://hpo.jax.org/browse/term/HP:0000577	2026-10-03	observed	PCS				"{""atlas_edge_id"": ""E0195191"", ""frequency"": ""1/4"", ""reference"": ""PMID:38181735"", ""onset"": """"}"
ATL001093	MONDO:1040014	has_phenotype	HP:0002015	HPO annotations	OMIM:621122	https://hpo.jax.org/browse/term/HP:0002015	2026-10-03	observed	PCS				"{""atlas_edge_id"": ""E0195192"", ""frequency"": ""1/6"", ""reference"": ""PMID:38181735"", ""onset"": """"}"
ATL001094	MONDO:1040014	has_phenotype	HP:0002136	HPO annotations	OMIM:621122	https://hpo.jax.org/browse/term/HP:0002136	2026-10-03	observed	PCS				"{""atlas_edge_id"": ""E0195193"", ""frequency"": ""1/3"", ""reference"": ""PMID:38181735"", ""onset"": """"}"
ATL001095	MONDO:1040014	has_phenotype	HP:0002650	HPO annotations	OMIM:621122	https://hpo.jax.org/browse/term/HP:0002650	2026-10-03	observed	PCS				"{""atlas_edge_id"": ""E0195194"", ""frequency"": ""0/4"", ""reference"": ""PMID:38181735"", ""onset"": """"}"
ATL001096	MONDO:1040014	has_phenotype	HP:0000750	HPO annotations	OMIM:621122	https://hpo.jax.org/browse/term/HP:0000750	2026-10-03	observed	PCS				"{""atlas_edge_id"": ""E0195195"", ""frequency"": ""5/5"", ""reference"": ""PMID:38181735"", ""onset"": """"}"
ATL001097	MONDO:1040014	has_phenotype	HP:0002098	HPO annotations	OMIM:621122	https://hpo.jax.org/browse/term/HP:0002098	2026-10-03	observed	PCS				"{""atlas_edge_id"": ""E0195196"", ""frequency"": ""1/1"", ""reference"": ""PMID:38181735"", ""onset"": """"}"
ATL001098	MONDO:1040014	has_phenotype	HP:0002090	HPO annotations	OMIM:621122	https://hpo.jax.org/browse/term/HP:0002090	2026-10-03	observed	PCS				"{""atlas_edge_id"": ""E0195197"", ""frequency"": ""1/1"", ""reference"": ""PMID:38181735"", ""onset"": """"}"
ATL001099	MONDO:1040014	has_phenotype	HP:0011229	HPO annotations	OMIM:621122	https://hpo.jax.org/browse/term/HP:0011229	2026-10-03	observed	PCS				"{""atlas_edge_id"": ""E0195198"", ""frequency"": ""1/1"", ""reference"": ""PMID:38181735"", ""onset"": """"}"
ATL001100	MONDO:1040014	has_phenotype	HP:0034295	HPO annotations	OMIM:621122	https://hpo.jax.org/browse/term/HP:0034295	2026-10-03	observed	PCS				"{""atlas_edge_id"": ""E0195199"", ""frequency"": ""0/5"", ""reference"": ""PMID:38181735"", ""onset"": """"}"
ATL001101	MONDO:1040014	has_phenotype	HP:0000107	HPO annotations	OMIM:621122	https://hpo.jax.org/browse/term/HP:0000107	2026-10-03	observed	PCS				"{""atlas_edge_id"": ""E0195200"", ""frequency"": ""0/5"", ""reference"": ""PMID:38181735"", ""onset"": """"}"
ATL001102	MONDO:1040014	has_phenotype	HP:0000348	HPO annotations	OMIM:621122	https://hpo.jax.org/browse/term/HP:0000348	2026-10-03	observed	PCS				"{""atlas_edge_id"": ""E0195201"", ""frequency"": ""1/1"", ""reference"": ""PMID:38181735"", ""onset"": """"}"
ATL001103	MONDO:1040014	has_phenotype	HP:0100716	HPO annotations	OMIM:621122	https://hpo.jax.org/browse/term/HP:0100716	2026-10-03	observed	PCS				"{""atlas_edge_id"": ""E0195202"", ""frequency"": ""1/4"", ""reference"": ""PMID:38181735"", ""onset"": """"}"
ATL001104	MONDO:1040014	has_phenotype	HP:0007018	HPO annotations	OMIM:621122	https://hpo.jax.org/browse/term/HP:0007018	2026-10-03	observed	PCS				"{""atlas_edge_id"": ""E0195203"", ""frequency"": ""3/6"", ""reference"": ""PMID:38181735"", ""onset"": """"}"
ATL001105	MONDO:1040014	has_phenotype	HP:0001250	HPO annotations	OMIM:621122	https://hpo.jax.org/browse/term/HP:0001250	2026-10-03	observed	PCS				"{""atlas_edge_id"": ""E0195204"", ""frequency"": ""4/6"", ""reference"": ""PMID:38181735"", ""onset"": """"}"
ATL001106	MONDO:1040014	has_phenotype	HP:0002066	HPO annotations	OMIM:621122	https://hpo.jax.org/browse/term/HP:0002066	2026-10-03	observed	PCS				"{""atlas_edge_id"": ""E0195205"", ""frequency"": ""0/5"", ""reference"": ""PMID:38181735"", ""onset"": """"}"
ATL001107	MONDO:1040014	has_phenotype	HP:0001252	HPO annotations	OMIM:621122	https://hpo.jax.org/browse/term/HP:0001252	2026-10-03	observed	PCS				"{""atlas_edge_id"": ""E0195206"", ""frequency"": ""4/6"", ""reference"": ""PMID:38181735"", ""onset"": """"}"
ATL001108	MONDO:1040014	has_phenotype	HP:0003273	HPO annotations	OMIM:621122	https://hpo.jax.org/browse/term/HP:0003273	2026-10-03	observed	PCS				"{""atlas_edge_id"": ""E0195207"", ""frequency"": ""1/3"", ""reference"": ""PMID:38181735"", ""onset"": """"}"
ATL001109	MONDO:1040014	has_phenotype	HP:0000716	HPO annotations	OMIM:621122	https://hpo.jax.org/browse/term/HP:0000716	2026-10-03	observed	PCS				"{""atlas_edge_id"": ""E0195208"", ""frequency"": ""0/6"", ""reference"": ""PMID:38181735"", ""onset"": """"}"
ATL001110	MONDO:1040014	has_phenotype	HP:0000718	HPO annotations	OMIM:621122	https://hpo.jax.org/browse/term/HP:0000718	2026-10-03	observed	PCS				"{""atlas_edge_id"": ""E0195209"", ""frequency"": ""1/4"", ""reference"": ""PMID:38181735"", ""onset"": """"}"
ATL001111	MONDO:1040014	has_phenotype	HP:0011220	HPO annotations	OMIM:621122	https://hpo.jax.org/browse/term/HP:0011220	2026-10-03	observed	PCS				"{""atlas_edge_id"": ""E0195210"", ""frequency"": ""3/3"", ""reference"": ""PMID:38181735"", ""onset"": """"}"
ATL001112	MONDO:1040014	has_phenotype	HP:0000717	HPO annotations	OMIM:621122	https://hpo.jax.org/browse/term/HP:0000717	2026-10-03	observed	PCS				"{""atlas_edge_id"": ""E0195211"", ""frequency"": ""0/2"", ""reference"": ""PMID:38181735"", ""onset"": """"}"
ATL001113	MONDO:1040014	has_phenotype	HP:0003429	HPO annotations	OMIM:621122	https://hpo.jax.org/browse/term/HP:0003429	2026-10-03	observed	PCS				"{""atlas_edge_id"": ""E0195212"", ""frequency"": ""0/5"", ""reference"": ""PMID:38181735"", ""onset"": """"}"
ATL001114	MONDO:1040014	has_phenotype	HP:0025336	HPO annotations	OMIM:621122	https://hpo.jax.org/browse/term/HP:0025336	2026-10-03	observed	PCS				"{""atlas_edge_id"": ""E0195213"", ""frequency"": ""3/4"", ""reference"": ""PMID:38181735"", ""onset"": """"}"
ATL001115	MONDO:1040014	has_phenotype	HP:0001249	HPO annotations	OMIM:621122	https://hpo.jax.org/browse/term/HP:0001249	2026-10-03	observed	PCS				"{""atlas_edge_id"": ""E0195214"", ""frequency"": ""6/6"", ""reference"": ""PMID:38181735"", ""onset"": """"}"
ATL001116	MONDO:1040014	has_phenotype	HP:0003202	HPO annotations	OMIM:621122	https://hpo.jax.org/browse/term/HP:0003202	2026-10-03	observed	PCS				"{""atlas_edge_id"": ""E0195215"", ""frequency"": ""0/2"", ""reference"": ""PMID:38181735"", ""onset"": """"}"
ATL001117	MONDO:1040014	has_phenotype	HP:0002353	HPO annotations	OMIM:621122	https://hpo.jax.org/browse/term/HP:0002353	2026-10-03	observed	PCS				"{""atlas_edge_id"": ""E0195216"", ""frequency"": ""5/6"", ""reference"": ""PMID:38181735"", ""onset"": """"}"
ATL001118	MONDO:1040014	has_phenotype	HP:0002078	HPO annotations	OMIM:621122	https://hpo.jax.org/browse/term/HP:0002078	2026-10-03	observed	PCS				"{""atlas_edge_id"": ""E0195217"", ""frequency"": ""0/5"", ""reference"": ""PMID:38181735"", ""onset"": """"}"
ATL001119	MONDO:1040014	has_phenotype	HP:0001266	HPO annotations	OMIM:621122	https://hpo.jax.org/browse/term/HP:0001266	2026-10-03	observed	PCS				"{""atlas_edge_id"": ""E0195218"", ""frequency"": ""0/6"", ""reference"": ""PMID:38181735"", ""onset"": """"}"
ATL001120	MONDO:1040014	has_phenotype	HP:0001382	HPO annotations	OMIM:621122	https://hpo.jax.org/browse/term/HP:0001382	2026-10-03	observed	PCS				"{""atlas_edge_id"": ""E0195219"", ""frequency"": ""1/1"", ""reference"": ""PMID:38181735"", ""onset"": """"}"
ATL001121	MONDO:1040014	has_phenotype	HP:0025335	HPO annotations	OMIM:621122	https://hpo.jax.org/browse/term/HP:0025335	2026-10-03	observed	PCS				"{""atlas_edge_id"": ""E0195220"", ""frequency"": ""1/2"", ""reference"": ""PMID:38181735"", ""onset"": """"}"
ATL001122	MONDO:1040014	has_phenotype	HP:0011968	HPO annotations	OMIM:621122	https://hpo.jax.org/browse/term/HP:0011968	2026-10-03	observed	PCS				"{""atlas_edge_id"": ""E0195221"", ""frequency"": ""3/7"", ""reference"": ""PMID:38181735"", ""onset"": """"}"
ATL001123	MONDO:1040014	has_phenotype	HP:0001260	HPO annotations	OMIM:621122	https://hpo.jax.org/browse/term/HP:0001260	2026-10-03	observed	PCS				"{""atlas_edge_id"": ""E0195222"", ""frequency"": ""3/6"", ""reference"": ""PMID:38181735"", ""onset"": """"}"
ATL001124	MONDO:1040014	has_phenotype	HP:0000570	HPO annotations	OMIM:621122	https://hpo.jax.org/browse/term/HP:0000570	2026-10-03	observed	PCS				"{""atlas_edge_id"": ""E0195223"", ""frequency"": ""0/3"", ""reference"": ""PMID:38181735"", ""onset"": """"}"
ATL001125	MONDO:1040014	has_phenotype	HP:0001263	HPO annotations	OMIM:621122	https://hpo.jax.org/browse/term/HP:0001263	2026-10-03	observed	PCS				"{""atlas_edge_id"": ""E0195224"", ""frequency"": ""7/7"", ""reference"": ""PMID:38181735"", ""onset"": """"}"
ATL001126	MONDO:1040014	has_phenotype	HP:0010477	HPO annotations	OMIM:621122	https://hpo.jax.org/browse/term/HP:0010477	2026-10-03	observed	PCS				"{""atlas_edge_id"": ""E0195225"", ""frequency"": ""0/2"", ""reference"": ""PMID:38181735"", ""onset"": """"}"
ATL001127	MONDO:1040014	has_phenotype	HP:0000729	HPO annotations	OMIM:621122	https://hpo.jax.org/browse/term/HP:0000729	2026-10-03	observed	PCS				"{""atlas_edge_id"": ""E0195226"", ""frequency"": ""1/1"", ""reference"": ""PMID:38181735"", ""onset"": """"}"
ATL001128	MONDO:1040014	has_phenotype	HP:0000689	HPO annotations	OMIM:621122	https://hpo.jax.org/browse/term/HP:0000689	2026-10-03	observed	PCS				"{""atlas_edge_id"": ""E0195227"", ""frequency"": ""1/1"", ""reference"": ""PMID:38181735"", ""onset"": """"}"
ATL001129	MONDO:1040014	has_phenotype	HP:0007874	HPO annotations	OMIM:621122	https://hpo.jax.org/browse/term/HP:0007874	2026-10-03	observed	PCS				"{""atlas_edge_id"": ""E0195228"", ""frequency"": ""1/3"", ""reference"": ""PMID:38181735"", ""onset"": """"}"
ATL001130	MONDO:1040014	has_phenotype	HP:0000565	HPO annotations	OMIM:621122	https://hpo.jax.org/browse/term/HP:0000565	2026-10-03	observed	PCS				"{""atlas_edge_id"": ""E0195229"", ""frequency"": ""1/3"", ""reference"": ""PMID:38181735"", ""onset"": """"}"
ATL001131	MONDO:1040014	has_phenotype	HP:0000325	HPO annotations	OMIM:621122	https://hpo.jax.org/browse/term/HP:0000325	2026-10-03	observed	PCS				"{""atlas_edge_id"": ""E0195230"", ""frequency"": ""1/1"", ""reference"": ""PMID:38181735"", ""onset"": """"}"
ATL001132	MONDO:1040014	has_phenotype	HP:0000445	HPO annotations	OMIM:621122	https://hpo.jax.org/browse/term/HP:0000445	2026-10-03	observed	PCS				"{""atlas_edge_id"": ""E0195231"", ""frequency"": ""1/1"", ""reference"": ""PMID:38181735"", ""onset"": """"}"
ATL001133	MONDO:1040014	has_phenotype	HP:0000687	HPO annotations	OMIM:621122	https://hpo.jax.org/browse/term/HP:0000687	2026-10-03	observed	PCS				"{""atlas_edge_id"": ""E0195232"", ""frequency"": ""2/2"", ""reference"": ""PMID:38181735"", ""onset"": """"}"
ATL001134	MONDO:1040014	has_phenotype	HP:0032615	HPO annotations	OMIM:621122	https://hpo.jax.org/browse/term/HP:0032615	2026-10-03	observed	PCS				"{""atlas_edge_id"": ""E0195233"", ""frequency"": ""0/3"", ""reference"": ""PMID:38181735"", ""onset"": """"}"
ATL001135	MONDO:1040014	has_phenotype	HP:0001992	HPO annotations	OMIM:621122	https://hpo.jax.org/browse/term/HP:0001992	2026-10-03	observed	PCS				"{""atlas_edge_id"": ""E0195234"", ""frequency"": ""0/1"", ""reference"": ""PMID:38181735"", ""onset"": """"}"
ATL001136	MONDO:1040014	has_phenotype	HP:0000540	HPO annotations	OMIM:621122	https://hpo.jax.org/browse/term/HP:0000540	2026-10-03	observed	PCS				"{""atlas_edge_id"": ""E0195235"", ""frequency"": ""0/4"", ""reference"": ""PMID:38181735"", ""onset"": """"}"
ATL001137	MONDO:1040014	has_phenotype	HP:0000020	HPO annotations	OMIM:621122	https://hpo.jax.org/browse/term/HP:0000020	2026-10-03	observed	PCS				"{""atlas_edge_id"": ""E0195236"", ""frequency"": ""1/2"", ""reference"": ""PMID:38181735"", ""onset"": """"}"
ATL001138	MONDO:1040014	has_phenotype	HP:0005274	HPO annotations	OMIM:621122	https://hpo.jax.org/browse/term/HP:0005274	2026-10-03	observed	PCS				"{""atlas_edge_id"": ""E0195237"", ""frequency"": ""1/3"", ""reference"": ""PMID:38181735"", ""onset"": """"}"
ATL001139	MONDO:1040014	has_phenotype	HP:0100595	HPO annotations	OMIM:621122	https://hpo.jax.org/browse/term/HP:0100595	2026-10-03	observed	PCS				"{""atlas_edge_id"": ""E0195238"", ""frequency"": ""0/3"", ""reference"": ""PMID:38181735"", ""onset"": """"}"
ATL001140	MONDO:1040014	has_phenotype	HP:0000817	HPO annotations	OMIM:621122	https://hpo.jax.org/browse/term/HP:0000817	2026-10-03	observed	PCS				"{""atlas_edge_id"": ""E0195239"", ""frequency"": ""1/1"", ""reference"": ""PMID:38181735"", ""onset"": """"}"
ATL001141	MONDO:1040014	has_phenotype	HP:0000256	HPO annotations	OMIM:621122	https://hpo.jax.org/browse/term/HP:0000256	2026-10-03	observed	PCS				"{""atlas_edge_id"": ""E0195240"", ""frequency"": ""2/5"", ""reference"": ""PMID:38181735"", ""onset"": """"}"
ATL001142	MONDO:1040014	has_phenotype	HP:0001347	HPO annotations	OMIM:621122	https://hpo.jax.org/browse/term/HP:0001347	2026-10-03	observed	PCS				"{""atlas_edge_id"": ""E0195241"", ""frequency"": ""1/5"", ""reference"": ""PMID:38181735"", ""onset"": """"}"
ATL001143	MONDO:1040014	has_phenotype	HP:0001622	HPO annotations	OMIM:621122	https://hpo.jax.org/browse/term/HP:0001622	2026-10-03	observed	PCS				"{""atlas_edge_id"": ""E0195242"", ""frequency"": ""2/5"", ""reference"": ""PMID:38181735"", ""onset"": """"}"
ATL001144	MONDO:1040014	has_phenotype	HP:0000154	HPO annotations	OMIM:621122	https://hpo.jax.org/browse/term/HP:0000154	2026-10-03	observed	PCS				"{""atlas_edge_id"": ""E0195243"", ""frequency"": ""1/1"", ""reference"": ""PMID:38181735"", ""onset"": """"}"
ATL001145	MONDO:1040014	has_phenotype	HP:0001883	HPO annotations	OMIM:621122	https://hpo.jax.org/browse/term/HP:0001883	2026-10-03	observed	PCS				"{""atlas_edge_id"": ""E0195244"", ""frequency"": ""0/1"", ""reference"": ""PMID:38181735"", ""onset"": """"}"
ATL001146	MONDO:1040014	has_phenotype	HP:0000431	HPO annotations	OMIM:621122	https://hpo.jax.org/browse/term/HP:0000431	2026-10-03	observed	PCS				"{""atlas_edge_id"": ""E0195245"", ""frequency"": ""1/1"", ""reference"": ""PMID:38181735"", ""onset"": """"}"
ATL001147	MONDO:1040014	has_phenotype	HP:0001762	HPO annotations	OMIM:621122	https://hpo.jax.org/browse/term/HP:0001762	2026-10-03	observed	PCS				"{""atlas_edge_id"": ""E0195246"", ""frequency"": ""1/1"", ""reference"": ""PMID:38181735"", ""onset"": """"}"
ATL001148	MONDO:1040014	has_phenotype	HP:0003542	HPO annotations	OMIM:621122	https://hpo.jax.org/browse/term/HP:0003542	2026-10-03	observed	PCS				"{""atlas_edge_id"": ""E0195247"", ""frequency"": ""0/1"", ""reference"": ""PMID:38181735"", ""onset"": """"}"
ATL001149	MONDO:1040014	has_phenotype	HP:0001882	HPO annotations	OMIM:621122	https://hpo.jax.org/browse/term/HP:0001882	2026-10-03	observed	PCS				"{""atlas_edge_id"": ""E0195248"", ""frequency"": ""0/3"", ""reference"": ""PMID:38181735"", ""onset"": """"}"
ATL001150	MONDO:1040014	has_phenotype	HP:0031936	HPO annotations	OMIM:621122	https://hpo.jax.org/browse/term/HP:0031936	2026-10-03	observed	PCS				"{""atlas_edge_id"": ""E0195249"", ""frequency"": ""4/6"", ""reference"": ""PMID:38181735"", ""onset"": """"}"
ATL001151	MONDO:1040014	has_phenotype	HP:0000276	HPO annotations	OMIM:621122	https://hpo.jax.org/browse/term/HP:0000276	2026-10-03	observed	PCS				"{""atlas_edge_id"": ""E0195250"", ""frequency"": ""1/1"", ""reference"": ""PMID:38181735"", ""onset"": """"}"
ATL001152	MONDO:1040014	has_phenotype	HP:0000790	HPO annotations	OMIM:621122	https://hpo.jax.org/browse/term/HP:0000790	2026-10-03	observed	PCS				"{""atlas_edge_id"": ""E0195251"", ""frequency"": ""0/6"", ""reference"": ""PMID:38181735"", ""onset"": """"}"
ATL001153	MONDO:1040014	has_phenotype	HP:0100633	HPO annotations	OMIM:621122	https://hpo.jax.org/browse/term/HP:0100633	2026-10-03	observed	PCS				"{""atlas_edge_id"": ""E0195252"", ""frequency"": ""0/3"", ""reference"": ""PMID:38181735"", ""onset"": """"}"
ATL001154	MONDO:1040014	has_phenotype	HP:0001518	HPO annotations	OMIM:621122	https://hpo.jax.org/browse/term/HP:0001518	2026-10-03	observed	PCS				"{""atlas_edge_id"": ""E0195253"", ""frequency"": ""2/2"", ""reference"": ""PMID:38181735"", ""onset"": """"}"
ATL001155	MONDO:1040014	has_phenotype	HP:0000821	HPO annotations	OMIM:621122	https://hpo.jax.org/browse/term/HP:0000821	2026-10-03	observed	PCS				"{""atlas_edge_id"": ""E0195254"", ""frequency"": ""1/1"", ""reference"": ""PMID:38181735"", ""onset"": """"}"
ATL001156	MONDO:1040014	has_phenotype	HP:0001357	HPO annotations	OMIM:621122	https://hpo.jax.org/browse/term/HP:0001357	2026-10-03	observed	PCS				"{""atlas_edge_id"": ""E0195255"", ""frequency"": ""1/1"", ""reference"": ""PMID:38181735"", ""onset"": """"}"
ATL001157	MONDO:1040014	has_phenotype	HP:0000664	HPO annotations	OMIM:621122	https://hpo.jax.org/browse/term/HP:0000664	2026-10-03	observed	PCS				"{""atlas_edge_id"": ""E0195256"", ""frequency"": ""1/3"", ""reference"": ""PMID:38181735"", ""onset"": """"}"
ATL001158	MONDO:1040014	has_phenotype	HP:0040129	HPO annotations	OMIM:621122	https://hpo.jax.org/browse/term/HP:0040129	2026-10-03	observed	PCS				"{""atlas_edge_id"": ""E0195257"", ""frequency"": ""0/1"", ""reference"": ""PMID:38181735"", ""onset"": """"}"
ATL001159	MONDO:1040014	has_phenotype	HP:0000028	HPO annotations	OMIM:621122	https://hpo.jax.org/browse/term/HP:0000028	2026-10-03	observed	PCS				"{""atlas_edge_id"": ""E0195258"", ""frequency"": ""1/2"", ""reference"": ""PMID:38181735"", ""onset"": """"}"
ATL001160	HGNC:10596	participates_in	REACT:R-HSA-445095	Reactome	R-HSA-445095	https://reactome.org/PathwayBrowser/#/R-HSA-445095	2026-10-03	observed	IEA				"{""atlas_edge_id"": ""E0197998""}"
ATL001161	HGNC:10596	participates_in	REACT:R-HSA-5576892	Reactome	R-HSA-5576892	https://reactome.org/PathwayBrowser/#/R-HSA-5576892	2026-10-03	observed	TAS				"{""atlas_edge_id"": ""E0197999""}"
ATL001162	HGNC:11018	participates_in	REACT:R-HSA-442660	Reactome	R-HSA-442660	https://reactome.org/PathwayBrowser/#/R-HSA-442660	2026-10-03	observed	TAS				"{""atlas_edge_id"": ""E0198382""}"
ATL001163	HGNC:11018	participates_in	REACT:R-HSA-888590	Reactome	R-HSA-888590	https://reactome.org/PathwayBrowser/#/R-HSA-888590	2026-10-03	observed	TAS				"{""atlas_edge_id"": ""E0198383""}"
ATL001164	HGNC:11444	participates_in	REACT:R-HSA-181429	Reactome	R-HSA-181429	https://reactome.org/PathwayBrowser/#/R-HSA-181429	2026-10-03	observed	TAS				"{""atlas_edge_id"": ""E0199050""}"
ATL001165	HGNC:11444	participates_in	REACT:R-HSA-181430	Reactome	R-HSA-181430	https://reactome.org/PathwayBrowser/#/R-HSA-181430	2026-10-03	observed	TAS				"{""atlas_edge_id"": ""E0199051""}"
ATL001166	HGNC:11444	participates_in	REACT:R-HSA-210500	Reactome	R-HSA-210500	https://reactome.org/PathwayBrowser/#/R-HSA-210500	2026-10-03	observed	TAS				"{""atlas_edge_id"": ""E0199052""}"
ATL001167	HGNC:11444	participates_in	REACT:R-HSA-212676	Reactome	R-HSA-212676	https://reactome.org/PathwayBrowser/#/R-HSA-212676	2026-10-03	observed	TAS				"{""atlas_edge_id"": ""E0199053""}"
ATL001168	HGNC:11444	participates_in	REACT:R-HSA-264642	Reactome	R-HSA-264642	https://reactome.org/PathwayBrowser/#/R-HSA-264642	2026-10-03	observed	TAS				"{""atlas_edge_id"": ""E0199054""}"
ATL001169	HGNC:11444	participates_in	REACT:R-HSA-422356	Reactome	R-HSA-422356	https://reactome.org/PathwayBrowser/#/R-HSA-422356	2026-10-03	observed	IEA				"{""atlas_edge_id"": ""E0199055""}"
ATL001170	HGNC:11444	participates_in	REACT:R-HSA-6794361	Reactome	R-HSA-6794361	https://reactome.org/PathwayBrowser/#/R-HSA-6794361	2026-10-03	observed	IEA				"{""atlas_edge_id"": ""E0199056""}"
ATL001171	HGNC:11444	participates_in	REACT:R-HSA-888590	Reactome	R-HSA-888590	https://reactome.org/PathwayBrowser/#/R-HSA-888590	2026-10-03	observed	TAS				"{""atlas_edge_id"": ""E0199057""}"
ATL001172	HGNC:11509	participates_in	REACT:R-HSA-181429	Reactome	R-HSA-181429	https://reactome.org/PathwayBrowser/#/R-HSA-181429	2026-10-03	observed	TAS				"{""atlas_edge_id"": ""E0199128""}"
ATL001173	HGNC:11509	participates_in	REACT:R-HSA-181430	Reactome	R-HSA-181430	https://reactome.org/PathwayBrowser/#/R-HSA-181430	2026-10-03	observed	TAS				"{""atlas_edge_id"": ""E0199129""}"
ATL001174	HGNC:11509	participates_in	REACT:R-HSA-210500	Reactome	R-HSA-210500	https://reactome.org/PathwayBrowser/#/R-HSA-210500	2026-10-03	observed	TAS				"{""atlas_edge_id"": ""E0199130""}"
ATL001175	HGNC:11509	participates_in	REACT:R-HSA-212676	Reactome	R-HSA-212676	https://reactome.org/PathwayBrowser/#/R-HSA-212676	2026-10-03	observed	TAS				"{""atlas_edge_id"": ""E0199131""}"
ATL001176	HGNC:11509	participates_in	REACT:R-HSA-264642	Reactome	R-HSA-264642	https://reactome.org/PathwayBrowser/#/R-HSA-264642	2026-10-03	observed	TAS				"{""atlas_edge_id"": ""E0199132""}"
ATL001177	HGNC:11509	participates_in	REACT:R-HSA-5250958	Reactome	R-HSA-5250958	https://reactome.org/PathwayBrowser/#/R-HSA-5250958	2026-10-03	observed	TAS				"{""atlas_edge_id"": ""E0199133""}"
ATL001178	HGNC:11509	participates_in	REACT:R-HSA-5250989	Reactome	R-HSA-5250989	https://reactome.org/PathwayBrowser/#/R-HSA-5250989	2026-10-03	observed	TAS				"{""atlas_edge_id"": ""E0199134""}"
ATL001179	HGNC:11509	participates_in	REACT:R-HSA-6794361	Reactome	R-HSA-6794361	https://reactome.org/PathwayBrowser/#/R-HSA-6794361	2026-10-03	observed	IEA				"{""atlas_edge_id"": ""E0199135""}"
ATL001180	HGNC:11509	participates_in	REACT:R-HSA-8856825	Reactome	R-HSA-8856825	https://reactome.org/PathwayBrowser/#/R-HSA-8856825	2026-10-03	observed	TAS				"{""atlas_edge_id"": ""E0199136""}"
ATL001181	HGNC:11509	participates_in	REACT:R-HSA-8856828	Reactome	R-HSA-8856828	https://reactome.org/PathwayBrowser/#/R-HSA-8856828	2026-10-03	observed	TAS				"{""atlas_edge_id"": ""E0199137""}"
ATL001182	HGNC:11509	participates_in	REACT:R-HSA-888590	Reactome	R-HSA-888590	https://reactome.org/PathwayBrowser/#/R-HSA-888590	2026-10-03	observed	TAS				"{""atlas_edge_id"": ""E0199138""}"
ATL001183	HGNC:12643	participates_in	REACT:R-HSA-1445148	Reactome	R-HSA-1445148	https://reactome.org/PathwayBrowser/#/R-HSA-1445148	2026-10-03	observed	IEA				"{""atlas_edge_id"": ""E0200287""}"
ATL001184	HGNC:12643	participates_in	REACT:R-HSA-181429	Reactome	R-HSA-181429	https://reactome.org/PathwayBrowser/#/R-HSA-181429	2026-10-03	observed	TAS				"{""atlas_edge_id"": ""E0200288""}"
ATL001185	HGNC:12643	participates_in	REACT:R-HSA-181430	Reactome	R-HSA-181430	https://reactome.org/PathwayBrowser/#/R-HSA-181430	2026-10-03	observed	TAS				"{""atlas_edge_id"": ""E0200289""}"
ATL001186	HGNC:12643	participates_in	REACT:R-HSA-199992	Reactome	R-HSA-199992	https://reactome.org/PathwayBrowser/#/R-HSA-199992	2026-10-03	observed	TAS				"{""atlas_edge_id"": ""E0200290""}"
ATL001187	HGNC:12643	participates_in	REACT:R-HSA-210500	Reactome	R-HSA-210500	https://reactome.org/PathwayBrowser/#/R-HSA-210500	2026-10-03	observed	TAS				"{""atlas_edge_id"": ""E0200291""}"
ATL001188	HGNC:12643	participates_in	REACT:R-HSA-212676	Reactome	R-HSA-212676	https://reactome.org/PathwayBrowser/#/R-HSA-212676	2026-10-03	observed	TAS				"{""atlas_edge_id"": ""E0200292""}"
ATL001189	HGNC:12643	participates_in	REACT:R-HSA-264642	Reactome	R-HSA-264642	https://reactome.org/PathwayBrowser/#/R-HSA-264642	2026-10-03	observed	TAS				"{""atlas_edge_id"": ""E0200293""}"
ATL001190	HGNC:12643	participates_in	REACT:R-HSA-264876	Reactome	R-HSA-264876	https://reactome.org/PathwayBrowser/#/R-HSA-264876	2026-10-03	observed	IEA				"{""atlas_edge_id"": ""E0200294""}"
ATL001191	HGNC:12643	participates_in	REACT:R-HSA-422356	Reactome	R-HSA-422356	https://reactome.org/PathwayBrowser/#/R-HSA-422356	2026-10-03	observed	IEA				"{""atlas_edge_id"": ""E0200295""}"
ATL001192	HGNC:12643	participates_in	REACT:R-HSA-432720	Reactome	R-HSA-432720	https://reactome.org/PathwayBrowser/#/R-HSA-432720	2026-10-03	observed	TAS				"{""atlas_edge_id"": ""E0200296""}"
ATL001193	HGNC:12643	participates_in	REACT:R-HSA-432722	Reactome	R-HSA-432722	https://reactome.org/PathwayBrowser/#/R-HSA-432722	2026-10-03	observed	TAS				"{""atlas_edge_id"": ""E0200297""}"
ATL001194	HGNC:12643	participates_in	REACT:R-HSA-449836	Reactome	R-HSA-449836	https://reactome.org/PathwayBrowser/#/R-HSA-449836	2026-10-03	observed	TAS				"{""atlas_edge_id"": ""E0200298""}"
ATL001195	HGNC:12643	participates_in	REACT:R-HSA-5250955	Reactome	R-HSA-5250955	https://reactome.org/PathwayBrowser/#/R-HSA-5250955	2026-10-03	observed	TAS				"{""atlas_edge_id"": ""E0200299""}"
ATL001196	HGNC:12643	participates_in	REACT:R-HSA-5250958	Reactome	R-HSA-5250958	https://reactome.org/PathwayBrowser/#/R-HSA-5250958	2026-10-03	observed	TAS				"{""atlas_edge_id"": ""E0200300""}"
ATL001197	HGNC:12643	participates_in	REACT:R-HSA-5250981	Reactome	R-HSA-5250981	https://reactome.org/PathwayBrowser/#/R-HSA-5250981	2026-10-03	observed	TAS				"{""atlas_edge_id"": ""E0200301""}"
ATL001198	HGNC:12643	participates_in	REACT:R-HSA-5250982	Reactome	R-HSA-5250982	https://reactome.org/PathwayBrowser/#/R-HSA-5250982	2026-10-03	observed	TAS				"{""atlas_edge_id"": ""E0200302""}"
ATL001199	HGNC:12643	participates_in	REACT:R-HSA-5250989	Reactome	R-HSA-5250989	https://reactome.org/PathwayBrowser/#/R-HSA-5250989	2026-10-03	observed	TAS				"{""atlas_edge_id"": ""E0200303""}"
ATL001200	HGNC:12643	participates_in	REACT:R-HSA-8856825	Reactome	R-HSA-8856825	https://reactome.org/PathwayBrowser/#/R-HSA-8856825	2026-10-03	observed	TAS				"{""atlas_edge_id"": ""E0200304""}"
ATL001201	HGNC:12643	participates_in	REACT:R-HSA-8856828	Reactome	R-HSA-8856828	https://reactome.org/PathwayBrowser/#/R-HSA-8856828	2026-10-03	observed	TAS				"{""atlas_edge_id"": ""E0200305""}"
ATL001202	HGNC:12643	participates_in	REACT:R-HSA-888590	Reactome	R-HSA-888590	https://reactome.org/PathwayBrowser/#/R-HSA-888590	2026-10-03	observed	TAS				"{""atlas_edge_id"": ""E0200306""}"
ATL001203	HGNC:12643	participates_in	REACT:R-HSA-9609523	Reactome	R-HSA-9609523	https://reactome.org/PathwayBrowser/#/R-HSA-9609523	2026-10-03	observed	TAS				"{""atlas_edge_id"": ""E0200307""}"
ATL001204	HGNC:12643	participates_in	REACT:R-HSA-9662360	Reactome	R-HSA-9662360	https://reactome.org/PathwayBrowser/#/R-HSA-9662360	2026-10-03	observed	IEA				"{""atlas_edge_id"": ""E0200308""}"
ATL001205	HGNC:1497	participates_in	REACT:R-HSA-212676	Reactome	R-HSA-212676	https://reactome.org/PathwayBrowser/#/R-HSA-212676	2026-10-03	observed	TAS				"{""atlas_edge_id"": ""E0201518""}"
ATL001206	HGNC:1497	participates_in	REACT:R-HSA-3000170	Reactome	R-HSA-3000170	https://reactome.org/PathwayBrowser/#/R-HSA-3000170	2026-10-03	observed	IEA				"{""atlas_edge_id"": ""E0201519""}"
ATL001207	HGNC:1497	participates_in	REACT:R-HSA-373753	Reactome	R-HSA-373753	https://reactome.org/PathwayBrowser/#/R-HSA-373753	2026-10-03	observed	IEA				"{""atlas_edge_id"": ""E0201520""}"
ATL001208	HGNC:1497	participates_in	REACT:R-HSA-6794361	Reactome	R-HSA-6794361	https://reactome.org/PathwayBrowser/#/R-HSA-6794361	2026-10-03	observed	IEA				"{""atlas_edge_id"": ""E0201521""}"
ATL001209	HGNC:1497	participates_in	REACT:R-HSA-9609736	Reactome	R-HSA-9609736	https://reactome.org/PathwayBrowser/#/R-HSA-9609736	2026-10-03	observed	IEA				"{""atlas_edge_id"": ""E0201522""}"
ATL001210	HGNC:1497	participates_in	REACT:R-HSA-9662360	Reactome	R-HSA-9662360	https://reactome.org/PathwayBrowser/#/R-HSA-9662360	2026-10-03	observed	IEA				"{""atlas_edge_id"": ""E0201523""}"
ATL001211	HGNC:1497	participates_in	REACT:R-HSA-9662361	Reactome	R-HSA-9662361	https://reactome.org/PathwayBrowser/#/R-HSA-9662361	2026-10-03	observed	IEA				"{""atlas_edge_id"": ""E0201524""}"
ATL001212	HGNC:16831	participates_in	REACT:R-HSA-181429	Reactome	R-HSA-181429	https://reactome.org/PathwayBrowser/#/R-HSA-181429	2026-10-03	observed	TAS				"{""atlas_edge_id"": ""E0202286""}"
ATL001213	HGNC:16831	participates_in	REACT:R-HSA-181430	Reactome	R-HSA-181430	https://reactome.org/PathwayBrowser/#/R-HSA-181430	2026-10-03	observed	TAS				"{""atlas_edge_id"": ""E0202287""}"
ATL001214	HGNC:16831	participates_in	REACT:R-HSA-196108	Reactome	R-HSA-196108	https://reactome.org/PathwayBrowser/#/R-HSA-196108	2026-10-03	observed	TAS				"{""atlas_edge_id"": ""E0202288""}"
ATL001215	HGNC:16831	participates_in	REACT:R-HSA-210500	Reactome	R-HSA-210500	https://reactome.org/PathwayBrowser/#/R-HSA-210500	2026-10-03	observed	TAS				"{""atlas_edge_id"": ""E0202289""}"
ATL001216	HGNC:16831	participates_in	REACT:R-HSA-212676	Reactome	R-HSA-212676	https://reactome.org/PathwayBrowser/#/R-HSA-212676	2026-10-03	observed	TAS				"{""atlas_edge_id"": ""E0202290""}"
ATL001217	HGNC:16831	participates_in	REACT:R-HSA-264642	Reactome	R-HSA-264642	https://reactome.org/PathwayBrowser/#/R-HSA-264642	2026-10-03	observed	TAS				"{""atlas_edge_id"": ""E0202291""}"
ATL001218	HGNC:2309	participates_in	REACT:R-HSA-181429	Reactome	R-HSA-181429	https://reactome.org/PathwayBrowser/#/R-HSA-181429	2026-10-03	observed	TAS				"{""atlas_edge_id"": ""E0204900""}"
ATL001219	HGNC:2309	participates_in	REACT:R-HSA-181430	Reactome	R-HSA-181430	https://reactome.org/PathwayBrowser/#/R-HSA-181430	2026-10-03	observed	TAS				"{""atlas_edge_id"": ""E0204901""}"
ATL001220	HGNC:2309	participates_in	REACT:R-HSA-210500	Reactome	R-HSA-210500	https://reactome.org/PathwayBrowser/#/R-HSA-210500	2026-10-03	observed	TAS				"{""atlas_edge_id"": ""E0204902""}"
ATL001221	HGNC:2309	participates_in	REACT:R-HSA-212676	Reactome	R-HSA-212676	https://reactome.org/PathwayBrowser/#/R-HSA-212676	2026-10-03	observed	TAS				"{""atlas_edge_id"": ""E0204903""}"
ATL001222	HGNC:2309	participates_in	REACT:R-HSA-264642	Reactome	R-HSA-264642	https://reactome.org/PathwayBrowser/#/R-HSA-264642	2026-10-03	observed	TAS				"{""atlas_edge_id"": ""E0204904""}"
ATL001223	HGNC:2309	participates_in	REACT:R-HSA-888590	Reactome	R-HSA-888590	https://reactome.org/PathwayBrowser/#/R-HSA-888590	2026-10-03	observed	TAS				"{""atlas_edge_id"": ""E0204905""}"
ATL001224	HGNC:29203	participates_in	REACT:R-HSA-8854214	Reactome	R-HSA-8854214	https://reactome.org/PathwayBrowser/#/R-HSA-8854214	2026-10-03	observed	TAS				"{""atlas_edge_id"": ""E0206584""}"
ATL001225	HGNC:4092	participates_in	REACT:R-HSA-888568	Reactome	R-HSA-888568	https://reactome.org/PathwayBrowser/#/R-HSA-888568	2026-10-03	observed	TAS				"{""atlas_edge_id"": ""E0208960""}"
ATL001226	HGNC:4092	participates_in	REACT:R-HSA-888590	Reactome	R-HSA-888590	https://reactome.org/PathwayBrowser/#/R-HSA-888590	2026-10-03	observed	TAS				"{""atlas_edge_id"": ""E0208961""}"
ATL001227	HGNC:4092	participates_in	REACT:R-HSA-9022927	Reactome	R-HSA-9022927	https://reactome.org/PathwayBrowser/#/R-HSA-9022927	2026-10-03	observed	IEA				"{""atlas_edge_id"": ""E0208962""}"
ATL001228	HGNC:4331	participates_in	REACT:R-HSA-210500	Reactome	R-HSA-210500	https://reactome.org/PathwayBrowser/#/R-HSA-210500	2026-10-03	observed	TAS				"{""atlas_edge_id"": ""E0209176""}"
ATL001229	HGNC:4331	participates_in	REACT:R-HSA-5628897	Reactome	R-HSA-5628897	https://reactome.org/PathwayBrowser/#/R-HSA-5628897	2026-10-03	observed	TAS				"{""atlas_edge_id"": ""E0209177""}"
ATL001230	HGNC:4331	participates_in	REACT:R-HSA-8964539	Reactome	R-HSA-8964539	https://reactome.org/PathwayBrowser/#/R-HSA-8964539	2026-10-03	observed	TAS				"{""atlas_edge_id"": ""E0209178""}"
ATL001231	HGNC:9247	participates_in	REACT:R-HSA-181429	Reactome	R-HSA-181429	https://reactome.org/PathwayBrowser/#/R-HSA-181429	2026-10-03	observed	TAS				"{""atlas_edge_id"": ""E0214868""}"
ATL001232	HGNC:9247	participates_in	REACT:R-HSA-181430	Reactome	R-HSA-181430	https://reactome.org/PathwayBrowser/#/R-HSA-181430	2026-10-03	observed	TAS				"{""atlas_edge_id"": ""E0214869""}"
ATL001233	HGNC:9247	participates_in	REACT:R-HSA-210500	Reactome	R-HSA-210500	https://reactome.org/PathwayBrowser/#/R-HSA-210500	2026-10-03	observed	TAS				"{""atlas_edge_id"": ""E0214870""}"
ATL001234	HGNC:9247	participates_in	REACT:R-HSA-212676	Reactome	R-HSA-212676	https://reactome.org/PathwayBrowser/#/R-HSA-212676	2026-10-03	observed	TAS				"{""atlas_edge_id"": ""E0214871""}"
ATL001235	HGNC:9247	participates_in	REACT:R-HSA-264642	Reactome	R-HSA-264642	https://reactome.org/PathwayBrowser/#/R-HSA-264642	2026-10-03	observed	TAS				"{""atlas_edge_id"": ""E0214872""}"
ATL001236	HGNC:9247	participates_in	REACT:R-HSA-388844	Reactome	R-HSA-388844	https://reactome.org/PathwayBrowser/#/R-HSA-388844	2026-10-03	observed	TAS				"{""atlas_edge_id"": ""E0214873""}"
ATL001237	MONDO:0014133	similar_mechanism_and_phenotype	MONDO:0018126	Raraction neighbour score	MONDO:0014133~MONDO:0018126	data/atlas/disease_neighbors.tsv	2026-10-03	inferred	pathway+HPO overlap	0.61			"{""mechanism_similarity"": 1.0, ""phenotype_similarity"": 0.375, ""same_gene"": true, ""shared_pathways"": [""TBC/RABGAPs""], ""shared_symptoms"": [""Hemiparesis"", ""Epileptic encephalopathy"", ""Hemiplegia/hemiparesis""]}"
ATL001238	MONDO:0013826	similar_mechanism_and_phenotype	MONDO:0014470	Raraction neighbour score	MONDO:0013826~MONDO:0014470	data/atlas/disease_neighbors.tsv	2026-10-03	inferred	pathway+HPO overlap	0.6			"{""mechanism_similarity"": 1.0, ""phenotype_similarity"": 0.361, ""same_gene"": true, ""shared_pathways"": [""TBC/RABGAPs""], ""shared_symptoms"": [""Hearing impairment"", ""Hearing abnormality"", ""Abnormal ear physiology""]}"
ATL001239	MONDO:0957539	similar_mechanism_and_phenotype	MONDO:0957542	Raraction neighbour score	MONDO:0957539~MONDO:0957542	data/atlas/disease_neighbors.tsv	2026-10-03	inferred	pathway+HPO overlap	0.5			"{""mechanism_similarity"": 1.0, ""phenotype_similarity"": 0.246, ""same_gene"": true, ""shared_pathways"": [""Pregnenolone biosynthesis"", ""Norepinephrine Neurotransmitter Release Cycle""], ""shared_symptoms"": [""Torticollis"", ""Abnormal morphology of the musculature of the neck"", ""Craniofacial dystonia""]}"
ATL001240	MONDO:0012812	similar_mechanism_and_phenotype	MONDO:0033372	Raraction neighbour score	MONDO:0012812~MONDO:0033372	data/atlas/disease_neighbors.tsv	2026-10-03	inferred	pathway+HPO overlap	0.43			"{""mechanism_similarity"": 0.786, ""phenotype_similarity"": 0.233, ""same_gene"": false, ""shared_pathways"": [""Norepinephrine Neurotransmitter Release Cycle"", ""GABA synthesis, release, reuptake and degradation""], ""shared_symptoms"": [""Generalized tonic seizure"", ""Epileptic encephalopathy"", ""Generalized myoclonic seizure""]}"
ATL001241	MONDO:0011551	similar_mechanism_and_phenotype	MONDO:0957542	Raraction neighbour score	MONDO:0011551~MONDO:0957542	data/atlas/disease_neighbors.tsv	2026-10-03	inferred	pathway+HPO overlap	0.36			"{""mechanism_similarity"": 0.821, ""phenotype_similarity"": 0.157, ""same_gene"": true, ""shared_pathways"": [""Pregnenolone biosynthesis"", ""Norepinephrine Neurotransmitter Release Cycle""], ""shared_symptoms"": [""Postural tremor"", ""Focal dystonia"", ""Action tremor""]}"
ATL001242	MONDO:0012812	similar_mechanism_and_phenotype	MONDO:0100566	Raraction neighbour score	MONDO:0012812~MONDO:0100566	data/atlas/disease_neighbors.tsv	2026-10-03	inferred	pathway+HPO overlap	0.35			"{""mechanism_similarity"": 0.601, ""phenotype_similarity"": 0.202, ""same_gene"": false, ""shared_pathways"": [""Norepinephrine Neurotransmitter Release Cycle"", ""GABA synthesis, release, reuptake and degradation""], ""shared_symptoms"": [""EEG with focal epileptiform discharges"", ""Generalized myoclonic seizure"", ""Generalized-onset motor seizure""]}"
ATL001243	MONDO:0033372	similar_mechanism_and_phenotype	MONDO:0100566	Raraction neighbour score	MONDO:0033372~MONDO:0100566	data/atlas/disease_neighbors.tsv	2026-10-03	inferred	pathway+HPO overlap	0.33			"{""mechanism_similarity"": 0.719, ""phenotype_similarity"": 0.152, ""same_gene"": true, ""shared_pathways"": [""Norepinephrine Neurotransmitter Release Cycle"", ""GABA synthesis, release, reuptake and degradation""], ""shared_symptoms"": [""Generalized myoclonic seizure"", ""Generalized-onset motor seizure"", ""EEG with generalized epileptiform discharges""]}"
ATL001244	MONDO:0010318	similar_mechanism_and_phenotype	MONDO:0010417	Raraction neighbour score	MONDO:0010318~MONDO:0010417	data/atlas/disease_neighbors.tsv	2026-10-03	inferred	pathway+HPO overlap	0.33			"{""mechanism_similarity"": 1.0, ""phenotype_similarity"": 0.108, ""same_gene"": true, ""shared_pathways"": [""Dopamine Neurotransmitter Release Cycle"", ""Neurexins and neuroligins""], ""shared_symptoms"": [""Feeding difficulties in infancy"", ""Wide nasal bridge"", ""Sensorineural hearing impairment""]}"
ATL001245	MONDO:0011506	similar_mechanism_and_phenotype	MONDO:0011970	Raraction neighbour score	MONDO:0011506~MONDO:0011970	data/atlas/disease_neighbors.tsv	2026-10-03	inferred	pathway+HPO overlap	0.32			"{""mechanism_similarity"": 1.0, ""phenotype_similarity"": 0.101, ""same_gene"": true, ""shared_pathways"": [""TBC/RABGAPs""], ""shared_symptoms"": [""Focal-onset seizure"", ""Bilateral tonic-clonic seizure"", ""Motor seizure""]}"
ATL001246	MONDO:0011551	similar_mechanism_and_phenotype	MONDO:0957539	Raraction neighbour score	MONDO:0011551~MONDO:0957539	data/atlas/disease_neighbors.tsv	2026-10-03	inferred	pathway+HPO overlap	0.32			"{""mechanism_similarity"": 0.821, ""phenotype_similarity"": 0.122, ""same_gene"": true, ""shared_pathways"": [""Pregnenolone biosynthesis"", ""Norepinephrine Neurotransmitter Release Cycle""], ""shared_symptoms"": [""Generalized dystonia"", ""Focal dystonia"", ""Action tremor""]}"
ATL001247	MONDO:0033372	similar_mechanism_and_phenotype	MONDO:0033864	Raraction neighbour score	MONDO:0033372~MONDO:0033864	data/atlas/disease_neighbors.tsv	2026-10-03	inferred	pathway+HPO overlap	0.3			"{""mechanism_similarity"": 0.556, ""phenotype_similarity"": 0.165, ""same_gene"": false, ""shared_pathways"": [""Norepinephrine Neurotransmitter Release Cycle"", ""GABA synthesis, release, reuptake and degradation""], ""shared_symptoms"": [""Cerebral palsy"", ""EEG with generalized epileptiform discharges"", ""Interictal epileptiform activity""]}"
ATL001248	MONDO:0033864	similar_mechanism_and_phenotype	MONDO:1040014	Raraction neighbour score	MONDO:0033864~MONDO:1040014	data/atlas/disease_neighbors.tsv	2026-10-03	inferred	pathway+HPO overlap	0.3			"{""mechanism_similarity"": 0.419, ""phenotype_similarity"": 0.213, ""same_gene"": false, ""shared_pathways"": [""Norepinephrine Neurotransmitter Release Cycle"", ""Serotonin Neurotransmitter Release Cycle""], ""shared_symptoms"": [""Hemiballismus"", ""Prominent nasal tip"", ""Almond-shaped palpebral fissure""]}"
ATL001249	MONDO:0033372	similar_mechanism_and_phenotype	MONDO:1040014	Raraction neighbour score	MONDO:0033372~MONDO:1040014	data/atlas/disease_neighbors.tsv	2026-10-03	inferred	pathway+HPO overlap	0.28			"{""mechanism_similarity"": 0.702, ""phenotype_similarity"": 0.113, ""same_gene"": false, ""shared_pathways"": [""Norepinephrine Neurotransmitter Release Cycle"", ""Serotonin Neurotransmitter Release Cycle""], ""shared_symptoms"": [""Delayed ability to walk"", ""Thin upper lip vermilion"", ""Generalized-onset seizure""]}"
ATL001250	MONDO:0012812	similar_mechanism_and_phenotype	MONDO:0033864	Raraction neighbour score	MONDO:0012812~MONDO:0033864	data/atlas/disease_neighbors.tsv	2026-10-03	inferred	pathway+HPO overlap	0.28			"{""mechanism_similarity"": 0.594, ""phenotype_similarity"": 0.132, ""same_gene"": false, ""shared_pathways"": [""Norepinephrine Neurotransmitter Release Cycle"", ""GABA synthesis, release, reuptake and degradation""], ""shared_symptoms"": [""EEG with focal epileptiform discharges"", ""Choreoathetosis"", ""Dyskinesia""]}"
ATL001251	MONDO:0100566	similar_mechanism_and_phenotype	MONDO:0957539	Raraction neighbour score	MONDO:0100566~MONDO:0957539	data/atlas/disease_neighbors.tsv	2026-10-03	inferred	pathway+HPO overlap	0.26			"{""mechanism_similarity"": 0.528, ""phenotype_similarity"": 0.133, ""same_gene"": false, ""shared_pathways"": [""Norepinephrine Neurotransmitter Release Cycle"", ""Serotonin Neurotransmitter Release Cycle""], ""shared_symptoms"": [""Craniofacial dystonia"", ""Focal dystonia"", ""Mental deterioration""]}"
ATL001252	MONDO:0012812	similar_mechanism_and_phenotype	MONDO:0957539	Raraction neighbour score	MONDO:0012812~MONDO:0957539	data/atlas/disease_neighbors.tsv	2026-10-03	inferred	pathway+HPO overlap	0.25			"{""mechanism_similarity"": 0.572, ""phenotype_similarity"": 0.108, ""same_gene"": false, ""shared_pathways"": [""Norepinephrine Neurotransmitter Release Cycle"", ""Serotonin Neurotransmitter Release Cycle""], ""shared_symptoms"": [""Lower limb spasticity"", ""Bilateral tonic-clonic seizure"", ""Appendicular spasticity""]}"
ATL001253	MONDO:0012812	similar_mechanism_and_phenotype	MONDO:0032900	Raraction neighbour score	MONDO:0012812~MONDO:0032900	data/atlas/disease_neighbors.tsv	2026-10-03	inferred	pathway+HPO overlap	0.24			"{""mechanism_similarity"": 0.297, ""phenotype_similarity"": 0.202, ""same_gene"": false, ""shared_pathways"": [""Norepinephrine Neurotransmitter Release Cycle"", ""GABA synthesis, release, reuptake and degradation""], ""shared_symptoms"": [""Status epilepticus"", ""Chorea"", ""Focal-onset seizure""]}"
ATL001254	MONDO:0012812	similar_mechanism_and_phenotype	MONDO:1040014	Raraction neighbour score	MONDO:0012812~MONDO:1040014	data/atlas/disease_neighbors.tsv	2026-10-03	inferred	pathway+HPO overlap	0.24			"{""mechanism_similarity"": 0.571, ""phenotype_similarity"": 0.103, ""same_gene"": false, ""shared_pathways"": [""Norepinephrine Neurotransmitter Release Cycle"", ""Serotonin Neurotransmitter Release Cycle""], ""shared_symptoms"": [""CNS hypomyelination"", ""Abnormality of ocular smooth pursuit"", ""Choreoathetosis""]}"
ATL001255	MONDO:0011551	similar_mechanism_and_phenotype	MONDO:0100566	Raraction neighbour score	MONDO:0011551~MONDO:0100566	data/atlas/disease_neighbors.tsv	2026-10-03	inferred	pathway+HPO overlap	0.23			"{""mechanism_similarity"": 0.464, ""phenotype_similarity"": 0.114, ""same_gene"": false, ""shared_pathways"": [""Norepinephrine Neurotransmitter Release Cycle"", ""Serotonin Neurotransmitter Release Cycle""], ""shared_symptoms"": [""Focal dystonia"", ""Irritability"", ""Dysregulated negative emotional state""]}"
ATL001256	MONDO:0017385	similar_mechanism_and_phenotype	MONDO:0800491	Raraction neighbour score	MONDO:0017385~MONDO:0800491	data/atlas/disease_neighbors.tsv	2026-10-03	inferred	pathway+HPO overlap	0.2			"{""mechanism_similarity"": 0.187, ""phenotype_similarity"": 0.207, ""same_gene"": true, ""shared_pathways"": [""Malate-aspartate shuttle"", ""SLC-mediated transport of neurotransmitters""], ""shared_symptoms"": [""Multifocal epileptiform discharges"", ""Clonic seizure"", ""Focal motor seizure""]}"
ATL001257	MONDO:0018214	similar_mechanism_and_phenotype	MONDO:0958331	Raraction neighbour score	MONDO:0018214~MONDO:0958331	data/atlas/disease_neighbors.tsv	2026-10-03	inferred	pathway+HPO overlap	0.19			"{""mechanism_similarity"": 0.208, ""phenotype_similarity"": 0.178, ""same_gene"": true, ""shared_pathways"": [""GABA synthesis, release, reuptake and degradation"", ""SLC-mediated transport of neurotransmitters""], ""shared_symptoms"": [""Atonic seizure"", ""Focal impaired awareness seizure"", ""Generalized non-motor (absence) seizure""]}"
ATL001258	MONDO:0010417	similar_mechanism_and_phenotype	MONDO:0800491	Raraction neighbour score	MONDO:0010417~MONDO:0800491	data/atlas/disease_neighbors.tsv	2026-10-03	inferred	pathway+HPO overlap	0.19			"{""mechanism_similarity"": 0.207, ""phenotype_similarity"": 0.166, ""same_gene"": true, ""shared_pathways"": [""Dopamine Neurotransmitter Release Cycle"", ""Neurexins and neuroligins""], ""shared_symptoms"": [""Epileptic encephalopathy"", ""Pachygyria"", ""Dyskinesia""]}"
ATL001259	MONDO:0030856	similar_mechanism_and_phenotype	MONDO:0958331	Raraction neighbour score	MONDO:0030856~MONDO:0958331	data/atlas/disease_neighbors.tsv	2026-10-03	inferred	pathway+HPO overlap	0.18			"{""mechanism_similarity"": 0.223, ""phenotype_similarity"": 0.147, ""same_gene"": false, ""shared_pathways"": [""GABA synthesis, release, reuptake and degradation""], ""shared_symptoms"": [""Myoclonic seizure"", ""Generalized-onset seizure"", ""Bilateral tonic-clonic seizure""]}"
ATL001260	MONDO:0017615	similar_mechanism_and_phenotype	MONDO:0018214	Raraction neighbour score	MONDO:0017615~MONDO:0018214	data/atlas/disease_neighbors.tsv	2026-10-03	inferred	pathway+HPO overlap	0.18			"{""mechanism_similarity"": 0.213, ""phenotype_similarity"": 0.152, ""same_gene"": true, ""shared_pathways"": [""Sensory perception of sweet, bitter, and umami (glutamate) taste"", ""Phase 0 - rapid depolarisation""], ""shared_symptoms"": [""Generalized myoclonic seizure"", ""Focal impaired awareness seizure"", ""Febrile seizure (within the age range of 3 months to 6 years)""]}"
ATL001261	MONDO:0012812	similar_mechanism_and_phenotype	MONDO:0800491	Raraction neighbour score	MONDO:0012812~MONDO:0800491	data/atlas/disease_neighbors.tsv	2026-10-03	inferred	pathway+HPO overlap	0.18			"{""mechanism_similarity"": 0.114, ""phenotype_similarity"": 0.285, ""same_gene"": false, ""shared_pathways"": [""GABA synthesis, release, reuptake and degradation"", ""Dopamine Neurotransmitter Release Cycle""], ""shared_symptoms"": [""Multifocal epileptiform discharges"", ""EEG with burst suppression"", ""Generalized tonic seizure""]}"
ATL001262	MONDO:0018214	similar_mechanism_and_phenotype	MONDO:0100566	Raraction neighbour score	MONDO:0018214~MONDO:0100566	data/atlas/disease_neighbors.tsv	2026-10-03	inferred	pathway+HPO overlap	0.18			"{""mechanism_similarity"": 0.155, ""phenotype_similarity"": 0.209, ""same_gene"": false, ""shared_pathways"": [""GABA synthesis, release, reuptake and degradation"", ""Phase 0 - rapid depolarisation""], ""shared_symptoms"": [""EEG with spike-wave complexes"", ""Generalized myoclonic seizure"", ""Incoordination""]}"
ATL001263	MONDO:0008684	similar_mechanism_and_phenotype	MONDO:1040014	Raraction neighbour score	MONDO:0008684~MONDO:1040014	data/atlas/disease_neighbors.tsv	2026-10-03	inferred	pathway+HPO overlap	0.18			"{""mechanism_similarity"": 0.246, ""phenotype_similarity"": 0.131, ""same_gene"": false, ""shared_pathways"": [""Norepinephrine Neurotransmitter Release Cycle"", ""Serotonin Neurotransmitter Release Cycle""], ""shared_symptoms"": [""Abnormal morphology of the radius"", ""Small for gestational age"", ""Motor stereotypy""]}"
ATL001264	MONDO:0033372	similar_mechanism_and_phenotype	MONDO:0958331	Raraction neighbour score	MONDO:0033372~MONDO:0958331	data/atlas/disease_neighbors.tsv	2026-10-03	inferred	pathway+HPO overlap	0.18			"{""mechanism_similarity"": 0.146, ""phenotype_similarity"": 0.217, ""same_gene"": false, ""shared_pathways"": [""GABA synthesis, release, reuptake and degradation""], ""shared_symptoms"": [""Cerebral palsy"", ""Myoclonic seizure"", ""Generalized-onset seizure""]}"
ATL001265	MONDO:0017385	similar_mechanism_and_phenotype	MONDO:0017615	Raraction neighbour score	MONDO:0017385~MONDO:0017615	data/atlas/disease_neighbors.tsv	2026-10-03	inferred	pathway+HPO overlap	0.18			"{""mechanism_similarity"": 0.198, ""phenotype_similarity"": 0.156, ""same_gene"": true, ""shared_pathways"": [""Voltage gated Potassium channels"", ""Sensory perception of sweet, bitter, and umami (glutamate) taste""], ""shared_symptoms"": [""Focal non-motor seizure"", ""Focal clonic seizure"", ""Bilateral tonic-clonic seizure with focal onset""]}"
ATL001266	MONDO:0018214	similar_mechanism_and_phenotype	MONDO:0800491	Raraction neighbour score	MONDO:0018214~MONDO:0800491	data/atlas/disease_neighbors.tsv	2026-10-03	inferred	pathway+HPO overlap	0.17			"{""mechanism_similarity"": 0.166, ""phenotype_similarity"": 0.178, ""same_gene"": true, ""shared_pathways"": [""LGI-ADAM interactions"", ""GABA synthesis, release, reuptake and degradation""], ""shared_symptoms"": [""EEG with spike-wave complexes"", ""Atonic seizure"", ""Generalized myoclonic seizure""]}"
ATL001267	MONDO:0032900	similar_mechanism_and_phenotype	MONDO:0033372	Raraction neighbour score	MONDO:0032900~MONDO:0033372	data/atlas/disease_neighbors.tsv	2026-10-03	inferred	pathway+HPO overlap	0.17			"{""mechanism_similarity"": 0.273, ""phenotype_similarity"": 0.106, ""same_gene"": false, ""shared_pathways"": [""Norepinephrine Neurotransmitter Release Cycle"", ""GABA synthesis, release, reuptake and degradation""], ""shared_symptoms"": [""Inability to walk"", ""Bilateral tonic-clonic seizure"", ""EEG abnormality""]}"
ATL001268	MONDO:0030856	similar_mechanism_and_phenotype	MONDO:0033372	Raraction neighbour score	MONDO:0030856~MONDO:0033372	data/atlas/disease_neighbors.tsv	2026-10-03	inferred	pathway+HPO overlap	0.17			"{""mechanism_similarity"": 0.12, ""phenotype_similarity"": 0.238, ""same_gene"": false, ""shared_pathways"": [""GABA synthesis, release, reuptake and degradation""], ""shared_symptoms"": [""Epileptic spasm"", ""Generalized-onset motor seizure"", ""Highly arched eyebrow""]}"
ATL001269	MONDO:0018214	similar_mechanism_and_phenotype	MONDO:0958324	Raraction neighbour score	MONDO:0018214~MONDO:0958324	data/atlas/disease_neighbors.tsv	2026-10-03	inferred	pathway+HPO overlap	0.17			"{""mechanism_similarity"": 0.208, ""phenotype_similarity"": 0.133, ""same_gene"": true, ""shared_pathways"": [""GABA synthesis, release, reuptake and degradation"", ""SLC-mediated transport of neurotransmitters""], ""shared_symptoms"": [""Febrile seizure (within the age range of 3 months to 6 years)"", ""Seizure precipitated by febrile infection"", ""Infection-related seizure""]}"
ATL001270	MONDO:0012812	similar_mechanism_and_phenotype	MONDO:0958331	Raraction neighbour score	MONDO:0012812~MONDO:0958331	data/atlas/disease_neighbors.tsv	2026-10-03	inferred	pathway+HPO overlap	0.16			"{""mechanism_similarity"": 0.118, ""phenotype_similarity"": 0.227, ""same_gene"": false, ""shared_pathways"": [""GABA synthesis, release, reuptake and degradation""], ""shared_symptoms"": [""Atonic seizure"", ""Focal impaired awareness seizure"", ""Cerebral palsy""]}"
ATL001271	MONDO:0008684	similar_mechanism_and_phenotype	MONDO:0033864	Raraction neighbour score	MONDO:0008684~MONDO:0033864	data/atlas/disease_neighbors.tsv	2026-10-03	inferred	pathway+HPO overlap	0.16			"{""mechanism_similarity"": 0.25, ""phenotype_similarity"": 0.107, ""same_gene"": false, ""shared_pathways"": [""Norepinephrine Neurotransmitter Release Cycle"", ""GABA synthesis, release, reuptake and degradation""], ""shared_symptoms"": [""Motor stereotypy"", ""Echophenomenon"", ""Restricted or repetitive behaviors or interests""]}"
ATL001272	MONDO:0018126	similar_mechanism_and_phenotype	MONDO:0100566	Raraction neighbour score	MONDO:0018126~MONDO:0100566	data/atlas/disease_neighbors.tsv	2026-10-03	inferred	pathway+HPO overlap	0.16			"{""mechanism_similarity"": 0.111, ""phenotype_similarity"": 0.227, ""same_gene"": true, ""shared_pathways"": [""TBC/RABGAPs""], ""shared_symptoms"": [""EEG with irregular generalized spike and wave complexes"", ""Hemiplegia"", ""EEG with spike-wave complexes""]}"
ATL001273	MONDO:0017385	similar_mechanism_and_phenotype	MONDO:0018214	Raraction neighbour score	MONDO:0017385~MONDO:0018214	data/atlas/disease_neighbors.tsv	2026-10-03	inferred	pathway+HPO overlap	0.16			"{""mechanism_similarity"": 0.147, ""phenotype_similarity"": 0.171, ""same_gene"": true, ""shared_pathways"": [""SLC-mediated transport of neurotransmitters"", ""Sensory perception of sweet, bitter, and umami (glutamate) taste""], ""shared_symptoms"": [""Focal impaired awareness seizure"", ""Non-motor seizure"", ""EEG with generalized epileptiform discharges""]}"
ATL001274	MONDO:0010417	similar_mechanism_and_phenotype	MONDO:0033864	Raraction neighbour score	MONDO:0010417~MONDO:0033864	data/atlas/disease_neighbors.tsv	2026-10-03	inferred	pathway+HPO overlap	0.15			"{""mechanism_similarity"": 0.125, ""phenotype_similarity"": 0.178, ""same_gene"": false, ""shared_pathways"": [""Dopamine Neurotransmitter Release Cycle"", ""Neurexins and neuroligins""], ""shared_symptoms"": [""Intermittent hyperventilation"", ""Hyperventilation"", ""Dyskinesia""]}"
ATL001275	MONDO:0010417	similar_mechanism_and_phenotype	MONDO:0012812	Raraction neighbour score	MONDO:0010417~MONDO:0012812	data/atlas/disease_neighbors.tsv	2026-10-03	inferred	pathway+HPO overlap	0.14			"{""mechanism_similarity"": 0.159, ""phenotype_similarity"": 0.129, ""same_gene"": false, ""shared_pathways"": [""Dopamine Neurotransmitter Release Cycle"", ""Neurexins and neuroligins""], ""shared_symptoms"": [""Epileptic encephalopathy"", ""Dyskinesia"", ""Epileptic spasm""]}"
ATL001276	MONDO:0011506	similar_mechanism_and_phenotype	MONDO:0100566	Raraction neighbour score	MONDO:0011506~MONDO:0100566	data/atlas/disease_neighbors.tsv	2026-10-03	inferred	pathway+HPO overlap	0.14			"{""mechanism_similarity"": 0.111, ""phenotype_similarity"": 0.178, ""same_gene"": true, ""shared_pathways"": [""TBC/RABGAPs""], ""shared_symptoms"": [""Generalized myoclonic seizure"", ""Febrile seizure (within the age range of 3 months to 6 years)"", ""Seizure precipitated by febrile infection""]}"
ATL001277	MONDO:0100566	similar_mechanism_and_phenotype	MONDO:0800491	Raraction neighbour score	MONDO:0100566~MONDO:0800491	data/atlas/disease_neighbors.tsv	2026-10-03	inferred	pathway+HPO overlap	0.13			"{""mechanism_similarity"": 0.104, ""phenotype_similarity"": 0.174, ""same_gene"": false, ""shared_pathways"": [""GABA synthesis, release, reuptake and degradation"", ""Dopamine Neurotransmitter Release Cycle""], ""shared_symptoms"": [""EEG with spike-wave complexes"", ""EEG with focal epileptiform discharges"", ""Generalized myoclonic seizure""]}"
ATL001278	MONDO:0100566	similar_mechanism_and_phenotype	MONDO:0958331	Raraction neighbour score	MONDO:0100566~MONDO:0958331	data/atlas/disease_neighbors.tsv	2026-10-03	inferred	pathway+HPO overlap	0.13			"{""mechanism_similarity"": 0.109, ""phenotype_similarity"": 0.165, ""same_gene"": false, ""shared_pathways"": [""GABA synthesis, release, reuptake and degradation""], ""shared_symptoms"": [""Generalized non-motor (absence) seizure"", ""Non-motor seizure"", ""Myoclonic seizure""]}"
ATL001279	MONDO:0017615	similar_mechanism_and_phenotype	MONDO:0800491	Raraction neighbour score	MONDO:0017615~MONDO:0800491	data/atlas/disease_neighbors.tsv	2026-10-03	inferred	pathway+HPO overlap	0.13			"{""mechanism_similarity"": 0.113, ""phenotype_similarity"": 0.154, ""same_gene"": true, ""shared_pathways"": [""Voltage gated Potassium channels"", ""Sensory perception of sweet, bitter, and umami (glutamate) taste""], ""shared_symptoms"": [""Generalized clonic seizure"", ""Focal tonic seizure"", ""Generalized tonic seizure""]}"
ATL001280	MONDO:0012812	similar_mechanism_and_phenotype	MONDO:0030856	Raraction neighbour score	MONDO:0012812~MONDO:0030856	data/atlas/disease_neighbors.tsv	2026-10-03	inferred	pathway+HPO overlap	0.13			"{""mechanism_similarity"": 0.1, ""phenotype_similarity"": 0.168, ""same_gene"": false, ""shared_pathways"": [""GABA synthesis, release, reuptake and degradation""], ""shared_symptoms"": [""EEG with burst suppression"", ""Profound intellectual disability"", ""Hypsarrhythmia""]}"
ATL001281	MONDO:0011970	similar_mechanism_and_phenotype	MONDO:0100566	Raraction neighbour score	MONDO:0011970~MONDO:0100566	data/atlas/disease_neighbors.tsv	2026-10-03	inferred	pathway+HPO overlap	0.13			"{""mechanism_similarity"": 0.111, ""phenotype_similarity"": 0.145, ""same_gene"": true, ""shared_pathways"": [""TBC/RABGAPs""], ""shared_symptoms"": [""EEG with focal spike waves"", ""EEG with focal epileptiform discharges"", ""Focal dystonia""]}"
ATL001282	MONDO:0032678	similar_mechanism_and_phenotype	MONDO:0033372	Raraction neighbour score	MONDO:0032678~MONDO:0033372	data/atlas/disease_neighbors.tsv	2026-10-03	inferred	pathway+HPO overlap	0.12			"{""mechanism_similarity"": 0.126, ""phenotype_similarity"": 0.122, ""same_gene"": false, ""shared_pathways"": [""Glutamate Neurotransmitter Release Cycle""], ""shared_symptoms"": [""Epileptic encephalopathy"", ""EEG with generalized epileptiform discharges"", ""Interictal epileptiform activity""]}"
ATL001283	MONDO:0032733	similar_mechanism_and_phenotype	MONDO:0957539	Raraction neighbour score	MONDO:0032733~MONDO:0957539	data/atlas/disease_neighbors.tsv	2026-10-03	inferred	pathway+HPO overlap	0.12			"{""mechanism_similarity"": 0.125, ""phenotype_similarity"": 0.119, ""same_gene"": false, ""shared_pathways"": [""Glutamate Neurotransmitter Release Cycle""], ""shared_symptoms"": [""Cerebellar atrophy"", ""Ataxia"", ""Abnormal cerebellum morphology""]}"
ATL001284	MONDO:0017385	similar_mechanism_and_phenotype	MONDO:0100566	Raraction neighbour score	MONDO:0017385~MONDO:0100566	data/atlas/disease_neighbors.tsv	2026-10-03	inferred	pathway+HPO overlap	0.12			"{""mechanism_similarity"": 0.107, ""phenotype_similarity"": 0.13, ""same_gene"": true, ""shared_pathways"": [""TBC/RABGAPs"", ""Phase 0 - rapid depolarisation""], ""shared_symptoms"": [""EEG with focal epileptiform discharges"", ""Non-motor seizure"", ""EEG with generalized epileptiform discharges""]}"
ATL001285	MONDO:0100566	similar_mechanism_and_phenotype	MONDO:0958324	Raraction neighbour score	MONDO:0100566~MONDO:0958324	data/atlas/disease_neighbors.tsv	2026-10-03	inferred	pathway+HPO overlap	0.12			"{""mechanism_similarity"": 0.109, ""phenotype_similarity"": 0.124, ""same_gene"": false, ""shared_pathways"": [""GABA synthesis, release, reuptake and degradation""], ""shared_symptoms"": [""Bilateral tonic-clonic seizure with generalized onset"", ""Febrile seizure (within the age range of 3 months to 6 years)"", ""Seizure precipitated by febrile infection""]}"
ATL001286	MONDO:0012812	similar_mechanism_and_phenotype	MONDO:0032678	Raraction neighbour score	MONDO:0012812~MONDO:0032678	data/atlas/disease_neighbors.tsv	2026-10-03	inferred	pathway+HPO overlap	0.11			"{""mechanism_similarity"": 0.104, ""phenotype_similarity"": 0.127, ""same_gene"": false, ""shared_pathways"": [""Glutamate Neurotransmitter Release Cycle""], ""shared_symptoms"": [""EEG with burst suppression"", ""Epileptic encephalopathy"", ""EEG with generalized epileptiform discharges""]}"
ATL001287	MONDO:0014133	similar_mechanism_and_phenotype	MONDO:0100566	Raraction neighbour score	MONDO:0014133~MONDO:0100566	data/atlas/disease_neighbors.tsv	2026-10-03	inferred	pathway+HPO overlap	0.11			"{""mechanism_similarity"": 0.111, ""phenotype_similarity"": 0.11, ""same_gene"": true, ""shared_pathways"": [""TBC/RABGAPs""], ""shared_symptoms"": [""Hemiplegia/hemiparesis"", ""Myoclonus"", ""Developmental regression""]}"
ATL001288	MONDO:0012812	similar_mechanism_and_phenotype	MONDO:0032685	Raraction neighbour score	MONDO:0012812~MONDO:0032685	data/atlas/disease_neighbors.tsv	2026-10-03	inferred	pathway+HPO overlap	0.1			"{""mechanism_similarity"": 0.104, ""phenotype_similarity"": 0.106, ""same_gene"": false, ""shared_pathways"": [""Glutamate Neurotransmitter Release Cycle""], ""shared_symptoms"": [""Delayed CNS myelination"", ""Delayed myelination"", ""Abnormal CNS myelination""]}"
