edge_id	subject	predicate	object	source	source_id	source_url	retrieved_date	evidence_type	evidence_code	confidence	quote	contradicted_by	attributes
CLI000001	ClinVar:VCV004975122	variant_of	HGNC:1497	ClinVar	VCV004975122	https://www.ncbi.nlm.nih.gov/clinvar/variation/4975122	2026-10-04	observed	criteria provided, single submitter				{}
CLI000002	ClinVar:VCV004950080	variant_of	HGNC:1497	ClinVar	VCV004950080	https://www.ncbi.nlm.nih.gov/clinvar/variation/4950080	2026-10-04	observed	criteria provided, single submitter				{}
CLI000003	ClinVar:VCV004950077	variant_of	HGNC:1497	ClinVar	VCV004950077	https://www.ncbi.nlm.nih.gov/clinvar/variation/4950077	2026-10-04	observed	criteria provided, single submitter				{}
CLI000004	ClinVar:VCV004950070	variant_of	HGNC:1497	ClinVar	VCV004950070	https://www.ncbi.nlm.nih.gov/clinvar/variation/4950070	2026-10-04	observed	criteria provided, single submitter				{}
CLI000005	ClinVar:VCV004950067	variant_of	HGNC:1497	ClinVar	VCV004950067	https://www.ncbi.nlm.nih.gov/clinvar/variation/4950067	2026-10-04	observed	criteria provided, single submitter				{}
CLI000006	ClinVar:VCV004950066	variant_of	HGNC:1497	ClinVar	VCV004950066	https://www.ncbi.nlm.nih.gov/clinvar/variation/4950066	2026-10-04	observed	criteria provided, single submitter				{}
CLI000007	ClinVar:VCV004950058	variant_of	HGNC:1497	ClinVar	VCV004950058	https://www.ncbi.nlm.nih.gov/clinvar/variation/4950058	2026-10-04	observed	criteria provided, single submitter				{}
CLI000008	ClinVar:VCV004890765	variant_of	HGNC:1497	ClinVar	VCV004890765	https://www.ncbi.nlm.nih.gov/clinvar/variation/4890765	2026-10-04	observed	criteria provided, single submitter				{}
CLI000009	ClinVar:VCV004890765	causes_condition	MONDO:0010417	ClinVar	VCV004890765	https://www.ncbi.nlm.nih.gov/clinvar/variation/4890765	2026-10-04	observed	criteria provided, single submitter				"{""classification"": ""Likely pathogenic"", ""trait_name"": ""Syndromic X-linked intellectual disability Najm type"", ""consequence"": ""truncating""}"
CLI000010	ClinVar:VCV004888367	variant_of	HGNC:1497	ClinVar	VCV004888367	https://www.ncbi.nlm.nih.gov/clinvar/variation/4888367	2026-10-04	observed	criteria provided, single submitter				{}
CLI000011	ClinVar:VCV004888367	causes_condition	MONDO:0010417	ClinVar	VCV004888367	https://www.ncbi.nlm.nih.gov/clinvar/variation/4888367	2026-10-04	observed	criteria provided, single submitter				"{""classification"": ""Likely pathogenic"", ""trait_name"": ""Syndromic X-linked intellectual disability Najm type"", ""consequence"": ""truncating""}"
CLI000012	ClinVar:VCV004886801	variant_of	HGNC:1497	ClinVar	VCV004886801	https://www.ncbi.nlm.nih.gov/clinvar/variation/4886801	2026-10-04	observed	no assertion criteria provided				{}
CLI000013	ClinVar:VCV004885767	variant_of	HGNC:1497	ClinVar	VCV004885767	https://www.ncbi.nlm.nih.gov/clinvar/variation/4885767	2026-10-04	observed	criteria provided, single submitter				{}
CLI000014	ClinVar:VCV004879780	variant_of	HGNC:1497	ClinVar	VCV004879780	https://www.ncbi.nlm.nih.gov/clinvar/variation/4879780	2026-10-04	observed	criteria provided, single submitter				{}
CLI000015	ClinVar:VCV004879780	causes_condition	MONDO:0010417	ClinVar	VCV004879780	https://www.ncbi.nlm.nih.gov/clinvar/variation/4879780	2026-10-04	observed	criteria provided, single submitter				"{""classification"": ""Pathogenic"", ""trait_name"": ""Syndromic X-linked intellectual disability Najm type"", ""consequence"": ""truncating""}"
CLI000016	ClinVar:VCV004879779	variant_of	HGNC:1497	ClinVar	VCV004879779	https://www.ncbi.nlm.nih.gov/clinvar/variation/4879779	2026-10-04	observed	criteria provided, single submitter				{}
CLI000017	ClinVar:VCV004879779	causes_condition	MONDO:0010417	ClinVar	VCV004879779	https://www.ncbi.nlm.nih.gov/clinvar/variation/4879779	2026-10-04	observed	criteria provided, single submitter				"{""classification"": ""Likely pathogenic"", ""trait_name"": ""Syndromic X-linked intellectual disability Najm type"", ""consequence"": ""missense""}"
CLI000018	ClinVar:VCV004856827	variant_of	HGNC:1497	ClinVar	VCV004856827	https://www.ncbi.nlm.nih.gov/clinvar/variation/4856827	2026-10-04	observed	criteria provided, single submitter				{}
CLI000019	ClinVar:VCV004855099	variant_of	HGNC:1497	ClinVar	VCV004855099	https://www.ncbi.nlm.nih.gov/clinvar/variation/4855099	2026-10-04	observed	criteria provided, single submitter				{}
CLI000020	ClinVar:VCV004855099	causes_condition	MONDO:0010417	ClinVar	VCV004855099	https://www.ncbi.nlm.nih.gov/clinvar/variation/4855099	2026-10-04	observed	criteria provided, single submitter				"{""classification"": ""Likely pathogenic"", ""trait_name"": ""Syndromic X-linked intellectual disability Najm type"", ""consequence"": ""truncating""}"
CLI000021	ClinVar:VCV004854873	variant_of	HGNC:1497	ClinVar	VCV004854873	https://www.ncbi.nlm.nih.gov/clinvar/variation/4854873	2026-10-04	observed	criteria provided, single submitter				{}
CLI000022	ClinVar:VCV004854873	causes_condition	MONDO:0010417	ClinVar	VCV004854873	https://www.ncbi.nlm.nih.gov/clinvar/variation/4854873	2026-10-04	observed	criteria provided, single submitter				"{""classification"": ""Likely pathogenic"", ""trait_name"": ""Syndromic X-linked intellectual disability Najm type"", ""consequence"": ""truncating""}"
CLI000023	ClinVar:VCV004854753	variant_of	HGNC:1497	ClinVar	VCV004854753	https://www.ncbi.nlm.nih.gov/clinvar/variation/4854753	2026-10-04	observed	criteria provided, single submitter				{}
CLI000024	ClinVar:VCV004854753	causes_condition	MONDO:0010417	ClinVar	VCV004854753	https://www.ncbi.nlm.nih.gov/clinvar/variation/4854753	2026-10-04	observed	criteria provided, single submitter				"{""classification"": ""Likely pathogenic"", ""trait_name"": ""Syndromic X-linked intellectual disability Najm type"", ""consequence"": ""other""}"
CLI000025	ClinVar:VCV004822516	variant_of	HGNC:1497	ClinVar	VCV004822516	https://www.ncbi.nlm.nih.gov/clinvar/variation/4822516	2026-10-04	observed	criteria provided, single submitter				{}
CLI000026	ClinVar:VCV004820176	variant_of	HGNC:1497	ClinVar	VCV004820176	https://www.ncbi.nlm.nih.gov/clinvar/variation/4820176	2026-10-04	observed	criteria provided, single submitter				{}
CLI000027	ClinVar:VCV004820176	causes_condition	MONDO:0010417	ClinVar	VCV004820176	https://www.ncbi.nlm.nih.gov/clinvar/variation/4820176	2026-10-04	observed	criteria provided, single submitter				"{""classification"": ""Likely pathogenic"", ""trait_name"": ""Syndromic X-linked intellectual disability Najm type"", ""consequence"": ""truncating""}"
CLI000028	ClinVar:VCV004819275	variant_of	HGNC:1497	ClinVar	VCV004819275	https://www.ncbi.nlm.nih.gov/clinvar/variation/4819275	2026-10-04	observed	criteria provided, single submitter				{}
CLI000029	ClinVar:VCV004819275	causes_condition	MONDO:0010417	ClinVar	VCV004819275	https://www.ncbi.nlm.nih.gov/clinvar/variation/4819275	2026-10-04	observed	criteria provided, single submitter				"{""classification"": ""Likely pathogenic"", ""trait_name"": ""Syndromic X-linked intellectual disability Najm type"", ""consequence"": ""other""}"
CLI000030	ClinVar:VCV004814213	variant_of	HGNC:1497	ClinVar	VCV004814213	https://www.ncbi.nlm.nih.gov/clinvar/variation/4814213	2026-10-04	observed	criteria provided, single submitter				{}
CLI000031	ClinVar:VCV004795944	variant_of	HGNC:1497	ClinVar	VCV004795944	https://www.ncbi.nlm.nih.gov/clinvar/variation/4795944	2026-10-04	observed	criteria provided, single submitter				{}
CLI000032	ClinVar:VCV004795944	causes_condition	MONDO:0010417	ClinVar	VCV004795944	https://www.ncbi.nlm.nih.gov/clinvar/variation/4795944	2026-10-04	observed	criteria provided, single submitter				"{""classification"": ""Likely pathogenic"", ""trait_name"": ""Syndromic X-linked intellectual disability Najm type"", ""consequence"": ""truncating""}"
CLI000033	ClinVar:VCV004759348	variant_of	HGNC:1497	ClinVar	VCV004759348	https://www.ncbi.nlm.nih.gov/clinvar/variation/4759348	2026-10-04	observed	criteria provided, single submitter				{}
CLI000034	ClinVar:VCV004759348	causes_condition	MONDO:0010417	ClinVar	VCV004759348	https://www.ncbi.nlm.nih.gov/clinvar/variation/4759348	2026-10-04	observed	criteria provided, single submitter				"{""classification"": ""Likely pathogenic"", ""trait_name"": ""Syndromic X-linked intellectual disability Najm type"", ""consequence"": ""truncating""}"
CLI000035	ClinVar:VCV004759222	variant_of	HGNC:1497	ClinVar	VCV004759222	https://www.ncbi.nlm.nih.gov/clinvar/variation/4759222	2026-10-04	observed	criteria provided, single submitter				{}
CLI000036	ClinVar:VCV004759222	causes_condition	MONDO:0010417	ClinVar	VCV004759222	https://www.ncbi.nlm.nih.gov/clinvar/variation/4759222	2026-10-04	observed	criteria provided, single submitter				"{""classification"": ""Likely pathogenic"", ""trait_name"": ""Syndromic X-linked intellectual disability Najm type"", ""consequence"": ""truncating""}"
CLI000037	ClinVar:VCV004755410	variant_of	HGNC:1497	ClinVar	VCV004755410	https://www.ncbi.nlm.nih.gov/clinvar/variation/4755410	2026-10-04	observed	criteria provided, single submitter				{}
CLI000038	ClinVar:VCV004755410	causes_condition	MONDO:0010417	ClinVar	VCV004755410	https://www.ncbi.nlm.nih.gov/clinvar/variation/4755410	2026-10-04	observed	criteria provided, single submitter				"{""classification"": ""Likely pathogenic"", ""trait_name"": ""Syndromic X-linked intellectual disability Najm type"", ""consequence"": ""truncating""}"
CLI000039	ClinVar:VCV004755409	variant_of	HGNC:1497	ClinVar	VCV004755409	https://www.ncbi.nlm.nih.gov/clinvar/variation/4755409	2026-10-04	observed	criteria provided, single submitter				{}
CLI000040	ClinVar:VCV004755409	causes_condition	MONDO:0010417	ClinVar	VCV004755409	https://www.ncbi.nlm.nih.gov/clinvar/variation/4755409	2026-10-04	observed	criteria provided, single submitter				"{""classification"": ""Likely pathogenic"", ""trait_name"": ""Syndromic X-linked intellectual disability Najm type"", ""consequence"": ""truncating""}"
CLI000041	ClinVar:VCV004755408	variant_of	HGNC:1497	ClinVar	VCV004755408	https://www.ncbi.nlm.nih.gov/clinvar/variation/4755408	2026-10-04	observed	criteria provided, single submitter				{}
CLI000042	ClinVar:VCV004755408	causes_condition	MONDO:0010417	ClinVar	VCV004755408	https://www.ncbi.nlm.nih.gov/clinvar/variation/4755408	2026-10-04	observed	criteria provided, single submitter				"{""classification"": ""Likely pathogenic"", ""trait_name"": ""Syndromic X-linked intellectual disability Najm type"", ""consequence"": ""truncating""}"
CLI000043	ClinVar:VCV004755391	variant_of	HGNC:1497	ClinVar	VCV004755391	https://www.ncbi.nlm.nih.gov/clinvar/variation/4755391	2026-10-04	observed	criteria provided, single submitter				{}
CLI000044	ClinVar:VCV004755391	causes_condition	MONDO:0010417	ClinVar	VCV004755391	https://www.ncbi.nlm.nih.gov/clinvar/variation/4755391	2026-10-04	observed	criteria provided, single submitter				"{""classification"": ""Likely pathogenic"", ""trait_name"": ""Syndromic X-linked intellectual disability Najm type"", ""consequence"": ""truncating""}"
CLI000045	ClinVar:VCV004734403	variant_of	HGNC:1497	ClinVar	VCV004734403	https://www.ncbi.nlm.nih.gov/clinvar/variation/4734403	2026-10-04	observed	criteria provided, single submitter				{}
CLI000046	ClinVar:VCV004728952	variant_of	HGNC:1497	ClinVar	VCV004728952	https://www.ncbi.nlm.nih.gov/clinvar/variation/4728952	2026-10-04	observed	criteria provided, single submitter				{}
CLI000047	ClinVar:VCV004723833	variant_of	HGNC:1497	ClinVar	VCV004723833	https://www.ncbi.nlm.nih.gov/clinvar/variation/4723833	2026-10-04	observed	criteria provided, single submitter				{}
CLI000048	ClinVar:VCV004715720	variant_of	HGNC:1497	ClinVar	VCV004715720	https://www.ncbi.nlm.nih.gov/clinvar/variation/4715720	2026-10-04	observed	criteria provided, single submitter				{}
CLI000049	ClinVar:VCV004690246	variant_of	HGNC:1497	ClinVar	VCV004690246	https://www.ncbi.nlm.nih.gov/clinvar/variation/4690246	2026-10-04	observed	criteria provided, single submitter				{}
CLI000050	ClinVar:VCV004690246	causes_condition	MONDO:0010417	ClinVar	VCV004690246	https://www.ncbi.nlm.nih.gov/clinvar/variation/4690246	2026-10-04	observed	criteria provided, single submitter				"{""classification"": ""Likely pathogenic"", ""trait_name"": ""Syndromic X-linked intellectual disability Najm type"", ""consequence"": ""truncating""}"
CLI000051	ClinVar:VCV004690245	variant_of	HGNC:1497	ClinVar	VCV004690245	https://www.ncbi.nlm.nih.gov/clinvar/variation/4690245	2026-10-04	observed	criteria provided, single submitter				{}
CLI000052	ClinVar:VCV004690245	causes_condition	MONDO:0010417	ClinVar	VCV004690245	https://www.ncbi.nlm.nih.gov/clinvar/variation/4690245	2026-10-04	observed	criteria provided, single submitter				"{""classification"": ""Likely pathogenic"", ""trait_name"": ""Syndromic X-linked intellectual disability Najm type"", ""consequence"": ""truncating""}"
CLI000053	ClinVar:VCV004690235	variant_of	HGNC:1497	ClinVar	VCV004690235	https://www.ncbi.nlm.nih.gov/clinvar/variation/4690235	2026-10-04	observed	criteria provided, single submitter				{}
CLI000054	ClinVar:VCV004690235	causes_condition	MONDO:0010417	ClinVar	VCV004690235	https://www.ncbi.nlm.nih.gov/clinvar/variation/4690235	2026-10-04	observed	criteria provided, single submitter				"{""classification"": ""Likely pathogenic"", ""trait_name"": ""Syndromic X-linked intellectual disability Najm type"", ""consequence"": ""other""}"
CLI000055	ClinVar:VCV004533283	variant_of	HGNC:1497	ClinVar	VCV004533283	https://www.ncbi.nlm.nih.gov/clinvar/variation/4533283	2026-10-04	observed	criteria provided, single submitter				{}
CLI000056	ClinVar:VCV004533283	causes_condition	MONDO:0010417	ClinVar	VCV004533283	https://www.ncbi.nlm.nih.gov/clinvar/variation/4533283	2026-10-04	observed	criteria provided, single submitter				"{""classification"": ""Likely pathogenic"", ""trait_name"": ""Syndromic X-linked intellectual disability Najm type"", ""consequence"": ""truncating""}"
CLI000057	ClinVar:VCV004531271	variant_of	HGNC:1497	ClinVar	VCV004531271	https://www.ncbi.nlm.nih.gov/clinvar/variation/4531271	2026-10-04	observed	criteria provided, single submitter				{}
CLI000058	ClinVar:VCV004531271	causes_condition	MONDO:0010417	ClinVar	VCV004531271	https://www.ncbi.nlm.nih.gov/clinvar/variation/4531271	2026-10-04	observed	criteria provided, single submitter				"{""classification"": ""Likely pathogenic"", ""trait_name"": ""Syndromic X-linked intellectual disability Najm type"", ""consequence"": ""truncating""}"
CLI000059	ClinVar:VCV004489349	variant_of	HGNC:1497	ClinVar	VCV004489349	https://www.ncbi.nlm.nih.gov/clinvar/variation/4489349	2026-10-04	observed	criteria provided, single submitter				{}
CLI000060	ClinVar:VCV004489342	variant_of	HGNC:1497	ClinVar	VCV004489342	https://www.ncbi.nlm.nih.gov/clinvar/variation/4489342	2026-10-04	observed	criteria provided, single submitter				{}
CLI000061	ClinVar:VCV004291837	variant_of	HGNC:1497	ClinVar	VCV004291837	https://www.ncbi.nlm.nih.gov/clinvar/variation/4291837	2026-10-04	observed	criteria provided, single submitter				{}
CLI000062	ClinVar:VCV004291837	causes_condition	MONDO:0010417	ClinVar	VCV004291837	https://www.ncbi.nlm.nih.gov/clinvar/variation/4291837	2026-10-04	observed	criteria provided, single submitter				"{""classification"": ""Likely pathogenic"", ""trait_name"": ""Syndromic X-linked intellectual disability Najm type"", ""consequence"": ""truncating""}"
CLI000063	ClinVar:VCV004291118	variant_of	HGNC:1497	ClinVar	VCV004291118	https://www.ncbi.nlm.nih.gov/clinvar/variation/4291118	2026-10-04	observed	criteria provided, single submitter				{}
CLI000064	ClinVar:VCV004291118	causes_condition	MONDO:0010318	ClinVar	VCV004291118	https://www.ncbi.nlm.nih.gov/clinvar/variation/4291118	2026-10-04	observed	criteria provided, single submitter				"{""classification"": ""Likely pathogenic"", ""trait_name"": ""FG syndrome 4"", ""consequence"": ""other""}"
CLI000065	ClinVar:VCV004282385	variant_of	HGNC:1497	ClinVar	VCV004282385	https://www.ncbi.nlm.nih.gov/clinvar/variation/4282385	2026-10-04	observed	criteria provided, single submitter				{}
CLI000066	ClinVar:VCV004087720	variant_of	HGNC:1497	ClinVar	VCV004087720	https://www.ncbi.nlm.nih.gov/clinvar/variation/4087720	2026-10-04	observed	criteria provided, single submitter				{}
CLI000067	ClinVar:VCV004072125	variant_of	HGNC:1497	ClinVar	VCV004072125	https://www.ncbi.nlm.nih.gov/clinvar/variation/4072125	2026-10-04	observed	criteria provided, single submitter				{}
CLI000068	ClinVar:VCV004071002	variant_of	HGNC:1497	ClinVar	VCV004071002	https://www.ncbi.nlm.nih.gov/clinvar/variation/4071002	2026-10-04	observed	no assertion criteria provided				{}
CLI000069	ClinVar:VCV004071002	causes_condition	MONDO:0010417	ClinVar	VCV004071002	https://www.ncbi.nlm.nih.gov/clinvar/variation/4071002	2026-10-04	observed	no assertion criteria provided				"{""classification"": ""Pathogenic"", ""trait_name"": ""Syndromic X-linked intellectual disability Najm type"", ""consequence"": ""truncating""}"
CLI000070	ClinVar:VCV004056382	variant_of	HGNC:1497	ClinVar	VCV004056382	https://www.ncbi.nlm.nih.gov/clinvar/variation/4056382	2026-10-04	observed	criteria provided, single submitter				{}
CLI000071	ClinVar:VCV004056382	causes_condition	MONDO:0010417	ClinVar	VCV004056382	https://www.ncbi.nlm.nih.gov/clinvar/variation/4056382	2026-10-04	observed	criteria provided, single submitter				"{""classification"": ""Pathogenic"", ""trait_name"": ""Syndromic X-linked intellectual disability Najm type"", ""consequence"": ""truncating""}"
CLI000072	ClinVar:VCV003897877	variant_of	HGNC:1497	ClinVar	VCV003897877	https://www.ncbi.nlm.nih.gov/clinvar/variation/3897877	2026-10-04	observed	criteria provided, single submitter				{}
CLI000073	ClinVar:VCV003897877	causes_condition	MONDO:0010417	ClinVar	VCV003897877	https://www.ncbi.nlm.nih.gov/clinvar/variation/3897877	2026-10-04	observed	criteria provided, single submitter				"{""classification"": ""Likely pathogenic"", ""trait_name"": ""Syndromic X-linked intellectual disability Najm type"", ""consequence"": ""truncating""}"
CLI000074	ClinVar:VCV003645694	variant_of	HGNC:1497	ClinVar	VCV003645694	https://www.ncbi.nlm.nih.gov/clinvar/variation/3645694	2026-10-04	observed	criteria provided, single submitter				{}
CLI000075	ClinVar:VCV003644942	variant_of	HGNC:1497	ClinVar	VCV003644942	https://www.ncbi.nlm.nih.gov/clinvar/variation/3644942	2026-10-04	observed	criteria provided, single submitter				{}
CLI000076	ClinVar:VCV003572965	variant_of	HGNC:1497	ClinVar	VCV003572965	https://www.ncbi.nlm.nih.gov/clinvar/variation/3572965	2026-10-04	observed	criteria provided, single submitter				{}
CLI000077	ClinVar:VCV003572965	causes_condition	MONDO:0010417	ClinVar	VCV003572965	https://www.ncbi.nlm.nih.gov/clinvar/variation/3572965	2026-10-04	observed	criteria provided, single submitter				"{""classification"": ""Pathogenic"", ""trait_name"": ""Syndromic X-linked intellectual disability Najm type"", ""consequence"": ""truncating""}"
CLI000078	ClinVar:VCV003376284	variant_of	HGNC:1497	ClinVar	VCV003376284	https://www.ncbi.nlm.nih.gov/clinvar/variation/3376284	2026-10-04	observed	criteria provided, single submitter				{}
CLI000079	ClinVar:VCV003376284	causes_condition	MONDO:0010417	ClinVar	VCV003376284	https://www.ncbi.nlm.nih.gov/clinvar/variation/3376284	2026-10-04	observed	criteria provided, single submitter				"{""classification"": ""Likely pathogenic"", ""trait_name"": ""Syndromic X-linked intellectual disability Najm type"", ""consequence"": ""truncating""}"
CLI000080	ClinVar:VCV003254723	variant_of	HGNC:1497	ClinVar	VCV003254723	https://www.ncbi.nlm.nih.gov/clinvar/variation/3254723	2026-10-04	observed	criteria provided, single submitter				{}
CLI000081	ClinVar:VCV003254723	causes_condition	MONDO:0010318	ClinVar	VCV003254723	https://www.ncbi.nlm.nih.gov/clinvar/variation/3254723	2026-10-04	observed	criteria provided, single submitter				"{""classification"": ""Likely pathogenic"", ""trait_name"": ""FG syndrome 4"", ""consequence"": ""missense""}"
CLI000082	ClinVar:VCV003245373	variant_of	HGNC:1497	ClinVar	VCV003245373	https://www.ncbi.nlm.nih.gov/clinvar/variation/3245373	2026-10-04	observed	criteria provided, single submitter				{}
CLI000083	ClinVar:VCV003245306	variant_of	HGNC:1497	ClinVar	VCV003245306	https://www.ncbi.nlm.nih.gov/clinvar/variation/3245306	2026-10-04	observed	criteria provided, single submitter				{}
CLI000084	ClinVar:VCV003075664	variant_of	HGNC:1497	ClinVar	VCV003075664	https://www.ncbi.nlm.nih.gov/clinvar/variation/3075664	2026-10-04	observed	criteria provided, single submitter				{}
CLI000085	ClinVar:VCV003075664	causes_condition	MONDO:0010417	ClinVar	VCV003075664	https://www.ncbi.nlm.nih.gov/clinvar/variation/3075664	2026-10-04	observed	criteria provided, single submitter				"{""classification"": ""Pathogenic"", ""trait_name"": ""Syndromic X-linked intellectual disability Najm type"", ""consequence"": ""truncating""}"
CLI000086	ClinVar:VCV003075664	causes_condition	MONDO:0010318	ClinVar	VCV003075664	https://www.ncbi.nlm.nih.gov/clinvar/variation/3075664	2026-10-04	observed	criteria provided, single submitter				"{""classification"": ""Pathogenic"", ""trait_name"": ""FG syndrome 4"", ""consequence"": ""truncating""}"
CLI000087	ClinVar:VCV003062309	variant_of	HGNC:1497	ClinVar	VCV003062309	https://www.ncbi.nlm.nih.gov/clinvar/variation/3062309	2026-10-04	observed	criteria provided, single submitter				{}
CLI000088	ClinVar:VCV003062309	causes_condition	MONDO:0010417	ClinVar	VCV003062309	https://www.ncbi.nlm.nih.gov/clinvar/variation/3062309	2026-10-04	observed	criteria provided, single submitter				"{""classification"": ""Likely pathogenic"", ""trait_name"": ""Syndromic X-linked intellectual disability Najm type"", ""consequence"": ""truncating""}"
CLI000089	ClinVar:VCV002920666	variant_of	HGNC:1497	ClinVar	VCV002920666	https://www.ncbi.nlm.nih.gov/clinvar/variation/2920666	2026-10-04	observed	no assertion criteria provided				{}
CLI000090	ClinVar:VCV002920666	causes_condition	MONDO:0010417	ClinVar	VCV002920666	https://www.ncbi.nlm.nih.gov/clinvar/variation/2920666	2026-10-04	observed	no assertion criteria provided				"{""classification"": ""Pathogenic"", ""trait_name"": ""Syndromic X-linked intellectual disability Najm type"", ""consequence"": ""other""}"
CLI000091	ClinVar:VCV002920664	variant_of	HGNC:1497	ClinVar	VCV002920664	https://www.ncbi.nlm.nih.gov/clinvar/variation/2920664	2026-10-04	observed	no assertion criteria provided				{}
CLI000092	ClinVar:VCV002920664	causes_condition	MONDO:0010417	ClinVar	VCV002920664	https://www.ncbi.nlm.nih.gov/clinvar/variation/2920664	2026-10-04	observed	no assertion criteria provided				"{""classification"": ""Pathogenic"", ""trait_name"": ""Syndromic X-linked intellectual disability Najm type"", ""consequence"": ""truncating""}"
CLI000093	ClinVar:VCV002840571	variant_of	HGNC:1497	ClinVar	VCV002840571	https://www.ncbi.nlm.nih.gov/clinvar/variation/2840571	2026-10-04	observed	criteria provided, single submitter				{}
CLI000094	ClinVar:VCV002815824	variant_of	HGNC:1497	ClinVar	VCV002815824	https://www.ncbi.nlm.nih.gov/clinvar/variation/2815824	2026-10-04	observed	criteria provided, single submitter				{}
CLI000095	ClinVar:VCV002763139	variant_of	HGNC:1497	ClinVar	VCV002763139	https://www.ncbi.nlm.nih.gov/clinvar/variation/2763139	2026-10-04	observed	criteria provided, multiple submitters, no conflicts				{}
CLI000096	ClinVar:VCV002763139	causes_condition	MONDO:0010417	ClinVar	VCV002763139	https://www.ncbi.nlm.nih.gov/clinvar/variation/2763139	2026-10-04	observed	criteria provided, multiple submitters, no conflicts				"{""classification"": ""Pathogenic/Likely pathogenic"", ""trait_name"": ""Syndromic X-linked intellectual disability Najm type"", ""consequence"": ""truncating""}"
CLI000097	ClinVar:VCV002697063	variant_of	HGNC:1497	ClinVar	VCV002697063	https://www.ncbi.nlm.nih.gov/clinvar/variation/2697063	2026-10-04	observed	criteria provided, single submitter				{}
CLI000098	ClinVar:VCV002632769	variant_of	HGNC:1497	ClinVar	VCV002632769	https://www.ncbi.nlm.nih.gov/clinvar/variation/2632769	2026-10-04	observed	criteria provided, single submitter				{}
CLI000099	ClinVar:VCV002630033	variant_of	HGNC:1497	ClinVar	VCV002630033	https://www.ncbi.nlm.nih.gov/clinvar/variation/2630033	2026-10-04	observed	criteria provided, single submitter				{}
CLI000100	ClinVar:VCV002627876	variant_of	HGNC:1497	ClinVar	VCV002627876	https://www.ncbi.nlm.nih.gov/clinvar/variation/2627876	2026-10-04	observed	criteria provided, single submitter				{}
CLI000101	ClinVar:VCV002626912	variant_of	HGNC:1497	ClinVar	VCV002626912	https://www.ncbi.nlm.nih.gov/clinvar/variation/2626912	2026-10-04	observed	criteria provided, single submitter				{}
CLI000102	ClinVar:VCV002626912	causes_condition	MONDO:0010417	ClinVar	VCV002626912	https://www.ncbi.nlm.nih.gov/clinvar/variation/2626912	2026-10-04	observed	criteria provided, single submitter				"{""classification"": ""Pathogenic"", ""trait_name"": ""Syndromic X-linked intellectual disability Najm type"", ""consequence"": ""truncating""}"
CLI000103	ClinVar:VCV002585235	variant_of	HGNC:1497	ClinVar	VCV002585235	https://www.ncbi.nlm.nih.gov/clinvar/variation/2585235	2026-10-04	observed	criteria provided, single submitter				{}
CLI000104	ClinVar:VCV002585235	causes_condition	MONDO:0010417	ClinVar	VCV002585235	https://www.ncbi.nlm.nih.gov/clinvar/variation/2585235	2026-10-04	observed	criteria provided, single submitter				"{""classification"": ""Likely pathogenic"", ""trait_name"": ""Syndromic X-linked intellectual disability Najm type"", ""consequence"": ""truncating""}"
CLI000105	ClinVar:VCV002582326	variant_of	HGNC:1497	ClinVar	VCV002582326	https://www.ncbi.nlm.nih.gov/clinvar/variation/2582326	2026-10-04	observed	criteria provided, single submitter				{}
CLI000106	ClinVar:VCV002582326	causes_condition	MONDO:0010417	ClinVar	VCV002582326	https://www.ncbi.nlm.nih.gov/clinvar/variation/2582326	2026-10-04	observed	criteria provided, single submitter				"{""classification"": ""Likely pathogenic"", ""trait_name"": ""Syndromic X-linked intellectual disability Najm type"", ""consequence"": ""truncating""}"
CLI000107	ClinVar:VCV002580660	variant_of	HGNC:1497	ClinVar	VCV002580660	https://www.ncbi.nlm.nih.gov/clinvar/variation/2580660	2026-10-04	observed	criteria provided, single submitter				{}
CLI000108	ClinVar:VCV002506584	variant_of	HGNC:1497	ClinVar	VCV002506584	https://www.ncbi.nlm.nih.gov/clinvar/variation/2506584	2026-10-04	observed	criteria provided, single submitter				{}
CLI000109	ClinVar:VCV002506584	causes_condition	MONDO:0010417	ClinVar	VCV002506584	https://www.ncbi.nlm.nih.gov/clinvar/variation/2506584	2026-10-04	observed	criteria provided, single submitter				"{""classification"": ""Pathogenic"", ""trait_name"": ""Syndromic X-linked intellectual disability Najm type"", ""consequence"": ""truncating""}"
CLI000110	ClinVar:VCV002506011	variant_of	HGNC:1497	ClinVar	VCV002506011	https://www.ncbi.nlm.nih.gov/clinvar/variation/2506011	2026-10-04	observed	criteria provided, single submitter				{}
CLI000111	ClinVar:VCV002506011	causes_condition	MONDO:0010417	ClinVar	VCV002506011	https://www.ncbi.nlm.nih.gov/clinvar/variation/2506011	2026-10-04	observed	criteria provided, single submitter				"{""classification"": ""Pathogenic"", ""trait_name"": ""Syndromic X-linked intellectual disability Najm type"", ""consequence"": ""truncating""}"
CLI000112	ClinVar:VCV002446196	variant_of	HGNC:1497	ClinVar	VCV002446196	https://www.ncbi.nlm.nih.gov/clinvar/variation/2446196	2026-10-04	observed	criteria provided, multiple submitters, no conflicts				{}
CLI000113	ClinVar:VCV002446196	causes_condition	MONDO:0010417	ClinVar	VCV002446196	https://www.ncbi.nlm.nih.gov/clinvar/variation/2446196	2026-10-04	observed	criteria provided, multiple submitters, no conflicts				"{""classification"": ""Pathogenic"", ""trait_name"": ""Syndromic X-linked intellectual disability Najm type"", ""consequence"": ""truncating""}"
CLI000114	ClinVar:VCV002444343	variant_of	HGNC:1497	ClinVar	VCV002444343	https://www.ncbi.nlm.nih.gov/clinvar/variation/2444343	2026-10-04	observed	criteria provided, single submitter				{}
CLI000115	ClinVar:VCV002444343	causes_condition	MONDO:0010417	ClinVar	VCV002444343	https://www.ncbi.nlm.nih.gov/clinvar/variation/2444343	2026-10-04	observed	criteria provided, single submitter				"{""classification"": ""Likely pathogenic"", ""trait_name"": ""Syndromic X-linked intellectual disability Najm type"", ""consequence"": ""truncating""}"
CLI000116	ClinVar:VCV002444142	variant_of	HGNC:1497	ClinVar	VCV002444142	https://www.ncbi.nlm.nih.gov/clinvar/variation/2444142	2026-10-04	observed	criteria provided, single submitter				{}
CLI000117	ClinVar:VCV002444142	causes_condition	MONDO:0010417	ClinVar	VCV002444142	https://www.ncbi.nlm.nih.gov/clinvar/variation/2444142	2026-10-04	observed	criteria provided, single submitter				"{""classification"": ""Likely pathogenic"", ""trait_name"": ""Syndromic X-linked intellectual disability Najm type"", ""consequence"": ""truncating""}"
CLI000118	ClinVar:VCV002443088	variant_of	HGNC:1497	ClinVar	VCV002443088	https://www.ncbi.nlm.nih.gov/clinvar/variation/2443088	2026-10-04	observed	no assertion criteria provided				{}
CLI000119	ClinVar:VCV002441639	variant_of	HGNC:1497	ClinVar	VCV002441639	https://www.ncbi.nlm.nih.gov/clinvar/variation/2441639	2026-10-04	observed	criteria provided, single submitter				{}
CLI000120	ClinVar:VCV002441639	causes_condition	MONDO:0010417	ClinVar	VCV002441639	https://www.ncbi.nlm.nih.gov/clinvar/variation/2441639	2026-10-04	observed	criteria provided, single submitter				"{""classification"": ""Pathogenic"", ""trait_name"": ""Syndromic X-linked intellectual disability Najm type"", ""consequence"": ""truncating""}"
CLI000121	ClinVar:VCV002438847	variant_of	HGNC:1497	ClinVar	VCV002438847	https://www.ncbi.nlm.nih.gov/clinvar/variation/2438847	2026-10-04	observed	criteria provided, single submitter				{}
CLI000122	ClinVar:VCV002431222	variant_of	HGNC:1497	ClinVar	VCV002431222	https://www.ncbi.nlm.nih.gov/clinvar/variation/2431222	2026-10-04	observed	criteria provided, single submitter				{}
CLI000123	ClinVar:VCV002431222	causes_condition	MONDO:0010417	ClinVar	VCV002431222	https://www.ncbi.nlm.nih.gov/clinvar/variation/2431222	2026-10-04	observed	criteria provided, single submitter				"{""classification"": ""Pathogenic"", ""trait_name"": ""Syndromic X-linked intellectual disability Najm type"", ""consequence"": ""other""}"
CLI000124	ClinVar:VCV002429865	variant_of	HGNC:1497	ClinVar	VCV002429865	https://www.ncbi.nlm.nih.gov/clinvar/variation/2429865	2026-10-04	observed	criteria provided, single submitter				{}
CLI000125	ClinVar:VCV002429864	variant_of	HGNC:1497	ClinVar	VCV002429864	https://www.ncbi.nlm.nih.gov/clinvar/variation/2429864	2026-10-04	observed	criteria provided, single submitter				{}
CLI000126	ClinVar:VCV002424728	variant_of	HGNC:1497	ClinVar	VCV002424728	https://www.ncbi.nlm.nih.gov/clinvar/variation/2424728	2026-10-04	observed	criteria provided, single submitter				{}
CLI000127	ClinVar:VCV002424727	variant_of	HGNC:1497	ClinVar	VCV002424727	https://www.ncbi.nlm.nih.gov/clinvar/variation/2424727	2026-10-04	observed	criteria provided, single submitter				{}
CLI000128	ClinVar:VCV002424726	variant_of	HGNC:1497	ClinVar	VCV002424726	https://www.ncbi.nlm.nih.gov/clinvar/variation/2424726	2026-10-04	observed	criteria provided, single submitter				{}
CLI000129	ClinVar:VCV002424725	variant_of	HGNC:1497	ClinVar	VCV002424725	https://www.ncbi.nlm.nih.gov/clinvar/variation/2424725	2026-10-04	observed	criteria provided, single submitter				{}
CLI000130	ClinVar:VCV002424724	variant_of	HGNC:1497	ClinVar	VCV002424724	https://www.ncbi.nlm.nih.gov/clinvar/variation/2424724	2026-10-04	observed	criteria provided, single submitter				{}
CLI000131	ClinVar:VCV002121448	variant_of	HGNC:1497	ClinVar	VCV002121448	https://www.ncbi.nlm.nih.gov/clinvar/variation/2121448	2026-10-04	observed	criteria provided, single submitter				{}
CLI000132	ClinVar:VCV002120788	variant_of	HGNC:1497	ClinVar	VCV002120788	https://www.ncbi.nlm.nih.gov/clinvar/variation/2120788	2026-10-04	observed	criteria provided, single submitter				{}
CLI000133	ClinVar:VCV001784171	variant_of	HGNC:1497	ClinVar	VCV001784171	https://www.ncbi.nlm.nih.gov/clinvar/variation/1784171	2026-10-04	observed	criteria provided, single submitter				{}
CLI000134	ClinVar:VCV001707714	variant_of	HGNC:1497	ClinVar	VCV001707714	https://www.ncbi.nlm.nih.gov/clinvar/variation/1707714	2026-10-04	observed	criteria provided, single submitter				{}
CLI000135	ClinVar:VCV001707714	causes_condition	MONDO:0010318	ClinVar	VCV001707714	https://www.ncbi.nlm.nih.gov/clinvar/variation/1707714	2026-10-04	observed	criteria provided, single submitter				"{""classification"": ""Pathogenic"", ""trait_name"": ""FG syndrome 4"", ""consequence"": ""other""}"
CLI000136	ClinVar:VCV001705649	variant_of	HGNC:1497	ClinVar	VCV001705649	https://www.ncbi.nlm.nih.gov/clinvar/variation/1705649	2026-10-04	observed	criteria provided, single submitter				{}
CLI000137	ClinVar:VCV001705649	causes_condition	MONDO:0010417	ClinVar	VCV001705649	https://www.ncbi.nlm.nih.gov/clinvar/variation/1705649	2026-10-04	observed	criteria provided, single submitter				"{""classification"": ""Likely pathogenic"", ""trait_name"": ""Syndromic X-linked intellectual disability Najm type"", ""consequence"": ""truncating""}"
CLI000138	ClinVar:VCV001701858	variant_of	HGNC:1497	ClinVar	VCV001701858	https://www.ncbi.nlm.nih.gov/clinvar/variation/1701858	2026-10-04	observed	criteria provided, single submitter				{}
CLI000139	ClinVar:VCV001699292	variant_of	HGNC:1497	ClinVar	VCV001699292	https://www.ncbi.nlm.nih.gov/clinvar/variation/1699292	2026-10-04	observed	criteria provided, single submitter				{}
CLI000140	ClinVar:VCV001692990	variant_of	HGNC:1497	ClinVar	VCV001692990	https://www.ncbi.nlm.nih.gov/clinvar/variation/1692990	2026-10-04	observed	criteria provided, single submitter				{}
CLI000141	ClinVar:VCV001692990	causes_condition	MONDO:0010417	ClinVar	VCV001692990	https://www.ncbi.nlm.nih.gov/clinvar/variation/1692990	2026-10-04	observed	criteria provided, single submitter				"{""classification"": ""Pathogenic"", ""trait_name"": ""Syndromic X-linked intellectual disability Najm type"", ""consequence"": ""truncating""}"
CLI000142	ClinVar:VCV001687308	variant_of	HGNC:1497	ClinVar	VCV001687308	https://www.ncbi.nlm.nih.gov/clinvar/variation/1687308	2026-10-04	observed	criteria provided, single submitter				{}
CLI000143	ClinVar:VCV001687308	causes_condition	MONDO:0010417	ClinVar	VCV001687308	https://www.ncbi.nlm.nih.gov/clinvar/variation/1687308	2026-10-04	observed	criteria provided, single submitter				"{""classification"": ""Likely pathogenic"", ""trait_name"": ""Syndromic X-linked intellectual disability Najm type"", ""consequence"": ""truncating""}"
CLI000144	ClinVar:VCV001676383	variant_of	HGNC:1497	ClinVar	VCV001676383	https://www.ncbi.nlm.nih.gov/clinvar/variation/1676383	2026-10-04	observed	criteria provided, single submitter				{}
CLI000145	ClinVar:VCV001473691	variant_of	HGNC:1497	ClinVar	VCV001473691	https://www.ncbi.nlm.nih.gov/clinvar/variation/1473691	2026-10-04	observed	criteria provided, single submitter				{}
CLI000146	ClinVar:VCV001460206	variant_of	HGNC:1497	ClinVar	VCV001460206	https://www.ncbi.nlm.nih.gov/clinvar/variation/1460206	2026-10-04	observed	criteria provided, single submitter				{}
CLI000147	ClinVar:VCV001453222	variant_of	HGNC:1497	ClinVar	VCV001453222	https://www.ncbi.nlm.nih.gov/clinvar/variation/1453222	2026-10-04	observed	criteria provided, single submitter				{}
CLI000148	ClinVar:VCV001440705	variant_of	HGNC:1497	ClinVar	VCV001440705	https://www.ncbi.nlm.nih.gov/clinvar/variation/1440705	2026-10-04	observed	criteria provided, single submitter				{}
CLI000149	ClinVar:VCV001377857	variant_of	HGNC:1497	ClinVar	VCV001377857	https://www.ncbi.nlm.nih.gov/clinvar/variation/1377857	2026-10-04	observed	criteria provided, single submitter				{}
CLI000150	ClinVar:VCV001343235	variant_of	HGNC:1497	ClinVar	VCV001343235	https://www.ncbi.nlm.nih.gov/clinvar/variation/1343235	2026-10-04	observed	criteria provided, single submitter				{}
CLI000151	ClinVar:VCV001343235	causes_condition	MONDO:0010417	ClinVar	VCV001343235	https://www.ncbi.nlm.nih.gov/clinvar/variation/1343235	2026-10-04	observed	criteria provided, single submitter				"{""classification"": ""Likely pathogenic"", ""trait_name"": ""Syndromic X-linked intellectual disability Najm type"", ""consequence"": ""truncating""}"
CLI000152	ClinVar:VCV001343138	variant_of	HGNC:1497	ClinVar	VCV001343138	https://www.ncbi.nlm.nih.gov/clinvar/variation/1343138	2026-10-04	observed	criteria provided, multiple submitters, no conflicts				{}
CLI000153	ClinVar:VCV001343138	causes_condition	MONDO:0010417	ClinVar	VCV001343138	https://www.ncbi.nlm.nih.gov/clinvar/variation/1343138	2026-10-04	observed	criteria provided, multiple submitters, no conflicts				"{""classification"": ""Pathogenic/Likely pathogenic"", ""trait_name"": ""Syndromic X-linked intellectual disability Najm type"", ""consequence"": ""other""}"
CLI000154	ClinVar:VCV001343138	causes_condition	MONDO:0010318	ClinVar	VCV001343138	https://www.ncbi.nlm.nih.gov/clinvar/variation/1343138	2026-10-04	observed	criteria provided, multiple submitters, no conflicts				"{""classification"": ""Pathogenic/Likely pathogenic"", ""trait_name"": ""FG syndrome 4"", ""consequence"": ""other""}"
CLI000155	ClinVar:VCV001343138	causes_condition	MONDO:0010480	ClinVar	VCV001343138	https://www.ncbi.nlm.nih.gov/clinvar/variation/1343138	2026-10-04	observed	criteria provided, multiple submitters, no conflicts				"{""classification"": ""Pathogenic/Likely pathogenic"", ""trait_name"": ""Anemia, nonspherocytic hemolytic, due to G6PD deficiency"", ""consequence"": ""other""}"
CLI000156	ClinVar:VCV001338270	variant_of	HGNC:1497	ClinVar	VCV001338270	https://www.ncbi.nlm.nih.gov/clinvar/variation/1338270	2026-10-04	observed	criteria provided, single submitter				{}
CLI000157	ClinVar:VCV001333907	variant_of	HGNC:1497	ClinVar	VCV001333907	https://www.ncbi.nlm.nih.gov/clinvar/variation/1333907	2026-10-04	observed	criteria provided, single submitter				{}
CLI000158	ClinVar:VCV001333907	causes_condition	MONDO:0010417	ClinVar	VCV001333907	https://www.ncbi.nlm.nih.gov/clinvar/variation/1333907	2026-10-04	observed	criteria provided, single submitter				"{""classification"": ""Likely pathogenic"", ""trait_name"": ""Syndromic X-linked intellectual disability Najm type"", ""consequence"": ""truncating""}"
CLI000159	ClinVar:VCV001333658	variant_of	HGNC:1497	ClinVar	VCV001333658	https://www.ncbi.nlm.nih.gov/clinvar/variation/1333658	2026-10-04	observed	criteria provided, single submitter				{}
CLI000160	ClinVar:VCV001333658	causes_condition	MONDO:0010417	ClinVar	VCV001333658	https://www.ncbi.nlm.nih.gov/clinvar/variation/1333658	2026-10-04	observed	criteria provided, single submitter				"{""classification"": ""Likely pathogenic"", ""trait_name"": ""Syndromic X-linked intellectual disability Najm type"", ""consequence"": ""truncating""}"
CLI000161	ClinVar:VCV001327823	variant_of	HGNC:1497	ClinVar	VCV001327823	https://www.ncbi.nlm.nih.gov/clinvar/variation/1327823	2026-10-04	observed	criteria provided, single submitter				{}
CLI000162	ClinVar:VCV001326849	variant_of	HGNC:1497	ClinVar	VCV001326849	https://www.ncbi.nlm.nih.gov/clinvar/variation/1326849	2026-10-04	observed	criteria provided, single submitter				{}
CLI000163	ClinVar:VCV001326849	causes_condition	MONDO:0010417	ClinVar	VCV001326849	https://www.ncbi.nlm.nih.gov/clinvar/variation/1326849	2026-10-04	observed	criteria provided, single submitter				"{""classification"": ""Likely pathogenic"", ""trait_name"": ""Syndromic X-linked intellectual disability Najm type"", ""consequence"": ""missense""}"
CLI000164	ClinVar:VCV001319147	variant_of	HGNC:1497	ClinVar	VCV001319147	https://www.ncbi.nlm.nih.gov/clinvar/variation/1319147	2026-10-04	observed	criteria provided, single submitter				{}
CLI000165	ClinVar:VCV001299183	variant_of	HGNC:1497	ClinVar	VCV001299183	https://www.ncbi.nlm.nih.gov/clinvar/variation/1299183	2026-10-04	observed	criteria provided, single submitter				{}
CLI000166	ClinVar:VCV001205490	variant_of	HGNC:1497	ClinVar	VCV001205490	https://www.ncbi.nlm.nih.gov/clinvar/variation/1205490	2026-10-04	observed	criteria provided, single submitter				{}
CLI000167	ClinVar:VCV001180515	variant_of	HGNC:1497	ClinVar	VCV001180515	https://www.ncbi.nlm.nih.gov/clinvar/variation/1180515	2026-10-04	observed	criteria provided, single submitter				{}
CLI000168	ClinVar:VCV001172654	variant_of	HGNC:1497	ClinVar	VCV001172654	https://www.ncbi.nlm.nih.gov/clinvar/variation/1172654	2026-10-04	observed	criteria provided, single submitter				{}
CLI000169	ClinVar:VCV001076957	variant_of	HGNC:1497	ClinVar	VCV001076957	https://www.ncbi.nlm.nih.gov/clinvar/variation/1076957	2026-10-04	observed	criteria provided, single submitter				{}
CLI000170	ClinVar:VCV000989350	variant_of	HGNC:1497	ClinVar	VCV000989350	https://www.ncbi.nlm.nih.gov/clinvar/variation/989350	2026-10-04	observed	criteria provided, single submitter				{}
CLI000171	ClinVar:VCV000987472	variant_of	HGNC:1497	ClinVar	VCV000987472	https://www.ncbi.nlm.nih.gov/clinvar/variation/987472	2026-10-04	observed	criteria provided, single submitter				{}
CLI000172	ClinVar:VCV000987471	variant_of	HGNC:1497	ClinVar	VCV000987471	https://www.ncbi.nlm.nih.gov/clinvar/variation/987471	2026-10-04	observed	criteria provided, single submitter				{}
CLI000173	ClinVar:VCV000981293	variant_of	HGNC:1497	ClinVar	VCV000981293	https://www.ncbi.nlm.nih.gov/clinvar/variation/981293	2026-10-04	observed	criteria provided, multiple submitters, no conflicts				{}
CLI000174	ClinVar:VCV000981293	causes_condition	MONDO:0010417	ClinVar	VCV000981293	https://www.ncbi.nlm.nih.gov/clinvar/variation/981293	2026-10-04	observed	criteria provided, multiple submitters, no conflicts				"{""classification"": ""Likely pathogenic"", ""trait_name"": ""Syndromic X-linked intellectual disability Najm type"", ""consequence"": ""other""}"
CLI000175	ClinVar:VCV000981292	variant_of	HGNC:1497	ClinVar	VCV000981292	https://www.ncbi.nlm.nih.gov/clinvar/variation/981292	2026-10-04	observed	criteria provided, single submitter				{}
CLI000176	ClinVar:VCV000977902	variant_of	HGNC:1497	ClinVar	VCV000977902	https://www.ncbi.nlm.nih.gov/clinvar/variation/977902	2026-10-04	observed	no assertion criteria provided				{}
CLI000177	ClinVar:VCV000977902	causes_condition	MONDO:0010417	ClinVar	VCV000977902	https://www.ncbi.nlm.nih.gov/clinvar/variation/977902	2026-10-04	observed	no assertion criteria provided				"{""classification"": ""Likely pathogenic"", ""trait_name"": ""Syndromic X-linked intellectual disability Najm type"", ""consequence"": ""truncating""}"
CLI000178	ClinVar:VCV000977820	variant_of	HGNC:1497	ClinVar	VCV000977820	https://www.ncbi.nlm.nih.gov/clinvar/variation/977820	2026-10-04	observed	no assertion criteria provided				{}
CLI000179	ClinVar:VCV000977820	causes_condition	MONDO:0010417	ClinVar	VCV000977820	https://www.ncbi.nlm.nih.gov/clinvar/variation/977820	2026-10-04	observed	no assertion criteria provided				"{""classification"": ""Likely pathogenic"", ""trait_name"": ""Syndromic X-linked intellectual disability Najm type"", ""consequence"": ""truncating""}"
CLI000180	ClinVar:VCV000976007	variant_of	HGNC:1497	ClinVar	VCV000976007	https://www.ncbi.nlm.nih.gov/clinvar/variation/976007	2026-10-04	observed	criteria provided, single submitter				{}
CLI000181	ClinVar:VCV000976007	causes_condition	MONDO:0010417	ClinVar	VCV000976007	https://www.ncbi.nlm.nih.gov/clinvar/variation/976007	2026-10-04	observed	criteria provided, single submitter				"{""classification"": ""Likely pathogenic"", ""trait_name"": ""Syndromic X-linked intellectual disability Najm type"", ""consequence"": ""truncating""}"
CLI000182	ClinVar:VCV000952873	variant_of	HGNC:1497	ClinVar	VCV000952873	https://www.ncbi.nlm.nih.gov/clinvar/variation/952873	2026-10-04	observed	criteria provided, single submitter				{}
CLI000183	ClinVar:VCV000930346	variant_of	HGNC:1497	ClinVar	VCV000930346	https://www.ncbi.nlm.nih.gov/clinvar/variation/930346	2026-10-04	observed	criteria provided, single submitter				{}
CLI000184	ClinVar:VCV000930346	causes_condition	MONDO:0010318	ClinVar	VCV000930346	https://www.ncbi.nlm.nih.gov/clinvar/variation/930346	2026-10-04	observed	criteria provided, single submitter				"{""classification"": ""Pathogenic"", ""trait_name"": ""FG syndrome 4"", ""consequence"": ""truncating""}"
CLI000185	ClinVar:VCV000916508	variant_of	HGNC:1497	ClinVar	VCV000916508	https://www.ncbi.nlm.nih.gov/clinvar/variation/916508	2026-10-04	observed	criteria provided, single submitter				{}
CLI000186	ClinVar:VCV000872827	variant_of	HGNC:1497	ClinVar	VCV000872827	https://www.ncbi.nlm.nih.gov/clinvar/variation/872827	2026-10-04	observed	criteria provided, single submitter				{}
CLI000187	ClinVar:VCV000871196	variant_of	HGNC:1497	ClinVar	VCV000871196	https://www.ncbi.nlm.nih.gov/clinvar/variation/871196	2026-10-04	observed	criteria provided, single submitter				{}
CLI000188	ClinVar:VCV000828187	variant_of	HGNC:1497	ClinVar	VCV000828187	https://www.ncbi.nlm.nih.gov/clinvar/variation/828187	2026-10-04	observed	criteria provided, single submitter				{}
CLI000189	ClinVar:VCV000828187	causes_condition	MONDO:0010417	ClinVar	VCV000828187	https://www.ncbi.nlm.nih.gov/clinvar/variation/828187	2026-10-04	observed	criteria provided, single submitter				"{""classification"": ""Pathogenic"", ""trait_name"": ""Syndromic X-linked intellectual disability Najm type"", ""consequence"": ""truncating""}"
CLI000190	ClinVar:VCV000817740	variant_of	HGNC:1497	ClinVar	VCV000817740	https://www.ncbi.nlm.nih.gov/clinvar/variation/817740	2026-10-04	observed	criteria provided, multiple submitters, no conflicts				{}
CLI000191	ClinVar:VCV000817740	causes_condition	MONDO:0010417	ClinVar	VCV000817740	https://www.ncbi.nlm.nih.gov/clinvar/variation/817740	2026-10-04	observed	criteria provided, multiple submitters, no conflicts				"{""classification"": ""Pathogenic"", ""trait_name"": ""Syndromic X-linked intellectual disability Najm type"", ""consequence"": ""truncating""}"
CLI000192	ClinVar:VCV000817203	variant_of	HGNC:1497	ClinVar	VCV000817203	https://www.ncbi.nlm.nih.gov/clinvar/variation/817203	2026-10-04	observed	criteria provided, single submitter				{}
CLI000193	ClinVar:VCV000813943	variant_of	HGNC:1497	ClinVar	VCV000813943	https://www.ncbi.nlm.nih.gov/clinvar/variation/813943	2026-10-04	observed	criteria provided, multiple submitters, no conflicts				{}
CLI000194	ClinVar:VCV000813943	causes_condition	MONDO:0010417	ClinVar	VCV000813943	https://www.ncbi.nlm.nih.gov/clinvar/variation/813943	2026-10-04	observed	criteria provided, multiple submitters, no conflicts				"{""classification"": ""Pathogenic"", ""trait_name"": ""Syndromic X-linked intellectual disability Najm type"", ""consequence"": ""truncating""}"
CLI000195	ClinVar:VCV000813732	variant_of	HGNC:1497	ClinVar	VCV000813732	https://www.ncbi.nlm.nih.gov/clinvar/variation/813732	2026-10-04	observed	criteria provided, single submitter				{}
CLI000196	ClinVar:VCV000813732	causes_condition	MONDO:0010417	ClinVar	VCV000813732	https://www.ncbi.nlm.nih.gov/clinvar/variation/813732	2026-10-04	observed	criteria provided, single submitter				"{""classification"": ""Likely pathogenic"", ""trait_name"": ""Syndromic X-linked intellectual disability Najm type"", ""consequence"": ""missense""}"
CLI000197	ClinVar:VCV000812932	variant_of	HGNC:1497	ClinVar	VCV000812932	https://www.ncbi.nlm.nih.gov/clinvar/variation/812932	2026-10-04	observed	no assertion criteria provided				{}
CLI000198	ClinVar:VCV000812931	variant_of	HGNC:1497	ClinVar	VCV000812931	https://www.ncbi.nlm.nih.gov/clinvar/variation/812931	2026-10-04	observed	no assertion criteria provided				{}
CLI000199	ClinVar:VCV000810580	variant_of	HGNC:1497	ClinVar	VCV000810580	https://www.ncbi.nlm.nih.gov/clinvar/variation/810580	2026-10-04	observed	criteria provided, single submitter				{}
CLI000200	ClinVar:VCV000810578	variant_of	HGNC:1497	ClinVar	VCV000810578	https://www.ncbi.nlm.nih.gov/clinvar/variation/810578	2026-10-04	observed	criteria provided, multiple submitters, no conflicts				{}
CLI000201	ClinVar:VCV000810578	causes_condition	MONDO:0010318	ClinVar	VCV000810578	https://www.ncbi.nlm.nih.gov/clinvar/variation/810578	2026-10-04	observed	criteria provided, multiple submitters, no conflicts				"{""classification"": ""Pathogenic/Likely pathogenic"", ""trait_name"": ""FG syndrome 4"", ""consequence"": ""missense""}"
CLI000202	ClinVar:VCV000803986	variant_of	HGNC:1497	ClinVar	VCV000803986	https://www.ncbi.nlm.nih.gov/clinvar/variation/803986	2026-10-04	observed	criteria provided, single submitter				{}
CLI000203	ClinVar:VCV000803986	causes_condition	MONDO:0010417	ClinVar	VCV000803986	https://www.ncbi.nlm.nih.gov/clinvar/variation/803986	2026-10-04	observed	criteria provided, single submitter				"{""classification"": ""Pathogenic"", ""trait_name"": ""Syndromic X-linked intellectual disability Najm type"", ""consequence"": ""truncating""}"
CLI000204	ClinVar:VCV000803984	variant_of	HGNC:1497	ClinVar	VCV000803984	https://www.ncbi.nlm.nih.gov/clinvar/variation/803984	2026-10-04	observed	criteria provided, single submitter				{}
CLI000205	ClinVar:VCV000803984	causes_condition	MONDO:0010417	ClinVar	VCV000803984	https://www.ncbi.nlm.nih.gov/clinvar/variation/803984	2026-10-04	observed	criteria provided, single submitter				"{""classification"": ""Pathogenic"", ""trait_name"": ""Syndromic X-linked intellectual disability Najm type"", ""consequence"": ""truncating""}"
CLI000206	ClinVar:VCV000803983	variant_of	HGNC:1497	ClinVar	VCV000803983	https://www.ncbi.nlm.nih.gov/clinvar/variation/803983	2026-10-04	observed	criteria provided, single submitter				{}
CLI000207	ClinVar:VCV000803983	causes_condition	MONDO:0010417	ClinVar	VCV000803983	https://www.ncbi.nlm.nih.gov/clinvar/variation/803983	2026-10-04	observed	criteria provided, single submitter				"{""classification"": ""Pathogenic"", ""trait_name"": ""Syndromic X-linked intellectual disability Najm type"", ""consequence"": ""missense""}"
CLI000208	ClinVar:VCV000689749	variant_of	HGNC:1497	ClinVar	VCV000689749	https://www.ncbi.nlm.nih.gov/clinvar/variation/689749	2026-10-04	observed	criteria provided, single submitter				{}
CLI000209	ClinVar:VCV000689749	causes_condition	MONDO:0010318	ClinVar	VCV000689749	https://www.ncbi.nlm.nih.gov/clinvar/variation/689749	2026-10-04	observed	criteria provided, single submitter				"{""classification"": ""Pathogenic"", ""trait_name"": ""FG syndrome 4"", ""consequence"": ""truncating""}"
CLI000210	ClinVar:VCV000689749	causes_condition	MONDO:0010417	ClinVar	VCV000689749	https://www.ncbi.nlm.nih.gov/clinvar/variation/689749	2026-10-04	observed	criteria provided, single submitter				"{""classification"": ""Pathogenic"", ""trait_name"": ""Syndromic X-linked intellectual disability Najm type"", ""consequence"": ""truncating""}"
CLI000211	ClinVar:VCV000685469	variant_of	HGNC:1497	ClinVar	VCV000685469	https://www.ncbi.nlm.nih.gov/clinvar/variation/685469	2026-10-04	observed	no assertion criteria provided				{}
CLI000212	ClinVar:VCV000653532	variant_of	HGNC:1497	ClinVar	VCV000653532	https://www.ncbi.nlm.nih.gov/clinvar/variation/653532	2026-10-04	observed	criteria provided, single submitter				{}
CLI000213	ClinVar:VCV000638400	variant_of	HGNC:1497	ClinVar	VCV000638400	https://www.ncbi.nlm.nih.gov/clinvar/variation/638400	2026-10-04	observed	criteria provided, single submitter				{}
CLI000214	ClinVar:VCV000638400	causes_condition	MONDO:0010417	ClinVar	VCV000638400	https://www.ncbi.nlm.nih.gov/clinvar/variation/638400	2026-10-04	observed	criteria provided, single submitter				"{""classification"": ""Pathogenic"", ""trait_name"": ""Syndromic X-linked intellectual disability Najm type"", ""consequence"": ""truncating""}"
CLI000215	ClinVar:VCV000632602	variant_of	HGNC:1497	ClinVar	VCV000632602	https://www.ncbi.nlm.nih.gov/clinvar/variation/632602	2026-10-04	observed	no assertion criteria provided				{}
CLI000216	ClinVar:VCV000632602	causes_condition	MONDO:0010417	ClinVar	VCV000632602	https://www.ncbi.nlm.nih.gov/clinvar/variation/632602	2026-10-04	observed	no assertion criteria provided				"{""classification"": ""Pathogenic/Likely pathogenic"", ""trait_name"": ""Syndromic X-linked intellectual disability Najm type"", ""consequence"": ""truncating""}"
CLI000217	ClinVar:VCV000632601	variant_of	HGNC:1497	ClinVar	VCV000632601	https://www.ncbi.nlm.nih.gov/clinvar/variation/632601	2026-10-04	observed	criteria provided, single submitter				{}
CLI000218	ClinVar:VCV000632600	variant_of	HGNC:1497	ClinVar	VCV000632600	https://www.ncbi.nlm.nih.gov/clinvar/variation/632600	2026-10-04	observed	no assertion criteria provided				{}
CLI000219	ClinVar:VCV000632600	causes_condition	MONDO:0010417	ClinVar	VCV000632600	https://www.ncbi.nlm.nih.gov/clinvar/variation/632600	2026-10-04	observed	no assertion criteria provided				"{""classification"": ""Likely pathogenic"", ""trait_name"": ""Syndromic X-linked intellectual disability Najm type"", ""consequence"": ""truncating""}"
CLI000220	ClinVar:VCV000619127	variant_of	HGNC:1497	ClinVar	VCV000619127	https://www.ncbi.nlm.nih.gov/clinvar/variation/619127	2026-10-04	observed	criteria provided, single submitter				{}
CLI000221	ClinVar:VCV000619127	causes_condition	MONDO:0010417	ClinVar	VCV000619127	https://www.ncbi.nlm.nih.gov/clinvar/variation/619127	2026-10-04	observed	criteria provided, single submitter				"{""classification"": ""Likely pathogenic"", ""trait_name"": ""Syndromic X-linked intellectual disability Najm type"", ""consequence"": ""missense""}"
CLI000222	ClinVar:VCV000619127	causes_condition	MONDO:0010318	ClinVar	VCV000619127	https://www.ncbi.nlm.nih.gov/clinvar/variation/619127	2026-10-04	observed	criteria provided, single submitter				"{""classification"": ""Likely pathogenic"", ""trait_name"": ""FG syndrome 4"", ""consequence"": ""missense""}"
CLI000223	ClinVar:VCV000592117	variant_of	HGNC:1497	ClinVar	VCV000592117	https://www.ncbi.nlm.nih.gov/clinvar/variation/592117	2026-10-04	observed	no assertion criteria provided				{}
CLI000224	ClinVar:VCV000592117	causes_condition	MONDO:0010417	ClinVar	VCV000592117	https://www.ncbi.nlm.nih.gov/clinvar/variation/592117	2026-10-04	observed	no assertion criteria provided				"{""classification"": ""Likely pathogenic"", ""trait_name"": ""Syndromic X-linked intellectual disability Najm type"", ""consequence"": ""truncating""}"
CLI000225	ClinVar:VCV000587865	variant_of	HGNC:1497	ClinVar	VCV000587865	https://www.ncbi.nlm.nih.gov/clinvar/variation/587865	2026-10-04	observed	criteria provided, single submitter				{}
CLI000226	ClinVar:VCV000575647	variant_of	HGNC:1497	ClinVar	VCV000575647	https://www.ncbi.nlm.nih.gov/clinvar/variation/575647	2026-10-04	observed	criteria provided, multiple submitters, no conflicts				{}
CLI000227	ClinVar:VCV000575647	causes_condition	MONDO:0010318	ClinVar	VCV000575647	https://www.ncbi.nlm.nih.gov/clinvar/variation/575647	2026-10-04	observed	criteria provided, multiple submitters, no conflicts				"{""classification"": ""Pathogenic/Likely pathogenic"", ""trait_name"": ""FG syndrome 4"", ""consequence"": ""missense""}"
CLI000228	ClinVar:VCV000570810	variant_of	HGNC:1497	ClinVar	VCV000570810	https://www.ncbi.nlm.nih.gov/clinvar/variation/570810	2026-10-04	observed	criteria provided, multiple submitters, no conflicts				{}
CLI000229	ClinVar:VCV000570810	causes_condition	MONDO:0010417	ClinVar	VCV000570810	https://www.ncbi.nlm.nih.gov/clinvar/variation/570810	2026-10-04	observed	criteria provided, multiple submitters, no conflicts				"{""classification"": ""Pathogenic/Likely pathogenic"", ""trait_name"": ""Syndromic X-linked intellectual disability Najm type"", ""consequence"": ""truncating""}"
CLI000230	ClinVar:VCV000559631	variant_of	HGNC:1497	ClinVar	VCV000559631	https://www.ncbi.nlm.nih.gov/clinvar/variation/559631	2026-10-04	observed	criteria provided, single submitter				{}
CLI000231	ClinVar:VCV000545907	variant_of	HGNC:1497	ClinVar	VCV000545907	https://www.ncbi.nlm.nih.gov/clinvar/variation/545907	2026-10-04	observed	criteria provided, single submitter				{}
CLI000232	ClinVar:VCV000524165	variant_of	HGNC:1497	ClinVar	VCV000524165	https://www.ncbi.nlm.nih.gov/clinvar/variation/524165	2026-10-04	observed	criteria provided, single submitter				{}
CLI000233	ClinVar:VCV000523973	variant_of	HGNC:1497	ClinVar	VCV000523973	https://www.ncbi.nlm.nih.gov/clinvar/variation/523973	2026-10-04	observed	criteria provided, single submitter				{}
CLI000234	ClinVar:VCV000523666	variant_of	HGNC:1497	ClinVar	VCV000523666	https://www.ncbi.nlm.nih.gov/clinvar/variation/523666	2026-10-04	observed	criteria provided, single submitter				{}
CLI000235	ClinVar:VCV000523666	causes_condition	MONDO:0010417	ClinVar	VCV000523666	https://www.ncbi.nlm.nih.gov/clinvar/variation/523666	2026-10-04	observed	criteria provided, single submitter				"{""classification"": ""Likely pathogenic"", ""trait_name"": ""Syndromic X-linked intellectual disability Najm type"", ""consequence"": ""truncating""}"
CLI000236	ClinVar:VCV000523464	variant_of	HGNC:1497	ClinVar	VCV000523464	https://www.ncbi.nlm.nih.gov/clinvar/variation/523464	2026-10-04	observed	criteria provided, single submitter				{}
CLI000237	ClinVar:VCV000521079	variant_of	HGNC:1497	ClinVar	VCV000521079	https://www.ncbi.nlm.nih.gov/clinvar/variation/521079	2026-10-04	observed	criteria provided, single submitter				{}
CLI000238	ClinVar:VCV000520620	variant_of	HGNC:1497	ClinVar	VCV000520620	https://www.ncbi.nlm.nih.gov/clinvar/variation/520620	2026-10-04	observed	criteria provided, single submitter				{}
CLI000239	ClinVar:VCV000503609	variant_of	HGNC:1497	ClinVar	VCV000503609	https://www.ncbi.nlm.nih.gov/clinvar/variation/503609	2026-10-04	observed	criteria provided, multiple submitters, no conflicts				{}
CLI000240	ClinVar:VCV000503609	causes_condition	MONDO:0010417	ClinVar	VCV000503609	https://www.ncbi.nlm.nih.gov/clinvar/variation/503609	2026-10-04	observed	criteria provided, multiple submitters, no conflicts				"{""classification"": ""Pathogenic/Likely pathogenic"", ""trait_name"": ""Syndromic X-linked intellectual disability Najm type"", ""consequence"": ""truncating""}"
CLI000241	ClinVar:VCV000489154	variant_of	HGNC:1497	ClinVar	VCV000489154	https://www.ncbi.nlm.nih.gov/clinvar/variation/489154	2026-10-04	observed	criteria provided, single submitter				{}
CLI000242	ClinVar:VCV000489049	variant_of	HGNC:1497	ClinVar	VCV000489049	https://www.ncbi.nlm.nih.gov/clinvar/variation/489049	2026-10-04	observed	criteria provided, multiple submitters, no conflicts				{}
CLI000243	ClinVar:VCV000489049	causes_condition	MONDO:0010417	ClinVar	VCV000489049	https://www.ncbi.nlm.nih.gov/clinvar/variation/489049	2026-10-04	observed	criteria provided, multiple submitters, no conflicts				"{""classification"": ""Pathogenic"", ""trait_name"": ""Syndromic X-linked intellectual disability Najm type"", ""consequence"": ""truncating""}"
CLI000244	ClinVar:VCV000470207	variant_of	HGNC:1497	ClinVar	VCV000470207	https://www.ncbi.nlm.nih.gov/clinvar/variation/470207	2026-10-04	observed	criteria provided, single submitter				{}
CLI000245	ClinVar:VCV000451175	variant_of	HGNC:1497	ClinVar	VCV000451175	https://www.ncbi.nlm.nih.gov/clinvar/variation/451175	2026-10-04	observed	criteria provided, single submitter				{}
CLI000246	ClinVar:VCV000450510	variant_of	HGNC:1497	ClinVar	VCV000450510	https://www.ncbi.nlm.nih.gov/clinvar/variation/450510	2026-10-04	observed	criteria provided, single submitter				{}
CLI000247	ClinVar:VCV000446289	variant_of	HGNC:1497	ClinVar	VCV000446289	https://www.ncbi.nlm.nih.gov/clinvar/variation/446289	2026-10-04	observed	criteria provided, multiple submitters, no conflicts				{}
CLI000248	ClinVar:VCV000446289	causes_condition	MONDO:0010417	ClinVar	VCV000446289	https://www.ncbi.nlm.nih.gov/clinvar/variation/446289	2026-10-04	observed	criteria provided, multiple submitters, no conflicts				"{""classification"": ""Pathogenic/Likely pathogenic"", ""trait_name"": ""Syndromic X-linked intellectual disability Najm type"", ""consequence"": ""truncating""}"
CLI000249	ClinVar:VCV000446288	variant_of	HGNC:1497	ClinVar	VCV000446288	https://www.ncbi.nlm.nih.gov/clinvar/variation/446288	2026-10-04	observed	criteria provided, single submitter				{}
CLI000250	ClinVar:VCV000446288	causes_condition	MONDO:0010417	ClinVar	VCV000446288	https://www.ncbi.nlm.nih.gov/clinvar/variation/446288	2026-10-04	observed	criteria provided, single submitter				"{""classification"": ""Pathogenic"", ""trait_name"": ""Syndromic X-linked intellectual disability Najm type"", ""consequence"": ""truncating""}"
CLI000251	ClinVar:VCV000446287	variant_of	HGNC:1497	ClinVar	VCV000446287	https://www.ncbi.nlm.nih.gov/clinvar/variation/446287	2026-10-04	observed	criteria provided, single submitter				{}
CLI000252	ClinVar:VCV000446287	causes_condition	MONDO:0010417	ClinVar	VCV000446287	https://www.ncbi.nlm.nih.gov/clinvar/variation/446287	2026-10-04	observed	criteria provided, single submitter				"{""classification"": ""Pathogenic"", ""trait_name"": ""Syndromic X-linked intellectual disability Najm type"", ""consequence"": ""other""}"
CLI000253	ClinVar:VCV000445354	variant_of	HGNC:1497	ClinVar	VCV000445354	https://www.ncbi.nlm.nih.gov/clinvar/variation/445354	2026-10-04	observed	criteria provided, single submitter				{}
CLI000254	ClinVar:VCV000443361	variant_of	HGNC:1497	ClinVar	VCV000443361	https://www.ncbi.nlm.nih.gov/clinvar/variation/443361	2026-10-04	observed	no assertion criteria provided				{}
CLI000255	ClinVar:VCV000434588	variant_of	HGNC:1497	ClinVar	VCV000434588	https://www.ncbi.nlm.nih.gov/clinvar/variation/434588	2026-10-04	observed	criteria provided, multiple submitters, no conflicts				{}
CLI000256	ClinVar:VCV000434588	causes_condition	MONDO:0010417	ClinVar	VCV000434588	https://www.ncbi.nlm.nih.gov/clinvar/variation/434588	2026-10-04	observed	criteria provided, multiple submitters, no conflicts				"{""classification"": ""Pathogenic"", ""trait_name"": ""Syndromic X-linked intellectual disability Najm type"", ""consequence"": ""truncating""}"
CLI000257	ClinVar:VCV000434588	causes_condition	MONDO:0010318	ClinVar	VCV000434588	https://www.ncbi.nlm.nih.gov/clinvar/variation/434588	2026-10-04	observed	criteria provided, multiple submitters, no conflicts				"{""classification"": ""Pathogenic"", ""trait_name"": ""FG syndrome 4"", ""consequence"": ""truncating""}"
CLI000258	ClinVar:VCV000434588	causes_condition	MONDO:0010480	ClinVar	VCV000434588	https://www.ncbi.nlm.nih.gov/clinvar/variation/434588	2026-10-04	observed	criteria provided, multiple submitters, no conflicts				"{""classification"": ""Pathogenic"", ""trait_name"": ""Anemia, nonspherocytic hemolytic, due to G6PD deficiency"", ""consequence"": ""truncating""}"
CLI000259	ClinVar:VCV000434588	causes_condition	MONDO:0010417	ClinVar	VCV000434588	https://www.ncbi.nlm.nih.gov/clinvar/variation/434588	2026-10-04	observed	criteria provided, multiple submitters, no conflicts				"{""classification"": ""Pathogenic"", ""trait_name"": ""Syndromic X-linked intellectual disability Najm type"", ""consequence"": ""truncating""}"
CLI000260	ClinVar:VCV000434587	variant_of	HGNC:1497	ClinVar	VCV000434587	https://www.ncbi.nlm.nih.gov/clinvar/variation/434587	2026-10-04	observed	criteria provided, multiple submitters, no conflicts				{}
CLI000261	ClinVar:VCV000434587	causes_condition	MONDO:0010417	ClinVar	VCV000434587	https://www.ncbi.nlm.nih.gov/clinvar/variation/434587	2026-10-04	observed	criteria provided, multiple submitters, no conflicts				"{""classification"": ""Pathogenic"", ""trait_name"": ""Syndromic X-linked intellectual disability Najm type"", ""consequence"": ""truncating""}"
CLI000262	ClinVar:VCV000434586	variant_of	HGNC:1497	ClinVar	VCV000434586	https://www.ncbi.nlm.nih.gov/clinvar/variation/434586	2026-10-04	observed	criteria provided, single submitter				{}
CLI000263	ClinVar:VCV000434586	causes_condition	MONDO:0010417	ClinVar	VCV000434586	https://www.ncbi.nlm.nih.gov/clinvar/variation/434586	2026-10-04	observed	criteria provided, single submitter				"{""classification"": ""Pathogenic"", ""trait_name"": ""Syndromic X-linked intellectual disability Najm type"", ""consequence"": ""truncating""}"
CLI000264	ClinVar:VCV000433537	variant_of	HGNC:1497	ClinVar	VCV000433537	https://www.ncbi.nlm.nih.gov/clinvar/variation/433537	2026-10-04	observed	criteria provided, single submitter				{}
CLI000265	ClinVar:VCV000433537	causes_condition	MONDO:0010417	ClinVar	VCV000433537	https://www.ncbi.nlm.nih.gov/clinvar/variation/433537	2026-10-04	observed	criteria provided, single submitter				"{""classification"": ""Pathogenic"", ""trait_name"": ""Syndromic X-linked intellectual disability Najm type"", ""consequence"": ""truncating""}"
CLI000266	ClinVar:VCV000432816	variant_of	HGNC:1497	ClinVar	VCV000432816	https://www.ncbi.nlm.nih.gov/clinvar/variation/432816	2026-10-04	observed	criteria provided, multiple submitters, no conflicts				{}
CLI000267	ClinVar:VCV000432816	causes_condition	MONDO:0010417	ClinVar	VCV000432816	https://www.ncbi.nlm.nih.gov/clinvar/variation/432816	2026-10-04	observed	criteria provided, multiple submitters, no conflicts				"{""classification"": ""Pathogenic/Likely pathogenic"", ""trait_name"": ""Syndromic X-linked intellectual disability Najm type"", ""consequence"": ""missense""}"
CLI000268	ClinVar:VCV000432242	variant_of	HGNC:1497	ClinVar	VCV000432242	https://www.ncbi.nlm.nih.gov/clinvar/variation/432242	2026-10-04	observed	criteria provided, single submitter				{}
CLI000269	ClinVar:VCV000432074	variant_of	HGNC:1497	ClinVar	VCV000432074	https://www.ncbi.nlm.nih.gov/clinvar/variation/432074	2026-10-04	observed	criteria provided, single submitter				{}
CLI000270	ClinVar:VCV000431176	variant_of	HGNC:1497	ClinVar	VCV000431176	https://www.ncbi.nlm.nih.gov/clinvar/variation/431176	2026-10-04	observed	criteria provided, single submitter				{}
CLI000271	ClinVar:VCV000431176	causes_condition	MONDO:0010417	ClinVar	VCV000431176	https://www.ncbi.nlm.nih.gov/clinvar/variation/431176	2026-10-04	observed	criteria provided, single submitter				"{""classification"": ""Pathogenic"", ""trait_name"": ""Syndromic X-linked intellectual disability Najm type"", ""consequence"": ""truncating""}"
CLI000272	ClinVar:VCV000424258	variant_of	HGNC:1497	ClinVar	VCV000424258	https://www.ncbi.nlm.nih.gov/clinvar/variation/424258	2026-10-04	observed	criteria provided, single submitter				{}
CLI000273	ClinVar:VCV000424249	variant_of	HGNC:1497	ClinVar	VCV000424249	https://www.ncbi.nlm.nih.gov/clinvar/variation/424249	2026-10-04	observed	criteria provided, multiple submitters, no conflicts				{}
CLI000274	ClinVar:VCV000423552	variant_of	HGNC:1497	ClinVar	VCV000423552	https://www.ncbi.nlm.nih.gov/clinvar/variation/423552	2026-10-04	observed	criteria provided, single submitter				{}
CLI000275	ClinVar:VCV000423284	variant_of	HGNC:1497	ClinVar	VCV000423284	https://www.ncbi.nlm.nih.gov/clinvar/variation/423284	2026-10-04	observed	criteria provided, multiple submitters, no conflicts				{}
CLI000276	ClinVar:VCV000423284	causes_condition	MONDO:0010417	ClinVar	VCV000423284	https://www.ncbi.nlm.nih.gov/clinvar/variation/423284	2026-10-04	observed	criteria provided, multiple submitters, no conflicts				"{""classification"": ""Pathogenic/Likely pathogenic"", ""trait_name"": ""Syndromic X-linked intellectual disability Najm type"", ""consequence"": ""truncating""}"
CLI000277	ClinVar:VCV000423284	causes_condition	MONDO:0010318	ClinVar	VCV000423284	https://www.ncbi.nlm.nih.gov/clinvar/variation/423284	2026-10-04	observed	criteria provided, multiple submitters, no conflicts				"{""classification"": ""Pathogenic/Likely pathogenic"", ""trait_name"": ""FG syndrome 4"", ""consequence"": ""truncating""}"
CLI000278	ClinVar:VCV000421141	variant_of	HGNC:1497	ClinVar	VCV000421141	https://www.ncbi.nlm.nih.gov/clinvar/variation/421141	2026-10-04	observed	criteria provided, multiple submitters, no conflicts				{}
CLI000279	ClinVar:VCV000421141	causes_condition	MONDO:0010417	ClinVar	VCV000421141	https://www.ncbi.nlm.nih.gov/clinvar/variation/421141	2026-10-04	observed	criteria provided, multiple submitters, no conflicts				"{""classification"": ""Pathogenic/Likely pathogenic"", ""trait_name"": ""Syndromic X-linked intellectual disability Najm type"", ""consequence"": ""missense""}"
CLI000280	ClinVar:VCV000420307	variant_of	HGNC:1497	ClinVar	VCV000420307	https://www.ncbi.nlm.nih.gov/clinvar/variation/420307	2026-10-04	observed	criteria provided, single submitter				{}
CLI000281	ClinVar:VCV000418109	variant_of	HGNC:1497	ClinVar	VCV000418109	https://www.ncbi.nlm.nih.gov/clinvar/variation/418109	2026-10-04	observed	criteria provided, multiple submitters, no conflicts				{}
CLI000282	ClinVar:VCV000418109	causes_condition	MONDO:0010417	ClinVar	VCV000418109	https://www.ncbi.nlm.nih.gov/clinvar/variation/418109	2026-10-04	observed	criteria provided, multiple submitters, no conflicts				"{""classification"": ""Pathogenic/Likely pathogenic"", ""trait_name"": ""Syndromic X-linked intellectual disability Najm type"", ""consequence"": ""truncating""}"
CLI000283	ClinVar:VCV000418109	causes_condition	MONDO:0010318	ClinVar	VCV000418109	https://www.ncbi.nlm.nih.gov/clinvar/variation/418109	2026-10-04	observed	criteria provided, multiple submitters, no conflicts				"{""classification"": ""Pathogenic/Likely pathogenic"", ""trait_name"": ""FG syndrome 4"", ""consequence"": ""truncating""}"
CLI000284	ClinVar:VCV000392425	variant_of	HGNC:1497	ClinVar	VCV000392425	https://www.ncbi.nlm.nih.gov/clinvar/variation/392425	2026-10-04	observed	criteria provided, single submitter				{}
CLI000285	ClinVar:VCV000390566	variant_of	HGNC:1497	ClinVar	VCV000390566	https://www.ncbi.nlm.nih.gov/clinvar/variation/390566	2026-10-04	observed	criteria provided, single submitter				{}
CLI000286	ClinVar:VCV000383841	variant_of	HGNC:1497	ClinVar	VCV000383841	https://www.ncbi.nlm.nih.gov/clinvar/variation/383841	2026-10-04	observed	criteria provided, single submitter				{}
CLI000287	ClinVar:VCV000374802	variant_of	HGNC:1497	ClinVar	VCV000374802	https://www.ncbi.nlm.nih.gov/clinvar/variation/374802	2026-10-04	observed	criteria provided, single submitter				{}
CLI000288	ClinVar:VCV000374802	causes_condition	MONDO:0010417	ClinVar	VCV000374802	https://www.ncbi.nlm.nih.gov/clinvar/variation/374802	2026-10-04	observed	criteria provided, single submitter				"{""classification"": ""Pathogenic"", ""trait_name"": ""Syndromic X-linked intellectual disability Najm type"", ""consequence"": ""other""}"
CLI000289	ClinVar:VCV000373139	variant_of	HGNC:1497	ClinVar	VCV000373139	https://www.ncbi.nlm.nih.gov/clinvar/variation/373139	2026-10-04	observed	criteria provided, single submitter				{}
CLI000290	ClinVar:VCV000372683	variant_of	HGNC:1497	ClinVar	VCV000372683	https://www.ncbi.nlm.nih.gov/clinvar/variation/372683	2026-10-04	observed	criteria provided, single submitter				{}
CLI000291	ClinVar:VCV000280437	variant_of	HGNC:1497	ClinVar	VCV000280437	https://www.ncbi.nlm.nih.gov/clinvar/variation/280437	2026-10-04	observed	criteria provided, single submitter				{}
CLI000292	ClinVar:VCV000279959	variant_of	HGNC:1497	ClinVar	VCV000279959	https://www.ncbi.nlm.nih.gov/clinvar/variation/279959	2026-10-04	observed	criteria provided, single submitter				{}
CLI000293	ClinVar:VCV000279730	variant_of	HGNC:1497	ClinVar	VCV000279730	https://www.ncbi.nlm.nih.gov/clinvar/variation/279730	2026-10-04	observed	criteria provided, single submitter				{}
CLI000294	ClinVar:VCV000265654	variant_of	HGNC:1497	ClinVar	VCV000265654	https://www.ncbi.nlm.nih.gov/clinvar/variation/265654	2026-10-04	observed	criteria provided, multiple submitters, no conflicts				{}
CLI000295	ClinVar:VCV000265654	causes_condition	MONDO:0010417	ClinVar	VCV000265654	https://www.ncbi.nlm.nih.gov/clinvar/variation/265654	2026-10-04	observed	criteria provided, multiple submitters, no conflicts				"{""classification"": ""Pathogenic"", ""trait_name"": ""Syndromic X-linked intellectual disability Najm type"", ""consequence"": ""truncating""}"
CLI000296	ClinVar:VCV000265594	variant_of	HGNC:1497	ClinVar	VCV000265594	https://www.ncbi.nlm.nih.gov/clinvar/variation/265594	2026-10-04	observed	criteria provided, single submitter				{}
CLI000297	ClinVar:VCV000265323	variant_of	HGNC:1497	ClinVar	VCV000265323	https://www.ncbi.nlm.nih.gov/clinvar/variation/265323	2026-10-04	observed	criteria provided, single submitter				{}
CLI000298	ClinVar:VCV000265320	variant_of	HGNC:1497	ClinVar	VCV000265320	https://www.ncbi.nlm.nih.gov/clinvar/variation/265320	2026-10-04	observed	criteria provided, single submitter				{}
CLI000299	ClinVar:VCV000265316	variant_of	HGNC:1497	ClinVar	VCV000265316	https://www.ncbi.nlm.nih.gov/clinvar/variation/265316	2026-10-04	observed	criteria provided, multiple submitters, no conflicts				{}
CLI000300	ClinVar:VCV000254208	variant_of	HGNC:1497	ClinVar	VCV000254208	https://www.ncbi.nlm.nih.gov/clinvar/variation/254208	2026-10-04	observed	criteria provided, multiple submitters, no conflicts				{}
CLI000301	ClinVar:VCV000254208	causes_condition	MONDO:0010417	ClinVar	VCV000254208	https://www.ncbi.nlm.nih.gov/clinvar/variation/254208	2026-10-04	observed	criteria provided, multiple submitters, no conflicts				"{""classification"": ""Pathogenic/Likely pathogenic"", ""trait_name"": ""Syndromic X-linked intellectual disability Najm type"", ""consequence"": ""missense""}"
CLI000302	ClinVar:VCV000253662	variant_of	HGNC:1497	ClinVar	VCV000253662	https://www.ncbi.nlm.nih.gov/clinvar/variation/253662	2026-10-04	observed	criteria provided, single submitter				{}
CLI000303	ClinVar:VCV000216899	variant_of	HGNC:1497	ClinVar	VCV000216899	https://www.ncbi.nlm.nih.gov/clinvar/variation/216899	2026-10-04	observed	criteria provided, single submitter				{}
CLI000304	ClinVar:VCV000216899	causes_condition	MONDO:0010417	ClinVar	VCV000216899	https://www.ncbi.nlm.nih.gov/clinvar/variation/216899	2026-10-04	observed	criteria provided, single submitter				"{""classification"": ""Pathogenic"", ""trait_name"": ""Syndromic X-linked intellectual disability Najm type"", ""consequence"": ""truncating""}"
CLI000305	ClinVar:VCV000210586	variant_of	HGNC:1497	ClinVar	VCV000210586	https://www.ncbi.nlm.nih.gov/clinvar/variation/210586	2026-10-04	observed	criteria provided, single submitter				{}
CLI000306	ClinVar:VCV000210586	causes_condition	MONDO:0010417	ClinVar	VCV000210586	https://www.ncbi.nlm.nih.gov/clinvar/variation/210586	2026-10-04	observed	criteria provided, single submitter				"{""classification"": ""Pathogenic"", ""trait_name"": ""Syndromic X-linked intellectual disability Najm type"", ""consequence"": ""truncating""}"
CLI000307	ClinVar:VCV000210585	variant_of	HGNC:1497	ClinVar	VCV000210585	https://www.ncbi.nlm.nih.gov/clinvar/variation/210585	2026-10-04	observed	criteria provided, single submitter				{}
CLI000308	ClinVar:VCV000210585	causes_condition	MONDO:0010417	ClinVar	VCV000210585	https://www.ncbi.nlm.nih.gov/clinvar/variation/210585	2026-10-04	observed	criteria provided, single submitter				"{""classification"": ""Pathogenic"", ""trait_name"": ""Syndromic X-linked intellectual disability Najm type"", ""consequence"": ""truncating""}"
CLI000309	ClinVar:VCV000210581	variant_of	HGNC:1497	ClinVar	VCV000210581	https://www.ncbi.nlm.nih.gov/clinvar/variation/210581	2026-10-04	observed	criteria provided, single submitter				{}
CLI000310	ClinVar:VCV000210581	causes_condition	MONDO:0010417	ClinVar	VCV000210581	https://www.ncbi.nlm.nih.gov/clinvar/variation/210581	2026-10-04	observed	criteria provided, single submitter				"{""classification"": ""Pathogenic"", ""trait_name"": ""Syndromic X-linked intellectual disability Najm type"", ""consequence"": ""truncating""}"
CLI000311	ClinVar:VCV000195200	variant_of	HGNC:1497	ClinVar	VCV000195200	https://www.ncbi.nlm.nih.gov/clinvar/variation/195200	2026-10-04	observed	criteria provided, multiple submitters, no conflicts				{}
CLI000312	ClinVar:VCV000195200	causes_condition	MONDO:0010417	ClinVar	VCV000195200	https://www.ncbi.nlm.nih.gov/clinvar/variation/195200	2026-10-04	observed	criteria provided, multiple submitters, no conflicts				"{""classification"": ""Pathogenic"", ""trait_name"": ""Syndromic X-linked intellectual disability Najm type"", ""consequence"": ""truncating""}"
CLI000313	ClinVar:VCV000180215	variant_of	HGNC:1497	ClinVar	VCV000180215	https://www.ncbi.nlm.nih.gov/clinvar/variation/180215	2026-10-04	observed	criteria provided, single submitter				{}
CLI000314	ClinVar:VCV000180215	causes_condition	MONDO:0010417	ClinVar	VCV000180215	https://www.ncbi.nlm.nih.gov/clinvar/variation/180215	2026-10-04	observed	criteria provided, single submitter				"{""classification"": ""Pathogenic"", ""trait_name"": ""Syndromic X-linked intellectual disability Najm type"", ""consequence"": ""missense""}"
CLI000315	ClinVar:VCV000158087	variant_of	HGNC:1497	ClinVar	VCV000158087	https://www.ncbi.nlm.nih.gov/clinvar/variation/158087	2026-10-04	observed	criteria provided, single submitter				{}
CLI000316	ClinVar:VCV000158087	causes_condition	MONDO:0010417	ClinVar	VCV000158087	https://www.ncbi.nlm.nih.gov/clinvar/variation/158087	2026-10-04	observed	criteria provided, single submitter				"{""classification"": ""Pathogenic"", ""trait_name"": ""Syndromic X-linked intellectual disability Najm type"", ""consequence"": ""truncating""}"
CLI000317	ClinVar:VCV000158086	variant_of	HGNC:1497	ClinVar	VCV000158086	https://www.ncbi.nlm.nih.gov/clinvar/variation/158086	2026-10-04	observed	criteria provided, multiple submitters, no conflicts				{}
CLI000318	ClinVar:VCV000158086	causes_condition	MONDO:0010417	ClinVar	VCV000158086	https://www.ncbi.nlm.nih.gov/clinvar/variation/158086	2026-10-04	observed	criteria provided, multiple submitters, no conflicts				"{""classification"": ""Pathogenic"", ""trait_name"": ""Syndromic X-linked intellectual disability Najm type"", ""consequence"": ""truncating""}"
CLI000319	ClinVar:VCV000158086	causes_condition	MONDO:0010318	ClinVar	VCV000158086	https://www.ncbi.nlm.nih.gov/clinvar/variation/158086	2026-10-04	observed	criteria provided, multiple submitters, no conflicts				"{""classification"": ""Pathogenic"", ""trait_name"": ""FG syndrome 4"", ""consequence"": ""truncating""}"
CLI000320	ClinVar:VCV000158082	variant_of	HGNC:1497	ClinVar	VCV000158082	https://www.ncbi.nlm.nih.gov/clinvar/variation/158082	2026-10-04	observed	criteria provided, single submitter				{}
CLI000321	ClinVar:VCV000158082	causes_condition	MONDO:0010417	ClinVar	VCV000158082	https://www.ncbi.nlm.nih.gov/clinvar/variation/158082	2026-10-04	observed	criteria provided, single submitter				"{""classification"": ""Pathogenic"", ""trait_name"": ""Syndromic X-linked intellectual disability Najm type"", ""consequence"": ""truncating""}"
CLI000322	ClinVar:VCV000158077	variant_of	HGNC:1497	ClinVar	VCV000158077	https://www.ncbi.nlm.nih.gov/clinvar/variation/158077	2026-10-04	observed	criteria provided, single submitter				{}
CLI000323	ClinVar:VCV000158077	causes_condition	MONDO:0010417	ClinVar	VCV000158077	https://www.ncbi.nlm.nih.gov/clinvar/variation/158077	2026-10-04	observed	criteria provided, single submitter				"{""classification"": ""Pathogenic"", ""trait_name"": ""Syndromic X-linked intellectual disability Najm type"", ""consequence"": ""truncating""}"
CLI000324	ClinVar:VCV000158074	variant_of	HGNC:1497	ClinVar	VCV000158074	https://www.ncbi.nlm.nih.gov/clinvar/variation/158074	2026-10-04	observed	criteria provided, single submitter				{}
CLI000325	ClinVar:VCV000158074	causes_condition	MONDO:0010417	ClinVar	VCV000158074	https://www.ncbi.nlm.nih.gov/clinvar/variation/158074	2026-10-04	observed	criteria provided, single submitter				"{""classification"": ""Pathogenic"", ""trait_name"": ""Syndromic X-linked intellectual disability Najm type"", ""consequence"": ""truncating""}"
CLI000326	ClinVar:VCV000158071	variant_of	HGNC:1497	ClinVar	VCV000158071	https://www.ncbi.nlm.nih.gov/clinvar/variation/158071	2026-10-04	observed	criteria provided, single submitter				{}
CLI000327	ClinVar:VCV000158071	causes_condition	MONDO:0010417	ClinVar	VCV000158071	https://www.ncbi.nlm.nih.gov/clinvar/variation/158071	2026-10-04	observed	criteria provided, single submitter				"{""classification"": ""Pathogenic"", ""trait_name"": ""Syndromic X-linked intellectual disability Najm type"", ""consequence"": ""truncating""}"
CLI000328	ClinVar:VCV000158070	variant_of	HGNC:1497	ClinVar	VCV000158070	https://www.ncbi.nlm.nih.gov/clinvar/variation/158070	2026-10-04	observed	criteria provided, multiple submitters, no conflicts				{}
CLI000329	ClinVar:VCV000158070	causes_condition	MONDO:0010417	ClinVar	VCV000158070	https://www.ncbi.nlm.nih.gov/clinvar/variation/158070	2026-10-04	observed	criteria provided, multiple submitters, no conflicts				"{""classification"": ""Pathogenic/Likely pathogenic"", ""trait_name"": ""Syndromic X-linked intellectual disability Najm type"", ""consequence"": ""truncating""}"
CLI000330	ClinVar:VCV000158069	variant_of	HGNC:1497	ClinVar	VCV000158069	https://www.ncbi.nlm.nih.gov/clinvar/variation/158069	2026-10-04	observed	criteria provided, multiple submitters, no conflicts				{}
CLI000331	ClinVar:VCV000158069	causes_condition	MONDO:0010417	ClinVar	VCV000158069	https://www.ncbi.nlm.nih.gov/clinvar/variation/158069	2026-10-04	observed	criteria provided, multiple submitters, no conflicts				"{""classification"": ""Pathogenic"", ""trait_name"": ""Syndromic X-linked intellectual disability Najm type"", ""consequence"": ""truncating""}"
CLI000332	ClinVar:VCV000158066	variant_of	HGNC:1497	ClinVar	VCV000158066	https://www.ncbi.nlm.nih.gov/clinvar/variation/158066	2026-10-04	observed	criteria provided, single submitter				{}
CLI000333	ClinVar:VCV000158066	causes_condition	MONDO:0010417	ClinVar	VCV000158066	https://www.ncbi.nlm.nih.gov/clinvar/variation/158066	2026-10-04	observed	criteria provided, single submitter				"{""classification"": ""Pathogenic"", ""trait_name"": ""Syndromic X-linked intellectual disability Najm type"", ""consequence"": ""truncating""}"
CLI000334	ClinVar:VCV000155082	variant_of	HGNC:1497	ClinVar	VCV000155082	https://www.ncbi.nlm.nih.gov/clinvar/variation/155082	2026-10-04	observed	no assertion criteria provided				{}
CLI000335	ClinVar:VCV000149157	variant_of	HGNC:1497	ClinVar	VCV000149157	https://www.ncbi.nlm.nih.gov/clinvar/variation/149157	2026-10-04	observed	no assertion criteria provided				{}
CLI000336	ClinVar:VCV000029941	variant_of	HGNC:1497	ClinVar	VCV000029941	https://www.ncbi.nlm.nih.gov/clinvar/variation/29941	2026-10-04	observed	criteria provided, single submitter				{}
CLI000337	ClinVar:VCV000029941	causes_condition	MONDO:0010417	ClinVar	VCV000029941	https://www.ncbi.nlm.nih.gov/clinvar/variation/29941	2026-10-04	observed	criteria provided, single submitter				"{""classification"": ""Pathogenic"", ""trait_name"": ""Syndromic X-linked intellectual disability Najm type"", ""consequence"": ""truncating""}"
CLI000338	ClinVar:VCV000029939	variant_of	HGNC:1497	ClinVar	VCV000029939	https://www.ncbi.nlm.nih.gov/clinvar/variation/29939	2026-10-04	observed	criteria provided, multiple submitters, no conflicts				{}
CLI000339	ClinVar:VCV000029939	causes_condition	MONDO:0010417	ClinVar	VCV000029939	https://www.ncbi.nlm.nih.gov/clinvar/variation/29939	2026-10-04	observed	criteria provided, multiple submitters, no conflicts				"{""classification"": ""Pathogenic"", ""trait_name"": ""Syndromic X-linked intellectual disability Najm type"", ""consequence"": ""truncating""}"
CLI000340	ClinVar:VCV000029937	variant_of	HGNC:1497	ClinVar	VCV000029937	https://www.ncbi.nlm.nih.gov/clinvar/variation/29937	2026-10-04	observed	criteria provided, multiple submitters, no conflicts				{}
CLI000341	ClinVar:VCV000029937	causes_condition	MONDO:0010417	ClinVar	VCV000029937	https://www.ncbi.nlm.nih.gov/clinvar/variation/29937	2026-10-04	observed	criteria provided, multiple submitters, no conflicts				"{""classification"": ""Likely pathogenic"", ""trait_name"": ""Syndromic X-linked intellectual disability Najm type"", ""consequence"": ""missense""}"
CLI000342	ClinVar:VCV000011534	variant_of	HGNC:1497	ClinVar	VCV000011534	https://www.ncbi.nlm.nih.gov/clinvar/variation/11534	2026-10-04	observed	criteria provided, single submitter				{}
CLI000343	ClinVar:VCV000011534	causes_condition	MONDO:0010318	ClinVar	VCV000011534	https://www.ncbi.nlm.nih.gov/clinvar/variation/11534	2026-10-04	observed	criteria provided, single submitter				"{""classification"": ""Likely pathogenic"", ""trait_name"": ""FG syndrome 4"", ""consequence"": ""missense""}"
CLI000344	ClinVar:VCV000011534	causes_condition	MONDO:0010417	ClinVar	VCV000011534	https://www.ncbi.nlm.nih.gov/clinvar/variation/11534	2026-10-04	observed	criteria provided, single submitter				"{""classification"": ""Likely pathogenic"", ""trait_name"": ""Syndromic X-linked intellectual disability Najm type"", ""consequence"": ""missense""}"
CLI000345	ClinVar:VCV000011532	variant_of	HGNC:1497	ClinVar	VCV000011532	https://www.ncbi.nlm.nih.gov/clinvar/variation/11532	2026-10-04	observed	no assertion criteria provided				{}
CLI000346	ClinVar:VCV000011532	causes_condition	MONDO:0010318	ClinVar	VCV000011532	https://www.ncbi.nlm.nih.gov/clinvar/variation/11532	2026-10-04	observed	no assertion criteria provided				"{""classification"": ""Pathogenic"", ""trait_name"": ""FG syndrome 4"", ""consequence"": ""missense""}"
CLI000347	ClinVar:VCV000011531	variant_of	HGNC:1497	ClinVar	VCV000011531	https://www.ncbi.nlm.nih.gov/clinvar/variation/11531	2026-10-04	observed	no assertion criteria provided				{}
CLI000348	ClinVar:VCV000011531	causes_condition	MONDO:0010417	ClinVar	VCV000011531	https://www.ncbi.nlm.nih.gov/clinvar/variation/11531	2026-10-04	observed	no assertion criteria provided				"{""classification"": ""Pathogenic"", ""trait_name"": ""Syndromic X-linked intellectual disability Najm type"", ""consequence"": ""other""}"
CLI000349	ClinVar:VCV000011530	variant_of	HGNC:1497	ClinVar	VCV000011530	https://www.ncbi.nlm.nih.gov/clinvar/variation/11530	2026-10-04	observed	criteria provided, multiple submitters, no conflicts				{}
CLI000350	ClinVar:VCV000011530	causes_condition	MONDO:0010417	ClinVar	VCV000011530	https://www.ncbi.nlm.nih.gov/clinvar/variation/11530	2026-10-04	observed	criteria provided, multiple submitters, no conflicts				"{""classification"": ""Pathogenic"", ""trait_name"": ""Syndromic X-linked intellectual disability Najm type"", ""consequence"": ""truncating""}"
CLI000351	HGNC:1497	mechanism_suggested_by_variant_spectrum	MECH:loss_of_function	ClinVar variant spectrum	CASK[gene] P/LP	https://www.ncbi.nlm.nih.gov/clinvar/?term=CASK%5Bgene%5D	2026-10-04	inferred	truncating share	0.9			"{""n_pathogenic"": 224, ""n_truncating"": 161, ""n_missense"": 32, ""truncating_share"": 0.72, ""rule"": ""truncating share >= 0.30 suggests loss of function; below that, missense variants dominate and the mechanism needs papers""}"
CLI000352	ClinVar:VCV000523649	variant_of	HGNC:2309	ClinVar	VCV000523649	https://www.ncbi.nlm.nih.gov/clinvar/variation/523649	2026-10-04	observed	criteria provided, multiple submitters, no conflicts				{}
CLI000353	ClinVar:VCV000523649	causes_condition	MONDO:0033372	ClinVar	VCV000523649	https://www.ncbi.nlm.nih.gov/clinvar/variation/523649	2026-10-04	observed	criteria provided, multiple submitters, no conflicts				"{""classification"": ""Pathogenic/Likely pathogenic"", ""trait_name"": ""Developmental and epileptic encephalopathy, 63"", ""consequence"": ""truncating""}"
CLI000354	ClinVar:VCV000402136	variant_of	HGNC:2309	ClinVar	VCV000402136	https://www.ncbi.nlm.nih.gov/clinvar/variation/402136	2026-10-04	observed	criteria provided, multiple submitters, no conflicts				{}
CLI000355	ClinVar:VCV000402136	causes_condition	MONDO:0033372	ClinVar	VCV000402136	https://www.ncbi.nlm.nih.gov/clinvar/variation/402136	2026-10-04	observed	criteria provided, multiple submitters, no conflicts				"{""classification"": ""Likely pathogenic"", ""trait_name"": ""Developmental and epileptic encephalopathy, 63"", ""consequence"": ""truncating""}"
CLI000356	ClinVar:VCV004725966	variant_of	HGNC:4092	ClinVar	VCV004725966	https://www.ncbi.nlm.nih.gov/clinvar/variation/4725966	2026-10-04	observed	criteria provided, single submitter				{}
CLI000357	ClinVar:VCV004683079	variant_of	HGNC:4092	ClinVar	VCV004683079	https://www.ncbi.nlm.nih.gov/clinvar/variation/4683079	2026-10-04	observed	criteria provided, single submitter				{}
CLI000358	ClinVar:VCV004683079	causes_condition	MONDO:0030856	ClinVar	VCV004683079	https://www.ncbi.nlm.nih.gov/clinvar/variation/4683079	2026-10-04	observed	criteria provided, single submitter				"{""classification"": ""Pathogenic"", ""trait_name"": ""Developmental and epileptic encephalopathy 89"", ""consequence"": ""truncating""}"
CLI000359	ClinVar:VCV004528921	variant_of	HGNC:4092	ClinVar	VCV004528921	https://www.ncbi.nlm.nih.gov/clinvar/variation/4528921	2026-10-04	observed	criteria provided, single submitter				{}
CLI000360	ClinVar:VCV004528921	causes_condition	MONDO:0030856	ClinVar	VCV004528921	https://www.ncbi.nlm.nih.gov/clinvar/variation/4528921	2026-10-04	observed	criteria provided, single submitter				"{""classification"": ""Likely pathogenic"", ""trait_name"": ""Developmental and epileptic encephalopathy 89"", ""consequence"": ""truncating""}"
CLI000361	ClinVar:VCV003584960	variant_of	HGNC:4092	ClinVar	VCV003584960	https://www.ncbi.nlm.nih.gov/clinvar/variation/3584960	2026-10-04	observed	criteria provided, single submitter				{}
CLI000362	ClinVar:VCV003584960	causes_condition	MONDO:0030856	ClinVar	VCV003584960	https://www.ncbi.nlm.nih.gov/clinvar/variation/3584960	2026-10-04	observed	criteria provided, single submitter				"{""classification"": ""Likely pathogenic"", ""trait_name"": ""Developmental and epileptic encephalopathy 89"", ""consequence"": ""truncating""}"
CLI000363	ClinVar:VCV003064894	variant_of	HGNC:4092	ClinVar	VCV003064894	https://www.ncbi.nlm.nih.gov/clinvar/variation/3064894	2026-10-04	observed	criteria provided, single submitter				{}
CLI000364	ClinVar:VCV003064894	causes_condition	MONDO:0030856	ClinVar	VCV003064894	https://www.ncbi.nlm.nih.gov/clinvar/variation/3064894	2026-10-04	observed	criteria provided, single submitter				"{""classification"": ""Likely pathogenic"", ""trait_name"": ""Developmental and epileptic encephalopathy 89"", ""consequence"": ""truncating""}"
CLI000365	ClinVar:VCV002501091	variant_of	HGNC:4092	ClinVar	VCV002501091	https://www.ncbi.nlm.nih.gov/clinvar/variation/2501091	2026-10-04	observed	criteria provided, single submitter				{}
CLI000366	ClinVar:VCV002501091	causes_condition	MONDO:0030856	ClinVar	VCV002501091	https://www.ncbi.nlm.nih.gov/clinvar/variation/2501091	2026-10-04	observed	criteria provided, single submitter				"{""classification"": ""Likely pathogenic"", ""trait_name"": ""Developmental and epileptic encephalopathy 89"", ""consequence"": ""truncating""}"
CLI000367	ClinVar:VCV002129735	variant_of	HGNC:4092	ClinVar	VCV002129735	https://www.ncbi.nlm.nih.gov/clinvar/variation/2129735	2026-10-04	observed	criteria provided, single submitter				{}
CLI000368	ClinVar:VCV001803976	variant_of	HGNC:4092	ClinVar	VCV001803976	https://www.ncbi.nlm.nih.gov/clinvar/variation/1803976	2026-10-04	observed	criteria provided, single submitter				{}
CLI000369	ClinVar:VCV001803976	causes_condition	MONDO:0030856	ClinVar	VCV001803976	https://www.ncbi.nlm.nih.gov/clinvar/variation/1803976	2026-10-04	observed	criteria provided, single submitter				"{""classification"": ""Likely pathogenic"", ""trait_name"": ""Developmental and epileptic encephalopathy 89"", ""consequence"": ""missense""}"
CLI000370	ClinVar:VCV001327516	variant_of	HGNC:4092	ClinVar	VCV001327516	https://www.ncbi.nlm.nih.gov/clinvar/variation/1327516	2026-10-04	observed	no assertion criteria provided				{}
CLI000371	ClinVar:VCV001327516	causes_condition	MONDO:0030856	ClinVar	VCV001327516	https://www.ncbi.nlm.nih.gov/clinvar/variation/1327516	2026-10-04	observed	no assertion criteria provided				"{""classification"": ""Pathogenic"", ""trait_name"": ""Developmental and epileptic encephalopathy 89"", ""consequence"": ""truncating""}"
CLI000372	ClinVar:VCV001327515	variant_of	HGNC:4092	ClinVar	VCV001327515	https://www.ncbi.nlm.nih.gov/clinvar/variation/1327515	2026-10-04	observed	no assertion criteria provided				{}
CLI000373	ClinVar:VCV001327515	causes_condition	MONDO:0030856	ClinVar	VCV001327515	https://www.ncbi.nlm.nih.gov/clinvar/variation/1327515	2026-10-04	observed	no assertion criteria provided				"{""classification"": ""Pathogenic"", ""trait_name"": ""Developmental and epileptic encephalopathy 89"", ""consequence"": ""truncating""}"
CLI000374	ClinVar:VCV001327514	variant_of	HGNC:4092	ClinVar	VCV001327514	https://www.ncbi.nlm.nih.gov/clinvar/variation/1327514	2026-10-04	observed	no assertion criteria provided				{}
CLI000375	ClinVar:VCV001327514	causes_condition	MONDO:0030856	ClinVar	VCV001327514	https://www.ncbi.nlm.nih.gov/clinvar/variation/1327514	2026-10-04	observed	no assertion criteria provided				"{""classification"": ""Pathogenic"", ""trait_name"": ""Developmental and epileptic encephalopathy 89"", ""consequence"": ""truncating""}"
CLI000376	ClinVar:VCV001327513	variant_of	HGNC:4092	ClinVar	VCV001327513	https://www.ncbi.nlm.nih.gov/clinvar/variation/1327513	2026-10-04	observed	no assertion criteria provided				{}
CLI000377	ClinVar:VCV001327513	causes_condition	MONDO:0030856	ClinVar	VCV001327513	https://www.ncbi.nlm.nih.gov/clinvar/variation/1327513	2026-10-04	observed	no assertion criteria provided				"{""classification"": ""Pathogenic"", ""trait_name"": ""Developmental and epileptic encephalopathy 89"", ""consequence"": ""missense""}"
CLI000378	ClinVar:VCV000988959	variant_of	HGNC:4092	ClinVar	VCV000988959	https://www.ncbi.nlm.nih.gov/clinvar/variation/988959	2026-10-04	observed	no assertion criteria provided				{}
CLI000379	ClinVar:VCV000988959	causes_condition	MONDO:0030856	ClinVar	VCV000988959	https://www.ncbi.nlm.nih.gov/clinvar/variation/988959	2026-10-04	observed	no assertion criteria provided				"{""classification"": ""Pathogenic"", ""trait_name"": ""Developmental and epileptic encephalopathy 89"", ""consequence"": ""truncating""}"
CLI000380	ClinVar:VCV000988958	variant_of	HGNC:4092	ClinVar	VCV000988958	https://www.ncbi.nlm.nih.gov/clinvar/variation/988958	2026-10-04	observed	no assertion criteria provided				{}
CLI000381	ClinVar:VCV000988958	causes_condition	MONDO:0030856	ClinVar	VCV000988958	https://www.ncbi.nlm.nih.gov/clinvar/variation/988958	2026-10-04	observed	no assertion criteria provided				"{""classification"": ""Pathogenic"", ""trait_name"": ""Developmental and epileptic encephalopathy 89"", ""consequence"": ""truncating""}"
CLI000382	ClinVar:VCV000988957	variant_of	HGNC:4092	ClinVar	VCV000988957	https://www.ncbi.nlm.nih.gov/clinvar/variation/988957	2026-10-04	observed	no assertion criteria provided				{}
CLI000383	ClinVar:VCV000988957	causes_condition	MONDO:0030856	ClinVar	VCV000988957	https://www.ncbi.nlm.nih.gov/clinvar/variation/988957	2026-10-04	observed	no assertion criteria provided				"{""classification"": ""Pathogenic"", ""trait_name"": ""Developmental and epileptic encephalopathy 89"", ""consequence"": ""other""}"
CLI000384	ClinVar:VCV000988956	variant_of	HGNC:4092	ClinVar	VCV000988956	https://www.ncbi.nlm.nih.gov/clinvar/variation/988956	2026-10-04	observed	no assertion criteria provided				{}
CLI000385	ClinVar:VCV000988956	causes_condition	MONDO:0030856	ClinVar	VCV000988956	https://www.ncbi.nlm.nih.gov/clinvar/variation/988956	2026-10-04	observed	no assertion criteria provided				"{""classification"": ""Pathogenic"", ""trait_name"": ""Developmental and epileptic encephalopathy 89"", ""consequence"": ""truncating""}"
CLI000386	ClinVar:VCV000800908	variant_of	HGNC:4092	ClinVar	VCV000800908	https://www.ncbi.nlm.nih.gov/clinvar/variation/800908	2026-10-04	observed	no assertion criteria provided				{}
CLI000387	ClinVar:VCV000565722	variant_of	HGNC:4092	ClinVar	VCV000565722	https://www.ncbi.nlm.nih.gov/clinvar/variation/565722	2026-10-04	observed	criteria provided, multiple submitters, no conflicts				{}
CLI000388	ClinVar:VCV000565722	causes_condition	MONDO:0030856	ClinVar	VCV000565722	https://www.ncbi.nlm.nih.gov/clinvar/variation/565722	2026-10-04	observed	criteria provided, multiple submitters, no conflicts				"{""classification"": ""Pathogenic"", ""trait_name"": ""Developmental and epileptic encephalopathy 89"", ""consequence"": ""truncating""}"
CLI000389	HGNC:4092	mechanism_suggested_by_variant_spectrum	MECH:loss_of_function	ClinVar variant spectrum	GAD1[gene] P/LP	https://www.ncbi.nlm.nih.gov/clinvar/?term=GAD1%5Bgene%5D	2026-10-04	inferred	truncating share	0.9			"{""n_pathogenic"": 18, ""n_truncating"": 14, ""n_missense"": 3, ""truncating_share"": 0.78, ""rule"": ""truncating share >= 0.30 suggests loss of function; below that, missense variants dominate and the mechanism needs papers""}"
CLI000390	ClinVar:VCV004890915	variant_of	HGNC:4331	ClinVar	VCV004890915	https://www.ncbi.nlm.nih.gov/clinvar/variation/4890915	2026-10-04	observed	criteria provided, single submitter				{}
CLI000391	ClinVar:VCV004890915	causes_condition	MONDO:0032678	ClinVar	VCV004890915	https://www.ncbi.nlm.nih.gov/clinvar/variation/4890915	2026-10-04	observed	criteria provided, single submitter				"{""classification"": ""Pathogenic"", ""trait_name"": ""Developmental and epileptic encephalopathy, 71"", ""consequence"": ""other""}"
CLI000392	ClinVar:VCV004852193	variant_of	HGNC:4331	ClinVar	VCV004852193	https://www.ncbi.nlm.nih.gov/clinvar/variation/4852193	2026-10-04	observed	criteria provided, single submitter				{}
CLI000393	ClinVar:VCV004812900	variant_of	HGNC:4331	ClinVar	VCV004812900	https://www.ncbi.nlm.nih.gov/clinvar/variation/4812900	2026-10-04	observed	criteria provided, single submitter				{}
CLI000394	ClinVar:VCV004795756	variant_of	HGNC:4331	ClinVar	VCV004795756	https://www.ncbi.nlm.nih.gov/clinvar/variation/4795756	2026-10-04	observed	criteria provided, single submitter				{}
CLI000395	ClinVar:VCV003900179	variant_of	HGNC:4331	ClinVar	VCV003900179	https://www.ncbi.nlm.nih.gov/clinvar/variation/3900179	2026-10-04	observed	criteria provided, single submitter				{}
CLI000396	ClinVar:VCV003601004	variant_of	HGNC:4331	ClinVar	VCV003601004	https://www.ncbi.nlm.nih.gov/clinvar/variation/3601004	2026-10-04	observed	no assertion criteria provided				{}
CLI000397	ClinVar:VCV003601004	causes_condition	MONDO:0032685	ClinVar	VCV003601004	https://www.ncbi.nlm.nih.gov/clinvar/variation/3601004	2026-10-04	observed	no assertion criteria provided				"{""classification"": ""Pathogenic"", ""trait_name"": ""Infantile cataract, skin abnormalities, glutamate excess, and impaired intellectual development"", ""consequence"": ""missense""}"
CLI000398	ClinVar:VCV003520672	variant_of	HGNC:4331	ClinVar	VCV003520672	https://www.ncbi.nlm.nih.gov/clinvar/variation/3520672	2026-10-04	observed	criteria provided, single submitter				{}
CLI000399	ClinVar:VCV003364564	variant_of	HGNC:4331	ClinVar	VCV003364564	https://www.ncbi.nlm.nih.gov/clinvar/variation/3364564	2026-10-04	observed	criteria provided, multiple submitters, no conflicts				{}
CLI000400	ClinVar:VCV003364564	causes_condition	MONDO:0032733	ClinVar	VCV003364564	https://www.ncbi.nlm.nih.gov/clinvar/variation/3364564	2026-10-04	observed	criteria provided, multiple submitters, no conflicts				"{""classification"": ""Pathogenic"", ""trait_name"": ""Global developmental delay, progressive ataxia, and elevated glutamine"", ""consequence"": ""truncating""}"
CLI000401	ClinVar:VCV002500264	variant_of	HGNC:4331	ClinVar	VCV002500264	https://www.ncbi.nlm.nih.gov/clinvar/variation/2500264	2026-10-04	observed	criteria provided, single submitter				{}
CLI000402	ClinVar:VCV002500264	causes_condition	MONDO:0032678	ClinVar	VCV002500264	https://www.ncbi.nlm.nih.gov/clinvar/variation/2500264	2026-10-04	observed	criteria provided, single submitter				"{""classification"": ""Likely pathogenic"", ""trait_name"": ""Developmental and epileptic encephalopathy, 71"", ""consequence"": ""missense""}"
CLI000403	ClinVar:VCV002440527	variant_of	HGNC:4331	ClinVar	VCV002440527	https://www.ncbi.nlm.nih.gov/clinvar/variation/2440527	2026-10-04	observed	criteria provided, single submitter				{}
CLI000404	ClinVar:VCV001526059	variant_of	HGNC:4331	ClinVar	VCV001526059	https://www.ncbi.nlm.nih.gov/clinvar/variation/1526059	2026-10-04	observed	criteria provided, single submitter				{}
CLI000405	ClinVar:VCV001526059	causes_condition	MONDO:0032678	ClinVar	VCV001526059	https://www.ncbi.nlm.nih.gov/clinvar/variation/1526059	2026-10-04	observed	criteria provided, single submitter				"{""classification"": ""Pathogenic"", ""trait_name"": ""Developmental and epileptic encephalopathy, 71"", ""consequence"": ""truncating""}"
CLI000406	ClinVar:VCV001256052	variant_of	HGNC:4331	ClinVar	VCV001256052	https://www.ncbi.nlm.nih.gov/clinvar/variation/1256052	2026-10-04	observed	criteria provided, single submitter				{}
CLI000407	ClinVar:VCV001256052	causes_condition	MONDO:0032685	ClinVar	VCV001256052	https://www.ncbi.nlm.nih.gov/clinvar/variation/1256052	2026-10-04	observed	criteria provided, single submitter				"{""classification"": ""Likely pathogenic"", ""trait_name"": ""Infantile cataract, skin abnormalities, glutamate excess, and impaired intellectual development"", ""consequence"": ""missense""}"
CLI000408	ClinVar:VCV001068386	variant_of	HGNC:4331	ClinVar	VCV001068386	https://www.ncbi.nlm.nih.gov/clinvar/variation/1068386	2026-10-04	observed	criteria provided, single submitter				{}
CLI000409	ClinVar:VCV000916560	variant_of	HGNC:4331	ClinVar	VCV000916560	https://www.ncbi.nlm.nih.gov/clinvar/variation/916560	2026-10-04	observed	no assertion criteria provided				{}
CLI000410	ClinVar:VCV000626336	variant_of	HGNC:4331	ClinVar	VCV000626336	https://www.ncbi.nlm.nih.gov/clinvar/variation/626336	2026-10-04	observed	criteria provided, single submitter				{}
CLI000411	ClinVar:VCV000626334	variant_of	HGNC:4331	ClinVar	VCV000626334	https://www.ncbi.nlm.nih.gov/clinvar/variation/626334	2026-10-04	observed	no assertion criteria provided				{}
CLI000412	ClinVar:VCV000626334	causes_condition	MONDO:0032733	ClinVar	VCV000626334	https://www.ncbi.nlm.nih.gov/clinvar/variation/626334	2026-10-04	observed	no assertion criteria provided				"{""classification"": ""Pathogenic"", ""trait_name"": ""Global developmental delay, progressive ataxia, and elevated glutamine"", ""consequence"": ""missense""}"
CLI000413	ClinVar:VCV000619106	variant_of	HGNC:4331	ClinVar	VCV000619106	https://www.ncbi.nlm.nih.gov/clinvar/variation/619106	2026-10-04	observed	no assertion criteria provided				{}
CLI000414	ClinVar:VCV000619106	causes_condition	MONDO:0032685	ClinVar	VCV000619106	https://www.ncbi.nlm.nih.gov/clinvar/variation/619106	2026-10-04	observed	no assertion criteria provided				"{""classification"": ""Pathogenic"", ""trait_name"": ""Infantile cataract, skin abnormalities, glutamate excess, and impaired intellectual development"", ""consequence"": ""missense""}"
CLI000415	ClinVar:VCV000618998	variant_of	HGNC:4331	ClinVar	VCV000618998	https://www.ncbi.nlm.nih.gov/clinvar/variation/618998	2026-10-04	observed	criteria provided, single submitter				{}
CLI000416	ClinVar:VCV000618998	causes_condition	MONDO:0032678	ClinVar	VCV000618998	https://www.ncbi.nlm.nih.gov/clinvar/variation/618998	2026-10-04	observed	criteria provided, single submitter				"{""classification"": ""Pathogenic"", ""trait_name"": ""Developmental and epileptic encephalopathy, 71"", ""consequence"": ""missense""}"
CLI000417	ClinVar:VCV000618997	variant_of	HGNC:4331	ClinVar	VCV000618997	https://www.ncbi.nlm.nih.gov/clinvar/variation/618997	2026-10-04	observed	criteria provided, single submitter				{}
CLI000418	ClinVar:VCV000618997	causes_condition	MONDO:0032678	ClinVar	VCV000618997	https://www.ncbi.nlm.nih.gov/clinvar/variation/618997	2026-10-04	observed	criteria provided, single submitter				"{""classification"": ""Pathogenic"", ""trait_name"": ""Developmental and epileptic encephalopathy, 71"", ""consequence"": ""truncating""}"
CLI000419	ClinVar:VCV000618996	variant_of	HGNC:4331	ClinVar	VCV000618996	https://www.ncbi.nlm.nih.gov/clinvar/variation/618996	2026-10-04	observed	criteria provided, single submitter				{}
CLI000420	ClinVar:VCV000618996	causes_condition	MONDO:0032678	ClinVar	VCV000618996	https://www.ncbi.nlm.nih.gov/clinvar/variation/618996	2026-10-04	observed	criteria provided, single submitter				"{""classification"": ""Pathogenic"", ""trait_name"": ""Developmental and epileptic encephalopathy, 71"", ""consequence"": ""truncating""}"
CLI000421	HGNC:4331	mechanism_suggested_by_variant_spectrum	MECH:loss_of_function	ClinVar variant spectrum	GLS[gene] P/LP	https://www.ncbi.nlm.nih.gov/clinvar/?term=GLS%5Bgene%5D	2026-10-04	inferred	truncating share	0.7			"{""n_pathogenic"": 20, ""n_truncating"": 10, ""n_missense"": 9, ""truncating_share"": 0.5, ""rule"": ""truncating share >= 0.30 suggests loss of function; below that, missense variants dominate and the mechanism needs papers""}"
CLI000422	ClinVar:VCV004943304	variant_of	HGNC:9247	ClinVar	VCV004943304	https://www.ncbi.nlm.nih.gov/clinvar/variation/4943304	2026-10-04	observed	criteria provided, single submitter				{}
CLI000423	ClinVar:VCV004875630	variant_of	HGNC:9247	ClinVar	VCV004875630	https://www.ncbi.nlm.nih.gov/clinvar/variation/4875630	2026-10-04	observed	criteria provided, single submitter				{}
CLI000424	ClinVar:VCV004875630	causes_condition	MONDO:1040014	ClinVar	VCV004875630	https://www.ncbi.nlm.nih.gov/clinvar/variation/4875630	2026-10-04	observed	criteria provided, single submitter				"{""classification"": ""Likely pathogenic"", ""trait_name"": ""PAUL-CHAO NEURODEVELOPMENTAL SYNDROME"", ""consequence"": ""truncating""}"
CLI000425	ClinVar:VCV004281986	variant_of	HGNC:9247	ClinVar	VCV004281986	https://www.ncbi.nlm.nih.gov/clinvar/variation/4281986	2026-10-04	observed	criteria provided, single submitter				{}
CLI000426	ClinVar:VCV003764230	variant_of	HGNC:9247	ClinVar	VCV003764230	https://www.ncbi.nlm.nih.gov/clinvar/variation/3764230	2026-10-04	observed	criteria provided, single submitter				{}
CLI000427	ClinVar:VCV003572563	variant_of	HGNC:9247	ClinVar	VCV003572563	https://www.ncbi.nlm.nih.gov/clinvar/variation/3572563	2026-10-04	observed	criteria provided, multiple submitters, no conflicts				{}
CLI000428	ClinVar:VCV003572563	causes_condition	MONDO:1040014	ClinVar	VCV003572563	https://www.ncbi.nlm.nih.gov/clinvar/variation/3572563	2026-10-04	observed	criteria provided, multiple submitters, no conflicts				"{""classification"": ""Pathogenic"", ""trait_name"": ""PAUL-CHAO NEURODEVELOPMENTAL SYNDROME"", ""consequence"": ""truncating""}"
CLI000429	ClinVar:VCV003369138	variant_of	HGNC:9247	ClinVar	VCV003369138	https://www.ncbi.nlm.nih.gov/clinvar/variation/3369138	2026-10-04	observed	criteria provided, single submitter				{}
CLI000430	ClinVar:VCV003342471	variant_of	HGNC:9247	ClinVar	VCV003342471	https://www.ncbi.nlm.nih.gov/clinvar/variation/3342471	2026-10-04	observed	criteria provided, single submitter				{}
CLI000431	ClinVar:VCV003024544	variant_of	HGNC:9247	ClinVar	VCV003024544	https://www.ncbi.nlm.nih.gov/clinvar/variation/3024544	2026-10-04	observed	criteria provided, single submitter				{}
CLI000432	ClinVar:VCV002663924	variant_of	HGNC:9247	ClinVar	VCV002663924	https://www.ncbi.nlm.nih.gov/clinvar/variation/2663924	2026-10-04	observed	criteria provided, single submitter				{}
CLI000433	ClinVar:VCV002583123	variant_of	HGNC:9247	ClinVar	VCV002583123	https://www.ncbi.nlm.nih.gov/clinvar/variation/2583123	2026-10-04	observed	criteria provided, single submitter				{}
CLI000434	ClinVar:VCV002582700	variant_of	HGNC:9247	ClinVar	VCV002582700	https://www.ncbi.nlm.nih.gov/clinvar/variation/2582700	2026-10-04	observed	no assertion criteria provided				{}
CLI000435	ClinVar:VCV002444005	variant_of	HGNC:9247	ClinVar	VCV002444005	https://www.ncbi.nlm.nih.gov/clinvar/variation/2444005	2026-10-04	observed	criteria provided, single submitter				{}
CLI000436	ClinVar:VCV002430187	variant_of	HGNC:9247	ClinVar	VCV002430187	https://www.ncbi.nlm.nih.gov/clinvar/variation/2430187	2026-10-04	observed	criteria provided, single submitter				{}
CLI000437	ClinVar:VCV002430186	variant_of	HGNC:9247	ClinVar	VCV002430186	https://www.ncbi.nlm.nih.gov/clinvar/variation/2430186	2026-10-04	observed	criteria provided, multiple submitters, no conflicts				{}
CLI000438	ClinVar:VCV002429368	variant_of	HGNC:9247	ClinVar	VCV002429368	https://www.ncbi.nlm.nih.gov/clinvar/variation/2429368	2026-10-04	observed	no assertion criteria provided				{}
CLI000439	ClinVar:VCV002429367	variant_of	HGNC:9247	ClinVar	VCV002429367	https://www.ncbi.nlm.nih.gov/clinvar/variation/2429367	2026-10-04	observed	no assertion criteria provided				{}
CLI000440	ClinVar:VCV002429366	variant_of	HGNC:9247	ClinVar	VCV002429366	https://www.ncbi.nlm.nih.gov/clinvar/variation/2429366	2026-10-04	observed	no assertion criteria provided				{}
CLI000441	ClinVar:VCV001992425	variant_of	HGNC:9247	ClinVar	VCV001992425	https://www.ncbi.nlm.nih.gov/clinvar/variation/1992425	2026-10-04	observed	criteria provided, single submitter				{}
CLI000442	ClinVar:VCV001992424	variant_of	HGNC:9247	ClinVar	VCV001992424	https://www.ncbi.nlm.nih.gov/clinvar/variation/1992424	2026-10-04	observed	criteria provided, multiple submitters, no conflicts				{}
CLI000443	HGNC:9247	mechanism_suggested_by_variant_spectrum	MECH:loss_of_function	ClinVar variant spectrum	PPFIA3[gene] P/LP	https://www.ncbi.nlm.nih.gov/clinvar/?term=PPFIA3%5Bgene%5D	2026-10-04	inferred	truncating share	0.67			"{""n_pathogenic"": 19, ""n_truncating"": 9, ""n_missense"": 10, ""truncating_share"": 0.47, ""rule"": ""truncating share >= 0.30 suggests loss of function; below that, missense variants dominate and the mechanism needs papers""}"
CLI000444	ClinVar:VCV004975160	variant_of	HGNC:10596	ClinVar	VCV004975160	https://www.ncbi.nlm.nih.gov/clinvar/variation/4975160	2026-10-04	observed	criteria provided, single submitter				{}
CLI000445	ClinVar:VCV004916868	variant_of	HGNC:10596	ClinVar	VCV004916868	https://www.ncbi.nlm.nih.gov/clinvar/variation/4916868	2026-10-04	observed	criteria provided, single submitter				{}
CLI000446	ClinVar:VCV004916861	variant_of	HGNC:10596	ClinVar	VCV004916861	https://www.ncbi.nlm.nih.gov/clinvar/variation/4916861	2026-10-04	observed	criteria provided, single submitter				{}
CLI000447	ClinVar:VCV004916858	variant_of	HGNC:10596	ClinVar	VCV004916858	https://www.ncbi.nlm.nih.gov/clinvar/variation/4916858	2026-10-04	observed	criteria provided, single submitter				{}
CLI000448	ClinVar:VCV004916856	variant_of	HGNC:10596	ClinVar	VCV004916856	https://www.ncbi.nlm.nih.gov/clinvar/variation/4916856	2026-10-04	observed	criteria provided, single submitter				{}
CLI000449	ClinVar:VCV004916846	variant_of	HGNC:10596	ClinVar	VCV004916846	https://www.ncbi.nlm.nih.gov/clinvar/variation/4916846	2026-10-04	observed	criteria provided, single submitter				{}
CLI000450	ClinVar:VCV004916844	variant_of	HGNC:10596	ClinVar	VCV004916844	https://www.ncbi.nlm.nih.gov/clinvar/variation/4916844	2026-10-04	observed	criteria provided, single submitter				{}
CLI000451	ClinVar:VCV004916831	variant_of	HGNC:10596	ClinVar	VCV004916831	https://www.ncbi.nlm.nih.gov/clinvar/variation/4916831	2026-10-04	observed	criteria provided, single submitter				{}
CLI000452	ClinVar:VCV004916830	variant_of	HGNC:10596	ClinVar	VCV004916830	https://www.ncbi.nlm.nih.gov/clinvar/variation/4916830	2026-10-04	observed	criteria provided, single submitter				{}
CLI000453	ClinVar:VCV004916824	variant_of	HGNC:10596	ClinVar	VCV004916824	https://www.ncbi.nlm.nih.gov/clinvar/variation/4916824	2026-10-04	observed	criteria provided, single submitter				{}
CLI000454	ClinVar:VCV004916823	variant_of	HGNC:10596	ClinVar	VCV004916823	https://www.ncbi.nlm.nih.gov/clinvar/variation/4916823	2026-10-04	observed	criteria provided, single submitter				{}
CLI000455	ClinVar:VCV004891524	variant_of	HGNC:10596	ClinVar	VCV004891524	https://www.ncbi.nlm.nih.gov/clinvar/variation/4891524	2026-10-04	observed	criteria provided, single submitter				{}
CLI000456	ClinVar:VCV004886846	variant_of	HGNC:10596	ClinVar	VCV004886846	https://www.ncbi.nlm.nih.gov/clinvar/variation/4886846	2026-10-04	observed	no assertion criteria provided				{}
CLI000457	ClinVar:VCV004879832	variant_of	HGNC:10596	ClinVar	VCV004879832	https://www.ncbi.nlm.nih.gov/clinvar/variation/4879832	2026-10-04	observed	reviewed by expert panel				{}
CLI000458	ClinVar:VCV004876701	variant_of	HGNC:10596	ClinVar	VCV004876701	https://www.ncbi.nlm.nih.gov/clinvar/variation/4876701	2026-10-04	observed	criteria provided, single submitter				{}
CLI000459	ClinVar:VCV004871762	variant_of	HGNC:10596	ClinVar	VCV004871762	https://www.ncbi.nlm.nih.gov/clinvar/variation/4871762	2026-10-04	observed	criteria provided, single submitter				{}
CLI000460	ClinVar:VCV004864181	variant_of	HGNC:10596	ClinVar	VCV004864181	https://www.ncbi.nlm.nih.gov/clinvar/variation/4864181	2026-10-04	observed	criteria provided, single submitter				{}
CLI000461	ClinVar:VCV004864180	variant_of	HGNC:10596	ClinVar	VCV004864180	https://www.ncbi.nlm.nih.gov/clinvar/variation/4864180	2026-10-04	observed	criteria provided, single submitter				{}
CLI000462	ClinVar:VCV004855563	variant_of	HGNC:10596	ClinVar	VCV004855563	https://www.ncbi.nlm.nih.gov/clinvar/variation/4855563	2026-10-04	observed	criteria provided, single submitter				{}
CLI000463	ClinVar:VCV004855563	causes_condition	MONDO:0013801	ClinVar	VCV004855563	https://www.ncbi.nlm.nih.gov/clinvar/variation/4855563	2026-10-04	observed	criteria provided, single submitter				"{""classification"": ""Likely pathogenic"", ""trait_name"": ""Developmental and epileptic encephalopathy, 13"", ""consequence"": ""missense""}"
CLI000464	ClinVar:VCV004854991	variant_of	HGNC:10596	ClinVar	VCV004854991	https://www.ncbi.nlm.nih.gov/clinvar/variation/4854991	2026-10-04	observed	criteria provided, single submitter				{}
CLI000465	ClinVar:VCV004854991	causes_condition	MONDO:0013801	ClinVar	VCV004854991	https://www.ncbi.nlm.nih.gov/clinvar/variation/4854991	2026-10-04	observed	criteria provided, single submitter				"{""classification"": ""Likely pathogenic"", ""trait_name"": ""Developmental and epileptic encephalopathy, 13"", ""consequence"": ""truncating""}"
CLI000466	ClinVar:VCV004852878	variant_of	HGNC:10596	ClinVar	VCV004852878	https://www.ncbi.nlm.nih.gov/clinvar/variation/4852878	2026-10-04	observed	criteria provided, single submitter				{}
CLI000467	ClinVar:VCV004852878	causes_condition	MONDO:0013801	ClinVar	VCV004852878	https://www.ncbi.nlm.nih.gov/clinvar/variation/4852878	2026-10-04	observed	criteria provided, single submitter				"{""classification"": ""Likely pathogenic"", ""trait_name"": ""Developmental and epileptic encephalopathy, 13"", ""consequence"": ""missense""}"
CLI000468	ClinVar:VCV004850191	variant_of	HGNC:10596	ClinVar	VCV004850191	https://www.ncbi.nlm.nih.gov/clinvar/variation/4850191	2026-10-04	observed	criteria provided, single submitter				{}
CLI000469	ClinVar:VCV004850191	causes_condition	MONDO:0013680	ClinVar	VCV004850191	https://www.ncbi.nlm.nih.gov/clinvar/variation/4850191	2026-10-04	observed	criteria provided, single submitter				"{""classification"": ""Likely pathogenic"", ""trait_name"": ""Cognitive impairment with or without cerebellar ataxia"", ""consequence"": ""truncating""}"
CLI000470	ClinVar:VCV004850190	variant_of	HGNC:10596	ClinVar	VCV004850190	https://www.ncbi.nlm.nih.gov/clinvar/variation/4850190	2026-10-04	observed	criteria provided, single submitter				{}
CLI000471	ClinVar:VCV004850190	causes_condition	MONDO:0013801	ClinVar	VCV004850190	https://www.ncbi.nlm.nih.gov/clinvar/variation/4850190	2026-10-04	observed	criteria provided, single submitter				"{""classification"": ""Likely pathogenic"", ""trait_name"": ""Developmental and epileptic encephalopathy, 13"", ""consequence"": ""missense""}"
CLI000472	ClinVar:VCV004840838	variant_of	HGNC:10596	ClinVar	VCV004840838	https://www.ncbi.nlm.nih.gov/clinvar/variation/4840838	2026-10-04	observed	criteria provided, single submitter				{}
CLI000473	ClinVar:VCV004840022	variant_of	HGNC:10596	ClinVar	VCV004840022	https://www.ncbi.nlm.nih.gov/clinvar/variation/4840022	2026-10-04	observed	criteria provided, single submitter				{}
CLI000474	ClinVar:VCV004820633	variant_of	HGNC:10596	ClinVar	VCV004820633	https://www.ncbi.nlm.nih.gov/clinvar/variation/4820633	2026-10-04	observed	criteria provided, single submitter				{}
CLI000475	ClinVar:VCV004812133	variant_of	HGNC:10596	ClinVar	VCV004812133	https://www.ncbi.nlm.nih.gov/clinvar/variation/4812133	2026-10-04	observed	criteria provided, single submitter				{}
CLI000476	ClinVar:VCV004812133	causes_condition	MONDO:0800491	ClinVar	VCV004812133	https://www.ncbi.nlm.nih.gov/clinvar/variation/4812133	2026-10-04	observed	criteria provided, single submitter				"{""classification"": ""Pathogenic"", ""trait_name"": ""Early-infantile DEE"", ""consequence"": ""missense""}"
CLI000477	ClinVar:VCV004801286	variant_of	HGNC:10596	ClinVar	VCV004801286	https://www.ncbi.nlm.nih.gov/clinvar/variation/4801286	2026-10-04	observed	criteria provided, single submitter				{}
CLI000478	ClinVar:VCV004801286	causes_condition	MONDO:0800491	ClinVar	VCV004801286	https://www.ncbi.nlm.nih.gov/clinvar/variation/4801286	2026-10-04	observed	criteria provided, single submitter				"{""classification"": ""Likely pathogenic"", ""trait_name"": ""Early-infantile DEE"", ""consequence"": ""missense""}"
CLI000479	ClinVar:VCV004801272	variant_of	HGNC:10596	ClinVar	VCV004801272	https://www.ncbi.nlm.nih.gov/clinvar/variation/4801272	2026-10-04	observed	criteria provided, single submitter				{}
CLI000480	ClinVar:VCV004801272	causes_condition	MONDO:0800491	ClinVar	VCV004801272	https://www.ncbi.nlm.nih.gov/clinvar/variation/4801272	2026-10-04	observed	criteria provided, single submitter				"{""classification"": ""Pathogenic"", ""trait_name"": ""Early-infantile DEE"", ""consequence"": ""missense""}"
CLI000481	ClinVar:VCV004801270	variant_of	HGNC:10596	ClinVar	VCV004801270	https://www.ncbi.nlm.nih.gov/clinvar/variation/4801270	2026-10-04	observed	criteria provided, single submitter				{}
CLI000482	ClinVar:VCV004801270	causes_condition	MONDO:0800491	ClinVar	VCV004801270	https://www.ncbi.nlm.nih.gov/clinvar/variation/4801270	2026-10-04	observed	criteria provided, single submitter				"{""classification"": ""Likely pathogenic"", ""trait_name"": ""Early-infantile DEE"", ""consequence"": ""missense""}"
CLI000483	ClinVar:VCV004750144	variant_of	HGNC:10596	ClinVar	VCV004750144	https://www.ncbi.nlm.nih.gov/clinvar/variation/4750144	2026-10-04	observed	criteria provided, single submitter				{}
CLI000484	ClinVar:VCV004750144	causes_condition	MONDO:0800491	ClinVar	VCV004750144	https://www.ncbi.nlm.nih.gov/clinvar/variation/4750144	2026-10-04	observed	criteria provided, single submitter				"{""classification"": ""Pathogenic"", ""trait_name"": ""Early-infantile DEE"", ""consequence"": ""missense""}"
CLI000485	ClinVar:VCV004739097	variant_of	HGNC:10596	ClinVar	VCV004739097	https://www.ncbi.nlm.nih.gov/clinvar/variation/4739097	2026-10-04	observed	criteria provided, single submitter				{}
CLI000486	ClinVar:VCV004739097	causes_condition	MONDO:0800491	ClinVar	VCV004739097	https://www.ncbi.nlm.nih.gov/clinvar/variation/4739097	2026-10-04	observed	criteria provided, single submitter				"{""classification"": ""Likely pathogenic"", ""trait_name"": ""Early-infantile DEE"", ""consequence"": ""missense""}"
CLI000487	ClinVar:VCV004731744	variant_of	HGNC:10596	ClinVar	VCV004731744	https://www.ncbi.nlm.nih.gov/clinvar/variation/4731744	2026-10-04	observed	criteria provided, single submitter				{}
CLI000488	ClinVar:VCV004731744	causes_condition	MONDO:0800491	ClinVar	VCV004731744	https://www.ncbi.nlm.nih.gov/clinvar/variation/4731744	2026-10-04	observed	criteria provided, single submitter				"{""classification"": ""Likely pathogenic"", ""trait_name"": ""Early-infantile DEE"", ""consequence"": ""truncating""}"
CLI000489	ClinVar:VCV004711088	variant_of	HGNC:10596	ClinVar	VCV004711088	https://www.ncbi.nlm.nih.gov/clinvar/variation/4711088	2026-10-04	observed	criteria provided, single submitter				{}
CLI000490	ClinVar:VCV004711088	causes_condition	MONDO:0800491	ClinVar	VCV004711088	https://www.ncbi.nlm.nih.gov/clinvar/variation/4711088	2026-10-04	observed	criteria provided, single submitter				"{""classification"": ""Pathogenic"", ""trait_name"": ""Early-infantile DEE"", ""consequence"": ""truncating""}"
CLI000491	ClinVar:VCV004686867	variant_of	HGNC:10596	ClinVar	VCV004686867	https://www.ncbi.nlm.nih.gov/clinvar/variation/4686867	2026-10-04	observed	criteria provided, single submitter				{}
CLI000492	ClinVar:VCV004685498	variant_of	HGNC:10596	ClinVar	VCV004685498	https://www.ncbi.nlm.nih.gov/clinvar/variation/4685498	2026-10-04	observed	criteria provided, single submitter				{}
CLI000493	ClinVar:VCV004685498	causes_condition	MONDO:0013680	ClinVar	VCV004685498	https://www.ncbi.nlm.nih.gov/clinvar/variation/4685498	2026-10-04	observed	criteria provided, single submitter				"{""classification"": ""Pathogenic"", ""trait_name"": ""Cognitive impairment with or without cerebellar ataxia"", ""consequence"": ""missense""}"
CLI000494	ClinVar:VCV004685081	variant_of	HGNC:10596	ClinVar	VCV004685081	https://www.ncbi.nlm.nih.gov/clinvar/variation/4685081	2026-10-04	observed	criteria provided, single submitter				{}
CLI000495	ClinVar:VCV004683118	variant_of	HGNC:10596	ClinVar	VCV004683118	https://www.ncbi.nlm.nih.gov/clinvar/variation/4683118	2026-10-04	observed	criteria provided, single submitter				{}
CLI000496	ClinVar:VCV004683118	causes_condition	MONDO:0013680	ClinVar	VCV004683118	https://www.ncbi.nlm.nih.gov/clinvar/variation/4683118	2026-10-04	observed	criteria provided, single submitter				"{""classification"": ""Likely pathogenic"", ""trait_name"": ""Cognitive impairment with or without cerebellar ataxia"", ""consequence"": ""truncating""}"
CLI000497	ClinVar:VCV004683110	variant_of	HGNC:10596	ClinVar	VCV004683110	https://www.ncbi.nlm.nih.gov/clinvar/variation/4683110	2026-10-04	observed	criteria provided, single submitter				{}
CLI000498	ClinVar:VCV004683110	causes_condition	MONDO:0013680	ClinVar	VCV004683110	https://www.ncbi.nlm.nih.gov/clinvar/variation/4683110	2026-10-04	observed	criteria provided, single submitter				"{""classification"": ""Likely pathogenic"", ""trait_name"": ""Cognitive impairment with or without cerebellar ataxia"", ""consequence"": ""truncating""}"
CLI000499	ClinVar:VCV004681338	variant_of	HGNC:10596	ClinVar	VCV004681338	https://www.ncbi.nlm.nih.gov/clinvar/variation/4681338	2026-10-04	observed	criteria provided, single submitter				{}
CLI000500	ClinVar:VCV004528278	variant_of	HGNC:10596	ClinVar	VCV004528278	https://www.ncbi.nlm.nih.gov/clinvar/variation/4528278	2026-10-04	observed	criteria provided, single submitter				{}
CLI000501	ClinVar:VCV004526558	variant_of	HGNC:10596	ClinVar	VCV004526558	https://www.ncbi.nlm.nih.gov/clinvar/variation/4526558	2026-10-04	observed	criteria provided, single submitter				{}
CLI000502	ClinVar:VCV004526558	causes_condition	MONDO:0013680	ClinVar	VCV004526558	https://www.ncbi.nlm.nih.gov/clinvar/variation/4526558	2026-10-04	observed	criteria provided, single submitter				"{""classification"": ""Likely pathogenic"", ""trait_name"": ""Cognitive impairment with or without cerebellar ataxia"", ""consequence"": ""missense""}"
CLI000503	ClinVar:VCV004293410	variant_of	HGNC:10596	ClinVar	VCV004293410	https://www.ncbi.nlm.nih.gov/clinvar/variation/4293410	2026-10-04	observed	criteria provided, single submitter				{}
CLI000504	ClinVar:VCV004293383	variant_of	HGNC:10596	ClinVar	VCV004293383	https://www.ncbi.nlm.nih.gov/clinvar/variation/4293383	2026-10-04	observed	criteria provided, single submitter				{}
CLI000505	ClinVar:VCV004293383	causes_condition	MONDO:0013801	ClinVar	VCV004293383	https://www.ncbi.nlm.nih.gov/clinvar/variation/4293383	2026-10-04	observed	criteria provided, single submitter				"{""classification"": ""Likely pathogenic"", ""trait_name"": ""Developmental and epileptic encephalopathy, 13"", ""consequence"": ""missense""}"
CLI000506	ClinVar:VCV004292416	variant_of	HGNC:10596	ClinVar	VCV004292416	https://www.ncbi.nlm.nih.gov/clinvar/variation/4292416	2026-10-04	observed	criteria provided, single submitter				{}
CLI000507	ClinVar:VCV004292416	causes_condition	MONDO:0013801	ClinVar	VCV004292416	https://www.ncbi.nlm.nih.gov/clinvar/variation/4292416	2026-10-04	observed	criteria provided, single submitter				"{""classification"": ""Likely pathogenic"", ""trait_name"": ""Developmental and epileptic encephalopathy, 13"", ""consequence"": ""missense""}"
CLI000508	ClinVar:VCV004291098	variant_of	HGNC:10596	ClinVar	VCV004291098	https://www.ncbi.nlm.nih.gov/clinvar/variation/4291098	2026-10-04	observed	criteria provided, single submitter				{}
CLI000509	ClinVar:VCV004291098	causes_condition	MONDO:0013801	ClinVar	VCV004291098	https://www.ncbi.nlm.nih.gov/clinvar/variation/4291098	2026-10-04	observed	criteria provided, single submitter				"{""classification"": ""Likely pathogenic"", ""trait_name"": ""Developmental and epileptic encephalopathy, 13"", ""consequence"": ""missense""}"
CLI000510	ClinVar:VCV004277912	variant_of	HGNC:10596	ClinVar	VCV004277912	https://www.ncbi.nlm.nih.gov/clinvar/variation/4277912	2026-10-04	observed	criteria provided, single submitter				{}
CLI000511	ClinVar:VCV004277912	causes_condition	MONDO:0013801	ClinVar	VCV004277912	https://www.ncbi.nlm.nih.gov/clinvar/variation/4277912	2026-10-04	observed	criteria provided, single submitter				"{""classification"": ""Likely pathogenic"", ""trait_name"": ""Developmental and epileptic encephalopathy, 13"", ""consequence"": ""missense""}"
CLI000512	ClinVar:VCV004086453	variant_of	HGNC:10596	ClinVar	VCV004086453	https://www.ncbi.nlm.nih.gov/clinvar/variation/4086453	2026-10-04	observed	criteria provided, single submitter				{}
CLI000513	ClinVar:VCV004083413	variant_of	HGNC:10596	ClinVar	VCV004083413	https://www.ncbi.nlm.nih.gov/clinvar/variation/4083413	2026-10-04	observed	criteria provided, single submitter				{}
CLI000514	ClinVar:VCV004082617	variant_of	HGNC:10596	ClinVar	VCV004082617	https://www.ncbi.nlm.nih.gov/clinvar/variation/4082617	2026-10-04	observed	criteria provided, single submitter				{}
CLI000515	ClinVar:VCV004081876	variant_of	HGNC:10596	ClinVar	VCV004081876	https://www.ncbi.nlm.nih.gov/clinvar/variation/4081876	2026-10-04	observed	no assertion criteria provided				{}
CLI000516	ClinVar:VCV004081876	causes_condition	MONDO:0013680	ClinVar	VCV004081876	https://www.ncbi.nlm.nih.gov/clinvar/variation/4081876	2026-10-04	observed	no assertion criteria provided				"{""classification"": ""Pathogenic"", ""trait_name"": ""Cognitive impairment with or without cerebellar ataxia"", ""consequence"": ""truncating""}"
CLI000517	ClinVar:VCV004073673	variant_of	HGNC:10596	ClinVar	VCV004073673	https://www.ncbi.nlm.nih.gov/clinvar/variation/4073673	2026-10-04	observed	criteria provided, single submitter				{}
CLI000518	ClinVar:VCV004056866	variant_of	HGNC:10596	ClinVar	VCV004056866	https://www.ncbi.nlm.nih.gov/clinvar/variation/4056866	2026-10-04	observed	criteria provided, single submitter				{}
CLI000519	ClinVar:VCV004056851	variant_of	HGNC:10596	ClinVar	VCV004056851	https://www.ncbi.nlm.nih.gov/clinvar/variation/4056851	2026-10-04	observed	criteria provided, single submitter				{}
CLI000520	ClinVar:VCV004056325	variant_of	HGNC:10596	ClinVar	VCV004056325	https://www.ncbi.nlm.nih.gov/clinvar/variation/4056325	2026-10-04	observed	criteria provided, single submitter				{}
CLI000521	ClinVar:VCV004056325	causes_condition	MONDO:0013801	ClinVar	VCV004056325	https://www.ncbi.nlm.nih.gov/clinvar/variation/4056325	2026-10-04	observed	criteria provided, single submitter				"{""classification"": ""Likely pathogenic"", ""trait_name"": ""Developmental and epileptic encephalopathy, 13"", ""consequence"": ""missense""}"
CLI000522	ClinVar:VCV004056319	variant_of	HGNC:10596	ClinVar	VCV004056319	https://www.ncbi.nlm.nih.gov/clinvar/variation/4056319	2026-10-04	observed	criteria provided, single submitter				{}
CLI000523	ClinVar:VCV004056319	causes_condition	MONDO:0013801	ClinVar	VCV004056319	https://www.ncbi.nlm.nih.gov/clinvar/variation/4056319	2026-10-04	observed	criteria provided, single submitter				"{""classification"": ""Pathogenic"", ""trait_name"": ""Developmental and epileptic encephalopathy, 13"", ""consequence"": ""truncating""}"
CLI000524	ClinVar:VCV003951001	variant_of	HGNC:10596	ClinVar	VCV003951001	https://www.ncbi.nlm.nih.gov/clinvar/variation/3951001	2026-10-04	observed	criteria provided, single submitter				{}
CLI000525	ClinVar:VCV003951000	variant_of	HGNC:10596	ClinVar	VCV003951000	https://www.ncbi.nlm.nih.gov/clinvar/variation/3951000	2026-10-04	observed	criteria provided, single submitter				{}
CLI000526	ClinVar:VCV003911734	variant_of	HGNC:10596	ClinVar	VCV003911734	https://www.ncbi.nlm.nih.gov/clinvar/variation/3911734	2026-10-04	observed	criteria provided, single submitter				{}
CLI000527	ClinVar:VCV003906519	variant_of	HGNC:10596	ClinVar	VCV003906519	https://www.ncbi.nlm.nih.gov/clinvar/variation/3906519	2026-10-04	observed	criteria provided, single submitter				{}
CLI000528	ClinVar:VCV003906353	variant_of	HGNC:10596	ClinVar	VCV003906353	https://www.ncbi.nlm.nih.gov/clinvar/variation/3906353	2026-10-04	observed	criteria provided, single submitter				{}
CLI000529	ClinVar:VCV003897719	variant_of	HGNC:10596	ClinVar	VCV003897719	https://www.ncbi.nlm.nih.gov/clinvar/variation/3897719	2026-10-04	observed	criteria provided, single submitter				{}
CLI000530	ClinVar:VCV003897719	causes_condition	MONDO:0013801	ClinVar	VCV003897719	https://www.ncbi.nlm.nih.gov/clinvar/variation/3897719	2026-10-04	observed	criteria provided, single submitter				"{""classification"": ""Likely pathogenic"", ""trait_name"": ""Developmental and epileptic encephalopathy, 13"", ""consequence"": ""missense""}"
CLI000531	ClinVar:VCV003897633	variant_of	HGNC:10596	ClinVar	VCV003897633	https://www.ncbi.nlm.nih.gov/clinvar/variation/3897633	2026-10-04	observed	criteria provided, single submitter				{}
CLI000532	ClinVar:VCV003897633	causes_condition	MONDO:0013680	ClinVar	VCV003897633	https://www.ncbi.nlm.nih.gov/clinvar/variation/3897633	2026-10-04	observed	criteria provided, single submitter				"{""classification"": ""Likely pathogenic"", ""trait_name"": ""Cognitive impairment with or without cerebellar ataxia"", ""consequence"": ""other""}"
CLI000533	ClinVar:VCV003893314	variant_of	HGNC:10596	ClinVar	VCV003893314	https://www.ncbi.nlm.nih.gov/clinvar/variation/3893314	2026-10-04	observed	criteria provided, single submitter				{}
CLI000534	ClinVar:VCV003793258	variant_of	HGNC:10596	ClinVar	VCV003793258	https://www.ncbi.nlm.nih.gov/clinvar/variation/3793258	2026-10-04	observed	criteria provided, single submitter				{}
CLI000535	ClinVar:VCV003778455	variant_of	HGNC:10596	ClinVar	VCV003778455	https://www.ncbi.nlm.nih.gov/clinvar/variation/3778455	2026-10-04	observed	criteria provided, single submitter				{}
CLI000536	ClinVar:VCV003775820	variant_of	HGNC:10596	ClinVar	VCV003775820	https://www.ncbi.nlm.nih.gov/clinvar/variation/3775820	2026-10-04	observed	criteria provided, single submitter				{}
CLI000537	ClinVar:VCV003775820	causes_condition	MONDO:0013801	ClinVar	VCV003775820	https://www.ncbi.nlm.nih.gov/clinvar/variation/3775820	2026-10-04	observed	criteria provided, single submitter				"{""classification"": ""Likely pathogenic"", ""trait_name"": ""Developmental and epileptic encephalopathy, 13"", ""consequence"": ""truncating""}"
CLI000538	ClinVar:VCV003775645	variant_of	HGNC:10596	ClinVar	VCV003775645	https://www.ncbi.nlm.nih.gov/clinvar/variation/3775645	2026-10-04	observed	criteria provided, single submitter				{}
CLI000539	ClinVar:VCV003775645	causes_condition	MONDO:0013801	ClinVar	VCV003775645	https://www.ncbi.nlm.nih.gov/clinvar/variation/3775645	2026-10-04	observed	criteria provided, single submitter				"{""classification"": ""Likely pathogenic"", ""trait_name"": ""Developmental and epileptic encephalopathy, 13"", ""consequence"": ""missense""}"
CLI000540	ClinVar:VCV003775072	variant_of	HGNC:10596	ClinVar	VCV003775072	https://www.ncbi.nlm.nih.gov/clinvar/variation/3775072	2026-10-04	observed	criteria provided, single submitter				{}
CLI000541	ClinVar:VCV003775072	causes_condition	MONDO:0013680	ClinVar	VCV003775072	https://www.ncbi.nlm.nih.gov/clinvar/variation/3775072	2026-10-04	observed	criteria provided, single submitter				"{""classification"": ""Likely pathogenic"", ""trait_name"": ""Cognitive impairment with or without cerebellar ataxia"", ""consequence"": ""truncating""}"
CLI000542	ClinVar:VCV003770212	variant_of	HGNC:10596	ClinVar	VCV003770212	https://www.ncbi.nlm.nih.gov/clinvar/variation/3770212	2026-10-04	observed	criteria provided, single submitter				{}
CLI000543	ClinVar:VCV003770212	causes_condition	MONDO:0013801	ClinVar	VCV003770212	https://www.ncbi.nlm.nih.gov/clinvar/variation/3770212	2026-10-04	observed	criteria provided, single submitter				"{""classification"": ""Likely pathogenic"", ""trait_name"": ""Developmental and epileptic encephalopathy, 13"", ""consequence"": ""missense""}"
CLI000544	ClinVar:VCV003764159	variant_of	HGNC:10596	ClinVar	VCV003764159	https://www.ncbi.nlm.nih.gov/clinvar/variation/3764159	2026-10-04	observed	criteria provided, single submitter				{}
CLI000545	ClinVar:VCV003728554	variant_of	HGNC:10596	ClinVar	VCV003728554	https://www.ncbi.nlm.nih.gov/clinvar/variation/3728554	2026-10-04	observed	criteria provided, multiple submitters, no conflicts				{}
CLI000546	ClinVar:VCV003728554	causes_condition	MONDO:0800491	ClinVar	VCV003728554	https://www.ncbi.nlm.nih.gov/clinvar/variation/3728554	2026-10-04	observed	criteria provided, multiple submitters, no conflicts				"{""classification"": ""Pathogenic/Likely pathogenic"", ""trait_name"": ""Early-infantile DEE"", ""consequence"": ""truncating""}"
CLI000547	ClinVar:VCV003656575	variant_of	HGNC:10596	ClinVar	VCV003656575	https://www.ncbi.nlm.nih.gov/clinvar/variation/3656575	2026-10-04	observed	criteria provided, single submitter				{}
CLI000548	ClinVar:VCV003656575	causes_condition	MONDO:0800491	ClinVar	VCV003656575	https://www.ncbi.nlm.nih.gov/clinvar/variation/3656575	2026-10-04	observed	criteria provided, single submitter				"{""classification"": ""Pathogenic"", ""trait_name"": ""Early-infantile DEE"", ""consequence"": ""truncating""}"
CLI000549	ClinVar:VCV003639255	variant_of	HGNC:10596	ClinVar	VCV003639255	https://www.ncbi.nlm.nih.gov/clinvar/variation/3639255	2026-10-04	observed	criteria provided, single submitter				{}
CLI000550	ClinVar:VCV003639255	causes_condition	MONDO:0800491	ClinVar	VCV003639255	https://www.ncbi.nlm.nih.gov/clinvar/variation/3639255	2026-10-04	observed	criteria provided, single submitter				"{""classification"": ""Pathogenic"", ""trait_name"": ""Early-infantile DEE"", ""consequence"": ""truncating""}"
CLI000551	ClinVar:VCV003635210	variant_of	HGNC:10596	ClinVar	VCV003635210	https://www.ncbi.nlm.nih.gov/clinvar/variation/3635210	2026-10-04	observed	criteria provided, single submitter				{}
CLI000552	ClinVar:VCV003635210	causes_condition	MONDO:0800491	ClinVar	VCV003635210	https://www.ncbi.nlm.nih.gov/clinvar/variation/3635210	2026-10-04	observed	criteria provided, single submitter				"{""classification"": ""Pathogenic"", ""trait_name"": ""Early-infantile DEE"", ""consequence"": ""missense""}"
CLI000553	ClinVar:VCV003635209	variant_of	HGNC:10596	ClinVar	VCV003635209	https://www.ncbi.nlm.nih.gov/clinvar/variation/3635209	2026-10-04	observed	criteria provided, single submitter				{}
CLI000554	ClinVar:VCV003635209	causes_condition	MONDO:0800491	ClinVar	VCV003635209	https://www.ncbi.nlm.nih.gov/clinvar/variation/3635209	2026-10-04	observed	criteria provided, single submitter				"{""classification"": ""Pathogenic"", ""trait_name"": ""Early-infantile DEE"", ""consequence"": ""missense""}"
CLI000555	ClinVar:VCV003635206	variant_of	HGNC:10596	ClinVar	VCV003635206	https://www.ncbi.nlm.nih.gov/clinvar/variation/3635206	2026-10-04	observed	criteria provided, single submitter				{}
CLI000556	ClinVar:VCV003635206	causes_condition	MONDO:0800491	ClinVar	VCV003635206	https://www.ncbi.nlm.nih.gov/clinvar/variation/3635206	2026-10-04	observed	criteria provided, single submitter				"{""classification"": ""Likely pathogenic"", ""trait_name"": ""Early-infantile DEE"", ""consequence"": ""missense""}"
CLI000557	ClinVar:VCV003635183	variant_of	HGNC:10596	ClinVar	VCV003635183	https://www.ncbi.nlm.nih.gov/clinvar/variation/3635183	2026-10-04	observed	criteria provided, single submitter				{}
CLI000558	ClinVar:VCV003635183	causes_condition	MONDO:0800491	ClinVar	VCV003635183	https://www.ncbi.nlm.nih.gov/clinvar/variation/3635183	2026-10-04	observed	criteria provided, single submitter				"{""classification"": ""Likely pathogenic"", ""trait_name"": ""Early-infantile DEE"", ""consequence"": ""missense""}"
CLI000559	ClinVar:VCV003602909	variant_of	HGNC:10596	ClinVar	VCV003602909	https://www.ncbi.nlm.nih.gov/clinvar/variation/3602909	2026-10-04	observed	criteria provided, single submitter				{}
CLI000560	ClinVar:VCV003600649	variant_of	HGNC:10596	ClinVar	VCV003600649	https://www.ncbi.nlm.nih.gov/clinvar/variation/3600649	2026-10-04	observed	criteria provided, single submitter				{}
CLI000561	ClinVar:VCV003393446	variant_of	HGNC:10596	ClinVar	VCV003393446	https://www.ncbi.nlm.nih.gov/clinvar/variation/3393446	2026-10-04	observed	criteria provided, single submitter				{}
CLI000562	ClinVar:VCV003393446	causes_condition	MONDO:0013680	ClinVar	VCV003393446	https://www.ncbi.nlm.nih.gov/clinvar/variation/3393446	2026-10-04	observed	criteria provided, single submitter				"{""classification"": ""Likely pathogenic"", ""trait_name"": ""Cognitive impairment with or without cerebellar ataxia"", ""consequence"": ""missense""}"
CLI000563	ClinVar:VCV003392605	variant_of	HGNC:10596	ClinVar	VCV003392605	https://www.ncbi.nlm.nih.gov/clinvar/variation/3392605	2026-10-04	observed	criteria provided, single submitter				{}
CLI000564	ClinVar:VCV003391489	variant_of	HGNC:10596	ClinVar	VCV003391489	https://www.ncbi.nlm.nih.gov/clinvar/variation/3391489	2026-10-04	observed	criteria provided, single submitter				{}
CLI000565	ClinVar:VCV003390945	variant_of	HGNC:10596	ClinVar	VCV003390945	https://www.ncbi.nlm.nih.gov/clinvar/variation/3390945	2026-10-04	observed	criteria provided, single submitter				{}
CLI000566	ClinVar:VCV003390945	causes_condition	MONDO:0013801	ClinVar	VCV003390945	https://www.ncbi.nlm.nih.gov/clinvar/variation/3390945	2026-10-04	observed	criteria provided, single submitter				"{""classification"": ""Pathogenic"", ""trait_name"": ""Developmental and epileptic encephalopathy, 13"", ""consequence"": ""missense""}"
CLI000567	ClinVar:VCV003378401	variant_of	HGNC:10596	ClinVar	VCV003378401	https://www.ncbi.nlm.nih.gov/clinvar/variation/3378401	2026-10-04	observed	criteria provided, single submitter				{}
CLI000568	ClinVar:VCV003377217	variant_of	HGNC:10596	ClinVar	VCV003377217	https://www.ncbi.nlm.nih.gov/clinvar/variation/3377217	2026-10-04	observed	criteria provided, single submitter				{}
CLI000569	ClinVar:VCV003377217	causes_condition	MONDO:0013801	ClinVar	VCV003377217	https://www.ncbi.nlm.nih.gov/clinvar/variation/3377217	2026-10-04	observed	criteria provided, single submitter				"{""classification"": ""Likely pathogenic"", ""trait_name"": ""Developmental and epileptic encephalopathy, 13"", ""consequence"": ""missense""}"
CLI000570	ClinVar:VCV003375774	variant_of	HGNC:10596	ClinVar	VCV003375774	https://www.ncbi.nlm.nih.gov/clinvar/variation/3375774	2026-10-04	observed	criteria provided, multiple submitters, no conflicts				{}
CLI000571	ClinVar:VCV003375774	causes_condition	MONDO:0014903	ClinVar	VCV003375774	https://www.ncbi.nlm.nih.gov/clinvar/variation/3375774	2026-10-04	observed	criteria provided, multiple submitters, no conflicts				"{""classification"": ""Pathogenic/Likely pathogenic"", ""trait_name"": ""Seizures, benign familial infantile, 5"", ""consequence"": ""missense""}"
CLI000572	ClinVar:VCV003375774	causes_condition	MONDO:0013801	ClinVar	VCV003375774	https://www.ncbi.nlm.nih.gov/clinvar/variation/3375774	2026-10-04	observed	criteria provided, multiple submitters, no conflicts				"{""classification"": ""Pathogenic/Likely pathogenic"", ""trait_name"": ""Developmental and epileptic encephalopathy, 13"", ""consequence"": ""missense""}"
CLI000573	ClinVar:VCV003375736	variant_of	HGNC:10596	ClinVar	VCV003375736	https://www.ncbi.nlm.nih.gov/clinvar/variation/3375736	2026-10-04	observed	criteria provided, single submitter				{}
CLI000574	ClinVar:VCV003370500	variant_of	HGNC:10596	ClinVar	VCV003370500	https://www.ncbi.nlm.nih.gov/clinvar/variation/3370500	2026-10-04	observed	criteria provided, single submitter				{}
CLI000575	ClinVar:VCV003370500	causes_condition	MONDO:0014903	ClinVar	VCV003370500	https://www.ncbi.nlm.nih.gov/clinvar/variation/3370500	2026-10-04	observed	criteria provided, single submitter				"{""classification"": ""Likely pathogenic"", ""trait_name"": ""Seizures, benign familial infantile, 5"", ""consequence"": ""missense""}"
CLI000576	ClinVar:VCV003366192	variant_of	HGNC:10596	ClinVar	VCV003366192	https://www.ncbi.nlm.nih.gov/clinvar/variation/3366192	2026-10-04	observed	criteria provided, single submitter				{}
CLI000577	ClinVar:VCV003363855	variant_of	HGNC:10596	ClinVar	VCV003363855	https://www.ncbi.nlm.nih.gov/clinvar/variation/3363855	2026-10-04	observed	criteria provided, single submitter				{}
CLI000578	ClinVar:VCV003359106	variant_of	HGNC:10596	ClinVar	VCV003359106	https://www.ncbi.nlm.nih.gov/clinvar/variation/3359106	2026-10-04	observed	criteria provided, single submitter				{}
CLI000579	ClinVar:VCV003359106	causes_condition	MONDO:0013680	ClinVar	VCV003359106	https://www.ncbi.nlm.nih.gov/clinvar/variation/3359106	2026-10-04	observed	criteria provided, single submitter				"{""classification"": ""Likely pathogenic"", ""trait_name"": ""Cognitive impairment with or without cerebellar ataxia"", ""consequence"": ""missense""}"
CLI000580	ClinVar:VCV003359076	variant_of	HGNC:10596	ClinVar	VCV003359076	https://www.ncbi.nlm.nih.gov/clinvar/variation/3359076	2026-10-04	observed	criteria provided, single submitter				{}
CLI000581	ClinVar:VCV003359076	causes_condition	MONDO:0013801	ClinVar	VCV003359076	https://www.ncbi.nlm.nih.gov/clinvar/variation/3359076	2026-10-04	observed	criteria provided, single submitter				"{""classification"": ""Likely pathogenic"", ""trait_name"": ""Developmental and epileptic encephalopathy, 13"", ""consequence"": ""missense""}"
CLI000582	ClinVar:VCV003359013	variant_of	HGNC:10596	ClinVar	VCV003359013	https://www.ncbi.nlm.nih.gov/clinvar/variation/3359013	2026-10-04	observed	criteria provided, single submitter				{}
CLI000583	ClinVar:VCV003359013	causes_condition	MONDO:0013801	ClinVar	VCV003359013	https://www.ncbi.nlm.nih.gov/clinvar/variation/3359013	2026-10-04	observed	criteria provided, single submitter				"{""classification"": ""Likely pathogenic"", ""trait_name"": ""Developmental and epileptic encephalopathy, 13"", ""consequence"": ""missense""}"
CLI000584	ClinVar:VCV003352028	variant_of	HGNC:10596	ClinVar	VCV003352028	https://www.ncbi.nlm.nih.gov/clinvar/variation/3352028	2026-10-04	observed	no assertion criteria provided				{}
CLI000585	ClinVar:VCV003344041	variant_of	HGNC:10596	ClinVar	VCV003344041	https://www.ncbi.nlm.nih.gov/clinvar/variation/3344041	2026-10-04	observed	no assertion criteria provided				{}
CLI000586	ClinVar:VCV003340911	variant_of	HGNC:10596	ClinVar	VCV003340911	https://www.ncbi.nlm.nih.gov/clinvar/variation/3340911	2026-10-04	observed	criteria provided, single submitter				{}
CLI000587	ClinVar:VCV003337560	variant_of	HGNC:10596	ClinVar	VCV003337560	https://www.ncbi.nlm.nih.gov/clinvar/variation/3337560	2026-10-04	observed	criteria provided, single submitter				{}
CLI000588	ClinVar:VCV003254875	variant_of	HGNC:10596	ClinVar	VCV003254875	https://www.ncbi.nlm.nih.gov/clinvar/variation/3254875	2026-10-04	observed	criteria provided, single submitter				{}
CLI000589	ClinVar:VCV003254875	causes_condition	MONDO:0013801	ClinVar	VCV003254875	https://www.ncbi.nlm.nih.gov/clinvar/variation/3254875	2026-10-04	observed	criteria provided, single submitter				"{""classification"": ""Pathogenic"", ""trait_name"": ""Developmental and epileptic encephalopathy, 13"", ""consequence"": ""missense""}"
CLI000590	ClinVar:VCV003239378	variant_of	HGNC:10596	ClinVar	VCV003239378	https://www.ncbi.nlm.nih.gov/clinvar/variation/3239378	2026-10-04	observed	criteria provided, multiple submitters, no conflicts				{}
CLI000591	ClinVar:VCV003238817	variant_of	HGNC:10596	ClinVar	VCV003238817	https://www.ncbi.nlm.nih.gov/clinvar/variation/3238817	2026-10-04	observed	criteria provided, single submitter				{}
CLI000592	ClinVar:VCV003238817	causes_condition	MONDO:0013801	ClinVar	VCV003238817	https://www.ncbi.nlm.nih.gov/clinvar/variation/3238817	2026-10-04	observed	criteria provided, single submitter				"{""classification"": ""Likely pathogenic"", ""trait_name"": ""Developmental and epileptic encephalopathy, 13"", ""consequence"": ""missense""}"
CLI000593	ClinVar:VCV003238817	causes_condition	MONDO:0014903	ClinVar	VCV003238817	https://www.ncbi.nlm.nih.gov/clinvar/variation/3238817	2026-10-04	observed	criteria provided, single submitter				"{""classification"": ""Likely pathogenic"", ""trait_name"": ""Seizures, benign familial infantile, 5"", ""consequence"": ""missense""}"
CLI000594	ClinVar:VCV003238817	causes_condition	MONDO:0100092	ClinVar	VCV003238817	https://www.ncbi.nlm.nih.gov/clinvar/variation/3238817	2026-10-04	observed	criteria provided, single submitter				"{""classification"": ""Likely pathogenic"", ""trait_name"": ""Myoclonus, familial, 2"", ""consequence"": ""missense""}"
CLI000595	ClinVar:VCV003238817	causes_condition	MONDO:0013680	ClinVar	VCV003238817	https://www.ncbi.nlm.nih.gov/clinvar/variation/3238817	2026-10-04	observed	criteria provided, single submitter				"{""classification"": ""Likely pathogenic"", ""trait_name"": ""Cognitive impairment with or without cerebellar ataxia"", ""consequence"": ""missense""}"
CLI000596	ClinVar:VCV003238793	variant_of	HGNC:10596	ClinVar	VCV003238793	https://www.ncbi.nlm.nih.gov/clinvar/variation/3238793	2026-10-04	observed	criteria provided, single submitter				{}
CLI000597	ClinVar:VCV003238793	causes_condition	MONDO:0013680	ClinVar	VCV003238793	https://www.ncbi.nlm.nih.gov/clinvar/variation/3238793	2026-10-04	observed	criteria provided, single submitter				"{""classification"": ""Likely pathogenic"", ""trait_name"": ""Cognitive impairment with or without cerebellar ataxia"", ""consequence"": ""missense""}"
CLI000598	ClinVar:VCV003238793	causes_condition	MONDO:0013801	ClinVar	VCV003238793	https://www.ncbi.nlm.nih.gov/clinvar/variation/3238793	2026-10-04	observed	criteria provided, single submitter				"{""classification"": ""Likely pathogenic"", ""trait_name"": ""Developmental and epileptic encephalopathy, 13"", ""consequence"": ""missense""}"
CLI000599	ClinVar:VCV003238793	causes_condition	MONDO:0014903	ClinVar	VCV003238793	https://www.ncbi.nlm.nih.gov/clinvar/variation/3238793	2026-10-04	observed	criteria provided, single submitter				"{""classification"": ""Likely pathogenic"", ""trait_name"": ""Seizures, benign familial infantile, 5"", ""consequence"": ""missense""}"
CLI000600	ClinVar:VCV003238793	causes_condition	MONDO:0100092	ClinVar	VCV003238793	https://www.ncbi.nlm.nih.gov/clinvar/variation/3238793	2026-10-04	observed	criteria provided, single submitter				"{""classification"": ""Likely pathogenic"", ""trait_name"": ""Myoclonus, familial, 2"", ""consequence"": ""missense""}"
CLI000601	ClinVar:VCV003235701	variant_of	HGNC:10596	ClinVar	VCV003235701	https://www.ncbi.nlm.nih.gov/clinvar/variation/3235701	2026-10-04	observed	criteria provided, multiple submitters, no conflicts				{}
CLI000602	ClinVar:VCV003235701	causes_condition	MONDO:0014903	ClinVar	VCV003235701	https://www.ncbi.nlm.nih.gov/clinvar/variation/3235701	2026-10-04	observed	criteria provided, multiple submitters, no conflicts				"{""classification"": ""Pathogenic/Likely pathogenic"", ""trait_name"": ""Seizures, benign familial infantile, 5"", ""consequence"": ""missense""}"
CLI000603	ClinVar:VCV003158573	variant_of	HGNC:10596	ClinVar	VCV003158573	https://www.ncbi.nlm.nih.gov/clinvar/variation/3158573	2026-10-04	observed	criteria provided, single submitter				{}
CLI000604	ClinVar:VCV003067598	variant_of	HGNC:10596	ClinVar	VCV003067598	https://www.ncbi.nlm.nih.gov/clinvar/variation/3067598	2026-10-04	observed	criteria provided, single submitter				{}
CLI000605	ClinVar:VCV003063993	variant_of	HGNC:10596	ClinVar	VCV003063993	https://www.ncbi.nlm.nih.gov/clinvar/variation/3063993	2026-10-04	observed	criteria provided, single submitter				{}
CLI000606	ClinVar:VCV003063993	causes_condition	MONDO:0013801	ClinVar	VCV003063993	https://www.ncbi.nlm.nih.gov/clinvar/variation/3063993	2026-10-04	observed	criteria provided, single submitter				"{""classification"": ""Pathogenic"", ""trait_name"": ""Developmental and epileptic encephalopathy, 13"", ""consequence"": ""truncating""}"
CLI000607	ClinVar:VCV003063576	variant_of	HGNC:10596	ClinVar	VCV003063576	https://www.ncbi.nlm.nih.gov/clinvar/variation/3063576	2026-10-04	observed	criteria provided, single submitter				{}
CLI000608	ClinVar:VCV003063576	causes_condition	MONDO:0013801	ClinVar	VCV003063576	https://www.ncbi.nlm.nih.gov/clinvar/variation/3063576	2026-10-04	observed	criteria provided, single submitter				"{""classification"": ""Likely pathogenic"", ""trait_name"": ""Developmental and epileptic encephalopathy, 13"", ""consequence"": ""missense""}"
CLI000609	ClinVar:VCV002907429	variant_of	HGNC:10596	ClinVar	VCV002907429	https://www.ncbi.nlm.nih.gov/clinvar/variation/2907429	2026-10-04	observed	criteria provided, single submitter				{}
CLI000610	ClinVar:VCV002907429	causes_condition	MONDO:0800491	ClinVar	VCV002907429	https://www.ncbi.nlm.nih.gov/clinvar/variation/2907429	2026-10-04	observed	criteria provided, single submitter				"{""classification"": ""Pathogenic"", ""trait_name"": ""Early-infantile DEE"", ""consequence"": ""missense""}"
CLI000611	ClinVar:VCV002865484	variant_of	HGNC:10596	ClinVar	VCV002865484	https://www.ncbi.nlm.nih.gov/clinvar/variation/2865484	2026-10-04	observed	criteria provided, single submitter				{}
CLI000612	ClinVar:VCV002865484	causes_condition	MONDO:0800491	ClinVar	VCV002865484	https://www.ncbi.nlm.nih.gov/clinvar/variation/2865484	2026-10-04	observed	criteria provided, single submitter				"{""classification"": ""Pathogenic"", ""trait_name"": ""Early-infantile DEE"", ""consequence"": ""missense""}"
CLI000613	ClinVar:VCV002852598	variant_of	HGNC:10596	ClinVar	VCV002852598	https://www.ncbi.nlm.nih.gov/clinvar/variation/2852598	2026-10-04	observed	criteria provided, multiple submitters, no conflicts				{}
CLI000614	ClinVar:VCV002852598	causes_condition	MONDO:0800491	ClinVar	VCV002852598	https://www.ncbi.nlm.nih.gov/clinvar/variation/2852598	2026-10-04	observed	criteria provided, multiple submitters, no conflicts				"{""classification"": ""Likely pathogenic"", ""trait_name"": ""Early-infantile DEE"", ""consequence"": ""missense""}"
CLI000615	ClinVar:VCV002852598	causes_condition	MONDO:0014903	ClinVar	VCV002852598	https://www.ncbi.nlm.nih.gov/clinvar/variation/2852598	2026-10-04	observed	criteria provided, multiple submitters, no conflicts				"{""classification"": ""Likely pathogenic"", ""trait_name"": ""Seizures, benign familial infantile, 5"", ""consequence"": ""missense""}"
CLI000616	ClinVar:VCV002851717	variant_of	HGNC:10596	ClinVar	VCV002851717	https://www.ncbi.nlm.nih.gov/clinvar/variation/2851717	2026-10-04	observed	criteria provided, multiple submitters, no conflicts				{}
CLI000617	ClinVar:VCV002851717	causes_condition	MONDO:0018614	ClinVar	VCV002851717	https://www.ncbi.nlm.nih.gov/clinvar/variation/2851717	2026-10-04	observed	criteria provided, multiple submitters, no conflicts				"{""classification"": ""Pathogenic/Likely pathogenic"", ""trait_name"": ""Undetermined early-onset epileptic encephalopathy"", ""consequence"": ""missense""}"
CLI000618	ClinVar:VCV002851717	causes_condition	MONDO:0800491	ClinVar	VCV002851717	https://www.ncbi.nlm.nih.gov/clinvar/variation/2851717	2026-10-04	observed	criteria provided, multiple submitters, no conflicts				"{""classification"": ""Pathogenic/Likely pathogenic"", ""trait_name"": ""Early-infantile DEE"", ""consequence"": ""missense""}"
CLI000619	ClinVar:VCV002839546	variant_of	HGNC:10596	ClinVar	VCV002839546	https://www.ncbi.nlm.nih.gov/clinvar/variation/2839546	2026-10-04	observed	criteria provided, single submitter				{}
CLI000620	ClinVar:VCV002839546	causes_condition	MONDO:0800491	ClinVar	VCV002839546	https://www.ncbi.nlm.nih.gov/clinvar/variation/2839546	2026-10-04	observed	criteria provided, single submitter				"{""classification"": ""Pathogenic"", ""trait_name"": ""Early-infantile DEE"", ""consequence"": ""truncating""}"
CLI000621	ClinVar:VCV002839267	variant_of	HGNC:10596	ClinVar	VCV002839267	https://www.ncbi.nlm.nih.gov/clinvar/variation/2839267	2026-10-04	observed	criteria provided, single submitter				{}
CLI000622	ClinVar:VCV002839267	causes_condition	MONDO:0800491	ClinVar	VCV002839267	https://www.ncbi.nlm.nih.gov/clinvar/variation/2839267	2026-10-04	observed	criteria provided, single submitter				"{""classification"": ""Likely pathogenic"", ""trait_name"": ""Early-infantile DEE"", ""consequence"": ""missense""}"
CLI000623	ClinVar:VCV002831357	variant_of	HGNC:10596	ClinVar	VCV002831357	https://www.ncbi.nlm.nih.gov/clinvar/variation/2831357	2026-10-04	observed	criteria provided, single submitter				{}
CLI000624	ClinVar:VCV002831357	causes_condition	MONDO:0800491	ClinVar	VCV002831357	https://www.ncbi.nlm.nih.gov/clinvar/variation/2831357	2026-10-04	observed	criteria provided, single submitter				"{""classification"": ""Pathogenic"", ""trait_name"": ""Early-infantile DEE"", ""consequence"": ""missense""}"
CLI000625	ClinVar:VCV002831124	variant_of	HGNC:10596	ClinVar	VCV002831124	https://www.ncbi.nlm.nih.gov/clinvar/variation/2831124	2026-10-04	observed	criteria provided, single submitter				{}
CLI000626	ClinVar:VCV002831124	causes_condition	MONDO:0800491	ClinVar	VCV002831124	https://www.ncbi.nlm.nih.gov/clinvar/variation/2831124	2026-10-04	observed	criteria provided, single submitter				"{""classification"": ""Likely pathogenic"", ""trait_name"": ""Early-infantile DEE"", ""consequence"": ""missense""}"
CLI000627	ClinVar:VCV002828198	variant_of	HGNC:10596	ClinVar	VCV002828198	https://www.ncbi.nlm.nih.gov/clinvar/variation/2828198	2026-10-04	observed	criteria provided, single submitter				{}
CLI000628	ClinVar:VCV002828198	causes_condition	MONDO:0800491	ClinVar	VCV002828198	https://www.ncbi.nlm.nih.gov/clinvar/variation/2828198	2026-10-04	observed	criteria provided, single submitter				"{""classification"": ""Likely pathogenic"", ""trait_name"": ""Early-infantile DEE"", ""consequence"": ""missense""}"
CLI000629	ClinVar:VCV002820766	variant_of	HGNC:10596	ClinVar	VCV002820766	https://www.ncbi.nlm.nih.gov/clinvar/variation/2820766	2026-10-04	observed	reviewed by expert panel				{}
CLI000630	ClinVar:VCV002812823	variant_of	HGNC:10596	ClinVar	VCV002812823	https://www.ncbi.nlm.nih.gov/clinvar/variation/2812823	2026-10-04	observed	criteria provided, single submitter				{}
CLI000631	ClinVar:VCV002812823	causes_condition	MONDO:0800491	ClinVar	VCV002812823	https://www.ncbi.nlm.nih.gov/clinvar/variation/2812823	2026-10-04	observed	criteria provided, single submitter				"{""classification"": ""Pathogenic"", ""trait_name"": ""Early-infantile DEE"", ""consequence"": ""missense""}"
CLI000632	ClinVar:VCV002810214	variant_of	HGNC:10596	ClinVar	VCV002810214	https://www.ncbi.nlm.nih.gov/clinvar/variation/2810214	2026-10-04	observed	criteria provided, single submitter				{}
CLI000633	ClinVar:VCV002810214	causes_condition	MONDO:0800491	ClinVar	VCV002810214	https://www.ncbi.nlm.nih.gov/clinvar/variation/2810214	2026-10-04	observed	criteria provided, single submitter				"{""classification"": ""Pathogenic"", ""trait_name"": ""Early-infantile DEE"", ""consequence"": ""missense""}"
CLI000634	ClinVar:VCV002780249	variant_of	HGNC:10596	ClinVar	VCV002780249	https://www.ncbi.nlm.nih.gov/clinvar/variation/2780249	2026-10-04	observed	criteria provided, multiple submitters, no conflicts				{}
CLI000635	ClinVar:VCV002780249	causes_condition	MONDO:0800491	ClinVar	VCV002780249	https://www.ncbi.nlm.nih.gov/clinvar/variation/2780249	2026-10-04	observed	criteria provided, multiple submitters, no conflicts				"{""classification"": ""Pathogenic"", ""trait_name"": ""Early-infantile DEE"", ""consequence"": ""truncating""}"
CLI000636	ClinVar:VCV002743423	variant_of	HGNC:10596	ClinVar	VCV002743423	https://www.ncbi.nlm.nih.gov/clinvar/variation/2743423	2026-10-04	observed	criteria provided, single submitter				{}
CLI000637	ClinVar:VCV002743423	causes_condition	MONDO:0800491	ClinVar	VCV002743423	https://www.ncbi.nlm.nih.gov/clinvar/variation/2743423	2026-10-04	observed	criteria provided, single submitter				"{""classification"": ""Likely pathogenic"", ""trait_name"": ""Early-infantile DEE"", ""consequence"": ""missense""}"
CLI000638	ClinVar:VCV002735862	variant_of	HGNC:10596	ClinVar	VCV002735862	https://www.ncbi.nlm.nih.gov/clinvar/variation/2735862	2026-10-04	observed	criteria provided, single submitter				{}
CLI000639	ClinVar:VCV002735862	causes_condition	MONDO:0800491	ClinVar	VCV002735862	https://www.ncbi.nlm.nih.gov/clinvar/variation/2735862	2026-10-04	observed	criteria provided, single submitter				"{""classification"": ""Pathogenic"", ""trait_name"": ""Early-infantile DEE"", ""consequence"": ""missense""}"
CLI000640	ClinVar:VCV002707574	variant_of	HGNC:10596	ClinVar	VCV002707574	https://www.ncbi.nlm.nih.gov/clinvar/variation/2707574	2026-10-04	observed	criteria provided, single submitter				{}
CLI000641	ClinVar:VCV002707574	causes_condition	MONDO:0800491	ClinVar	VCV002707574	https://www.ncbi.nlm.nih.gov/clinvar/variation/2707574	2026-10-04	observed	criteria provided, single submitter				"{""classification"": ""Pathogenic"", ""trait_name"": ""Early-infantile DEE"", ""consequence"": ""truncating""}"
CLI000642	ClinVar:VCV002702457	variant_of	HGNC:10596	ClinVar	VCV002702457	https://www.ncbi.nlm.nih.gov/clinvar/variation/2702457	2026-10-04	observed	criteria provided, single submitter				{}
CLI000643	ClinVar:VCV002702457	causes_condition	MONDO:0800491	ClinVar	VCV002702457	https://www.ncbi.nlm.nih.gov/clinvar/variation/2702457	2026-10-04	observed	criteria provided, single submitter				"{""classification"": ""Pathogenic"", ""trait_name"": ""Early-infantile DEE"", ""consequence"": ""truncating""}"
CLI000644	ClinVar:VCV002690491	variant_of	HGNC:10596	ClinVar	VCV002690491	https://www.ncbi.nlm.nih.gov/clinvar/variation/2690491	2026-10-04	observed	criteria provided, single submitter				{}
CLI000645	ClinVar:VCV002687749	variant_of	HGNC:10596	ClinVar	VCV002687749	https://www.ncbi.nlm.nih.gov/clinvar/variation/2687749	2026-10-04	observed	criteria provided, single submitter				{}
CLI000646	ClinVar:VCV002664985	variant_of	HGNC:10596	ClinVar	VCV002664985	https://www.ncbi.nlm.nih.gov/clinvar/variation/2664985	2026-10-04	observed	criteria provided, single submitter				{}
CLI000647	ClinVar:VCV002664985	causes_condition	MONDO:0013680	ClinVar	VCV002664985	https://www.ncbi.nlm.nih.gov/clinvar/variation/2664985	2026-10-04	observed	criteria provided, single submitter				"{""classification"": ""Likely pathogenic"", ""trait_name"": ""Cognitive impairment with or without cerebellar ataxia"", ""consequence"": ""truncating""}"
CLI000648	ClinVar:VCV002663291	variant_of	HGNC:10596	ClinVar	VCV002663291	https://www.ncbi.nlm.nih.gov/clinvar/variation/2663291	2026-10-04	observed	criteria provided, single submitter				{}
CLI000649	ClinVar:VCV002633506	variant_of	HGNC:10596	ClinVar	VCV002633506	https://www.ncbi.nlm.nih.gov/clinvar/variation/2633506	2026-10-04	observed	criteria provided, single submitter				{}
CLI000650	ClinVar:VCV002627865	variant_of	HGNC:10596	ClinVar	VCV002627865	https://www.ncbi.nlm.nih.gov/clinvar/variation/2627865	2026-10-04	observed	criteria provided, single submitter				{}
CLI000651	ClinVar:VCV002627813	variant_of	HGNC:10596	ClinVar	VCV002627813	https://www.ncbi.nlm.nih.gov/clinvar/variation/2627813	2026-10-04	observed	criteria provided, single submitter				{}
CLI000652	ClinVar:VCV002584400	variant_of	HGNC:10596	ClinVar	VCV002584400	https://www.ncbi.nlm.nih.gov/clinvar/variation/2584400	2026-10-04	observed	criteria provided, single submitter				{}
CLI000653	ClinVar:VCV002584400	causes_condition	MONDO:0013680	ClinVar	VCV002584400	https://www.ncbi.nlm.nih.gov/clinvar/variation/2584400	2026-10-04	observed	criteria provided, single submitter				"{""classification"": ""Likely pathogenic"", ""trait_name"": ""Cognitive impairment with or without cerebellar ataxia"", ""consequence"": ""missense""}"
CLI000654	ClinVar:VCV002582519	variant_of	HGNC:10596	ClinVar	VCV002582519	https://www.ncbi.nlm.nih.gov/clinvar/variation/2582519	2026-10-04	observed	criteria provided, single submitter				{}
CLI000655	ClinVar:VCV002582519	causes_condition	MONDO:0014903	ClinVar	VCV002582519	https://www.ncbi.nlm.nih.gov/clinvar/variation/2582519	2026-10-04	observed	criteria provided, single submitter				"{""classification"": ""Likely pathogenic"", ""trait_name"": ""Seizures, benign familial infantile, 5"", ""consequence"": ""missense""}"
CLI000656	ClinVar:VCV002582519	causes_condition	MONDO:0100092	ClinVar	VCV002582519	https://www.ncbi.nlm.nih.gov/clinvar/variation/2582519	2026-10-04	observed	criteria provided, single submitter				"{""classification"": ""Likely pathogenic"", ""trait_name"": ""Myoclonus, familial, 2"", ""consequence"": ""missense""}"
CLI000657	ClinVar:VCV002582519	causes_condition	MONDO:0013680	ClinVar	VCV002582519	https://www.ncbi.nlm.nih.gov/clinvar/variation/2582519	2026-10-04	observed	criteria provided, single submitter				"{""classification"": ""Likely pathogenic"", ""trait_name"": ""Cognitive impairment with or without cerebellar ataxia"", ""consequence"": ""missense""}"
CLI000658	ClinVar:VCV002582519	causes_condition	MONDO:0013801	ClinVar	VCV002582519	https://www.ncbi.nlm.nih.gov/clinvar/variation/2582519	2026-10-04	observed	criteria provided, single submitter				"{""classification"": ""Likely pathogenic"", ""trait_name"": ""Developmental and epileptic encephalopathy, 13"", ""consequence"": ""missense""}"
CLI000659	ClinVar:VCV002578022	variant_of	HGNC:10596	ClinVar	VCV002578022	https://www.ncbi.nlm.nih.gov/clinvar/variation/2578022	2026-10-04	observed	criteria provided, single submitter				{}
CLI000660	ClinVar:VCV002578022	causes_condition	MONDO:0013801	ClinVar	VCV002578022	https://www.ncbi.nlm.nih.gov/clinvar/variation/2578022	2026-10-04	observed	criteria provided, single submitter				"{""classification"": ""Likely pathogenic"", ""trait_name"": ""Developmental and epileptic encephalopathy, 13"", ""consequence"": ""missense""}"
CLI000661	ClinVar:VCV002576971	variant_of	HGNC:10596	ClinVar	VCV002576971	https://www.ncbi.nlm.nih.gov/clinvar/variation/2576971	2026-10-04	observed	criteria provided, single submitter				{}
CLI000662	ClinVar:VCV002576971	causes_condition	MONDO:0013680	ClinVar	VCV002576971	https://www.ncbi.nlm.nih.gov/clinvar/variation/2576971	2026-10-04	observed	criteria provided, single submitter				"{""classification"": ""Likely pathogenic"", ""trait_name"": ""Cognitive impairment with or without cerebellar ataxia"", ""consequence"": ""missense""}"
CLI000663	ClinVar:VCV002576971	causes_condition	MONDO:0013801	ClinVar	VCV002576971	https://www.ncbi.nlm.nih.gov/clinvar/variation/2576971	2026-10-04	observed	criteria provided, single submitter				"{""classification"": ""Likely pathogenic"", ""trait_name"": ""Developmental and epileptic encephalopathy, 13"", ""consequence"": ""missense""}"
CLI000664	ClinVar:VCV002576771	variant_of	HGNC:10596	ClinVar	VCV002576771	https://www.ncbi.nlm.nih.gov/clinvar/variation/2576771	2026-10-04	observed	criteria provided, single submitter				{}
CLI000665	ClinVar:VCV002573030	variant_of	HGNC:10596	ClinVar	VCV002573030	https://www.ncbi.nlm.nih.gov/clinvar/variation/2573030	2026-10-04	observed	criteria provided, single submitter				{}
CLI000666	ClinVar:VCV002573030	causes_condition	MONDO:0013680	ClinVar	VCV002573030	https://www.ncbi.nlm.nih.gov/clinvar/variation/2573030	2026-10-04	observed	criteria provided, single submitter				"{""classification"": ""Likely pathogenic"", ""trait_name"": ""Cognitive impairment with or without cerebellar ataxia"", ""consequence"": ""truncating""}"
CLI000667	ClinVar:VCV002572743	variant_of	HGNC:10596	ClinVar	VCV002572743	https://www.ncbi.nlm.nih.gov/clinvar/variation/2572743	2026-10-04	observed	criteria provided, single submitter				{}
CLI000668	ClinVar:VCV002572216	variant_of	HGNC:10596	ClinVar	VCV002572216	https://www.ncbi.nlm.nih.gov/clinvar/variation/2572216	2026-10-04	observed	criteria provided, single submitter				{}
CLI000669	ClinVar:VCV002505887	variant_of	HGNC:10596	ClinVar	VCV002505887	https://www.ncbi.nlm.nih.gov/clinvar/variation/2505887	2026-10-04	observed	criteria provided, single submitter				{}
CLI000670	ClinVar:VCV002501688	variant_of	HGNC:10596	ClinVar	VCV002501688	https://www.ncbi.nlm.nih.gov/clinvar/variation/2501688	2026-10-04	observed	criteria provided, single submitter				{}
CLI000671	ClinVar:VCV002501688	causes_condition	MONDO:0014903	ClinVar	VCV002501688	https://www.ncbi.nlm.nih.gov/clinvar/variation/2501688	2026-10-04	observed	criteria provided, single submitter				"{""classification"": ""Likely pathogenic"", ""trait_name"": ""Seizures, benign familial infantile, 5"", ""consequence"": ""missense""}"
CLI000672	ClinVar:VCV002499548	variant_of	HGNC:10596	ClinVar	VCV002499548	https://www.ncbi.nlm.nih.gov/clinvar/variation/2499548	2026-10-04	observed	criteria provided, multiple submitters, no conflicts				{}
CLI000673	ClinVar:VCV002499548	causes_condition	MONDO:0013680	ClinVar	VCV002499548	https://www.ncbi.nlm.nih.gov/clinvar/variation/2499548	2026-10-04	observed	criteria provided, multiple submitters, no conflicts				"{""classification"": ""Pathogenic/Likely pathogenic"", ""trait_name"": ""Cognitive impairment with or without cerebellar ataxia"", ""consequence"": ""missense""}"
CLI000674	ClinVar:VCV002499548	causes_condition	MONDO:0013801	ClinVar	VCV002499548	https://www.ncbi.nlm.nih.gov/clinvar/variation/2499548	2026-10-04	observed	criteria provided, multiple submitters, no conflicts				"{""classification"": ""Pathogenic/Likely pathogenic"", ""trait_name"": ""Developmental and epileptic encephalopathy, 13"", ""consequence"": ""missense""}"
CLI000675	ClinVar:VCV002499295	variant_of	HGNC:10596	ClinVar	VCV002499295	https://www.ncbi.nlm.nih.gov/clinvar/variation/2499295	2026-10-04	observed	criteria provided, single submitter				{}
CLI000676	ClinVar:VCV002430619	variant_of	HGNC:10596	ClinVar	VCV002430619	https://www.ncbi.nlm.nih.gov/clinvar/variation/2430619	2026-10-04	observed	criteria provided, single submitter				{}
CLI000677	ClinVar:VCV002231762	variant_of	HGNC:10596	ClinVar	VCV002231762	https://www.ncbi.nlm.nih.gov/clinvar/variation/2231762	2026-10-04	observed	criteria provided, single submitter				{}
CLI000678	ClinVar:VCV002129007	variant_of	HGNC:10596	ClinVar	VCV002129007	https://www.ncbi.nlm.nih.gov/clinvar/variation/2129007	2026-10-04	observed	criteria provided, multiple submitters, no conflicts				{}
CLI000679	ClinVar:VCV002129007	causes_condition	MONDO:0013801	ClinVar	VCV002129007	https://www.ncbi.nlm.nih.gov/clinvar/variation/2129007	2026-10-04	observed	criteria provided, multiple submitters, no conflicts				"{""classification"": ""Pathogenic/Likely pathogenic"", ""trait_name"": ""Developmental and epileptic encephalopathy, 13"", ""consequence"": ""missense""}"
CLI000680	ClinVar:VCV002129007	causes_condition	MONDO:0800491	ClinVar	VCV002129007	https://www.ncbi.nlm.nih.gov/clinvar/variation/2129007	2026-10-04	observed	criteria provided, multiple submitters, no conflicts				"{""classification"": ""Pathogenic/Likely pathogenic"", ""trait_name"": ""Early-infantile DEE"", ""consequence"": ""missense""}"
CLI000681	ClinVar:VCV002112939	variant_of	HGNC:10596	ClinVar	VCV002112939	https://www.ncbi.nlm.nih.gov/clinvar/variation/2112939	2026-10-04	observed	criteria provided, single submitter				{}
CLI000682	ClinVar:VCV002112939	causes_condition	MONDO:0800491	ClinVar	VCV002112939	https://www.ncbi.nlm.nih.gov/clinvar/variation/2112939	2026-10-04	observed	criteria provided, single submitter				"{""classification"": ""Likely pathogenic"", ""trait_name"": ""Early-infantile DEE"", ""consequence"": ""missense""}"
CLI000683	ClinVar:VCV002008823	variant_of	HGNC:10596	ClinVar	VCV002008823	https://www.ncbi.nlm.nih.gov/clinvar/variation/2008823	2026-10-04	observed	criteria provided, single submitter				{}
CLI000684	ClinVar:VCV002008823	causes_condition	MONDO:0800491	ClinVar	VCV002008823	https://www.ncbi.nlm.nih.gov/clinvar/variation/2008823	2026-10-04	observed	criteria provided, single submitter				"{""classification"": ""Likely pathogenic"", ""trait_name"": ""Early-infantile DEE"", ""consequence"": ""missense""}"
CLI000685	ClinVar:VCV002001117	variant_of	HGNC:10596	ClinVar	VCV002001117	https://www.ncbi.nlm.nih.gov/clinvar/variation/2001117	2026-10-04	observed	criteria provided, single submitter				{}
CLI000686	ClinVar:VCV002001117	causes_condition	MONDO:0800491	ClinVar	VCV002001117	https://www.ncbi.nlm.nih.gov/clinvar/variation/2001117	2026-10-04	observed	criteria provided, single submitter				"{""classification"": ""Pathogenic"", ""trait_name"": ""Early-infantile DEE"", ""consequence"": ""missense""}"
CLI000687	ClinVar:VCV001997152	variant_of	HGNC:10596	ClinVar	VCV001997152	https://www.ncbi.nlm.nih.gov/clinvar/variation/1997152	2026-10-04	observed	criteria provided, single submitter				{}
CLI000688	ClinVar:VCV001997152	causes_condition	MONDO:0800491	ClinVar	VCV001997152	https://www.ncbi.nlm.nih.gov/clinvar/variation/1997152	2026-10-04	observed	criteria provided, single submitter				"{""classification"": ""Pathogenic"", ""trait_name"": ""Early-infantile DEE"", ""consequence"": ""missense""}"
CLI000689	ClinVar:VCV001895463	variant_of	HGNC:10596	ClinVar	VCV001895463	https://www.ncbi.nlm.nih.gov/clinvar/variation/1895463	2026-10-04	observed	criteria provided, single submitter				{}
CLI000690	ClinVar:VCV001895463	causes_condition	MONDO:0013801	ClinVar	VCV001895463	https://www.ncbi.nlm.nih.gov/clinvar/variation/1895463	2026-10-04	observed	criteria provided, single submitter				"{""classification"": ""Likely pathogenic"", ""trait_name"": ""Developmental and epileptic encephalopathy, 13"", ""consequence"": ""missense""}"
CLI000691	ClinVar:VCV001895387	variant_of	HGNC:10596	ClinVar	VCV001895387	https://www.ncbi.nlm.nih.gov/clinvar/variation/1895387	2026-10-04	observed	criteria provided, single submitter				{}
CLI000692	ClinVar:VCV001895387	causes_condition	MONDO:0013680	ClinVar	VCV001895387	https://www.ncbi.nlm.nih.gov/clinvar/variation/1895387	2026-10-04	observed	criteria provided, single submitter				"{""classification"": ""Likely pathogenic"", ""trait_name"": ""Cognitive impairment with or without cerebellar ataxia"", ""consequence"": ""truncating""}"
CLI000693	ClinVar:VCV001879237	variant_of	HGNC:10596	ClinVar	VCV001879237	https://www.ncbi.nlm.nih.gov/clinvar/variation/1879237	2026-10-04	observed	criteria provided, single submitter				{}
CLI000694	ClinVar:VCV001804044	variant_of	HGNC:10596	ClinVar	VCV001804044	https://www.ncbi.nlm.nih.gov/clinvar/variation/1804044	2026-10-04	observed	criteria provided, single submitter				{}
CLI000695	ClinVar:VCV001804044	causes_condition	MONDO:0013801	ClinVar	VCV001804044	https://www.ncbi.nlm.nih.gov/clinvar/variation/1804044	2026-10-04	observed	criteria provided, single submitter				"{""classification"": ""Likely pathogenic"", ""trait_name"": ""Developmental and epileptic encephalopathy, 13"", ""consequence"": ""truncating""}"
CLI000696	ClinVar:VCV001803067	variant_of	HGNC:10596	ClinVar	VCV001803067	https://www.ncbi.nlm.nih.gov/clinvar/variation/1803067	2026-10-04	observed	criteria provided, single submitter				{}
CLI000697	ClinVar:VCV001803067	causes_condition	MONDO:0013801	ClinVar	VCV001803067	https://www.ncbi.nlm.nih.gov/clinvar/variation/1803067	2026-10-04	observed	criteria provided, single submitter				"{""classification"": ""Likely pathogenic"", ""trait_name"": ""Developmental and epileptic encephalopathy, 13"", ""consequence"": ""missense""}"
CLI000698	ClinVar:VCV001803066	variant_of	HGNC:10596	ClinVar	VCV001803066	https://www.ncbi.nlm.nih.gov/clinvar/variation/1803066	2026-10-04	observed	criteria provided, single submitter				{}
CLI000699	ClinVar:VCV001803066	causes_condition	MONDO:0013801	ClinVar	VCV001803066	https://www.ncbi.nlm.nih.gov/clinvar/variation/1803066	2026-10-04	observed	criteria provided, single submitter				"{""classification"": ""Likely pathogenic"", ""trait_name"": ""Developmental and epileptic encephalopathy, 13"", ""consequence"": ""missense""}"
CLI000700	ClinVar:VCV001803064	variant_of	HGNC:10596	ClinVar	VCV001803064	https://www.ncbi.nlm.nih.gov/clinvar/variation/1803064	2026-10-04	observed	criteria provided, single submitter				{}
CLI000701	ClinVar:VCV001803064	causes_condition	MONDO:0013801	ClinVar	VCV001803064	https://www.ncbi.nlm.nih.gov/clinvar/variation/1803064	2026-10-04	observed	criteria provided, single submitter				"{""classification"": ""Likely pathogenic"", ""trait_name"": ""Developmental and epileptic encephalopathy, 13"", ""consequence"": ""missense""}"
CLI000702	ClinVar:VCV001802551	variant_of	HGNC:10596	ClinVar	VCV001802551	https://www.ncbi.nlm.nih.gov/clinvar/variation/1802551	2026-10-04	observed	criteria provided, single submitter				{}
CLI000703	ClinVar:VCV001802551	causes_condition	MONDO:0013680	ClinVar	VCV001802551	https://www.ncbi.nlm.nih.gov/clinvar/variation/1802551	2026-10-04	observed	criteria provided, single submitter				"{""classification"": ""Likely pathogenic"", ""trait_name"": ""Cognitive impairment with or without cerebellar ataxia"", ""consequence"": ""missense""}"
CLI000704	ClinVar:VCV001787036	variant_of	HGNC:10596	ClinVar	VCV001787036	https://www.ncbi.nlm.nih.gov/clinvar/variation/1787036	2026-10-04	observed	criteria provided, single submitter				{}
CLI000705	ClinVar:VCV001721655	variant_of	HGNC:10596	ClinVar	VCV001721655	https://www.ncbi.nlm.nih.gov/clinvar/variation/1721655	2026-10-04	observed	criteria provided, single submitter				{}
CLI000706	ClinVar:VCV001721655	causes_condition	MONDO:0800491	ClinVar	VCV001721655	https://www.ncbi.nlm.nih.gov/clinvar/variation/1721655	2026-10-04	observed	criteria provided, single submitter				"{""classification"": ""Pathogenic"", ""trait_name"": ""Early-infantile DEE"", ""consequence"": ""missense""}"
CLI000707	ClinVar:VCV001721320	variant_of	HGNC:10596	ClinVar	VCV001721320	https://www.ncbi.nlm.nih.gov/clinvar/variation/1721320	2026-10-04	observed	criteria provided, multiple submitters, no conflicts				{}
CLI000708	ClinVar:VCV001721320	causes_condition	MONDO:0800491	ClinVar	VCV001721320	https://www.ncbi.nlm.nih.gov/clinvar/variation/1721320	2026-10-04	observed	criteria provided, multiple submitters, no conflicts				"{""classification"": ""Pathogenic/Likely pathogenic"", ""trait_name"": ""Early-infantile DEE"", ""consequence"": ""missense""}"
CLI000709	ClinVar:VCV001707506	variant_of	HGNC:10596	ClinVar	VCV001707506	https://www.ncbi.nlm.nih.gov/clinvar/variation/1707506	2026-10-04	observed	criteria provided, single submitter				{}
CLI000710	ClinVar:VCV001707506	causes_condition	MONDO:0013680	ClinVar	VCV001707506	https://www.ncbi.nlm.nih.gov/clinvar/variation/1707506	2026-10-04	observed	criteria provided, single submitter				"{""classification"": ""Likely pathogenic"", ""trait_name"": ""Cognitive impairment with or without cerebellar ataxia"", ""consequence"": ""truncating""}"
CLI000711	ClinVar:VCV001705830	variant_of	HGNC:10596	ClinVar	VCV001705830	https://www.ncbi.nlm.nih.gov/clinvar/variation/1705830	2026-10-04	observed	criteria provided, multiple submitters, no conflicts				{}
CLI000712	ClinVar:VCV001701837	variant_of	HGNC:10596	ClinVar	VCV001701837	https://www.ncbi.nlm.nih.gov/clinvar/variation/1701837	2026-10-04	observed	criteria provided, single submitter				{}
CLI000713	ClinVar:VCV001700412	variant_of	HGNC:10596	ClinVar	VCV001700412	https://www.ncbi.nlm.nih.gov/clinvar/variation/1700412	2026-10-04	observed	criteria provided, single submitter				{}
CLI000714	ClinVar:VCV001699202	variant_of	HGNC:10596	ClinVar	VCV001699202	https://www.ncbi.nlm.nih.gov/clinvar/variation/1699202	2026-10-04	observed	criteria provided, multiple submitters, no conflicts				{}
CLI000715	ClinVar:VCV001699202	causes_condition	MONDO:0013801	ClinVar	VCV001699202	https://www.ncbi.nlm.nih.gov/clinvar/variation/1699202	2026-10-04	observed	criteria provided, multiple submitters, no conflicts				"{""classification"": ""Pathogenic/Likely pathogenic"", ""trait_name"": ""Developmental and epileptic encephalopathy, 13"", ""consequence"": ""missense""}"
CLI000716	ClinVar:VCV001699202	causes_condition	MONDO:0013680	ClinVar	VCV001699202	https://www.ncbi.nlm.nih.gov/clinvar/variation/1699202	2026-10-04	observed	criteria provided, multiple submitters, no conflicts				"{""classification"": ""Pathogenic/Likely pathogenic"", ""trait_name"": ""Cognitive impairment with or without cerebellar ataxia"", ""consequence"": ""missense""}"
CLI000717	ClinVar:VCV001686172	variant_of	HGNC:10596	ClinVar	VCV001686172	https://www.ncbi.nlm.nih.gov/clinvar/variation/1686172	2026-10-04	observed	criteria provided, multiple submitters, no conflicts				{}
CLI000718	ClinVar:VCV001686172	causes_condition	MONDO:0800491	ClinVar	VCV001686172	https://www.ncbi.nlm.nih.gov/clinvar/variation/1686172	2026-10-04	observed	criteria provided, multiple submitters, no conflicts				"{""classification"": ""Pathogenic/Likely pathogenic"", ""trait_name"": ""Early-infantile DEE"", ""consequence"": ""missense""}"
CLI000719	ClinVar:VCV001686172	causes_condition	MONDO:0013680	ClinVar	VCV001686172	https://www.ncbi.nlm.nih.gov/clinvar/variation/1686172	2026-10-04	observed	criteria provided, multiple submitters, no conflicts				"{""classification"": ""Pathogenic/Likely pathogenic"", ""trait_name"": ""Cognitive impairment with or without cerebellar ataxia"", ""consequence"": ""missense""}"
CLI000720	ClinVar:VCV001686171	variant_of	HGNC:10596	ClinVar	VCV001686171	https://www.ncbi.nlm.nih.gov/clinvar/variation/1686171	2026-10-04	observed	criteria provided, single submitter				{}
CLI000721	ClinVar:VCV001686171	causes_condition	MONDO:0013680	ClinVar	VCV001686171	https://www.ncbi.nlm.nih.gov/clinvar/variation/1686171	2026-10-04	observed	criteria provided, single submitter				"{""classification"": ""Pathogenic"", ""trait_name"": ""Cognitive impairment with or without cerebellar ataxia"", ""consequence"": ""truncating""}"
CLI000722	ClinVar:VCV001685436	variant_of	HGNC:10596	ClinVar	VCV001685436	https://www.ncbi.nlm.nih.gov/clinvar/variation/1685436	2026-10-04	observed	criteria provided, multiple submitters, no conflicts				{}
CLI000723	ClinVar:VCV001685436	causes_condition	MONDO:0013680	ClinVar	VCV001685436	https://www.ncbi.nlm.nih.gov/clinvar/variation/1685436	2026-10-04	observed	criteria provided, multiple submitters, no conflicts				"{""classification"": ""Likely pathogenic"", ""trait_name"": ""Cognitive impairment with or without cerebellar ataxia"", ""consequence"": ""missense""}"
CLI000724	ClinVar:VCV001677950	variant_of	HGNC:10596	ClinVar	VCV001677950	https://www.ncbi.nlm.nih.gov/clinvar/variation/1677950	2026-10-04	observed	criteria provided, single submitter				{}
CLI000725	ClinVar:VCV001676875	variant_of	HGNC:10596	ClinVar	VCV001676875	https://www.ncbi.nlm.nih.gov/clinvar/variation/1676875	2026-10-04	observed	criteria provided, single submitter				{}
CLI000726	ClinVar:VCV001526183	variant_of	HGNC:10596	ClinVar	VCV001526183	https://www.ncbi.nlm.nih.gov/clinvar/variation/1526183	2026-10-04	observed	criteria provided, multiple submitters, no conflicts				{}
CLI000727	ClinVar:VCV001526183	causes_condition	MONDO:0013680	ClinVar	VCV001526183	https://www.ncbi.nlm.nih.gov/clinvar/variation/1526183	2026-10-04	observed	criteria provided, multiple submitters, no conflicts				"{""classification"": ""Pathogenic/Likely pathogenic"", ""trait_name"": ""Cognitive impairment with or without cerebellar ataxia"", ""consequence"": ""missense""}"
CLI000728	ClinVar:VCV001515093	variant_of	HGNC:10596	ClinVar	VCV001515093	https://www.ncbi.nlm.nih.gov/clinvar/variation/1515093	2026-10-04	observed	criteria provided, multiple submitters, no conflicts				{}
CLI000729	ClinVar:VCV001515093	causes_condition	MONDO:0800491	ClinVar	VCV001515093	https://www.ncbi.nlm.nih.gov/clinvar/variation/1515093	2026-10-04	observed	criteria provided, multiple submitters, no conflicts				"{""classification"": ""Pathogenic/Likely pathogenic"", ""trait_name"": ""Early-infantile DEE"", ""consequence"": ""missense""}"
CLI000730	ClinVar:VCV001515093	causes_condition	MONDO:0013801	ClinVar	VCV001515093	https://www.ncbi.nlm.nih.gov/clinvar/variation/1515093	2026-10-04	observed	criteria provided, multiple submitters, no conflicts				"{""classification"": ""Pathogenic/Likely pathogenic"", ""trait_name"": ""Developmental and epileptic encephalopathy, 13"", ""consequence"": ""missense""}"
CLI000731	ClinVar:VCV001514764	variant_of	HGNC:10596	ClinVar	VCV001514764	https://www.ncbi.nlm.nih.gov/clinvar/variation/1514764	2026-10-04	observed	reviewed by expert panel				{}
CLI000732	ClinVar:VCV001514484	variant_of	HGNC:10596	ClinVar	VCV001514484	https://www.ncbi.nlm.nih.gov/clinvar/variation/1514484	2026-10-04	observed	criteria provided, single submitter				{}
CLI000733	ClinVar:VCV001514484	causes_condition	MONDO:0800491	ClinVar	VCV001514484	https://www.ncbi.nlm.nih.gov/clinvar/variation/1514484	2026-10-04	observed	criteria provided, single submitter				"{""classification"": ""Likely pathogenic"", ""trait_name"": ""Early-infantile DEE"", ""consequence"": ""missense""}"
CLI000734	ClinVar:VCV001505439	variant_of	HGNC:10596	ClinVar	VCV001505439	https://www.ncbi.nlm.nih.gov/clinvar/variation/1505439	2026-10-04	observed	criteria provided, multiple submitters, no conflicts				{}
CLI000735	ClinVar:VCV001505439	causes_condition	MONDO:0014903	ClinVar	VCV001505439	https://www.ncbi.nlm.nih.gov/clinvar/variation/1505439	2026-10-04	observed	criteria provided, multiple submitters, no conflicts				"{""classification"": ""Likely pathogenic"", ""trait_name"": ""Seizures, benign familial infantile, 5"", ""consequence"": ""missense""}"
CLI000736	ClinVar:VCV001505439	causes_condition	MONDO:0800491	ClinVar	VCV001505439	https://www.ncbi.nlm.nih.gov/clinvar/variation/1505439	2026-10-04	observed	criteria provided, multiple submitters, no conflicts				"{""classification"": ""Likely pathogenic"", ""trait_name"": ""Early-infantile DEE"", ""consequence"": ""missense""}"
CLI000737	ClinVar:VCV001504766	variant_of	HGNC:10596	ClinVar	VCV001504766	https://www.ncbi.nlm.nih.gov/clinvar/variation/1504766	2026-10-04	observed	criteria provided, single submitter				{}
CLI000738	ClinVar:VCV001504766	causes_condition	MONDO:0800491	ClinVar	VCV001504766	https://www.ncbi.nlm.nih.gov/clinvar/variation/1504766	2026-10-04	observed	criteria provided, single submitter				"{""classification"": ""Likely pathogenic"", ""trait_name"": ""Early-infantile DEE"", ""consequence"": ""missense""}"
CLI000739	ClinVar:VCV001491768	variant_of	HGNC:10596	ClinVar	VCV001491768	https://www.ncbi.nlm.nih.gov/clinvar/variation/1491768	2026-10-04	observed	criteria provided, single submitter				{}
CLI000740	ClinVar:VCV001491768	causes_condition	MONDO:0800491	ClinVar	VCV001491768	https://www.ncbi.nlm.nih.gov/clinvar/variation/1491768	2026-10-04	observed	criteria provided, single submitter				"{""classification"": ""Likely pathogenic"", ""trait_name"": ""Early-infantile DEE"", ""consequence"": ""truncating""}"
CLI000741	ClinVar:VCV001482151	variant_of	HGNC:10596	ClinVar	VCV001482151	https://www.ncbi.nlm.nih.gov/clinvar/variation/1482151	2026-10-04	observed	criteria provided, single submitter				{}
CLI000742	ClinVar:VCV001482151	causes_condition	MONDO:0800491	ClinVar	VCV001482151	https://www.ncbi.nlm.nih.gov/clinvar/variation/1482151	2026-10-04	observed	criteria provided, single submitter				"{""classification"": ""Pathogenic"", ""trait_name"": ""Early-infantile DEE"", ""consequence"": ""missense""}"
CLI000743	ClinVar:VCV001472032	variant_of	HGNC:10596	ClinVar	VCV001472032	https://www.ncbi.nlm.nih.gov/clinvar/variation/1472032	2026-10-04	observed	criteria provided, multiple submitters, no conflicts				{}
CLI000744	ClinVar:VCV001472032	causes_condition	MONDO:0013801	ClinVar	VCV001472032	https://www.ncbi.nlm.nih.gov/clinvar/variation/1472032	2026-10-04	observed	criteria provided, multiple submitters, no conflicts				"{""classification"": ""Pathogenic/Likely pathogenic"", ""trait_name"": ""Developmental and epileptic encephalopathy, 13"", ""consequence"": ""missense""}"
CLI000745	ClinVar:VCV001472032	causes_condition	MONDO:0800491	ClinVar	VCV001472032	https://www.ncbi.nlm.nih.gov/clinvar/variation/1472032	2026-10-04	observed	criteria provided, multiple submitters, no conflicts				"{""classification"": ""Pathogenic/Likely pathogenic"", ""trait_name"": ""Early-infantile DEE"", ""consequence"": ""missense""}"
CLI000746	ClinVar:VCV001465027	variant_of	HGNC:10596	ClinVar	VCV001465027	https://www.ncbi.nlm.nih.gov/clinvar/variation/1465027	2026-10-04	observed	criteria provided, multiple submitters, no conflicts				{}
CLI000747	ClinVar:VCV001465027	causes_condition	MONDO:0013801	ClinVar	VCV001465027	https://www.ncbi.nlm.nih.gov/clinvar/variation/1465027	2026-10-04	observed	criteria provided, multiple submitters, no conflicts				"{""classification"": ""Pathogenic/Likely pathogenic"", ""trait_name"": ""Developmental and epileptic encephalopathy, 13"", ""consequence"": ""missense""}"
CLI000748	ClinVar:VCV001465027	causes_condition	MONDO:0800491	ClinVar	VCV001465027	https://www.ncbi.nlm.nih.gov/clinvar/variation/1465027	2026-10-04	observed	criteria provided, multiple submitters, no conflicts				"{""classification"": ""Pathogenic/Likely pathogenic"", ""trait_name"": ""Early-infantile DEE"", ""consequence"": ""missense""}"
CLI000749	ClinVar:VCV001456194	variant_of	HGNC:10596	ClinVar	VCV001456194	https://www.ncbi.nlm.nih.gov/clinvar/variation/1456194	2026-10-04	observed	criteria provided, single submitter				{}
CLI000750	ClinVar:VCV001456194	causes_condition	MONDO:0800491	ClinVar	VCV001456194	https://www.ncbi.nlm.nih.gov/clinvar/variation/1456194	2026-10-04	observed	criteria provided, single submitter				"{""classification"": ""Pathogenic"", ""trait_name"": ""Early-infantile DEE"", ""consequence"": ""truncating""}"
CLI000751	ClinVar:VCV001448037	variant_of	HGNC:10596	ClinVar	VCV001448037	https://www.ncbi.nlm.nih.gov/clinvar/variation/1448037	2026-10-04	observed	criteria provided, single submitter				{}
CLI000752	ClinVar:VCV001448037	causes_condition	MONDO:0800491	ClinVar	VCV001448037	https://www.ncbi.nlm.nih.gov/clinvar/variation/1448037	2026-10-04	observed	criteria provided, single submitter				"{""classification"": ""Pathogenic"", ""trait_name"": ""Early-infantile DEE"", ""consequence"": ""truncating""}"
CLI000753	ClinVar:VCV001439030	variant_of	HGNC:10596	ClinVar	VCV001439030	https://www.ncbi.nlm.nih.gov/clinvar/variation/1439030	2026-10-04	observed	criteria provided, single submitter				{}
CLI000754	ClinVar:VCV001439030	causes_condition	MONDO:0800491	ClinVar	VCV001439030	https://www.ncbi.nlm.nih.gov/clinvar/variation/1439030	2026-10-04	observed	criteria provided, single submitter				"{""classification"": ""Pathogenic"", ""trait_name"": ""Early-infantile DEE"", ""consequence"": ""truncating""}"
CLI000755	ClinVar:VCV001426285	variant_of	HGNC:10596	ClinVar	VCV001426285	https://www.ncbi.nlm.nih.gov/clinvar/variation/1426285	2026-10-04	observed	criteria provided, single submitter				{}
CLI000756	ClinVar:VCV001426285	causes_condition	MONDO:0800491	ClinVar	VCV001426285	https://www.ncbi.nlm.nih.gov/clinvar/variation/1426285	2026-10-04	observed	criteria provided, single submitter				"{""classification"": ""Likely pathogenic"", ""trait_name"": ""Early-infantile DEE"", ""consequence"": ""missense""}"
CLI000757	ClinVar:VCV001414886	variant_of	HGNC:10596	ClinVar	VCV001414886	https://www.ncbi.nlm.nih.gov/clinvar/variation/1414886	2026-10-04	observed	criteria provided, single submitter				{}
CLI000758	ClinVar:VCV001414886	causes_condition	MONDO:0800491	ClinVar	VCV001414886	https://www.ncbi.nlm.nih.gov/clinvar/variation/1414886	2026-10-04	observed	criteria provided, single submitter				"{""classification"": ""Pathogenic"", ""trait_name"": ""Early-infantile DEE"", ""consequence"": ""truncating""}"
CLI000759	ClinVar:VCV001399415	variant_of	HGNC:10596	ClinVar	VCV001399415	https://www.ncbi.nlm.nih.gov/clinvar/variation/1399415	2026-10-04	observed	criteria provided, single submitter				{}
CLI000760	ClinVar:VCV001399415	causes_condition	MONDO:0800491	ClinVar	VCV001399415	https://www.ncbi.nlm.nih.gov/clinvar/variation/1399415	2026-10-04	observed	criteria provided, single submitter				"{""classification"": ""Pathogenic"", ""trait_name"": ""Early-infantile DEE"", ""consequence"": ""missense""}"
CLI000761	ClinVar:VCV001393473	variant_of	HGNC:10596	ClinVar	VCV001393473	https://www.ncbi.nlm.nih.gov/clinvar/variation/1393473	2026-10-04	observed	criteria provided, single submitter				{}
CLI000762	ClinVar:VCV001393473	causes_condition	MONDO:0800491	ClinVar	VCV001393473	https://www.ncbi.nlm.nih.gov/clinvar/variation/1393473	2026-10-04	observed	criteria provided, single submitter				"{""classification"": ""Pathogenic"", ""trait_name"": ""Early-infantile DEE"", ""consequence"": ""truncating""}"
CLI000763	ClinVar:VCV001385042	variant_of	HGNC:10596	ClinVar	VCV001385042	https://www.ncbi.nlm.nih.gov/clinvar/variation/1385042	2026-10-04	observed	criteria provided, multiple submitters, no conflicts				{}
CLI000764	ClinVar:VCV001385042	causes_condition	MONDO:0013680	ClinVar	VCV001385042	https://www.ncbi.nlm.nih.gov/clinvar/variation/1385042	2026-10-04	observed	criteria provided, multiple submitters, no conflicts				"{""classification"": ""Pathogenic/Likely pathogenic"", ""trait_name"": ""Cognitive impairment with or without cerebellar ataxia"", ""consequence"": ""missense""}"
CLI000765	ClinVar:VCV001385042	causes_condition	MONDO:0800491	ClinVar	VCV001385042	https://www.ncbi.nlm.nih.gov/clinvar/variation/1385042	2026-10-04	observed	criteria provided, multiple submitters, no conflicts				"{""classification"": ""Pathogenic/Likely pathogenic"", ""trait_name"": ""Early-infantile DEE"", ""consequence"": ""missense""}"
CLI000766	ClinVar:VCV001377157	variant_of	HGNC:10596	ClinVar	VCV001377157	https://www.ncbi.nlm.nih.gov/clinvar/variation/1377157	2026-10-04	observed	criteria provided, single submitter				{}
CLI000767	ClinVar:VCV001377157	causes_condition	MONDO:0800491	ClinVar	VCV001377157	https://www.ncbi.nlm.nih.gov/clinvar/variation/1377157	2026-10-04	observed	criteria provided, single submitter				"{""classification"": ""Likely pathogenic"", ""trait_name"": ""Early-infantile DEE"", ""consequence"": ""missense""}"
CLI000768	ClinVar:VCV001354780	variant_of	HGNC:10596	ClinVar	VCV001354780	https://www.ncbi.nlm.nih.gov/clinvar/variation/1354780	2026-10-04	observed	criteria provided, single submitter				{}
CLI000769	ClinVar:VCV001354780	causes_condition	MONDO:0800491	ClinVar	VCV001354780	https://www.ncbi.nlm.nih.gov/clinvar/variation/1354780	2026-10-04	observed	criteria provided, single submitter				"{""classification"": ""Pathogenic"", ""trait_name"": ""Early-infantile DEE"", ""consequence"": ""missense""}"
CLI000770	ClinVar:VCV001346826	variant_of	HGNC:10596	ClinVar	VCV001346826	https://www.ncbi.nlm.nih.gov/clinvar/variation/1346826	2026-10-04	observed	criteria provided, single submitter				{}
CLI000771	ClinVar:VCV001346826	causes_condition	MONDO:0800491	ClinVar	VCV001346826	https://www.ncbi.nlm.nih.gov/clinvar/variation/1346826	2026-10-04	observed	criteria provided, single submitter				"{""classification"": ""Pathogenic"", ""trait_name"": ""Early-infantile DEE"", ""consequence"": ""missense""}"
CLI000772	ClinVar:VCV001346284	variant_of	HGNC:10596	ClinVar	VCV001346284	https://www.ncbi.nlm.nih.gov/clinvar/variation/1346284	2026-10-04	observed	criteria provided, single submitter				{}
CLI000773	ClinVar:VCV001346284	causes_condition	MONDO:0800491	ClinVar	VCV001346284	https://www.ncbi.nlm.nih.gov/clinvar/variation/1346284	2026-10-04	observed	criteria provided, single submitter				"{""classification"": ""Pathogenic"", ""trait_name"": ""Early-infantile DEE"", ""consequence"": ""missense""}"
CLI000774	ClinVar:VCV001345807	variant_of	HGNC:10596	ClinVar	VCV001345807	https://www.ncbi.nlm.nih.gov/clinvar/variation/1345807	2026-10-04	observed	criteria provided, single submitter				{}
CLI000775	ClinVar:VCV001345807	causes_condition	MONDO:0800491	ClinVar	VCV001345807	https://www.ncbi.nlm.nih.gov/clinvar/variation/1345807	2026-10-04	observed	criteria provided, single submitter				"{""classification"": ""Pathogenic"", ""trait_name"": ""Early-infantile DEE"", ""consequence"": ""missense""}"
CLI000776	ClinVar:VCV001343125	variant_of	HGNC:10596	ClinVar	VCV001343125	https://www.ncbi.nlm.nih.gov/clinvar/variation/1343125	2026-10-04	observed	criteria provided, single submitter				{}
CLI000777	ClinVar:VCV001343125	causes_condition	MONDO:0013680	ClinVar	VCV001343125	https://www.ncbi.nlm.nih.gov/clinvar/variation/1343125	2026-10-04	observed	criteria provided, single submitter				"{""classification"": ""Likely pathogenic"", ""trait_name"": ""Cognitive impairment with or without cerebellar ataxia"", ""consequence"": ""truncating""}"
CLI000778	ClinVar:VCV001342316	variant_of	HGNC:10596	ClinVar	VCV001342316	https://www.ncbi.nlm.nih.gov/clinvar/variation/1342316	2026-10-04	observed	criteria provided, single submitter				{}
CLI000779	ClinVar:VCV001342316	causes_condition	MONDO:0014903	ClinVar	VCV001342316	https://www.ncbi.nlm.nih.gov/clinvar/variation/1342316	2026-10-04	observed	criteria provided, single submitter				"{""classification"": ""Pathogenic"", ""trait_name"": ""Seizures, benign familial infantile, 5"", ""consequence"": ""truncating""}"
CLI000780	ClinVar:VCV001342316	causes_condition	MONDO:0013801	ClinVar	VCV001342316	https://www.ncbi.nlm.nih.gov/clinvar/variation/1342316	2026-10-04	observed	criteria provided, single submitter				"{""classification"": ""Pathogenic"", ""trait_name"": ""Developmental and epileptic encephalopathy, 13"", ""consequence"": ""truncating""}"
CLI000781	ClinVar:VCV001338766	variant_of	HGNC:10596	ClinVar	VCV001338766	https://www.ncbi.nlm.nih.gov/clinvar/variation/1338766	2026-10-04	observed	no assertion criteria provided				{}
CLI000782	ClinVar:VCV001338766	causes_condition	MONDO:0013801	ClinVar	VCV001338766	https://www.ncbi.nlm.nih.gov/clinvar/variation/1338766	2026-10-04	observed	no assertion criteria provided				"{""classification"": ""Likely pathogenic"", ""trait_name"": ""Developmental and epileptic encephalopathy, 13"", ""consequence"": ""missense""}"
CLI000783	ClinVar:VCV001334502	variant_of	HGNC:10596	ClinVar	VCV001334502	https://www.ncbi.nlm.nih.gov/clinvar/variation/1334502	2026-10-04	observed	criteria provided, single submitter				{}
CLI000784	ClinVar:VCV001334502	causes_condition	MONDO:0014903	ClinVar	VCV001334502	https://www.ncbi.nlm.nih.gov/clinvar/variation/1334502	2026-10-04	observed	criteria provided, single submitter				"{""classification"": ""Likely pathogenic"", ""trait_name"": ""Seizures, benign familial infantile, 5"", ""consequence"": ""truncating""}"
CLI000785	ClinVar:VCV001334502	causes_condition	MONDO:0013680	ClinVar	VCV001334502	https://www.ncbi.nlm.nih.gov/clinvar/variation/1334502	2026-10-04	observed	criteria provided, single submitter				"{""classification"": ""Likely pathogenic"", ""trait_name"": ""Cognitive impairment with or without cerebellar ataxia"", ""consequence"": ""truncating""}"
CLI000786	ClinVar:VCV001334502	causes_condition	MONDO:0013801	ClinVar	VCV001334502	https://www.ncbi.nlm.nih.gov/clinvar/variation/1334502	2026-10-04	observed	criteria provided, single submitter				"{""classification"": ""Likely pathogenic"", ""trait_name"": ""Developmental and epileptic encephalopathy, 13"", ""consequence"": ""truncating""}"
CLI000787	ClinVar:VCV001325768	variant_of	HGNC:10596	ClinVar	VCV001325768	https://www.ncbi.nlm.nih.gov/clinvar/variation/1325768	2026-10-04	observed	criteria provided, multiple submitters, no conflicts				{}
CLI000788	ClinVar:VCV001325767	variant_of	HGNC:10596	ClinVar	VCV001325767	https://www.ncbi.nlm.nih.gov/clinvar/variation/1325767	2026-10-04	observed	criteria provided, single submitter				{}
CLI000789	ClinVar:VCV001320078	variant_of	HGNC:10596	ClinVar	VCV001320078	https://www.ncbi.nlm.nih.gov/clinvar/variation/1320078	2026-10-04	observed	criteria provided, single submitter				{}
CLI000790	ClinVar:VCV001320078	causes_condition	MONDO:0013801	ClinVar	VCV001320078	https://www.ncbi.nlm.nih.gov/clinvar/variation/1320078	2026-10-04	observed	criteria provided, single submitter				"{""classification"": ""Likely pathogenic"", ""trait_name"": ""Developmental and epileptic encephalopathy, 13"", ""consequence"": ""missense""}"
CLI000791	ClinVar:VCV001320055	variant_of	HGNC:10596	ClinVar	VCV001320055	https://www.ncbi.nlm.nih.gov/clinvar/variation/1320055	2026-10-04	observed	criteria provided, multiple submitters, no conflicts				{}
CLI000792	ClinVar:VCV001320055	causes_condition	MONDO:0800491	ClinVar	VCV001320055	https://www.ncbi.nlm.nih.gov/clinvar/variation/1320055	2026-10-04	observed	criteria provided, multiple submitters, no conflicts				"{""classification"": ""Pathogenic/Likely pathogenic"", ""trait_name"": ""Early-infantile DEE"", ""consequence"": ""missense""}"
CLI000793	ClinVar:VCV001320055	causes_condition	MONDO:0013801	ClinVar	VCV001320055	https://www.ncbi.nlm.nih.gov/clinvar/variation/1320055	2026-10-04	observed	criteria provided, multiple submitters, no conflicts				"{""classification"": ""Pathogenic/Likely pathogenic"", ""trait_name"": ""Developmental and epileptic encephalopathy, 13"", ""consequence"": ""missense""}"
CLI000794	ClinVar:VCV001319790	variant_of	HGNC:10596	ClinVar	VCV001319790	https://www.ncbi.nlm.nih.gov/clinvar/variation/1319790	2026-10-04	observed	criteria provided, single submitter				{}
CLI000795	ClinVar:VCV001319789	variant_of	HGNC:10596	ClinVar	VCV001319789	https://www.ncbi.nlm.nih.gov/clinvar/variation/1319789	2026-10-04	observed	criteria provided, multiple submitters, no conflicts				{}
CLI000796	ClinVar:VCV001318918	variant_of	HGNC:10596	ClinVar	VCV001318918	https://www.ncbi.nlm.nih.gov/clinvar/variation/1318918	2026-10-04	observed	criteria provided, single submitter				{}
CLI000797	ClinVar:VCV001318887	variant_of	HGNC:10596	ClinVar	VCV001318887	https://www.ncbi.nlm.nih.gov/clinvar/variation/1318887	2026-10-04	observed	criteria provided, multiple submitters, no conflicts				{}
CLI000798	ClinVar:VCV001318887	causes_condition	MONDO:0800491	ClinVar	VCV001318887	https://www.ncbi.nlm.nih.gov/clinvar/variation/1318887	2026-10-04	observed	criteria provided, multiple submitters, no conflicts				"{""classification"": ""Pathogenic"", ""trait_name"": ""Early-infantile DEE"", ""consequence"": ""truncating""}"
CLI000799	ClinVar:VCV001318747	variant_of	HGNC:10596	ClinVar	VCV001318747	https://www.ncbi.nlm.nih.gov/clinvar/variation/1318747	2026-10-04	observed	criteria provided, multiple submitters, no conflicts				{}
CLI000800	ClinVar:VCV001318747	causes_condition	MONDO:0800491	ClinVar	VCV001318747	https://www.ncbi.nlm.nih.gov/clinvar/variation/1318747	2026-10-04	observed	criteria provided, multiple submitters, no conflicts				"{""classification"": ""Pathogenic/Likely pathogenic"", ""trait_name"": ""Early-infantile DEE"", ""consequence"": ""truncating""}"
CLI000801	ClinVar:VCV001318723	variant_of	HGNC:10596	ClinVar	VCV001318723	https://www.ncbi.nlm.nih.gov/clinvar/variation/1318723	2026-10-04	observed	criteria provided, single submitter				{}
CLI000802	ClinVar:VCV001299336	variant_of	HGNC:10596	ClinVar	VCV001299336	https://www.ncbi.nlm.nih.gov/clinvar/variation/1299336	2026-10-04	observed	criteria provided, multiple submitters, no conflicts				{}
CLI000803	ClinVar:VCV001299336	causes_condition	MONDO:0013801	ClinVar	VCV001299336	https://www.ncbi.nlm.nih.gov/clinvar/variation/1299336	2026-10-04	observed	criteria provided, multiple submitters, no conflicts				"{""classification"": ""Pathogenic/Likely pathogenic"", ""trait_name"": ""Developmental and epileptic encephalopathy, 13"", ""consequence"": ""truncating""}"
CLI000804	ClinVar:VCV001298546	variant_of	HGNC:10596	ClinVar	VCV001298546	https://www.ncbi.nlm.nih.gov/clinvar/variation/1298546	2026-10-04	observed	criteria provided, single submitter				{}
CLI000805	ClinVar:VCV001285578	variant_of	HGNC:10596	ClinVar	VCV001285578	https://www.ncbi.nlm.nih.gov/clinvar/variation/1285578	2026-10-04	observed	criteria provided, multiple submitters, no conflicts				{}
CLI000806	ClinVar:VCV001285578	causes_condition	MONDO:0800491	ClinVar	VCV001285578	https://www.ncbi.nlm.nih.gov/clinvar/variation/1285578	2026-10-04	observed	criteria provided, multiple submitters, no conflicts				"{""classification"": ""Pathogenic/Likely pathogenic"", ""trait_name"": ""Early-infantile DEE"", ""consequence"": ""missense""}"
CLI000807	ClinVar:VCV001285578	causes_condition	MONDO:0013680	ClinVar	VCV001285578	https://www.ncbi.nlm.nih.gov/clinvar/variation/1285578	2026-10-04	observed	criteria provided, multiple submitters, no conflicts				"{""classification"": ""Pathogenic/Likely pathogenic"", ""trait_name"": ""Cognitive impairment with or without cerebellar ataxia"", ""consequence"": ""missense""}"
CLI000808	ClinVar:VCV001285486	variant_of	HGNC:10596	ClinVar	VCV001285486	https://www.ncbi.nlm.nih.gov/clinvar/variation/1285486	2026-10-04	observed	criteria provided, single submitter				{}
CLI000809	ClinVar:VCV001285486	causes_condition	MONDO:0013801	ClinVar	VCV001285486	https://www.ncbi.nlm.nih.gov/clinvar/variation/1285486	2026-10-04	observed	criteria provided, single submitter				"{""classification"": ""Likely pathogenic"", ""trait_name"": ""Developmental and epileptic encephalopathy, 13"", ""consequence"": ""missense""}"
CLI000810	ClinVar:VCV001285486	causes_condition	MONDO:0013680	ClinVar	VCV001285486	https://www.ncbi.nlm.nih.gov/clinvar/variation/1285486	2026-10-04	observed	criteria provided, single submitter				"{""classification"": ""Likely pathogenic"", ""trait_name"": ""Cognitive impairment with or without cerebellar ataxia"", ""consequence"": ""missense""}"
CLI000811	ClinVar:VCV001285460	variant_of	HGNC:10596	ClinVar	VCV001285460	https://www.ncbi.nlm.nih.gov/clinvar/variation/1285460	2026-10-04	observed	criteria provided, single submitter				{}
CLI000812	ClinVar:VCV001285460	causes_condition	MONDO:0013801	ClinVar	VCV001285460	https://www.ncbi.nlm.nih.gov/clinvar/variation/1285460	2026-10-04	observed	criteria provided, single submitter				"{""classification"": ""Likely pathogenic"", ""trait_name"": ""Developmental and epileptic encephalopathy, 13"", ""consequence"": ""truncating""}"
CLI000813	ClinVar:VCV001254380	variant_of	HGNC:10596	ClinVar	VCV001254380	https://www.ncbi.nlm.nih.gov/clinvar/variation/1254380	2026-10-04	observed	criteria provided, single submitter				{}
CLI000814	ClinVar:VCV001219777	variant_of	HGNC:10596	ClinVar	VCV001219777	https://www.ncbi.nlm.nih.gov/clinvar/variation/1219777	2026-10-04	observed	criteria provided, single submitter				{}
CLI000815	ClinVar:VCV001216663	variant_of	HGNC:10596	ClinVar	VCV001216663	https://www.ncbi.nlm.nih.gov/clinvar/variation/1216663	2026-10-04	observed	criteria provided, multiple submitters, no conflicts				{}
CLI000816	ClinVar:VCV001197048	variant_of	HGNC:10596	ClinVar	VCV001197048	https://www.ncbi.nlm.nih.gov/clinvar/variation/1197048	2026-10-04	observed	criteria provided, multiple submitters, no conflicts				{}
CLI000817	ClinVar:VCV001191017	variant_of	HGNC:10596	ClinVar	VCV001191017	https://www.ncbi.nlm.nih.gov/clinvar/variation/1191017	2026-10-04	observed	criteria provided, single submitter				{}
CLI000818	ClinVar:VCV001183709	variant_of	HGNC:10596	ClinVar	VCV001183709	https://www.ncbi.nlm.nih.gov/clinvar/variation/1183709	2026-10-04	observed	criteria provided, single submitter				{}
CLI000819	ClinVar:VCV001176941	variant_of	HGNC:10596	ClinVar	VCV001176941	https://www.ncbi.nlm.nih.gov/clinvar/variation/1176941	2026-10-04	observed	criteria provided, single submitter				{}
CLI000820	ClinVar:VCV001174109	variant_of	HGNC:10596	ClinVar	VCV001174109	https://www.ncbi.nlm.nih.gov/clinvar/variation/1174109	2026-10-04	observed	no assertion criteria provided				{}
CLI000821	ClinVar:VCV001174109	causes_condition	MONDO:0013801	ClinVar	VCV001174109	https://www.ncbi.nlm.nih.gov/clinvar/variation/1174109	2026-10-04	observed	no assertion criteria provided				"{""classification"": ""Likely pathogenic"", ""trait_name"": ""Developmental and epileptic encephalopathy, 13"", ""consequence"": ""missense""}"
CLI000822	ClinVar:VCV001164029	variant_of	HGNC:10596	ClinVar	VCV001164029	https://www.ncbi.nlm.nih.gov/clinvar/variation/1164029	2026-10-04	observed	no assertion criteria provided				{}
CLI000823	ClinVar:VCV001164029	causes_condition	MONDO:0013801	ClinVar	VCV001164029	https://www.ncbi.nlm.nih.gov/clinvar/variation/1164029	2026-10-04	observed	no assertion criteria provided				"{""classification"": ""Pathogenic"", ""trait_name"": ""Developmental and epileptic encephalopathy, 13"", ""consequence"": ""truncating""}"
CLI000824	ClinVar:VCV001163053	variant_of	HGNC:10596	ClinVar	VCV001163053	https://www.ncbi.nlm.nih.gov/clinvar/variation/1163053	2026-10-04	observed	criteria provided, multiple submitters, no conflicts				{}
CLI000825	ClinVar:VCV001098394	variant_of	HGNC:10596	ClinVar	VCV001098394	https://www.ncbi.nlm.nih.gov/clinvar/variation/1098394	2026-10-04	observed	criteria provided, single submitter				{}
CLI000826	ClinVar:VCV001068482	variant_of	HGNC:10596	ClinVar	VCV001068482	https://www.ncbi.nlm.nih.gov/clinvar/variation/1068482	2026-10-04	observed	criteria provided, multiple submitters, no conflicts				{}
CLI000827	ClinVar:VCV001068482	causes_condition	MONDO:0013801	ClinVar	VCV001068482	https://www.ncbi.nlm.nih.gov/clinvar/variation/1068482	2026-10-04	observed	criteria provided, multiple submitters, no conflicts				"{""classification"": ""Pathogenic"", ""trait_name"": ""Developmental and epileptic encephalopathy, 13"", ""consequence"": ""missense""}"
CLI000828	ClinVar:VCV001068482	causes_condition	MONDO:0800491	ClinVar	VCV001068482	https://www.ncbi.nlm.nih.gov/clinvar/variation/1068482	2026-10-04	observed	criteria provided, multiple submitters, no conflicts				"{""classification"": ""Pathogenic"", ""trait_name"": ""Early-infantile DEE"", ""consequence"": ""missense""}"
CLI000829	ClinVar:VCV001067137	variant_of	HGNC:10596	ClinVar	VCV001067137	https://www.ncbi.nlm.nih.gov/clinvar/variation/1067137	2026-10-04	observed	criteria provided, single submitter				{}
CLI000830	ClinVar:VCV001067137	causes_condition	MONDO:0800491	ClinVar	VCV001067137	https://www.ncbi.nlm.nih.gov/clinvar/variation/1067137	2026-10-04	observed	criteria provided, single submitter				"{""classification"": ""Likely pathogenic"", ""trait_name"": ""Early-infantile DEE"", ""consequence"": ""other""}"
CLI000831	ClinVar:VCV001064808	variant_of	HGNC:10596	ClinVar	VCV001064808	https://www.ncbi.nlm.nih.gov/clinvar/variation/1064808	2026-10-04	observed	criteria provided, single submitter				{}
CLI000832	ClinVar:VCV001058374	variant_of	HGNC:10596	ClinVar	VCV001058374	https://www.ncbi.nlm.nih.gov/clinvar/variation/1058374	2026-10-04	observed	criteria provided, single submitter				{}
CLI000833	ClinVar:VCV001058374	causes_condition	MONDO:0800491	ClinVar	VCV001058374	https://www.ncbi.nlm.nih.gov/clinvar/variation/1058374	2026-10-04	observed	criteria provided, single submitter				"{""classification"": ""Pathogenic"", ""trait_name"": ""Early-infantile DEE"", ""consequence"": ""truncating""}"
CLI000834	ClinVar:VCV001057399	variant_of	HGNC:10596	ClinVar	VCV001057399	https://www.ncbi.nlm.nih.gov/clinvar/variation/1057399	2026-10-04	observed	criteria provided, single submitter				{}
CLI000835	ClinVar:VCV001057399	causes_condition	MONDO:0800491	ClinVar	VCV001057399	https://www.ncbi.nlm.nih.gov/clinvar/variation/1057399	2026-10-04	observed	criteria provided, single submitter				"{""classification"": ""Pathogenic"", ""trait_name"": ""Early-infantile DEE"", ""consequence"": ""missense""}"
CLI000836	ClinVar:VCV001056257	variant_of	HGNC:10596	ClinVar	VCV001056257	https://www.ncbi.nlm.nih.gov/clinvar/variation/1056257	2026-10-04	observed	criteria provided, single submitter				{}
CLI000837	ClinVar:VCV001056257	causes_condition	MONDO:0800491	ClinVar	VCV001056257	https://www.ncbi.nlm.nih.gov/clinvar/variation/1056257	2026-10-04	observed	criteria provided, single submitter				"{""classification"": ""Likely pathogenic"", ""trait_name"": ""Early-infantile DEE"", ""consequence"": ""missense""}"
CLI000838	ClinVar:VCV001053572	variant_of	HGNC:10596	ClinVar	VCV001053572	https://www.ncbi.nlm.nih.gov/clinvar/variation/1053572	2026-10-04	observed	criteria provided, single submitter				{}
CLI000839	ClinVar:VCV001053572	causes_condition	MONDO:0800491	ClinVar	VCV001053572	https://www.ncbi.nlm.nih.gov/clinvar/variation/1053572	2026-10-04	observed	criteria provided, single submitter				"{""classification"": ""Pathogenic"", ""trait_name"": ""Early-infantile DEE"", ""consequence"": ""truncating""}"
CLI000840	ClinVar:VCV001047527	variant_of	HGNC:10596	ClinVar	VCV001047527	https://www.ncbi.nlm.nih.gov/clinvar/variation/1047527	2026-10-04	observed	reviewed by expert panel				{}
CLI000841	ClinVar:VCV001043511	variant_of	HGNC:10596	ClinVar	VCV001043511	https://www.ncbi.nlm.nih.gov/clinvar/variation/1043511	2026-10-04	observed	criteria provided, single submitter				{}
CLI000842	ClinVar:VCV001043511	causes_condition	MONDO:0800491	ClinVar	VCV001043511	https://www.ncbi.nlm.nih.gov/clinvar/variation/1043511	2026-10-04	observed	criteria provided, single submitter				"{""classification"": ""Pathogenic"", ""trait_name"": ""Early-infantile DEE"", ""consequence"": ""missense""}"
CLI000843	ClinVar:VCV001031970	variant_of	HGNC:10596	ClinVar	VCV001031970	https://www.ncbi.nlm.nih.gov/clinvar/variation/1031970	2026-10-04	observed	criteria provided, single submitter				{}
CLI000844	ClinVar:VCV001031970	causes_condition	MONDO:0013680	ClinVar	VCV001031970	https://www.ncbi.nlm.nih.gov/clinvar/variation/1031970	2026-10-04	observed	criteria provided, single submitter				"{""classification"": ""Likely pathogenic"", ""trait_name"": ""Cognitive impairment with or without cerebellar ataxia"", ""consequence"": ""missense""}"
CLI000845	ClinVar:VCV001031807	variant_of	HGNC:10596	ClinVar	VCV001031807	https://www.ncbi.nlm.nih.gov/clinvar/variation/1031807	2026-10-04	observed	criteria provided, single submitter				{}
CLI000846	ClinVar:VCV001031807	causes_condition	MONDO:0013801	ClinVar	VCV001031807	https://www.ncbi.nlm.nih.gov/clinvar/variation/1031807	2026-10-04	observed	criteria provided, single submitter				"{""classification"": ""Likely pathogenic"", ""trait_name"": ""Developmental and epileptic encephalopathy, 13"", ""consequence"": ""missense""}"
CLI000847	ClinVar:VCV001029253	variant_of	HGNC:10596	ClinVar	VCV001029253	https://www.ncbi.nlm.nih.gov/clinvar/variation/1029253	2026-10-04	observed	criteria provided, multiple submitters, no conflicts				{}
CLI000848	ClinVar:VCV001029253	causes_condition	MONDO:0013801	ClinVar	VCV001029253	https://www.ncbi.nlm.nih.gov/clinvar/variation/1029253	2026-10-04	observed	criteria provided, multiple submitters, no conflicts				"{""classification"": ""Pathogenic/Likely pathogenic"", ""trait_name"": ""Developmental and epileptic encephalopathy, 13"", ""consequence"": ""missense""}"
CLI000849	ClinVar:VCV001007610	variant_of	HGNC:10596	ClinVar	VCV001007610	https://www.ncbi.nlm.nih.gov/clinvar/variation/1007610	2026-10-04	observed	criteria provided, multiple submitters, no conflicts				{}
CLI000850	ClinVar:VCV001007610	causes_condition	MONDO:0800491	ClinVar	VCV001007610	https://www.ncbi.nlm.nih.gov/clinvar/variation/1007610	2026-10-04	observed	criteria provided, multiple submitters, no conflicts				"{""classification"": ""Likely pathogenic"", ""trait_name"": ""Early-infantile DEE"", ""consequence"": ""missense""}"
CLI000851	ClinVar:VCV001007517	variant_of	HGNC:10596	ClinVar	VCV001007517	https://www.ncbi.nlm.nih.gov/clinvar/variation/1007517	2026-10-04	observed	criteria provided, single submitter				{}
CLI000852	ClinVar:VCV001007517	causes_condition	MONDO:0800491	ClinVar	VCV001007517	https://www.ncbi.nlm.nih.gov/clinvar/variation/1007517	2026-10-04	observed	criteria provided, single submitter				"{""classification"": ""Pathogenic"", ""trait_name"": ""Early-infantile DEE"", ""consequence"": ""missense""}"
CLI000853	ClinVar:VCV001005108	variant_of	HGNC:10596	ClinVar	VCV001005108	https://www.ncbi.nlm.nih.gov/clinvar/variation/1005108	2026-10-04	observed	criteria provided, single submitter				{}
CLI000854	ClinVar:VCV001005108	causes_condition	MONDO:0800491	ClinVar	VCV001005108	https://www.ncbi.nlm.nih.gov/clinvar/variation/1005108	2026-10-04	observed	criteria provided, single submitter				"{""classification"": ""Pathogenic"", ""trait_name"": ""Early-infantile DEE"", ""consequence"": ""missense""}"
CLI000855	ClinVar:VCV000996906	variant_of	HGNC:10596	ClinVar	VCV000996906	https://www.ncbi.nlm.nih.gov/clinvar/variation/996906	2026-10-04	observed	criteria provided, single submitter				{}
CLI000856	ClinVar:VCV000996906	causes_condition	MONDO:0013680	ClinVar	VCV000996906	https://www.ncbi.nlm.nih.gov/clinvar/variation/996906	2026-10-04	observed	criteria provided, single submitter				"{""classification"": ""Likely pathogenic"", ""trait_name"": ""Cognitive impairment with or without cerebellar ataxia"", ""consequence"": ""missense""}"
CLI000857	ClinVar:VCV000989260	variant_of	HGNC:10596	ClinVar	VCV000989260	https://www.ncbi.nlm.nih.gov/clinvar/variation/989260	2026-10-04	observed	criteria provided, single submitter				{}
CLI000858	ClinVar:VCV000989260	causes_condition	MONDO:0013801	ClinVar	VCV000989260	https://www.ncbi.nlm.nih.gov/clinvar/variation/989260	2026-10-04	observed	criteria provided, single submitter				"{""classification"": ""Likely pathogenic"", ""trait_name"": ""Developmental and epileptic encephalopathy, 13"", ""consequence"": ""missense""}"
CLI000859	ClinVar:VCV000986260	variant_of	HGNC:10596	ClinVar	VCV000986260	https://www.ncbi.nlm.nih.gov/clinvar/variation/986260	2026-10-04	observed	criteria provided, single submitter				{}
CLI000860	ClinVar:VCV000986136	variant_of	HGNC:10596	ClinVar	VCV000986136	https://www.ncbi.nlm.nih.gov/clinvar/variation/986136	2026-10-04	observed	criteria provided, single submitter				{}
CLI000861	ClinVar:VCV000982943	variant_of	HGNC:10596	ClinVar	VCV000982943	https://www.ncbi.nlm.nih.gov/clinvar/variation/982943	2026-10-04	observed	criteria provided, single submitter				{}
CLI000862	ClinVar:VCV000982943	causes_condition	MONDO:0013801	ClinVar	VCV000982943	https://www.ncbi.nlm.nih.gov/clinvar/variation/982943	2026-10-04	observed	criteria provided, single submitter				"{""classification"": ""Likely pathogenic"", ""trait_name"": ""Developmental and epileptic encephalopathy, 13"", ""consequence"": ""missense""}"
CLI000863	ClinVar:VCV000976197	variant_of	HGNC:10596	ClinVar	VCV000976197	https://www.ncbi.nlm.nih.gov/clinvar/variation/976197	2026-10-04	observed	criteria provided, multiple submitters, no conflicts				{}
CLI000864	ClinVar:VCV000976197	causes_condition	MONDO:0013801	ClinVar	VCV000976197	https://www.ncbi.nlm.nih.gov/clinvar/variation/976197	2026-10-04	observed	criteria provided, multiple submitters, no conflicts				"{""classification"": ""Pathogenic/Likely pathogenic"", ""trait_name"": ""Developmental and epileptic encephalopathy, 13"", ""consequence"": ""missense""}"
CLI000865	ClinVar:VCV000976197	causes_condition	MONDO:0800491	ClinVar	VCV000976197	https://www.ncbi.nlm.nih.gov/clinvar/variation/976197	2026-10-04	observed	criteria provided, multiple submitters, no conflicts				"{""classification"": ""Pathogenic/Likely pathogenic"", ""trait_name"": ""Early-infantile DEE"", ""consequence"": ""missense""}"
CLI000866	ClinVar:VCV000975769	variant_of	HGNC:10596	ClinVar	VCV000975769	https://www.ncbi.nlm.nih.gov/clinvar/variation/975769	2026-10-04	observed	no assertion criteria provided				{}
CLI000867	ClinVar:VCV000975769	causes_condition	MONDO:0013801	ClinVar	VCV000975769	https://www.ncbi.nlm.nih.gov/clinvar/variation/975769	2026-10-04	observed	no assertion criteria provided				"{""classification"": ""Likely pathogenic"", ""trait_name"": ""Developmental and epileptic encephalopathy, 13"", ""consequence"": ""missense""}"
CLI000868	ClinVar:VCV000973303	variant_of	HGNC:10596	ClinVar	VCV000973303	https://www.ncbi.nlm.nih.gov/clinvar/variation/973303	2026-10-04	observed	criteria provided, single submitter				{}
CLI000869	ClinVar:VCV000973303	causes_condition	MONDO:0013801	ClinVar	VCV000973303	https://www.ncbi.nlm.nih.gov/clinvar/variation/973303	2026-10-04	observed	criteria provided, single submitter				"{""classification"": ""Likely pathogenic"", ""trait_name"": ""Developmental and epileptic encephalopathy, 13"", ""consequence"": ""missense""}"
CLI000870	ClinVar:VCV000964412	variant_of	HGNC:10596	ClinVar	VCV000964412	https://www.ncbi.nlm.nih.gov/clinvar/variation/964412	2026-10-04	observed	criteria provided, multiple submitters, no conflicts				{}
CLI000871	ClinVar:VCV000956913	variant_of	HGNC:10596	ClinVar	VCV000956913	https://www.ncbi.nlm.nih.gov/clinvar/variation/956913	2026-10-04	observed	criteria provided, single submitter				{}
CLI000872	ClinVar:VCV000956913	causes_condition	MONDO:0800491	ClinVar	VCV000956913	https://www.ncbi.nlm.nih.gov/clinvar/variation/956913	2026-10-04	observed	criteria provided, single submitter				"{""classification"": ""Pathogenic"", ""trait_name"": ""Early-infantile DEE"", ""consequence"": ""missense""}"
CLI000873	ClinVar:VCV000944708	variant_of	HGNC:10596	ClinVar	VCV000944708	https://www.ncbi.nlm.nih.gov/clinvar/variation/944708	2026-10-04	observed	criteria provided, single submitter				{}
CLI000874	ClinVar:VCV000944708	causes_condition	MONDO:0800491	ClinVar	VCV000944708	https://www.ncbi.nlm.nih.gov/clinvar/variation/944708	2026-10-04	observed	criteria provided, single submitter				"{""classification"": ""Likely pathogenic"", ""trait_name"": ""Early-infantile DEE"", ""consequence"": ""missense""}"
CLI000875	ClinVar:VCV000943886	variant_of	HGNC:10596	ClinVar	VCV000943886	https://www.ncbi.nlm.nih.gov/clinvar/variation/943886	2026-10-04	observed	criteria provided, multiple submitters, no conflicts				{}
CLI000876	ClinVar:VCV000943886	causes_condition	MONDO:0013801	ClinVar	VCV000943886	https://www.ncbi.nlm.nih.gov/clinvar/variation/943886	2026-10-04	observed	criteria provided, multiple submitters, no conflicts				"{""classification"": ""Pathogenic/Likely pathogenic"", ""trait_name"": ""Developmental and epileptic encephalopathy, 13"", ""consequence"": ""truncating""}"
CLI000877	ClinVar:VCV000943886	causes_condition	MONDO:0800491	ClinVar	VCV000943886	https://www.ncbi.nlm.nih.gov/clinvar/variation/943886	2026-10-04	observed	criteria provided, multiple submitters, no conflicts				"{""classification"": ""Pathogenic/Likely pathogenic"", ""trait_name"": ""Early-infantile DEE"", ""consequence"": ""truncating""}"
CLI000878	ClinVar:VCV000935285	variant_of	HGNC:10596	ClinVar	VCV000935285	https://www.ncbi.nlm.nih.gov/clinvar/variation/935285	2026-10-04	observed	criteria provided, single submitter				{}
CLI000879	ClinVar:VCV000935285	causes_condition	MONDO:0800491	ClinVar	VCV000935285	https://www.ncbi.nlm.nih.gov/clinvar/variation/935285	2026-10-04	observed	criteria provided, single submitter				"{""classification"": ""Likely pathogenic"", ""trait_name"": ""Early-infantile DEE"", ""consequence"": ""missense""}"
CLI000880	ClinVar:VCV000934328	variant_of	HGNC:10596	ClinVar	VCV000934328	https://www.ncbi.nlm.nih.gov/clinvar/variation/934328	2026-10-04	observed	criteria provided, multiple submitters, no conflicts				{}
CLI000881	ClinVar:VCV000934328	causes_condition	MONDO:0800491	ClinVar	VCV000934328	https://www.ncbi.nlm.nih.gov/clinvar/variation/934328	2026-10-04	observed	criteria provided, multiple submitters, no conflicts				"{""classification"": ""Pathogenic/Likely pathogenic"", ""trait_name"": ""Early-infantile DEE"", ""consequence"": ""missense""}"
CLI000882	ClinVar:VCV000930337	variant_of	HGNC:10596	ClinVar	VCV000930337	https://www.ncbi.nlm.nih.gov/clinvar/variation/930337	2026-10-04	observed	criteria provided, single submitter				{}
CLI000883	ClinVar:VCV000930337	causes_condition	MONDO:0013801	ClinVar	VCV000930337	https://www.ncbi.nlm.nih.gov/clinvar/variation/930337	2026-10-04	observed	criteria provided, single submitter				"{""classification"": ""Likely pathogenic"", ""trait_name"": ""Developmental and epileptic encephalopathy, 13"", ""consequence"": ""missense""}"
CLI000884	ClinVar:VCV000929393	variant_of	HGNC:10596	ClinVar	VCV000929393	https://www.ncbi.nlm.nih.gov/clinvar/variation/929393	2026-10-04	observed	criteria provided, single submitter				{}
CLI000885	ClinVar:VCV000871345	variant_of	HGNC:10596	ClinVar	VCV000871345	https://www.ncbi.nlm.nih.gov/clinvar/variation/871345	2026-10-04	observed	criteria provided, single submitter				{}
CLI000886	ClinVar:VCV000871344	variant_of	HGNC:10596	ClinVar	VCV000871344	https://www.ncbi.nlm.nih.gov/clinvar/variation/871344	2026-10-04	observed	criteria provided, single submitter				{}
CLI000887	ClinVar:VCV000871343	variant_of	HGNC:10596	ClinVar	VCV000871343	https://www.ncbi.nlm.nih.gov/clinvar/variation/871343	2026-10-04	observed	criteria provided, single submitter				{}
CLI000888	ClinVar:VCV000870200	variant_of	HGNC:10596	ClinVar	VCV000870200	https://www.ncbi.nlm.nih.gov/clinvar/variation/870200	2026-10-04	observed	criteria provided, single submitter				{}
CLI000889	ClinVar:VCV000870200	causes_condition	MONDO:0013801	ClinVar	VCV000870200	https://www.ncbi.nlm.nih.gov/clinvar/variation/870200	2026-10-04	observed	criteria provided, single submitter				"{""classification"": ""Pathogenic"", ""trait_name"": ""Developmental and epileptic encephalopathy, 13"", ""consequence"": ""missense""}"
CLI000890	ClinVar:VCV000870198	variant_of	HGNC:10596	ClinVar	VCV000870198	https://www.ncbi.nlm.nih.gov/clinvar/variation/870198	2026-10-04	observed	criteria provided, single submitter				{}
CLI000891	ClinVar:VCV000870198	causes_condition	MONDO:0013801	ClinVar	VCV000870198	https://www.ncbi.nlm.nih.gov/clinvar/variation/870198	2026-10-04	observed	criteria provided, single submitter				"{""classification"": ""Likely pathogenic"", ""trait_name"": ""Developmental and epileptic encephalopathy, 13"", ""consequence"": ""missense""}"
CLI000892	ClinVar:VCV000869447	variant_of	HGNC:10596	ClinVar	VCV000869447	https://www.ncbi.nlm.nih.gov/clinvar/variation/869447	2026-10-04	observed	criteria provided, multiple submitters, no conflicts				{}
CLI000893	ClinVar:VCV000869447	causes_condition	MONDO:0800491	ClinVar	VCV000869447	https://www.ncbi.nlm.nih.gov/clinvar/variation/869447	2026-10-04	observed	criteria provided, multiple submitters, no conflicts				"{""classification"": ""Pathogenic/Likely pathogenic"", ""trait_name"": ""Early-infantile DEE"", ""consequence"": ""missense""}"
CLI000894	ClinVar:VCV000869447	causes_condition	MONDO:0013801	ClinVar	VCV000869447	https://www.ncbi.nlm.nih.gov/clinvar/variation/869447	2026-10-04	observed	criteria provided, multiple submitters, no conflicts				"{""classification"": ""Pathogenic/Likely pathogenic"", ""trait_name"": ""Developmental and epileptic encephalopathy, 13"", ""consequence"": ""missense""}"
CLI000895	ClinVar:VCV000847572	variant_of	HGNC:10596	ClinVar	VCV000847572	https://www.ncbi.nlm.nih.gov/clinvar/variation/847572	2026-10-04	observed	criteria provided, single submitter				{}
CLI000896	ClinVar:VCV000847572	causes_condition	MONDO:0800491	ClinVar	VCV000847572	https://www.ncbi.nlm.nih.gov/clinvar/variation/847572	2026-10-04	observed	criteria provided, single submitter				"{""classification"": ""Likely pathogenic"", ""trait_name"": ""Early-infantile DEE"", ""consequence"": ""missense""}"
CLI000897	ClinVar:VCV000844258	variant_of	HGNC:10596	ClinVar	VCV000844258	https://www.ncbi.nlm.nih.gov/clinvar/variation/844258	2026-10-04	observed	criteria provided, single submitter				{}
CLI000898	ClinVar:VCV000844258	causes_condition	MONDO:0800491	ClinVar	VCV000844258	https://www.ncbi.nlm.nih.gov/clinvar/variation/844258	2026-10-04	observed	criteria provided, single submitter				"{""classification"": ""Likely pathogenic"", ""trait_name"": ""Early-infantile DEE"", ""consequence"": ""missense""}"
CLI000899	ClinVar:VCV000839506	variant_of	HGNC:10596	ClinVar	VCV000839506	https://www.ncbi.nlm.nih.gov/clinvar/variation/839506	2026-10-04	observed	criteria provided, single submitter				{}
CLI000900	ClinVar:VCV000839506	causes_condition	MONDO:0800491	ClinVar	VCV000839506	https://www.ncbi.nlm.nih.gov/clinvar/variation/839506	2026-10-04	observed	criteria provided, single submitter				"{""classification"": ""Pathogenic"", ""trait_name"": ""Early-infantile DEE"", ""consequence"": ""missense""}"
CLI000901	ClinVar:VCV000836368	variant_of	HGNC:10596	ClinVar	VCV000836368	https://www.ncbi.nlm.nih.gov/clinvar/variation/836368	2026-10-04	observed	criteria provided, multiple submitters, no conflicts				{}
CLI000902	ClinVar:VCV000836368	causes_condition	MONDO:0800491	ClinVar	VCV000836368	https://www.ncbi.nlm.nih.gov/clinvar/variation/836368	2026-10-04	observed	criteria provided, multiple submitters, no conflicts				"{""classification"": ""Likely pathogenic"", ""trait_name"": ""Early-infantile DEE"", ""consequence"": ""missense""}"
CLI000903	ClinVar:VCV000817136	variant_of	HGNC:10596	ClinVar	VCV000817136	https://www.ncbi.nlm.nih.gov/clinvar/variation/817136	2026-10-04	observed	criteria provided, single submitter				{}
CLI000904	ClinVar:VCV000813773	variant_of	HGNC:10596	ClinVar	VCV000813773	https://www.ncbi.nlm.nih.gov/clinvar/variation/813773	2026-10-04	observed	criteria provided, single submitter				{}
CLI000905	ClinVar:VCV000813773	causes_condition	MONDO:0013801	ClinVar	VCV000813773	https://www.ncbi.nlm.nih.gov/clinvar/variation/813773	2026-10-04	observed	criteria provided, single submitter				"{""classification"": ""Pathogenic"", ""trait_name"": ""Developmental and epileptic encephalopathy, 13"", ""consequence"": ""missense""}"
CLI000906	ClinVar:VCV000813735	variant_of	HGNC:10596	ClinVar	VCV000813735	https://www.ncbi.nlm.nih.gov/clinvar/variation/813735	2026-10-04	observed	criteria provided, single submitter				{}
CLI000907	ClinVar:VCV000813735	causes_condition	MONDO:0013801	ClinVar	VCV000813735	https://www.ncbi.nlm.nih.gov/clinvar/variation/813735	2026-10-04	observed	criteria provided, single submitter				"{""classification"": ""Likely pathogenic"", ""trait_name"": ""Developmental and epileptic encephalopathy, 13"", ""consequence"": ""missense""}"
CLI000908	ClinVar:VCV000812774	variant_of	HGNC:10596	ClinVar	VCV000812774	https://www.ncbi.nlm.nih.gov/clinvar/variation/812774	2026-10-04	observed	no assertion criteria provided				{}
CLI000909	ClinVar:VCV000807679	variant_of	HGNC:10596	ClinVar	VCV000807679	https://www.ncbi.nlm.nih.gov/clinvar/variation/807679	2026-10-04	observed	criteria provided, single submitter				{}
CLI000910	ClinVar:VCV000807679	causes_condition	MONDO:0013680	ClinVar	VCV000807679	https://www.ncbi.nlm.nih.gov/clinvar/variation/807679	2026-10-04	observed	criteria provided, single submitter				"{""classification"": ""Likely pathogenic"", ""trait_name"": ""Cognitive impairment with or without cerebellar ataxia"", ""consequence"": ""missense""}"
CLI000911	ClinVar:VCV000802860	variant_of	HGNC:10596	ClinVar	VCV000802860	https://www.ncbi.nlm.nih.gov/clinvar/variation/802860	2026-10-04	observed	criteria provided, single submitter				{}
CLI000912	ClinVar:VCV000802860	causes_condition	MONDO:0013801	ClinVar	VCV000802860	https://www.ncbi.nlm.nih.gov/clinvar/variation/802860	2026-10-04	observed	criteria provided, single submitter				"{""classification"": ""Likely pathogenic"", ""trait_name"": ""Developmental and epileptic encephalopathy, 13"", ""consequence"": ""missense""}"
CLI000913	ClinVar:VCV000802858	variant_of	HGNC:10596	ClinVar	VCV000802858	https://www.ncbi.nlm.nih.gov/clinvar/variation/802858	2026-10-04	observed	criteria provided, single submitter				{}
CLI000914	ClinVar:VCV000802858	causes_condition	MONDO:0013801	ClinVar	VCV000802858	https://www.ncbi.nlm.nih.gov/clinvar/variation/802858	2026-10-04	observed	criteria provided, single submitter				"{""classification"": ""Likely pathogenic"", ""trait_name"": ""Developmental and epileptic encephalopathy, 13"", ""consequence"": ""missense""}"
CLI000915	ClinVar:VCV000802857	variant_of	HGNC:10596	ClinVar	VCV000802857	https://www.ncbi.nlm.nih.gov/clinvar/variation/802857	2026-10-04	observed	criteria provided, single submitter				{}
CLI000916	ClinVar:VCV000802857	causes_condition	MONDO:0013801	ClinVar	VCV000802857	https://www.ncbi.nlm.nih.gov/clinvar/variation/802857	2026-10-04	observed	criteria provided, single submitter				"{""classification"": ""Likely pathogenic"", ""trait_name"": ""Developmental and epileptic encephalopathy, 13"", ""consequence"": ""missense""}"
CLI000917	ClinVar:VCV000763582	variant_of	HGNC:10596	ClinVar	VCV000763582	https://www.ncbi.nlm.nih.gov/clinvar/variation/763582	2026-10-04	observed	criteria provided, single submitter				{}
CLI000918	ClinVar:VCV000763582	causes_condition	MONDO:0800491	ClinVar	VCV000763582	https://www.ncbi.nlm.nih.gov/clinvar/variation/763582	2026-10-04	observed	criteria provided, single submitter				"{""classification"": ""Likely pathogenic"", ""trait_name"": ""Early-infantile DEE"", ""consequence"": ""missense""}"
CLI000919	ClinVar:VCV000694309	variant_of	HGNC:10596	ClinVar	VCV000694309	https://www.ncbi.nlm.nih.gov/clinvar/variation/694309	2026-10-04	observed	reviewed by expert panel				{}
CLI000920	ClinVar:VCV000692305	variant_of	HGNC:10596	ClinVar	VCV000692305	https://www.ncbi.nlm.nih.gov/clinvar/variation/692305	2026-10-04	observed	criteria provided, multiple submitters, no conflicts				{}
CLI000921	ClinVar:VCV000692305	causes_condition	MONDO:0013801	ClinVar	VCV000692305	https://www.ncbi.nlm.nih.gov/clinvar/variation/692305	2026-10-04	observed	criteria provided, multiple submitters, no conflicts				"{""classification"": ""Likely pathogenic"", ""trait_name"": ""Developmental and epileptic encephalopathy, 13"", ""consequence"": ""missense""}"
CLI000922	ClinVar:VCV000691261	variant_of	HGNC:10596	ClinVar	VCV000691261	https://www.ncbi.nlm.nih.gov/clinvar/variation/691261	2026-10-04	observed	criteria provided, single submitter				{}
CLI000923	ClinVar:VCV000691257	variant_of	HGNC:10596	ClinVar	VCV000691257	https://www.ncbi.nlm.nih.gov/clinvar/variation/691257	2026-10-04	observed	criteria provided, multiple submitters, no conflicts				{}
CLI000924	ClinVar:VCV000691254	variant_of	HGNC:10596	ClinVar	VCV000691254	https://www.ncbi.nlm.nih.gov/clinvar/variation/691254	2026-10-04	observed	reviewed by expert panel				{}
CLI000925	ClinVar:VCV000689734	variant_of	HGNC:10596	ClinVar	VCV000689734	https://www.ncbi.nlm.nih.gov/clinvar/variation/689734	2026-10-04	observed	criteria provided, single submitter				{}
CLI000926	ClinVar:VCV000689734	causes_condition	MONDO:0014903	ClinVar	VCV000689734	https://www.ncbi.nlm.nih.gov/clinvar/variation/689734	2026-10-04	observed	criteria provided, single submitter				"{""classification"": ""Likely pathogenic"", ""trait_name"": ""Seizures, benign familial infantile, 5"", ""consequence"": ""missense""}"
CLI000927	ClinVar:VCV000689734	causes_condition	MONDO:0013680	ClinVar	VCV000689734	https://www.ncbi.nlm.nih.gov/clinvar/variation/689734	2026-10-04	observed	criteria provided, single submitter				"{""classification"": ""Likely pathogenic"", ""trait_name"": ""Cognitive impairment with or without cerebellar ataxia"", ""consequence"": ""missense""}"
CLI000928	ClinVar:VCV000689734	causes_condition	MONDO:0013801	ClinVar	VCV000689734	https://www.ncbi.nlm.nih.gov/clinvar/variation/689734	2026-10-04	observed	criteria provided, single submitter				"{""classification"": ""Likely pathogenic"", ""trait_name"": ""Developmental and epileptic encephalopathy, 13"", ""consequence"": ""missense""}"
CLI000929	ClinVar:VCV000689732	variant_of	HGNC:10596	ClinVar	VCV000689732	https://www.ncbi.nlm.nih.gov/clinvar/variation/689732	2026-10-04	observed	criteria provided, single submitter				{}
CLI000930	ClinVar:VCV000689732	causes_condition	MONDO:0014903	ClinVar	VCV000689732	https://www.ncbi.nlm.nih.gov/clinvar/variation/689732	2026-10-04	observed	criteria provided, single submitter				"{""classification"": ""Likely pathogenic"", ""trait_name"": ""Seizures, benign familial infantile, 5"", ""consequence"": ""missense""}"
CLI000931	ClinVar:VCV000689732	causes_condition	MONDO:0013680	ClinVar	VCV000689732	https://www.ncbi.nlm.nih.gov/clinvar/variation/689732	2026-10-04	observed	criteria provided, single submitter				"{""classification"": ""Likely pathogenic"", ""trait_name"": ""Cognitive impairment with or without cerebellar ataxia"", ""consequence"": ""missense""}"
CLI000932	ClinVar:VCV000689732	causes_condition	MONDO:0013801	ClinVar	VCV000689732	https://www.ncbi.nlm.nih.gov/clinvar/variation/689732	2026-10-04	observed	criteria provided, single submitter				"{""classification"": ""Likely pathogenic"", ""trait_name"": ""Developmental and epileptic encephalopathy, 13"", ""consequence"": ""missense""}"
CLI000933	ClinVar:VCV000665657	variant_of	HGNC:10596	ClinVar	VCV000665657	https://www.ncbi.nlm.nih.gov/clinvar/variation/665657	2026-10-04	observed	criteria provided, single submitter				{}
CLI000934	ClinVar:VCV000665356	variant_of	HGNC:10596	ClinVar	VCV000665356	https://www.ncbi.nlm.nih.gov/clinvar/variation/665356	2026-10-04	observed	criteria provided, multiple submitters, no conflicts				{}
CLI000935	ClinVar:VCV000665356	causes_condition	MONDO:0800491	ClinVar	VCV000665356	https://www.ncbi.nlm.nih.gov/clinvar/variation/665356	2026-10-04	observed	criteria provided, multiple submitters, no conflicts				"{""classification"": ""Pathogenic/Likely pathogenic"", ""trait_name"": ""Early-infantile DEE"", ""consequence"": ""missense""}"
CLI000936	ClinVar:VCV000657717	variant_of	HGNC:10596	ClinVar	VCV000657717	https://www.ncbi.nlm.nih.gov/clinvar/variation/657717	2026-10-04	observed	criteria provided, multiple submitters, no conflicts				{}
CLI000937	ClinVar:VCV000657717	causes_condition	MONDO:0800491	ClinVar	VCV000657717	https://www.ncbi.nlm.nih.gov/clinvar/variation/657717	2026-10-04	observed	criteria provided, multiple submitters, no conflicts				"{""classification"": ""Pathogenic/Likely pathogenic"", ""trait_name"": ""Early-infantile DEE"", ""consequence"": ""missense""}"
CLI000938	ClinVar:VCV000657717	causes_condition	MONDO:0013801	ClinVar	VCV000657717	https://www.ncbi.nlm.nih.gov/clinvar/variation/657717	2026-10-04	observed	criteria provided, multiple submitters, no conflicts				"{""classification"": ""Pathogenic/Likely pathogenic"", ""trait_name"": ""Developmental and epileptic encephalopathy, 13"", ""consequence"": ""missense""}"
CLI000939	ClinVar:VCV000650755	variant_of	HGNC:10596	ClinVar	VCV000650755	https://www.ncbi.nlm.nih.gov/clinvar/variation/650755	2026-10-04	observed	criteria provided, single submitter				{}
CLI000940	ClinVar:VCV000650755	causes_condition	MONDO:0800491	ClinVar	VCV000650755	https://www.ncbi.nlm.nih.gov/clinvar/variation/650755	2026-10-04	observed	criteria provided, single submitter				"{""classification"": ""Likely pathogenic"", ""trait_name"": ""Early-infantile DEE"", ""consequence"": ""missense""}"
CLI000941	ClinVar:VCV000645039	variant_of	HGNC:10596	ClinVar	VCV000645039	https://www.ncbi.nlm.nih.gov/clinvar/variation/645039	2026-10-04	observed	criteria provided, single submitter				{}
CLI000942	ClinVar:VCV000645039	causes_condition	MONDO:0800491	ClinVar	VCV000645039	https://www.ncbi.nlm.nih.gov/clinvar/variation/645039	2026-10-04	observed	criteria provided, single submitter				"{""classification"": ""Pathogenic"", ""trait_name"": ""Early-infantile DEE"", ""consequence"": ""truncating""}"
CLI000943	ClinVar:VCV000643045	variant_of	HGNC:10596	ClinVar	VCV000643045	https://www.ncbi.nlm.nih.gov/clinvar/variation/643045	2026-10-04	observed	criteria provided, single submitter				{}
CLI000944	ClinVar:VCV000643045	causes_condition	MONDO:0800491	ClinVar	VCV000643045	https://www.ncbi.nlm.nih.gov/clinvar/variation/643045	2026-10-04	observed	criteria provided, single submitter				"{""classification"": ""Pathogenic"", ""trait_name"": ""Early-infantile DEE"", ""consequence"": ""missense""}"
CLI000945	ClinVar:VCV000642701	variant_of	HGNC:10596	ClinVar	VCV000642701	https://www.ncbi.nlm.nih.gov/clinvar/variation/642701	2026-10-04	observed	criteria provided, multiple submitters, no conflicts				{}
CLI000946	ClinVar:VCV000642701	causes_condition	MONDO:0014903	ClinVar	VCV000642701	https://www.ncbi.nlm.nih.gov/clinvar/variation/642701	2026-10-04	observed	criteria provided, multiple submitters, no conflicts				"{""classification"": ""Pathogenic/Likely pathogenic"", ""trait_name"": ""Seizures, benign familial infantile, 5"", ""consequence"": ""missense""}"
CLI000947	ClinVar:VCV000642701	causes_condition	MONDO:0013801	ClinVar	VCV000642701	https://www.ncbi.nlm.nih.gov/clinvar/variation/642701	2026-10-04	observed	criteria provided, multiple submitters, no conflicts				"{""classification"": ""Pathogenic/Likely pathogenic"", ""trait_name"": ""Developmental and epileptic encephalopathy, 13"", ""consequence"": ""missense""}"
CLI000948	ClinVar:VCV000642701	causes_condition	MONDO:0800491	ClinVar	VCV000642701	https://www.ncbi.nlm.nih.gov/clinvar/variation/642701	2026-10-04	observed	criteria provided, multiple submitters, no conflicts				"{""classification"": ""Pathogenic/Likely pathogenic"", ""trait_name"": ""Early-infantile DEE"", ""consequence"": ""missense""}"
CLI000949	ClinVar:VCV000624624	variant_of	HGNC:10596	ClinVar	VCV000624624	https://www.ncbi.nlm.nih.gov/clinvar/variation/624624	2026-10-04	observed	reviewed by expert panel				{}
CLI000950	ClinVar:VCV000623809	variant_of	HGNC:10596	ClinVar	VCV000623809	https://www.ncbi.nlm.nih.gov/clinvar/variation/623809	2026-10-04	observed	criteria provided, single submitter				{}
CLI000951	ClinVar:VCV000623808	variant_of	HGNC:10596	ClinVar	VCV000623808	https://www.ncbi.nlm.nih.gov/clinvar/variation/623808	2026-10-04	observed	criteria provided, single submitter				{}
CLI000952	ClinVar:VCV000623637	variant_of	HGNC:10596	ClinVar	VCV000623637	https://www.ncbi.nlm.nih.gov/clinvar/variation/623637	2026-10-04	observed	no assertion criteria provided				{}
CLI000953	ClinVar:VCV000623637	causes_condition	MONDO:0100092	ClinVar	VCV000623637	https://www.ncbi.nlm.nih.gov/clinvar/variation/623637	2026-10-04	observed	no assertion criteria provided				"{""classification"": ""Pathogenic"", ""trait_name"": ""Myoclonus, familial, 2"", ""consequence"": ""missense""}"
CLI000954	ClinVar:VCV000589500	variant_of	HGNC:10596	ClinVar	VCV000589500	https://www.ncbi.nlm.nih.gov/clinvar/variation/589500	2026-10-04	observed	criteria provided, single submitter				{}
CLI000955	ClinVar:VCV000589439	variant_of	HGNC:10596	ClinVar	VCV000589439	https://www.ncbi.nlm.nih.gov/clinvar/variation/589439	2026-10-04	observed	criteria provided, single submitter				{}
CLI000956	ClinVar:VCV000589412	variant_of	HGNC:10596	ClinVar	VCV000589412	https://www.ncbi.nlm.nih.gov/clinvar/variation/589412	2026-10-04	observed	criteria provided, single submitter				{}
CLI000957	ClinVar:VCV000574400	variant_of	HGNC:10596	ClinVar	VCV000574400	https://www.ncbi.nlm.nih.gov/clinvar/variation/574400	2026-10-04	observed	criteria provided, multiple submitters, no conflicts				{}
CLI000958	ClinVar:VCV000574400	causes_condition	MONDO:0014903	ClinVar	VCV000574400	https://www.ncbi.nlm.nih.gov/clinvar/variation/574400	2026-10-04	observed	criteria provided, multiple submitters, no conflicts				"{""classification"": ""Pathogenic/Likely pathogenic"", ""trait_name"": ""Seizures, benign familial infantile, 5"", ""consequence"": ""missense""}"
CLI000959	ClinVar:VCV000574400	causes_condition	MONDO:0800491	ClinVar	VCV000574400	https://www.ncbi.nlm.nih.gov/clinvar/variation/574400	2026-10-04	observed	criteria provided, multiple submitters, no conflicts				"{""classification"": ""Pathogenic/Likely pathogenic"", ""trait_name"": ""Early-infantile DEE"", ""consequence"": ""missense""}"
CLI000960	ClinVar:VCV000573377	variant_of	HGNC:10596	ClinVar	VCV000573377	https://www.ncbi.nlm.nih.gov/clinvar/variation/573377	2026-10-04	observed	criteria provided, multiple submitters, no conflicts				{}
CLI000961	ClinVar:VCV000573377	causes_condition	MONDO:0800491	ClinVar	VCV000573377	https://www.ncbi.nlm.nih.gov/clinvar/variation/573377	2026-10-04	observed	criteria provided, multiple submitters, no conflicts				"{""classification"": ""Pathogenic/Likely pathogenic"", ""trait_name"": ""Early-infantile DEE"", ""consequence"": ""missense""}"
CLI000962	ClinVar:VCV000569559	variant_of	HGNC:10596	ClinVar	VCV000569559	https://www.ncbi.nlm.nih.gov/clinvar/variation/569559	2026-10-04	observed	criteria provided, multiple submitters, no conflicts				{}
CLI000963	ClinVar:VCV000569559	causes_condition	MONDO:0013680	ClinVar	VCV000569559	https://www.ncbi.nlm.nih.gov/clinvar/variation/569559	2026-10-04	observed	criteria provided, multiple submitters, no conflicts				"{""classification"": ""Pathogenic"", ""trait_name"": ""Cognitive impairment with or without cerebellar ataxia"", ""consequence"": ""missense""}"
CLI000964	ClinVar:VCV000569559	causes_condition	MONDO:0800491	ClinVar	VCV000569559	https://www.ncbi.nlm.nih.gov/clinvar/variation/569559	2026-10-04	observed	criteria provided, multiple submitters, no conflicts				"{""classification"": ""Pathogenic"", ""trait_name"": ""Early-infantile DEE"", ""consequence"": ""missense""}"
CLI000965	ClinVar:VCV000565796	variant_of	HGNC:10596	ClinVar	VCV000565796	https://www.ncbi.nlm.nih.gov/clinvar/variation/565796	2026-10-04	observed	criteria provided, single submitter				{}
CLI000966	ClinVar:VCV000565796	causes_condition	MONDO:0800491	ClinVar	VCV000565796	https://www.ncbi.nlm.nih.gov/clinvar/variation/565796	2026-10-04	observed	criteria provided, single submitter				"{""classification"": ""Likely pathogenic"", ""trait_name"": ""Early-infantile DEE"", ""consequence"": ""missense""}"
CLI000967	ClinVar:VCV000565622	variant_of	HGNC:10596	ClinVar	VCV000565622	https://www.ncbi.nlm.nih.gov/clinvar/variation/565622	2026-10-04	observed	criteria provided, single submitter				{}
CLI000968	ClinVar:VCV000565622	causes_condition	MONDO:0800491	ClinVar	VCV000565622	https://www.ncbi.nlm.nih.gov/clinvar/variation/565622	2026-10-04	observed	criteria provided, single submitter				"{""classification"": ""Pathogenic"", ""trait_name"": ""Early-infantile DEE"", ""consequence"": ""missense""}"
CLI000969	ClinVar:VCV000559650	variant_of	HGNC:10596	ClinVar	VCV000559650	https://www.ncbi.nlm.nih.gov/clinvar/variation/559650	2026-10-04	observed	no assertion criteria provided				{}
CLI000970	ClinVar:VCV000559632	variant_of	HGNC:10596	ClinVar	VCV000559632	https://www.ncbi.nlm.nih.gov/clinvar/variation/559632	2026-10-04	observed	criteria provided, single submitter				{}
CLI000971	ClinVar:VCV000559632	causes_condition	MONDO:0013801	ClinVar	VCV000559632	https://www.ncbi.nlm.nih.gov/clinvar/variation/559632	2026-10-04	observed	criteria provided, single submitter				"{""classification"": ""Likely pathogenic"", ""trait_name"": ""Developmental and epileptic encephalopathy, 13"", ""consequence"": ""missense""}"
CLI000972	ClinVar:VCV000546250	variant_of	HGNC:10596	ClinVar	VCV000546250	https://www.ncbi.nlm.nih.gov/clinvar/variation/546250	2026-10-04	observed	criteria provided, single submitter				{}
CLI000973	ClinVar:VCV000530450	variant_of	HGNC:10596	ClinVar	VCV000530450	https://www.ncbi.nlm.nih.gov/clinvar/variation/530450	2026-10-04	observed	criteria provided, multiple submitters, no conflicts				{}
CLI000974	ClinVar:VCV000530450	causes_condition	MONDO:0800491	ClinVar	VCV000530450	https://www.ncbi.nlm.nih.gov/clinvar/variation/530450	2026-10-04	observed	criteria provided, multiple submitters, no conflicts				"{""classification"": ""Pathogenic/Likely pathogenic"", ""trait_name"": ""Early-infantile DEE"", ""consequence"": ""truncating""}"
CLI000975	ClinVar:VCV000522036	variant_of	HGNC:10596	ClinVar	VCV000522036	https://www.ncbi.nlm.nih.gov/clinvar/variation/522036	2026-10-04	observed	criteria provided, single submitter				{}
CLI000976	ClinVar:VCV000521907	variant_of	HGNC:10596	ClinVar	VCV000521907	https://www.ncbi.nlm.nih.gov/clinvar/variation/521907	2026-10-04	observed	criteria provided, multiple submitters, no conflicts				{}
CLI000977	ClinVar:VCV000521651	variant_of	HGNC:10596	ClinVar	VCV000521651	https://www.ncbi.nlm.nih.gov/clinvar/variation/521651	2026-10-04	observed	criteria provided, multiple submitters, no conflicts				{}
CLI000978	ClinVar:VCV000521651	causes_condition	MONDO:0013801	ClinVar	VCV000521651	https://www.ncbi.nlm.nih.gov/clinvar/variation/521651	2026-10-04	observed	criteria provided, multiple submitters, no conflicts				"{""classification"": ""Likely pathogenic"", ""trait_name"": ""Developmental and epileptic encephalopathy, 13"", ""consequence"": ""missense""}"
CLI000979	ClinVar:VCV000521297	variant_of	HGNC:10596	ClinVar	VCV000521297	https://www.ncbi.nlm.nih.gov/clinvar/variation/521297	2026-10-04	observed	criteria provided, single submitter				{}
CLI000980	ClinVar:VCV000520653	variant_of	HGNC:10596	ClinVar	VCV000520653	https://www.ncbi.nlm.nih.gov/clinvar/variation/520653	2026-10-04	observed	criteria provided, single submitter				{}
CLI000981	ClinVar:VCV000495260	variant_of	HGNC:10596	ClinVar	VCV000495260	https://www.ncbi.nlm.nih.gov/clinvar/variation/495260	2026-10-04	observed	criteria provided, multiple submitters, no conflicts				{}
CLI000982	ClinVar:VCV000495260	causes_condition	MONDO:0013680	ClinVar	VCV000495260	https://www.ncbi.nlm.nih.gov/clinvar/variation/495260	2026-10-04	observed	criteria provided, multiple submitters, no conflicts				"{""classification"": ""Pathogenic/Likely pathogenic"", ""trait_name"": ""Cognitive impairment with or without cerebellar ataxia"", ""consequence"": ""missense""}"
CLI000983	ClinVar:VCV000495260	causes_condition	MONDO:0013801	ClinVar	VCV000495260	https://www.ncbi.nlm.nih.gov/clinvar/variation/495260	2026-10-04	observed	criteria provided, multiple submitters, no conflicts				"{""classification"": ""Pathogenic/Likely pathogenic"", ""trait_name"": ""Developmental and epileptic encephalopathy, 13"", ""consequence"": ""missense""}"
CLI000984	ClinVar:VCV000489373	variant_of	HGNC:10596	ClinVar	VCV000489373	https://www.ncbi.nlm.nih.gov/clinvar/variation/489373	2026-10-04	observed	reviewed by expert panel				{}
CLI000985	ClinVar:VCV000461350	variant_of	HGNC:10596	ClinVar	VCV000461350	https://www.ncbi.nlm.nih.gov/clinvar/variation/461350	2026-10-04	observed	criteria provided, multiple submitters, no conflicts				{}
CLI000986	ClinVar:VCV000461350	causes_condition	MONDO:0800491	ClinVar	VCV000461350	https://www.ncbi.nlm.nih.gov/clinvar/variation/461350	2026-10-04	observed	criteria provided, multiple submitters, no conflicts				"{""classification"": ""Pathogenic"", ""trait_name"": ""Early-infantile DEE"", ""consequence"": ""truncating""}"
CLI000987	ClinVar:VCV000461331	variant_of	HGNC:10596	ClinVar	VCV000461331	https://www.ncbi.nlm.nih.gov/clinvar/variation/461331	2026-10-04	observed	criteria provided, single submitter				{}
CLI000988	ClinVar:VCV000461331	causes_condition	MONDO:0800491	ClinVar	VCV000461331	https://www.ncbi.nlm.nih.gov/clinvar/variation/461331	2026-10-04	observed	criteria provided, single submitter				"{""classification"": ""Likely pathogenic"", ""trait_name"": ""Early-infantile DEE"", ""consequence"": ""missense""}"
CLI000989	ClinVar:VCV000450347	variant_of	HGNC:10596	ClinVar	VCV000450347	https://www.ncbi.nlm.nih.gov/clinvar/variation/450347	2026-10-04	observed	criteria provided, single submitter				{}
CLI000990	ClinVar:VCV000436672	variant_of	HGNC:10596	ClinVar	VCV000436672	https://www.ncbi.nlm.nih.gov/clinvar/variation/436672	2026-10-04	observed	criteria provided, multiple submitters, no conflicts				{}
CLI000991	ClinVar:VCV000436672	causes_condition	MONDO:0013801	ClinVar	VCV000436672	https://www.ncbi.nlm.nih.gov/clinvar/variation/436672	2026-10-04	observed	criteria provided, multiple submitters, no conflicts				"{""classification"": ""Pathogenic/Likely pathogenic"", ""trait_name"": ""Developmental and epileptic encephalopathy, 13"", ""consequence"": ""missense""}"
CLI000992	ClinVar:VCV000432948	variant_of	HGNC:10596	ClinVar	VCV000432948	https://www.ncbi.nlm.nih.gov/clinvar/variation/432948	2026-10-04	observed	criteria provided, multiple submitters, no conflicts				{}
CLI000993	ClinVar:VCV000432948	causes_condition	MONDO:0800491	ClinVar	VCV000432948	https://www.ncbi.nlm.nih.gov/clinvar/variation/432948	2026-10-04	observed	criteria provided, multiple submitters, no conflicts				"{""classification"": ""Pathogenic/Likely pathogenic"", ""trait_name"": ""Early-infantile DEE"", ""consequence"": ""missense""}"
CLI000994	ClinVar:VCV000432103	variant_of	HGNC:10596	ClinVar	VCV000432103	https://www.ncbi.nlm.nih.gov/clinvar/variation/432103	2026-10-04	observed	criteria provided, multiple submitters, no conflicts				{}
CLI000995	ClinVar:VCV000431135	variant_of	HGNC:10596	ClinVar	VCV000431135	https://www.ncbi.nlm.nih.gov/clinvar/variation/431135	2026-10-04	observed	criteria provided, single submitter				{}
CLI000996	ClinVar:VCV000431135	causes_condition	MONDO:0013801	ClinVar	VCV000431135	https://www.ncbi.nlm.nih.gov/clinvar/variation/431135	2026-10-04	observed	criteria provided, single submitter				"{""classification"": ""Pathogenic"", ""trait_name"": ""Developmental and epileptic encephalopathy, 13"", ""consequence"": ""missense""}"
CLI000997	ClinVar:VCV000430208	variant_of	HGNC:10596	ClinVar	VCV000430208	https://www.ncbi.nlm.nih.gov/clinvar/variation/430208	2026-10-04	observed	criteria provided, multiple submitters, no conflicts				{}
CLI000998	ClinVar:VCV000430208	causes_condition	MONDO:0800491	ClinVar	VCV000430208	https://www.ncbi.nlm.nih.gov/clinvar/variation/430208	2026-10-04	observed	criteria provided, multiple submitters, no conflicts				"{""classification"": ""Pathogenic/Likely pathogenic"", ""trait_name"": ""Early-infantile DEE"", ""consequence"": ""missense""}"
CLI000999	ClinVar:VCV000429567	variant_of	HGNC:10596	ClinVar	VCV000429567	https://www.ncbi.nlm.nih.gov/clinvar/variation/429567	2026-10-04	observed	criteria provided, single submitter				{}
CLI001000	ClinVar:VCV000429498	variant_of	HGNC:10596	ClinVar	VCV000429498	https://www.ncbi.nlm.nih.gov/clinvar/variation/429498	2026-10-04	observed	criteria provided, single submitter				{}
CLI001001	ClinVar:VCV000429337	variant_of	HGNC:10596	ClinVar	VCV000429337	https://www.ncbi.nlm.nih.gov/clinvar/variation/429337	2026-10-04	observed	criteria provided, single submitter				{}
CLI001002	ClinVar:VCV000427189	variant_of	HGNC:10596	ClinVar	VCV000427189	https://www.ncbi.nlm.nih.gov/clinvar/variation/427189	2026-10-04	observed	criteria provided, single submitter				{}
CLI001003	ClinVar:VCV000427167	variant_of	HGNC:10596	ClinVar	VCV000427167	https://www.ncbi.nlm.nih.gov/clinvar/variation/427167	2026-10-04	observed	criteria provided, single submitter				{}
CLI001004	ClinVar:VCV000427069	variant_of	HGNC:10596	ClinVar	VCV000427069	https://www.ncbi.nlm.nih.gov/clinvar/variation/427069	2026-10-04	observed	criteria provided, single submitter				{}
CLI001005	ClinVar:VCV000426434	variant_of	HGNC:10596	ClinVar	VCV000426434	https://www.ncbi.nlm.nih.gov/clinvar/variation/426434	2026-10-04	observed	criteria provided, single submitter				{}
CLI001006	ClinVar:VCV000423147	variant_of	HGNC:10596	ClinVar	VCV000423147	https://www.ncbi.nlm.nih.gov/clinvar/variation/423147	2026-10-04	observed	criteria provided, single submitter				{}
CLI001007	ClinVar:VCV000420906	variant_of	HGNC:10596	ClinVar	VCV000420906	https://www.ncbi.nlm.nih.gov/clinvar/variation/420906	2026-10-04	observed	criteria provided, single submitter				{}
CLI001008	ClinVar:VCV000420831	variant_of	HGNC:10596	ClinVar	VCV000420831	https://www.ncbi.nlm.nih.gov/clinvar/variation/420831	2026-10-04	observed	criteria provided, multiple submitters, no conflicts				{}
CLI001009	ClinVar:VCV000420831	causes_condition	MONDO:0800491	ClinVar	VCV000420831	https://www.ncbi.nlm.nih.gov/clinvar/variation/420831	2026-10-04	observed	criteria provided, multiple submitters, no conflicts				"{""classification"": ""Pathogenic/Likely pathogenic"", ""trait_name"": ""Early-infantile DEE"", ""consequence"": ""missense""}"
CLI001010	ClinVar:VCV000420831	causes_condition	MONDO:0014903	ClinVar	VCV000420831	https://www.ncbi.nlm.nih.gov/clinvar/variation/420831	2026-10-04	observed	criteria provided, multiple submitters, no conflicts				"{""classification"": ""Pathogenic/Likely pathogenic"", ""trait_name"": ""Seizures, benign familial infantile, 5"", ""consequence"": ""missense""}"
CLI001011	ClinVar:VCV000420831	causes_condition	MONDO:0013680	ClinVar	VCV000420831	https://www.ncbi.nlm.nih.gov/clinvar/variation/420831	2026-10-04	observed	criteria provided, multiple submitters, no conflicts				"{""classification"": ""Pathogenic/Likely pathogenic"", ""trait_name"": ""Cognitive impairment with or without cerebellar ataxia"", ""consequence"": ""missense""}"
CLI001012	ClinVar:VCV000420831	causes_condition	MONDO:0013801	ClinVar	VCV000420831	https://www.ncbi.nlm.nih.gov/clinvar/variation/420831	2026-10-04	observed	criteria provided, multiple submitters, no conflicts				"{""classification"": ""Pathogenic/Likely pathogenic"", ""trait_name"": ""Developmental and epileptic encephalopathy, 13"", ""consequence"": ""missense""}"
CLI001013	ClinVar:VCV000420809	variant_of	HGNC:10596	ClinVar	VCV000420809	https://www.ncbi.nlm.nih.gov/clinvar/variation/420809	2026-10-04	observed	criteria provided, single submitter				{}
CLI001014	ClinVar:VCV000419568	variant_of	HGNC:10596	ClinVar	VCV000419568	https://www.ncbi.nlm.nih.gov/clinvar/variation/419568	2026-10-04	observed	criteria provided, multiple submitters, no conflicts				{}
CLI001015	ClinVar:VCV000419568	causes_condition	MONDO:0800491	ClinVar	VCV000419568	https://www.ncbi.nlm.nih.gov/clinvar/variation/419568	2026-10-04	observed	criteria provided, multiple submitters, no conflicts				"{""classification"": ""Pathogenic/Likely pathogenic"", ""trait_name"": ""Early-infantile DEE"", ""consequence"": ""missense""}"
CLI001016	ClinVar:VCV000419568	causes_condition	MONDO:0013680	ClinVar	VCV000419568	https://www.ncbi.nlm.nih.gov/clinvar/variation/419568	2026-10-04	observed	criteria provided, multiple submitters, no conflicts				"{""classification"": ""Pathogenic/Likely pathogenic"", ""trait_name"": ""Cognitive impairment with or without cerebellar ataxia"", ""consequence"": ""missense""}"
CLI001017	ClinVar:VCV000419511	variant_of	HGNC:10596	ClinVar	VCV000419511	https://www.ncbi.nlm.nih.gov/clinvar/variation/419511	2026-10-04	observed	criteria provided, single submitter				{}
CLI001018	ClinVar:VCV000419208	variant_of	HGNC:10596	ClinVar	VCV000419208	https://www.ncbi.nlm.nih.gov/clinvar/variation/419208	2026-10-04	observed	criteria provided, single submitter				{}
CLI001019	ClinVar:VCV000413875	variant_of	HGNC:10596	ClinVar	VCV000413875	https://www.ncbi.nlm.nih.gov/clinvar/variation/413875	2026-10-04	observed	criteria provided, single submitter				{}
CLI001020	ClinVar:VCV000413875	causes_condition	MONDO:0800491	ClinVar	VCV000413875	https://www.ncbi.nlm.nih.gov/clinvar/variation/413875	2026-10-04	observed	criteria provided, single submitter				"{""classification"": ""Likely pathogenic"", ""trait_name"": ""Early-infantile DEE"", ""consequence"": ""truncating""}"
CLI001021	ClinVar:VCV000406260	variant_of	HGNC:10596	ClinVar	VCV000406260	https://www.ncbi.nlm.nih.gov/clinvar/variation/406260	2026-10-04	observed	criteria provided, single submitter				{}
CLI001022	ClinVar:VCV000406260	causes_condition	MONDO:0800491	ClinVar	VCV000406260	https://www.ncbi.nlm.nih.gov/clinvar/variation/406260	2026-10-04	observed	criteria provided, single submitter				"{""classification"": ""Pathogenic"", ""trait_name"": ""Early-infantile DEE"", ""consequence"": ""truncating""}"
CLI001023	ClinVar:VCV000391391	variant_of	HGNC:10596	ClinVar	VCV000391391	https://www.ncbi.nlm.nih.gov/clinvar/variation/391391	2026-10-04	observed	criteria provided, single submitter				{}
CLI001024	ClinVar:VCV000383545	variant_of	HGNC:10596	ClinVar	VCV000383545	https://www.ncbi.nlm.nih.gov/clinvar/variation/383545	2026-10-04	observed	criteria provided, single submitter				{}
CLI001025	ClinVar:VCV000383440	variant_of	HGNC:10596	ClinVar	VCV000383440	https://www.ncbi.nlm.nih.gov/clinvar/variation/383440	2026-10-04	observed	criteria provided, single submitter				{}
CLI001026	ClinVar:VCV000377169	variant_of	HGNC:10596	ClinVar	VCV000377169	https://www.ncbi.nlm.nih.gov/clinvar/variation/377169	2026-10-04	observed	criteria provided, single submitter				{}
CLI001027	ClinVar:VCV000375522	variant_of	HGNC:10596	ClinVar	VCV000375522	https://www.ncbi.nlm.nih.gov/clinvar/variation/375522	2026-10-04	observed	criteria provided, multiple submitters, no conflicts				{}
CLI001028	ClinVar:VCV000375522	causes_condition	MONDO:0013801	ClinVar	VCV000375522	https://www.ncbi.nlm.nih.gov/clinvar/variation/375522	2026-10-04	observed	criteria provided, multiple submitters, no conflicts				"{""classification"": ""Pathogenic/Likely pathogenic"", ""trait_name"": ""Developmental and epileptic encephalopathy, 13"", ""consequence"": ""missense""}"
CLI001029	ClinVar:VCV000374707	variant_of	HGNC:10596	ClinVar	VCV000374707	https://www.ncbi.nlm.nih.gov/clinvar/variation/374707	2026-10-04	observed	criteria provided, multiple submitters, no conflicts				{}
CLI001030	ClinVar:VCV000374375	variant_of	HGNC:10596	ClinVar	VCV000374375	https://www.ncbi.nlm.nih.gov/clinvar/variation/374375	2026-10-04	observed	no assertion criteria provided				{}
CLI001031	ClinVar:VCV000374375	causes_condition	MONDO:0013801	ClinVar	VCV000374375	https://www.ncbi.nlm.nih.gov/clinvar/variation/374375	2026-10-04	observed	no assertion criteria provided				"{""classification"": ""Likely pathogenic"", ""trait_name"": ""Developmental and epileptic encephalopathy, 13"", ""consequence"": ""missense""}"
CLI001032	ClinVar:VCV000374298	variant_of	HGNC:10596	ClinVar	VCV000374298	https://www.ncbi.nlm.nih.gov/clinvar/variation/374298	2026-10-04	observed	no assertion criteria provided				{}
CLI001033	ClinVar:VCV000374298	causes_condition	MONDO:0013801	ClinVar	VCV000374298	https://www.ncbi.nlm.nih.gov/clinvar/variation/374298	2026-10-04	observed	no assertion criteria provided				"{""classification"": ""Likely pathogenic"", ""trait_name"": ""Developmental and epileptic encephalopathy, 13"", ""consequence"": ""missense""}"
CLI001034	ClinVar:VCV000373333	variant_of	HGNC:10596	ClinVar	VCV000373333	https://www.ncbi.nlm.nih.gov/clinvar/variation/373333	2026-10-04	observed	reviewed by expert panel				{}
CLI001035	ClinVar:VCV000290005	variant_of	HGNC:10596	ClinVar	VCV000290005	https://www.ncbi.nlm.nih.gov/clinvar/variation/290005	2026-10-04	observed	criteria provided, multiple submitters, no conflicts				{}
CLI001036	ClinVar:VCV000290005	causes_condition	MONDO:0800491	ClinVar	VCV000290005	https://www.ncbi.nlm.nih.gov/clinvar/variation/290005	2026-10-04	observed	criteria provided, multiple submitters, no conflicts				"{""classification"": ""Pathogenic/Likely pathogenic"", ""trait_name"": ""Early-infantile DEE"", ""consequence"": ""missense""}"
CLI001037	ClinVar:VCV000290005	causes_condition	MONDO:0013801	ClinVar	VCV000290005	https://www.ncbi.nlm.nih.gov/clinvar/variation/290005	2026-10-04	observed	criteria provided, multiple submitters, no conflicts				"{""classification"": ""Pathogenic/Likely pathogenic"", ""trait_name"": ""Developmental and epileptic encephalopathy, 13"", ""consequence"": ""missense""}"
CLI001038	ClinVar:VCV000290005	causes_condition	MONDO:0014903	ClinVar	VCV000290005	https://www.ncbi.nlm.nih.gov/clinvar/variation/290005	2026-10-04	observed	criteria provided, multiple submitters, no conflicts				"{""classification"": ""Pathogenic/Likely pathogenic"", ""trait_name"": ""Seizures, benign familial infantile, 5"", ""consequence"": ""missense""}"
CLI001039	ClinVar:VCV000290005	causes_condition	MONDO:0013801	ClinVar	VCV000290005	https://www.ncbi.nlm.nih.gov/clinvar/variation/290005	2026-10-04	observed	criteria provided, multiple submitters, no conflicts				"{""classification"": ""Pathogenic/Likely pathogenic"", ""trait_name"": ""Developmental and epileptic encephalopathy, 13"", ""consequence"": ""missense""}"
CLI001040	ClinVar:VCV000290005	causes_condition	MONDO:0013680	ClinVar	VCV000290005	https://www.ncbi.nlm.nih.gov/clinvar/variation/290005	2026-10-04	observed	criteria provided, multiple submitters, no conflicts				"{""classification"": ""Pathogenic/Likely pathogenic"", ""trait_name"": ""Cognitive impairment with or without cerebellar ataxia"", ""consequence"": ""missense""}"
CLI001041	ClinVar:VCV000253297	variant_of	HGNC:10596	ClinVar	VCV000253297	https://www.ncbi.nlm.nih.gov/clinvar/variation/253297	2026-10-04	observed	reviewed by expert panel				{}
CLI001042	ClinVar:VCV000253295	variant_of	HGNC:10596	ClinVar	VCV000253295	https://www.ncbi.nlm.nih.gov/clinvar/variation/253295	2026-10-04	observed	criteria provided, single submitter				{}
CLI001043	ClinVar:VCV000253295	causes_condition	MONDO:0800491	ClinVar	VCV000253295	https://www.ncbi.nlm.nih.gov/clinvar/variation/253295	2026-10-04	observed	criteria provided, single submitter				"{""classification"": ""Pathogenic"", ""trait_name"": ""Early-infantile DEE"", ""consequence"": ""missense""}"
CLI001044	ClinVar:VCV000253294	variant_of	HGNC:10596	ClinVar	VCV000253294	https://www.ncbi.nlm.nih.gov/clinvar/variation/253294	2026-10-04	observed	criteria provided, multiple submitters, no conflicts				{}
CLI001045	ClinVar:VCV000253292	variant_of	HGNC:10596	ClinVar	VCV000253292	https://www.ncbi.nlm.nih.gov/clinvar/variation/253292	2026-10-04	observed	criteria provided, multiple submitters, no conflicts				{}
CLI001046	ClinVar:VCV000253290	variant_of	HGNC:10596	ClinVar	VCV000253290	https://www.ncbi.nlm.nih.gov/clinvar/variation/253290	2026-10-04	observed	criteria provided, single submitter				{}
CLI001047	ClinVar:VCV000253290	causes_condition	MONDO:0800491	ClinVar	VCV000253290	https://www.ncbi.nlm.nih.gov/clinvar/variation/253290	2026-10-04	observed	criteria provided, single submitter				"{""classification"": ""Pathogenic"", ""trait_name"": ""Early-infantile DEE"", ""consequence"": ""missense""}"
CLI001048	ClinVar:VCV000253289	variant_of	HGNC:10596	ClinVar	VCV000253289	https://www.ncbi.nlm.nih.gov/clinvar/variation/253289	2026-10-04	observed	no assertion criteria provided				{}
CLI001049	ClinVar:VCV000253289	causes_condition	MONDO:0013801	ClinVar	VCV000253289	https://www.ncbi.nlm.nih.gov/clinvar/variation/253289	2026-10-04	observed	no assertion criteria provided				"{""classification"": ""Pathogenic"", ""trait_name"": ""Developmental and epileptic encephalopathy, 13"", ""consequence"": ""other""}"
CLI001050	ClinVar:VCV000253288	variant_of	HGNC:10596	ClinVar	VCV000253288	https://www.ncbi.nlm.nih.gov/clinvar/variation/253288	2026-10-04	observed	criteria provided, multiple submitters, no conflicts				{}
CLI001051	ClinVar:VCV000253288	causes_condition	MONDO:0800491	ClinVar	VCV000253288	https://www.ncbi.nlm.nih.gov/clinvar/variation/253288	2026-10-04	observed	criteria provided, multiple submitters, no conflicts				"{""classification"": ""Pathogenic"", ""trait_name"": ""Early-infantile DEE"", ""consequence"": ""missense""}"
CLI001052	ClinVar:VCV000253287	variant_of	HGNC:10596	ClinVar	VCV000253287	https://www.ncbi.nlm.nih.gov/clinvar/variation/253287	2026-10-04	observed	criteria provided, single submitter				{}
CLI001053	ClinVar:VCV000253287	causes_condition	MONDO:0013801	ClinVar	VCV000253287	https://www.ncbi.nlm.nih.gov/clinvar/variation/253287	2026-10-04	observed	criteria provided, single submitter				"{""classification"": ""Pathogenic"", ""trait_name"": ""Developmental and epileptic encephalopathy, 13"", ""consequence"": ""missense""}"
CLI001054	ClinVar:VCV000253284	variant_of	HGNC:10596	ClinVar	VCV000253284	https://www.ncbi.nlm.nih.gov/clinvar/variation/253284	2026-10-04	observed	criteria provided, multiple submitters, no conflicts				{}
CLI001055	ClinVar:VCV000253284	causes_condition	MONDO:0013801	ClinVar	VCV000253284	https://www.ncbi.nlm.nih.gov/clinvar/variation/253284	2026-10-04	observed	criteria provided, multiple submitters, no conflicts				"{""classification"": ""Pathogenic"", ""trait_name"": ""Developmental and epileptic encephalopathy, 13"", ""consequence"": ""missense""}"
CLI001056	ClinVar:VCV000253279	variant_of	HGNC:10596	ClinVar	VCV000253279	https://www.ncbi.nlm.nih.gov/clinvar/variation/253279	2026-10-04	observed	criteria provided, single submitter				{}
CLI001057	ClinVar:VCV000253279	causes_condition	MONDO:0800491	ClinVar	VCV000253279	https://www.ncbi.nlm.nih.gov/clinvar/variation/253279	2026-10-04	observed	criteria provided, single submitter				"{""classification"": ""Pathogenic"", ""trait_name"": ""Early-infantile DEE"", ""consequence"": ""missense""}"
CLI001058	ClinVar:VCV000253277	variant_of	HGNC:10596	ClinVar	VCV000253277	https://www.ncbi.nlm.nih.gov/clinvar/variation/253277	2026-10-04	observed	criteria provided, single submitter				{}
CLI001059	ClinVar:VCV000253277	causes_condition	MONDO:0800491	ClinVar	VCV000253277	https://www.ncbi.nlm.nih.gov/clinvar/variation/253277	2026-10-04	observed	criteria provided, single submitter				"{""classification"": ""Pathogenic"", ""trait_name"": ""Early-infantile DEE"", ""consequence"": ""missense""}"
CLI001060	ClinVar:VCV000253276	variant_of	HGNC:10596	ClinVar	VCV000253276	https://www.ncbi.nlm.nih.gov/clinvar/variation/253276	2026-10-04	observed	criteria provided, single submitter				{}
CLI001061	ClinVar:VCV000253195	variant_of	HGNC:10596	ClinVar	VCV000253195	https://www.ncbi.nlm.nih.gov/clinvar/variation/253195	2026-10-04	observed	criteria provided, multiple submitters, no conflicts				{}
CLI001062	ClinVar:VCV000253195	causes_condition	MONDO:0800491	ClinVar	VCV000253195	https://www.ncbi.nlm.nih.gov/clinvar/variation/253195	2026-10-04	observed	criteria provided, multiple submitters, no conflicts				"{""classification"": ""Pathogenic"", ""trait_name"": ""Early-infantile DEE"", ""consequence"": ""missense""}"
CLI001063	ClinVar:VCV000253195	causes_condition	MONDO:0014903	ClinVar	VCV000253195	https://www.ncbi.nlm.nih.gov/clinvar/variation/253195	2026-10-04	observed	criteria provided, multiple submitters, no conflicts				"{""classification"": ""Pathogenic"", ""trait_name"": ""Seizures, benign familial infantile, 5"", ""consequence"": ""missense""}"
CLI001064	ClinVar:VCV000253195	causes_condition	MONDO:0013801	ClinVar	VCV000253195	https://www.ncbi.nlm.nih.gov/clinvar/variation/253195	2026-10-04	observed	criteria provided, multiple submitters, no conflicts				"{""classification"": ""Pathogenic"", ""trait_name"": ""Developmental and epileptic encephalopathy, 13"", ""consequence"": ""missense""}"
CLI001065	ClinVar:VCV000240885	variant_of	HGNC:10596	ClinVar	VCV000240885	https://www.ncbi.nlm.nih.gov/clinvar/variation/240885	2026-10-04	observed	criteria provided, single submitter				{}
CLI001066	ClinVar:VCV000240885	causes_condition	MONDO:0800491	ClinVar	VCV000240885	https://www.ncbi.nlm.nih.gov/clinvar/variation/240885	2026-10-04	observed	criteria provided, single submitter				"{""classification"": ""Likely pathogenic"", ""trait_name"": ""Early-infantile DEE"", ""consequence"": ""missense""}"
CLI001067	ClinVar:VCV000236207	variant_of	HGNC:10596	ClinVar	VCV000236207	https://www.ncbi.nlm.nih.gov/clinvar/variation/236207	2026-10-04	observed	criteria provided, multiple submitters, no conflicts				{}
CLI001068	ClinVar:VCV000236207	causes_condition	MONDO:0800491	ClinVar	VCV000236207	https://www.ncbi.nlm.nih.gov/clinvar/variation/236207	2026-10-04	observed	criteria provided, multiple submitters, no conflicts				"{""classification"": ""Pathogenic"", ""trait_name"": ""Early-infantile DEE"", ""consequence"": ""missense""}"
CLI001069	ClinVar:VCV000225100	variant_of	HGNC:10596	ClinVar	VCV000225100	https://www.ncbi.nlm.nih.gov/clinvar/variation/225100	2026-10-04	observed	criteria provided, multiple submitters, no conflicts				{}
CLI001070	ClinVar:VCV000224126	variant_of	HGNC:10596	ClinVar	VCV000224126	https://www.ncbi.nlm.nih.gov/clinvar/variation/224126	2026-10-04	observed	criteria provided, single submitter				{}
CLI001071	ClinVar:VCV000224126	causes_condition	MONDO:0013801	ClinVar	VCV000224126	https://www.ncbi.nlm.nih.gov/clinvar/variation/224126	2026-10-04	observed	criteria provided, single submitter				"{""classification"": ""Likely pathogenic"", ""trait_name"": ""Developmental and epileptic encephalopathy, 13"", ""consequence"": ""missense""}"
CLI001072	ClinVar:VCV000217880	variant_of	HGNC:10596	ClinVar	VCV000217880	https://www.ncbi.nlm.nih.gov/clinvar/variation/217880	2026-10-04	observed	criteria provided, single submitter				{}
CLI001073	ClinVar:VCV000217880	causes_condition	MONDO:0013801	ClinVar	VCV000217880	https://www.ncbi.nlm.nih.gov/clinvar/variation/217880	2026-10-04	observed	criteria provided, single submitter				"{""classification"": ""Likely pathogenic"", ""trait_name"": ""Developmental and epileptic encephalopathy, 13"", ""consequence"": ""missense""}"
CLI001074	ClinVar:VCV000208500	variant_of	HGNC:10596	ClinVar	VCV000208500	https://www.ncbi.nlm.nih.gov/clinvar/variation/208500	2026-10-04	observed	criteria provided, multiple submitters, no conflicts				{}
CLI001075	ClinVar:VCV000208500	causes_condition	MONDO:0800491	ClinVar	VCV000208500	https://www.ncbi.nlm.nih.gov/clinvar/variation/208500	2026-10-04	observed	criteria provided, multiple submitters, no conflicts				"{""classification"": ""Pathogenic/Likely pathogenic"", ""trait_name"": ""Early-infantile DEE"", ""consequence"": ""missense""}"
CLI001076	ClinVar:VCV000208500	causes_condition	MONDO:0013801	ClinVar	VCV000208500	https://www.ncbi.nlm.nih.gov/clinvar/variation/208500	2026-10-04	observed	criteria provided, multiple submitters, no conflicts				"{""classification"": ""Pathogenic/Likely pathogenic"", ""trait_name"": ""Developmental and epileptic encephalopathy, 13"", ""consequence"": ""missense""}"
CLI001077	ClinVar:VCV000208500	causes_condition	MONDO:0014903	ClinVar	VCV000208500	https://www.ncbi.nlm.nih.gov/clinvar/variation/208500	2026-10-04	observed	criteria provided, multiple submitters, no conflicts				"{""classification"": ""Pathogenic/Likely pathogenic"", ""trait_name"": ""Seizures, benign familial infantile, 5"", ""consequence"": ""missense""}"
CLI001078	ClinVar:VCV000207140	variant_of	HGNC:10596	ClinVar	VCV000207140	https://www.ncbi.nlm.nih.gov/clinvar/variation/207140	2026-10-04	observed	criteria provided, multiple submitters, no conflicts				{}
CLI001079	ClinVar:VCV000207140	causes_condition	MONDO:0800491	ClinVar	VCV000207140	https://www.ncbi.nlm.nih.gov/clinvar/variation/207140	2026-10-04	observed	criteria provided, multiple submitters, no conflicts				"{""classification"": ""Likely pathogenic"", ""trait_name"": ""Early-infantile DEE"", ""consequence"": ""missense""}"
CLI001080	ClinVar:VCV000207132	variant_of	HGNC:10596	ClinVar	VCV000207132	https://www.ncbi.nlm.nih.gov/clinvar/variation/207132	2026-10-04	observed	criteria provided, multiple submitters, no conflicts				{}
CLI001081	ClinVar:VCV000207132	causes_condition	MONDO:0800491	ClinVar	VCV000207132	https://www.ncbi.nlm.nih.gov/clinvar/variation/207132	2026-10-04	observed	criteria provided, multiple submitters, no conflicts				"{""classification"": ""Pathogenic"", ""trait_name"": ""Early-infantile DEE"", ""consequence"": ""missense""}"
CLI001082	ClinVar:VCV000207131	variant_of	HGNC:10596	ClinVar	VCV000207131	https://www.ncbi.nlm.nih.gov/clinvar/variation/207131	2026-10-04	observed	criteria provided, multiple submitters, no conflicts				{}
CLI001083	ClinVar:VCV000207131	causes_condition	MONDO:0800491	ClinVar	VCV000207131	https://www.ncbi.nlm.nih.gov/clinvar/variation/207131	2026-10-04	observed	criteria provided, multiple submitters, no conflicts				"{""classification"": ""Pathogenic"", ""trait_name"": ""Early-infantile DEE"", ""consequence"": ""missense""}"
CLI001084	ClinVar:VCV000207131	causes_condition	MONDO:0013801	ClinVar	VCV000207131	https://www.ncbi.nlm.nih.gov/clinvar/variation/207131	2026-10-04	observed	criteria provided, multiple submitters, no conflicts				"{""classification"": ""Pathogenic"", ""trait_name"": ""Developmental and epileptic encephalopathy, 13"", ""consequence"": ""missense""}"
CLI001085	ClinVar:VCV000207127	variant_of	HGNC:10596	ClinVar	VCV000207127	https://www.ncbi.nlm.nih.gov/clinvar/variation/207127	2026-10-04	observed	criteria provided, multiple submitters, no conflicts				{}
CLI001086	ClinVar:VCV000207127	causes_condition	MONDO:0800491	ClinVar	VCV000207127	https://www.ncbi.nlm.nih.gov/clinvar/variation/207127	2026-10-04	observed	criteria provided, multiple submitters, no conflicts				"{""classification"": ""Pathogenic/Likely pathogenic"", ""trait_name"": ""Early-infantile DEE"", ""consequence"": ""missense""}"
CLI001087	ClinVar:VCV000207123	variant_of	HGNC:10596	ClinVar	VCV000207123	https://www.ncbi.nlm.nih.gov/clinvar/variation/207123	2026-10-04	observed	criteria provided, single submitter				{}
CLI001088	ClinVar:VCV000207120	variant_of	HGNC:10596	ClinVar	VCV000207120	https://www.ncbi.nlm.nih.gov/clinvar/variation/207120	2026-10-04	observed	criteria provided, single submitter				{}
CLI001089	ClinVar:VCV000207120	causes_condition	MONDO:0013801	ClinVar	VCV000207120	https://www.ncbi.nlm.nih.gov/clinvar/variation/207120	2026-10-04	observed	criteria provided, single submitter				"{""classification"": ""Pathogenic"", ""trait_name"": ""Developmental and epileptic encephalopathy, 13"", ""consequence"": ""missense""}"
CLI001090	ClinVar:VCV000207119	variant_of	HGNC:10596	ClinVar	VCV000207119	https://www.ncbi.nlm.nih.gov/clinvar/variation/207119	2026-10-04	observed	criteria provided, multiple submitters, no conflicts				{}
CLI001091	ClinVar:VCV000207119	causes_condition	MONDO:0800491	ClinVar	VCV000207119	https://www.ncbi.nlm.nih.gov/clinvar/variation/207119	2026-10-04	observed	criteria provided, multiple submitters, no conflicts				"{""classification"": ""Pathogenic/Likely pathogenic"", ""trait_name"": ""Early-infantile DEE"", ""consequence"": ""missense""}"
CLI001092	ClinVar:VCV000207119	causes_condition	MONDO:0013801	ClinVar	VCV000207119	https://www.ncbi.nlm.nih.gov/clinvar/variation/207119	2026-10-04	observed	criteria provided, multiple submitters, no conflicts				"{""classification"": ""Pathogenic/Likely pathogenic"", ""trait_name"": ""Developmental and epileptic encephalopathy, 13"", ""consequence"": ""missense""}"
CLI001093	ClinVar:VCV000207117	variant_of	HGNC:10596	ClinVar	VCV000207117	https://www.ncbi.nlm.nih.gov/clinvar/variation/207117	2026-10-04	observed	criteria provided, multiple submitters, no conflicts				{}
CLI001094	ClinVar:VCV000207117	causes_condition	MONDO:0800491	ClinVar	VCV000207117	https://www.ncbi.nlm.nih.gov/clinvar/variation/207117	2026-10-04	observed	criteria provided, multiple submitters, no conflicts				"{""classification"": ""Pathogenic"", ""trait_name"": ""Early-infantile DEE"", ""consequence"": ""missense""}"
CLI001095	ClinVar:VCV000207109	variant_of	HGNC:10596	ClinVar	VCV000207109	https://www.ncbi.nlm.nih.gov/clinvar/variation/207109	2026-10-04	observed	reviewed by expert panel				{}
CLI001096	ClinVar:VCV000207105	variant_of	HGNC:10596	ClinVar	VCV000207105	https://www.ncbi.nlm.nih.gov/clinvar/variation/207105	2026-10-04	observed	criteria provided, multiple submitters, no conflicts				{}
CLI001097	ClinVar:VCV000195689	variant_of	HGNC:10596	ClinVar	VCV000195689	https://www.ncbi.nlm.nih.gov/clinvar/variation/195689	2026-10-04	observed	criteria provided, multiple submitters, no conflicts				{}
CLI001098	ClinVar:VCV000195689	causes_condition	MONDO:0013801	ClinVar	VCV000195689	https://www.ncbi.nlm.nih.gov/clinvar/variation/195689	2026-10-04	observed	criteria provided, multiple submitters, no conflicts				"{""classification"": ""Likely pathogenic"", ""trait_name"": ""Developmental and epileptic encephalopathy, 13"", ""consequence"": ""missense""}"
CLI001099	ClinVar:VCV000195688	variant_of	HGNC:10596	ClinVar	VCV000195688	https://www.ncbi.nlm.nih.gov/clinvar/variation/195688	2026-10-04	observed	criteria provided, multiple submitters, no conflicts				{}
CLI001100	ClinVar:VCV000195688	causes_condition	MONDO:0800491	ClinVar	VCV000195688	https://www.ncbi.nlm.nih.gov/clinvar/variation/195688	2026-10-04	observed	criteria provided, multiple submitters, no conflicts				"{""classification"": ""Pathogenic/Likely pathogenic"", ""trait_name"": ""Early-infantile DEE"", ""consequence"": ""missense""}"
CLI001101	ClinVar:VCV000195688	causes_condition	MONDO:0013801	ClinVar	VCV000195688	https://www.ncbi.nlm.nih.gov/clinvar/variation/195688	2026-10-04	observed	criteria provided, multiple submitters, no conflicts				"{""classification"": ""Pathogenic/Likely pathogenic"", ""trait_name"": ""Developmental and epileptic encephalopathy, 13"", ""consequence"": ""missense""}"
CLI001102	ClinVar:VCV000195688	causes_condition	MONDO:0013680	ClinVar	VCV000195688	https://www.ncbi.nlm.nih.gov/clinvar/variation/195688	2026-10-04	observed	criteria provided, multiple submitters, no conflicts				"{""classification"": ""Pathogenic/Likely pathogenic"", ""trait_name"": ""Cognitive impairment with or without cerebellar ataxia"", ""consequence"": ""missense""}"
CLI001103	ClinVar:VCV000194402	variant_of	HGNC:10596	ClinVar	VCV000194402	https://www.ncbi.nlm.nih.gov/clinvar/variation/194402	2026-10-04	observed	criteria provided, multiple submitters, no conflicts				{}
CLI001104	ClinVar:VCV000194402	causes_condition	MONDO:0800491	ClinVar	VCV000194402	https://www.ncbi.nlm.nih.gov/clinvar/variation/194402	2026-10-04	observed	criteria provided, multiple submitters, no conflicts				"{""classification"": ""Pathogenic/Likely pathogenic"", ""trait_name"": ""Early-infantile DEE"", ""consequence"": ""missense""}"
CLI001105	ClinVar:VCV000192318	variant_of	HGNC:10596	ClinVar	VCV000192318	https://www.ncbi.nlm.nih.gov/clinvar/variation/192318	2026-10-04	observed	criteria provided, multiple submitters, no conflicts				{}
CLI001106	ClinVar:VCV000192318	causes_condition	MONDO:0800491	ClinVar	VCV000192318	https://www.ncbi.nlm.nih.gov/clinvar/variation/192318	2026-10-04	observed	criteria provided, multiple submitters, no conflicts				"{""classification"": ""Pathogenic"", ""trait_name"": ""Early-infantile DEE"", ""consequence"": ""missense""}"
CLI001107	ClinVar:VCV000192318	causes_condition	MONDO:0013801	ClinVar	VCV000192318	https://www.ncbi.nlm.nih.gov/clinvar/variation/192318	2026-10-04	observed	criteria provided, multiple submitters, no conflicts				"{""classification"": ""Pathogenic"", ""trait_name"": ""Developmental and epileptic encephalopathy, 13"", ""consequence"": ""missense""}"
CLI001108	ClinVar:VCV000192317	variant_of	HGNC:10596	ClinVar	VCV000192317	https://www.ncbi.nlm.nih.gov/clinvar/variation/192317	2026-10-04	observed	criteria provided, single submitter				{}
CLI001109	ClinVar:VCV000192317	causes_condition	MONDO:0013801	ClinVar	VCV000192317	https://www.ncbi.nlm.nih.gov/clinvar/variation/192317	2026-10-04	observed	criteria provided, single submitter				"{""classification"": ""Pathogenic"", ""trait_name"": ""Developmental and epileptic encephalopathy, 13"", ""consequence"": ""missense""}"
CLI001110	ClinVar:VCV000162015	variant_of	HGNC:10596	ClinVar	VCV000162015	https://www.ncbi.nlm.nih.gov/clinvar/variation/162015	2026-10-04	observed	criteria provided, single submitter				{}
CLI001111	ClinVar:VCV000162015	causes_condition	MONDO:0014903	ClinVar	VCV000162015	https://www.ncbi.nlm.nih.gov/clinvar/variation/162015	2026-10-04	observed	criteria provided, single submitter				"{""classification"": ""Likely pathogenic"", ""trait_name"": ""Seizures, benign familial infantile, 5"", ""consequence"": ""missense""}"
CLI001112	ClinVar:VCV000156108	variant_of	HGNC:10596	ClinVar	VCV000156108	https://www.ncbi.nlm.nih.gov/clinvar/variation/156108	2026-10-04	observed	no assertion criteria provided				{}
CLI001113	ClinVar:VCV000156108	causes_condition	MONDO:0013801	ClinVar	VCV000156108	https://www.ncbi.nlm.nih.gov/clinvar/variation/156108	2026-10-04	observed	no assertion criteria provided				"{""classification"": ""Pathogenic"", ""trait_name"": ""Developmental and epileptic encephalopathy, 13"", ""consequence"": ""missense""}"
CLI001114	ClinVar:VCV000156107	variant_of	HGNC:10596	ClinVar	VCV000156107	https://www.ncbi.nlm.nih.gov/clinvar/variation/156107	2026-10-04	observed	no assertion criteria provided				{}
CLI001115	ClinVar:VCV000156107	causes_condition	MONDO:0013801	ClinVar	VCV000156107	https://www.ncbi.nlm.nih.gov/clinvar/variation/156107	2026-10-04	observed	no assertion criteria provided				"{""classification"": ""Pathogenic"", ""trait_name"": ""Developmental and epileptic encephalopathy, 13"", ""consequence"": ""missense""}"
CLI001116	ClinVar:VCV000156106	variant_of	HGNC:10596	ClinVar	VCV000156106	https://www.ncbi.nlm.nih.gov/clinvar/variation/156106	2026-10-04	observed	criteria provided, multiple submitters, no conflicts				{}
CLI001117	ClinVar:VCV000156106	causes_condition	MONDO:0800491	ClinVar	VCV000156106	https://www.ncbi.nlm.nih.gov/clinvar/variation/156106	2026-10-04	observed	criteria provided, multiple submitters, no conflicts				"{""classification"": ""Pathogenic"", ""trait_name"": ""Early-infantile DEE"", ""consequence"": ""missense""}"
CLI001118	ClinVar:VCV000156106	causes_condition	MONDO:0013801	ClinVar	VCV000156106	https://www.ncbi.nlm.nih.gov/clinvar/variation/156106	2026-10-04	observed	criteria provided, multiple submitters, no conflicts				"{""classification"": ""Pathogenic"", ""trait_name"": ""Developmental and epileptic encephalopathy, 13"", ""consequence"": ""missense""}"
CLI001119	ClinVar:VCV000135651	variant_of	HGNC:10596	ClinVar	VCV000135651	https://www.ncbi.nlm.nih.gov/clinvar/variation/135651	2026-10-04	observed	criteria provided, multiple submitters, no conflicts				{}
CLI001120	ClinVar:VCV000135651	causes_condition	MONDO:0800491	ClinVar	VCV000135651	https://www.ncbi.nlm.nih.gov/clinvar/variation/135651	2026-10-04	observed	criteria provided, multiple submitters, no conflicts				"{""classification"": ""Pathogenic/Likely pathogenic"", ""trait_name"": ""Early-infantile DEE"", ""consequence"": ""missense""}"
CLI001121	ClinVar:VCV000135651	causes_condition	MONDO:0013680	ClinVar	VCV000135651	https://www.ncbi.nlm.nih.gov/clinvar/variation/135651	2026-10-04	observed	criteria provided, multiple submitters, no conflicts				"{""classification"": ""Pathogenic/Likely pathogenic"", ""trait_name"": ""Cognitive impairment with or without cerebellar ataxia"", ""consequence"": ""missense""}"
CLI001122	ClinVar:VCV000135651	causes_condition	MONDO:0013801	ClinVar	VCV000135651	https://www.ncbi.nlm.nih.gov/clinvar/variation/135651	2026-10-04	observed	criteria provided, multiple submitters, no conflicts				"{""classification"": ""Pathogenic/Likely pathogenic"", ""trait_name"": ""Developmental and epileptic encephalopathy, 13"", ""consequence"": ""missense""}"
CLI001123	ClinVar:VCV000135651	causes_condition	MONDO:0014903	ClinVar	VCV000135651	https://www.ncbi.nlm.nih.gov/clinvar/variation/135651	2026-10-04	observed	criteria provided, multiple submitters, no conflicts				"{""classification"": ""Pathogenic/Likely pathogenic"", ""trait_name"": ""Seizures, benign familial infantile, 5"", ""consequence"": ""missense""}"
CLI001124	ClinVar:VCV000135651	causes_condition	MONDO:0013801	ClinVar	VCV000135651	https://www.ncbi.nlm.nih.gov/clinvar/variation/135651	2026-10-04	observed	criteria provided, multiple submitters, no conflicts				"{""classification"": ""Pathogenic/Likely pathogenic"", ""trait_name"": ""Developmental and epileptic encephalopathy, 13"", ""consequence"": ""missense""}"
CLI001125	ClinVar:VCV000135651	causes_condition	MONDO:0013680	ClinVar	VCV000135651	https://www.ncbi.nlm.nih.gov/clinvar/variation/135651	2026-10-04	observed	criteria provided, multiple submitters, no conflicts				"{""classification"": ""Pathogenic/Likely pathogenic"", ""trait_name"": ""Cognitive impairment with or without cerebellar ataxia"", ""consequence"": ""missense""}"
CLI001126	ClinVar:VCV000130249	variant_of	HGNC:10596	ClinVar	VCV000130249	https://www.ncbi.nlm.nih.gov/clinvar/variation/130249	2026-10-04	observed	criteria provided, single submitter				{}
CLI001127	ClinVar:VCV000130249	causes_condition	MONDO:0013801	ClinVar	VCV000130249	https://www.ncbi.nlm.nih.gov/clinvar/variation/130249	2026-10-04	observed	criteria provided, single submitter				"{""classification"": ""Likely pathogenic"", ""trait_name"": ""Developmental and epileptic encephalopathy, 13"", ""consequence"": ""missense""}"
CLI001128	ClinVar:VCV000060709	variant_of	HGNC:10596	ClinVar	VCV000060709	https://www.ncbi.nlm.nih.gov/clinvar/variation/60709	2026-10-04	observed	no assertion criteria provided				{}
CLI001129	ClinVar:VCV000060709	causes_condition	MONDO:0013801	ClinVar	VCV000060709	https://www.ncbi.nlm.nih.gov/clinvar/variation/60709	2026-10-04	observed	no assertion criteria provided				"{""classification"": ""Pathogenic"", ""trait_name"": ""Developmental and epileptic encephalopathy, 13"", ""consequence"": ""missense""}"
CLI001130	ClinVar:VCV000030123	variant_of	HGNC:10596	ClinVar	VCV000030123	https://www.ncbi.nlm.nih.gov/clinvar/variation/30123	2026-10-04	observed	criteria provided, single submitter				{}
CLI001131	ClinVar:VCV000030123	causes_condition	MONDO:0800491	ClinVar	VCV000030123	https://www.ncbi.nlm.nih.gov/clinvar/variation/30123	2026-10-04	observed	criteria provided, single submitter				"{""classification"": ""Pathogenic"", ""trait_name"": ""Early-infantile DEE"", ""consequence"": ""missense""}"
CLI001132	HGNC:10596	mechanism_suggested_by_variant_spectrum	MECH:missense_driven	ClinVar variant spectrum	SCN8A[gene] P/LP	https://www.ncbi.nlm.nih.gov/clinvar/?term=SCN8A%5Bgene%5D	2026-10-04	inferred	truncating share	0.58			"{""n_pathogenic"": 387, ""n_truncating"": 87, ""n_missense"": 293, ""truncating_share"": 0.22, ""rule"": ""truncating share >= 0.30 suggests loss of function; below that, missense variants dominate and the mechanism needs papers""}"
CLI001133	ClinVar:VCV003365638	variant_of	HGNC:11018	ClinVar	VCV003365638	https://www.ncbi.nlm.nih.gov/clinvar/variation/3365638	2026-10-04	observed	criteria provided, single submitter				{}
CLI001134	ClinVar:VCV003064670	variant_of	HGNC:11018	ClinVar	VCV003064670	https://www.ncbi.nlm.nih.gov/clinvar/variation/3064670	2026-10-04	observed	no assertion criteria provided				{}
CLI001135	ClinVar:VCV003064670	causes_condition	MONDO:0958331	ClinVar	VCV003064670	https://www.ncbi.nlm.nih.gov/clinvar/variation/3064670	2026-10-04	observed	no assertion criteria provided				"{""classification"": ""Pathogenic"", ""trait_name"": ""Developmental and epileptic encephalopathy 114"", ""consequence"": ""missense""}"
CLI001136	ClinVar:VCV001329950	variant_of	HGNC:11018	ClinVar	VCV001329950	https://www.ncbi.nlm.nih.gov/clinvar/variation/1329950	2026-10-04	observed	criteria provided, single submitter				{}
CLI001137	ClinVar:VCV001329949	variant_of	HGNC:11018	ClinVar	VCV001329949	https://www.ncbi.nlm.nih.gov/clinvar/variation/1329949	2026-10-04	observed	criteria provided, single submitter				{}
CLI001138	ClinVar:VCV000918043	variant_of	HGNC:11018	ClinVar	VCV000918043	https://www.ncbi.nlm.nih.gov/clinvar/variation/918043	2026-10-04	observed	no assertion criteria provided				{}
CLI001139	ClinVar:VCV000918043	causes_condition	MONDO:0958324	ClinVar	VCV000918043	https://www.ncbi.nlm.nih.gov/clinvar/variation/918043	2026-10-04	observed	no assertion criteria provided				"{""classification"": ""Pathogenic/Likely pathogenic"", ""trait_name"": ""Generalized epilepsy with febrile seizures plus, type 12"", ""consequence"": ""missense""}"
CLI001140	ClinVar:VCV000918043	causes_condition	MONDO:0018214	ClinVar	VCV000918043	https://www.ncbi.nlm.nih.gov/clinvar/variation/918043	2026-10-04	observed	no assertion criteria provided				"{""classification"": ""Pathogenic/Likely pathogenic"", ""trait_name"": ""Generalized epilepsy with febrile seizures plus"", ""consequence"": ""missense""}"
CLI001141	ClinVar:VCV000918042	variant_of	HGNC:11018	ClinVar	VCV000918042	https://www.ncbi.nlm.nih.gov/clinvar/variation/918042	2026-10-04	observed	no assertion criteria provided				{}
CLI001142	ClinVar:VCV000918042	causes_condition	MONDO:0958324	ClinVar	VCV000918042	https://www.ncbi.nlm.nih.gov/clinvar/variation/918042	2026-10-04	observed	no assertion criteria provided				"{""classification"": ""Pathogenic/Likely pathogenic"", ""trait_name"": ""Generalized epilepsy with febrile seizures plus, type 12"", ""consequence"": ""missense""}"
CLI001143	ClinVar:VCV000918042	causes_condition	MONDO:0018214	ClinVar	VCV000918042	https://www.ncbi.nlm.nih.gov/clinvar/variation/918042	2026-10-04	observed	no assertion criteria provided				"{""classification"": ""Pathogenic/Likely pathogenic"", ""trait_name"": ""Generalized epilepsy with febrile seizures plus"", ""consequence"": ""missense""}"
CLI001144	ClinVar:VCV004974528	variant_of	HGNC:11444	ClinVar	VCV004974528	https://www.ncbi.nlm.nih.gov/clinvar/variation/4974528	2026-10-04	observed	criteria provided, single submitter				{}
CLI001145	ClinVar:VCV004904550	variant_of	HGNC:11444	ClinVar	VCV004904550	https://www.ncbi.nlm.nih.gov/clinvar/variation/4904550	2026-10-04	observed	criteria provided, single submitter				{}
CLI001146	ClinVar:VCV004904548	variant_of	HGNC:11444	ClinVar	VCV004904548	https://www.ncbi.nlm.nih.gov/clinvar/variation/4904548	2026-10-04	observed	criteria provided, single submitter				{}
CLI001147	ClinVar:VCV004904546	variant_of	HGNC:11444	ClinVar	VCV004904546	https://www.ncbi.nlm.nih.gov/clinvar/variation/4904546	2026-10-04	observed	criteria provided, single submitter				{}
CLI001148	ClinVar:VCV004904545	variant_of	HGNC:11444	ClinVar	VCV004904545	https://www.ncbi.nlm.nih.gov/clinvar/variation/4904545	2026-10-04	observed	criteria provided, single submitter				{}
CLI001149	ClinVar:VCV004904543	variant_of	HGNC:11444	ClinVar	VCV004904543	https://www.ncbi.nlm.nih.gov/clinvar/variation/4904543	2026-10-04	observed	criteria provided, single submitter				{}
CLI001150	ClinVar:VCV004904542	variant_of	HGNC:11444	ClinVar	VCV004904542	https://www.ncbi.nlm.nih.gov/clinvar/variation/4904542	2026-10-04	observed	criteria provided, single submitter				{}
CLI001151	ClinVar:VCV004904538	variant_of	HGNC:11444	ClinVar	VCV004904538	https://www.ncbi.nlm.nih.gov/clinvar/variation/4904538	2026-10-04	observed	criteria provided, single submitter				{}
CLI001152	ClinVar:VCV004904534	variant_of	HGNC:11444	ClinVar	VCV004904534	https://www.ncbi.nlm.nih.gov/clinvar/variation/4904534	2026-10-04	observed	criteria provided, single submitter				{}
CLI001153	ClinVar:VCV004904533	variant_of	HGNC:11444	ClinVar	VCV004904533	https://www.ncbi.nlm.nih.gov/clinvar/variation/4904533	2026-10-04	observed	criteria provided, single submitter				{}
CLI001154	ClinVar:VCV004904531	variant_of	HGNC:11444	ClinVar	VCV004904531	https://www.ncbi.nlm.nih.gov/clinvar/variation/4904531	2026-10-04	observed	criteria provided, single submitter				{}
CLI001155	ClinVar:VCV004904530	variant_of	HGNC:11444	ClinVar	VCV004904530	https://www.ncbi.nlm.nih.gov/clinvar/variation/4904530	2026-10-04	observed	criteria provided, single submitter				{}
CLI001156	ClinVar:VCV004904529	variant_of	HGNC:11444	ClinVar	VCV004904529	https://www.ncbi.nlm.nih.gov/clinvar/variation/4904529	2026-10-04	observed	criteria provided, single submitter				{}
CLI001157	ClinVar:VCV004904528	variant_of	HGNC:11444	ClinVar	VCV004904528	https://www.ncbi.nlm.nih.gov/clinvar/variation/4904528	2026-10-04	observed	criteria provided, single submitter				{}
CLI001158	ClinVar:VCV004890782	variant_of	HGNC:11444	ClinVar	VCV004890782	https://www.ncbi.nlm.nih.gov/clinvar/variation/4890782	2026-10-04	observed	criteria provided, single submitter				{}
CLI001159	ClinVar:VCV004890782	causes_condition	MONDO:0012812	ClinVar	VCV004890782	https://www.ncbi.nlm.nih.gov/clinvar/variation/4890782	2026-10-04	observed	criteria provided, single submitter				"{""classification"": ""Likely pathogenic"", ""trait_name"": ""Developmental and epileptic encephalopathy, 4"", ""consequence"": ""truncating""}"
CLI001160	ClinVar:VCV004881607	variant_of	HGNC:11444	ClinVar	VCV004881607	https://www.ncbi.nlm.nih.gov/clinvar/variation/4881607	2026-10-04	observed	criteria provided, multiple submitters, no conflicts				{}
CLI001161	ClinVar:VCV004881607	causes_condition	MONDO:0012812	ClinVar	VCV004881607	https://www.ncbi.nlm.nih.gov/clinvar/variation/4881607	2026-10-04	observed	criteria provided, multiple submitters, no conflicts				"{""classification"": ""Pathogenic/Likely pathogenic"", ""trait_name"": ""Developmental and epileptic encephalopathy, 4"", ""consequence"": ""truncating""}"
CLI001162	ClinVar:VCV004874832	variant_of	HGNC:11444	ClinVar	VCV004874832	https://www.ncbi.nlm.nih.gov/clinvar/variation/4874832	2026-10-04	observed	criteria provided, single submitter				{}
CLI001163	ClinVar:VCV004854974	variant_of	HGNC:11444	ClinVar	VCV004854974	https://www.ncbi.nlm.nih.gov/clinvar/variation/4854974	2026-10-04	observed	criteria provided, single submitter				{}
CLI001164	ClinVar:VCV004854974	causes_condition	MONDO:0012812	ClinVar	VCV004854974	https://www.ncbi.nlm.nih.gov/clinvar/variation/4854974	2026-10-04	observed	criteria provided, single submitter				"{""classification"": ""Likely pathogenic"", ""trait_name"": ""Developmental and epileptic encephalopathy, 4"", ""consequence"": ""truncating""}"
CLI001165	ClinVar:VCV004852513	variant_of	HGNC:11444	ClinVar	VCV004852513	https://www.ncbi.nlm.nih.gov/clinvar/variation/4852513	2026-10-04	observed	criteria provided, single submitter				{}
CLI001166	ClinVar:VCV004849577	variant_of	HGNC:11444	ClinVar	VCV004849577	https://www.ncbi.nlm.nih.gov/clinvar/variation/4849577	2026-10-04	observed	criteria provided, single submitter				{}
CLI001167	ClinVar:VCV004849577	causes_condition	MONDO:0012812	ClinVar	VCV004849577	https://www.ncbi.nlm.nih.gov/clinvar/variation/4849577	2026-10-04	observed	criteria provided, single submitter				"{""classification"": ""Likely pathogenic"", ""trait_name"": ""Developmental and epileptic encephalopathy, 4"", ""consequence"": ""truncating""}"
CLI001168	ClinVar:VCV004820078	variant_of	HGNC:11444	ClinVar	VCV004820078	https://www.ncbi.nlm.nih.gov/clinvar/variation/4820078	2026-10-04	observed	criteria provided, single submitter				{}
CLI001169	ClinVar:VCV004820078	causes_condition	MONDO:0012812	ClinVar	VCV004820078	https://www.ncbi.nlm.nih.gov/clinvar/variation/4820078	2026-10-04	observed	criteria provided, single submitter				"{""classification"": ""Likely pathogenic"", ""trait_name"": ""Developmental and epileptic encephalopathy, 4"", ""consequence"": ""missense""}"
CLI001170	ClinVar:VCV004819533	variant_of	HGNC:11444	ClinVar	VCV004819533	https://www.ncbi.nlm.nih.gov/clinvar/variation/4819533	2026-10-04	observed	criteria provided, single submitter				{}
CLI001171	ClinVar:VCV004813220	variant_of	HGNC:11444	ClinVar	VCV004813220	https://www.ncbi.nlm.nih.gov/clinvar/variation/4813220	2026-10-04	observed	criteria provided, single submitter				{}
CLI001172	ClinVar:VCV004801829	variant_of	HGNC:11444	ClinVar	VCV004801829	https://www.ncbi.nlm.nih.gov/clinvar/variation/4801829	2026-10-04	observed	criteria provided, single submitter				{}
CLI001173	ClinVar:VCV004801829	causes_condition	MONDO:0800491	ClinVar	VCV004801829	https://www.ncbi.nlm.nih.gov/clinvar/variation/4801829	2026-10-04	observed	criteria provided, single submitter				"{""classification"": ""Pathogenic"", ""trait_name"": ""Early-infantile DEE"", ""consequence"": ""missense""}"
CLI001174	ClinVar:VCV004801824	variant_of	HGNC:11444	ClinVar	VCV004801824	https://www.ncbi.nlm.nih.gov/clinvar/variation/4801824	2026-10-04	observed	criteria provided, single submitter				{}
CLI001175	ClinVar:VCV004801824	causes_condition	MONDO:0800491	ClinVar	VCV004801824	https://www.ncbi.nlm.nih.gov/clinvar/variation/4801824	2026-10-04	observed	criteria provided, single submitter				"{""classification"": ""Likely pathogenic"", ""trait_name"": ""Early-infantile DEE"", ""consequence"": ""missense""}"
CLI001176	ClinVar:VCV004801820	variant_of	HGNC:11444	ClinVar	VCV004801820	https://www.ncbi.nlm.nih.gov/clinvar/variation/4801820	2026-10-04	observed	criteria provided, single submitter				{}
CLI001177	ClinVar:VCV004801820	causes_condition	MONDO:0800491	ClinVar	VCV004801820	https://www.ncbi.nlm.nih.gov/clinvar/variation/4801820	2026-10-04	observed	criteria provided, single submitter				"{""classification"": ""Pathogenic"", ""trait_name"": ""Early-infantile DEE"", ""consequence"": ""missense""}"
CLI001178	ClinVar:VCV004710756	variant_of	HGNC:11444	ClinVar	VCV004710756	https://www.ncbi.nlm.nih.gov/clinvar/variation/4710756	2026-10-04	observed	criteria provided, single submitter				{}
CLI001179	ClinVar:VCV004710756	causes_condition	MONDO:0800491	ClinVar	VCV004710756	https://www.ncbi.nlm.nih.gov/clinvar/variation/4710756	2026-10-04	observed	criteria provided, single submitter				"{""classification"": ""Pathogenic"", ""trait_name"": ""Early-infantile DEE"", ""consequence"": ""truncating""}"
CLI001180	ClinVar:VCV004709697	variant_of	HGNC:11444	ClinVar	VCV004709697	https://www.ncbi.nlm.nih.gov/clinvar/variation/4709697	2026-10-04	observed	criteria provided, single submitter				{}
CLI001181	ClinVar:VCV004709697	causes_condition	MONDO:0800491	ClinVar	VCV004709697	https://www.ncbi.nlm.nih.gov/clinvar/variation/4709697	2026-10-04	observed	criteria provided, single submitter				"{""classification"": ""Pathogenic"", ""trait_name"": ""Early-infantile DEE"", ""consequence"": ""missense""}"
CLI001182	ClinVar:VCV004688643	variant_of	HGNC:11444	ClinVar	VCV004688643	https://www.ncbi.nlm.nih.gov/clinvar/variation/4688643	2026-10-04	observed	criteria provided, single submitter				{}
CLI001183	ClinVar:VCV004688643	causes_condition	MONDO:0012812	ClinVar	VCV004688643	https://www.ncbi.nlm.nih.gov/clinvar/variation/4688643	2026-10-04	observed	criteria provided, single submitter				"{""classification"": ""Pathogenic"", ""trait_name"": ""Developmental and epileptic encephalopathy, 4"", ""consequence"": ""truncating""}"
CLI001184	ClinVar:VCV004536239	variant_of	HGNC:11444	ClinVar	VCV004536239	https://www.ncbi.nlm.nih.gov/clinvar/variation/4536239	2026-10-04	observed	criteria provided, single submitter				{}
CLI001185	ClinVar:VCV004532115	variant_of	HGNC:11444	ClinVar	VCV004532115	https://www.ncbi.nlm.nih.gov/clinvar/variation/4532115	2026-10-04	observed	criteria provided, single submitter				{}
CLI001186	ClinVar:VCV004532115	causes_condition	MONDO:0012812	ClinVar	VCV004532115	https://www.ncbi.nlm.nih.gov/clinvar/variation/4532115	2026-10-04	observed	criteria provided, single submitter				"{""classification"": ""Pathogenic"", ""trait_name"": ""Developmental and epileptic encephalopathy, 4"", ""consequence"": ""truncating""}"
CLI001187	ClinVar:VCV004528294	variant_of	HGNC:11444	ClinVar	VCV004528294	https://www.ncbi.nlm.nih.gov/clinvar/variation/4528294	2026-10-04	observed	criteria provided, single submitter				{}
CLI001188	ClinVar:VCV004527033	variant_of	HGNC:11444	ClinVar	VCV004527033	https://www.ncbi.nlm.nih.gov/clinvar/variation/4527033	2026-10-04	observed	criteria provided, single submitter				{}
CLI001189	ClinVar:VCV004294530	variant_of	HGNC:11444	ClinVar	VCV004294530	https://www.ncbi.nlm.nih.gov/clinvar/variation/4294530	2026-10-04	observed	criteria provided, single submitter				{}
CLI001190	ClinVar:VCV004294530	causes_condition	MONDO:0012812	ClinVar	VCV004294530	https://www.ncbi.nlm.nih.gov/clinvar/variation/4294530	2026-10-04	observed	criteria provided, single submitter				"{""classification"": ""Likely pathogenic"", ""trait_name"": ""Developmental and epileptic encephalopathy, 4"", ""consequence"": ""missense""}"
CLI001191	ClinVar:VCV004292841	variant_of	HGNC:11444	ClinVar	VCV004292841	https://www.ncbi.nlm.nih.gov/clinvar/variation/4292841	2026-10-04	observed	criteria provided, single submitter				{}
CLI001192	ClinVar:VCV004292841	causes_condition	MONDO:0012812	ClinVar	VCV004292841	https://www.ncbi.nlm.nih.gov/clinvar/variation/4292841	2026-10-04	observed	criteria provided, single submitter				"{""classification"": ""Pathogenic"", ""trait_name"": ""Developmental and epileptic encephalopathy, 4"", ""consequence"": ""truncating""}"
CLI001193	ClinVar:VCV004291884	variant_of	HGNC:11444	ClinVar	VCV004291884	https://www.ncbi.nlm.nih.gov/clinvar/variation/4291884	2026-10-04	observed	criteria provided, single submitter				{}
CLI001194	ClinVar:VCV004291884	causes_condition	MONDO:0012812	ClinVar	VCV004291884	https://www.ncbi.nlm.nih.gov/clinvar/variation/4291884	2026-10-04	observed	criteria provided, single submitter				"{""classification"": ""Likely pathogenic"", ""trait_name"": ""Developmental and epileptic encephalopathy, 4"", ""consequence"": ""other""}"
CLI001195	ClinVar:VCV004291786	variant_of	HGNC:11444	ClinVar	VCV004291786	https://www.ncbi.nlm.nih.gov/clinvar/variation/4291786	2026-10-04	observed	criteria provided, single submitter				{}
CLI001196	ClinVar:VCV004291786	causes_condition	MONDO:0012812	ClinVar	VCV004291786	https://www.ncbi.nlm.nih.gov/clinvar/variation/4291786	2026-10-04	observed	criteria provided, single submitter				"{""classification"": ""Likely pathogenic"", ""trait_name"": ""Developmental and epileptic encephalopathy, 4"", ""consequence"": ""missense""}"
CLI001197	ClinVar:VCV004277482	variant_of	HGNC:11444	ClinVar	VCV004277482	https://www.ncbi.nlm.nih.gov/clinvar/variation/4277482	2026-10-04	observed	criteria provided, single submitter				{}
CLI001198	ClinVar:VCV004277482	causes_condition	MONDO:0012812	ClinVar	VCV004277482	https://www.ncbi.nlm.nih.gov/clinvar/variation/4277482	2026-10-04	observed	criteria provided, single submitter				"{""classification"": ""Likely pathogenic"", ""trait_name"": ""Developmental and epileptic encephalopathy, 4"", ""consequence"": ""other""}"
CLI001199	ClinVar:VCV004277481	variant_of	HGNC:11444	ClinVar	VCV004277481	https://www.ncbi.nlm.nih.gov/clinvar/variation/4277481	2026-10-04	observed	criteria provided, single submitter				{}
CLI001200	ClinVar:VCV004277481	causes_condition	MONDO:0012812	ClinVar	VCV004277481	https://www.ncbi.nlm.nih.gov/clinvar/variation/4277481	2026-10-04	observed	criteria provided, single submitter				"{""classification"": ""Pathogenic"", ""trait_name"": ""Developmental and epileptic encephalopathy, 4"", ""consequence"": ""missense""}"
CLI001201	ClinVar:VCV004086070	variant_of	HGNC:11444	ClinVar	VCV004086070	https://www.ncbi.nlm.nih.gov/clinvar/variation/4086070	2026-10-04	observed	criteria provided, single submitter				{}
CLI001202	ClinVar:VCV004086070	causes_condition	MONDO:0012812	ClinVar	VCV004086070	https://www.ncbi.nlm.nih.gov/clinvar/variation/4086070	2026-10-04	observed	criteria provided, single submitter				"{""classification"": ""Pathogenic"", ""trait_name"": ""Developmental and epileptic encephalopathy, 4"", ""consequence"": ""truncating""}"
CLI001203	ClinVar:VCV004082354	variant_of	HGNC:11444	ClinVar	VCV004082354	https://www.ncbi.nlm.nih.gov/clinvar/variation/4082354	2026-10-04	observed	criteria provided, single submitter				{}
CLI001204	ClinVar:VCV004082354	causes_condition	MONDO:0012812	ClinVar	VCV004082354	https://www.ncbi.nlm.nih.gov/clinvar/variation/4082354	2026-10-04	observed	criteria provided, single submitter				"{""classification"": ""Likely pathogenic"", ""trait_name"": ""Developmental and epileptic encephalopathy, 4"", ""consequence"": ""missense""}"
CLI001205	ClinVar:VCV004081895	variant_of	HGNC:11444	ClinVar	VCV004081895	https://www.ncbi.nlm.nih.gov/clinvar/variation/4081895	2026-10-04	observed	criteria provided, single submitter				{}
CLI001206	ClinVar:VCV004076227	variant_of	HGNC:11444	ClinVar	VCV004076227	https://www.ncbi.nlm.nih.gov/clinvar/variation/4076227	2026-10-04	observed	criteria provided, single submitter				{}
CLI001207	ClinVar:VCV004076227	causes_condition	MONDO:0012812	ClinVar	VCV004076227	https://www.ncbi.nlm.nih.gov/clinvar/variation/4076227	2026-10-04	observed	criteria provided, single submitter				"{""classification"": ""Pathogenic"", ""trait_name"": ""Developmental and epileptic encephalopathy, 4"", ""consequence"": ""truncating""}"
CLI001208	ClinVar:VCV004075082	variant_of	HGNC:11444	ClinVar	VCV004075082	https://www.ncbi.nlm.nih.gov/clinvar/variation/4075082	2026-10-04	observed	criteria provided, single submitter				{}
CLI001209	ClinVar:VCV004075081	variant_of	HGNC:11444	ClinVar	VCV004075081	https://www.ncbi.nlm.nih.gov/clinvar/variation/4075081	2026-10-04	observed	criteria provided, single submitter				{}
CLI001210	ClinVar:VCV004072008	variant_of	HGNC:11444	ClinVar	VCV004072008	https://www.ncbi.nlm.nih.gov/clinvar/variation/4072008	2026-10-04	observed	criteria provided, single submitter				{}
CLI001211	ClinVar:VCV004072008	causes_condition	MONDO:0012812	ClinVar	VCV004072008	https://www.ncbi.nlm.nih.gov/clinvar/variation/4072008	2026-10-04	observed	criteria provided, single submitter				"{""classification"": ""Pathogenic"", ""trait_name"": ""Developmental and epileptic encephalopathy, 4"", ""consequence"": ""truncating""}"
CLI001212	ClinVar:VCV003963722	variant_of	HGNC:11444	ClinVar	VCV003963722	https://www.ncbi.nlm.nih.gov/clinvar/variation/3963722	2026-10-04	observed	criteria provided, single submitter				{}
CLI001213	ClinVar:VCV003911256	variant_of	HGNC:11444	ClinVar	VCV003911256	https://www.ncbi.nlm.nih.gov/clinvar/variation/3911256	2026-10-04	observed	criteria provided, single submitter				{}
CLI001214	ClinVar:VCV003901164	variant_of	HGNC:11444	ClinVar	VCV003901164	https://www.ncbi.nlm.nih.gov/clinvar/variation/3901164	2026-10-04	observed	criteria provided, single submitter				{}
CLI001215	ClinVar:VCV003901164	causes_condition	MONDO:0012812	ClinVar	VCV003901164	https://www.ncbi.nlm.nih.gov/clinvar/variation/3901164	2026-10-04	observed	criteria provided, single submitter				"{""classification"": ""Likely pathogenic"", ""trait_name"": ""Developmental and epileptic encephalopathy, 4"", ""consequence"": ""missense""}"
CLI001216	ClinVar:VCV003897553	variant_of	HGNC:11444	ClinVar	VCV003897553	https://www.ncbi.nlm.nih.gov/clinvar/variation/3897553	2026-10-04	observed	criteria provided, single submitter				{}
CLI001217	ClinVar:VCV003897553	causes_condition	MONDO:0012812	ClinVar	VCV003897553	https://www.ncbi.nlm.nih.gov/clinvar/variation/3897553	2026-10-04	observed	criteria provided, single submitter				"{""classification"": ""Likely pathogenic"", ""trait_name"": ""Developmental and epileptic encephalopathy, 4"", ""consequence"": ""missense""}"
CLI001218	ClinVar:VCV003897546	variant_of	HGNC:11444	ClinVar	VCV003897546	https://www.ncbi.nlm.nih.gov/clinvar/variation/3897546	2026-10-04	observed	criteria provided, single submitter				{}
CLI001219	ClinVar:VCV003897546	causes_condition	MONDO:0012812	ClinVar	VCV003897546	https://www.ncbi.nlm.nih.gov/clinvar/variation/3897546	2026-10-04	observed	criteria provided, single submitter				"{""classification"": ""Likely pathogenic"", ""trait_name"": ""Developmental and epileptic encephalopathy, 4"", ""consequence"": ""missense""}"
CLI001220	ClinVar:VCV003769824	variant_of	HGNC:11444	ClinVar	VCV003769824	https://www.ncbi.nlm.nih.gov/clinvar/variation/3769824	2026-10-04	observed	criteria provided, single submitter				{}
CLI001221	ClinVar:VCV003725179	variant_of	HGNC:11444	ClinVar	VCV003725179	https://www.ncbi.nlm.nih.gov/clinvar/variation/3725179	2026-10-04	observed	criteria provided, single submitter				{}
CLI001222	ClinVar:VCV003725179	causes_condition	MONDO:0800491	ClinVar	VCV003725179	https://www.ncbi.nlm.nih.gov/clinvar/variation/3725179	2026-10-04	observed	criteria provided, single submitter				"{""classification"": ""Pathogenic"", ""trait_name"": ""Early-infantile DEE"", ""consequence"": ""truncating""}"
CLI001223	ClinVar:VCV003720906	variant_of	HGNC:11444	ClinVar	VCV003720906	https://www.ncbi.nlm.nih.gov/clinvar/variation/3720906	2026-10-04	observed	criteria provided, single submitter				{}
CLI001224	ClinVar:VCV003720906	causes_condition	MONDO:0800491	ClinVar	VCV003720906	https://www.ncbi.nlm.nih.gov/clinvar/variation/3720906	2026-10-04	observed	criteria provided, single submitter				"{""classification"": ""Pathogenic"", ""trait_name"": ""Early-infantile DEE"", ""consequence"": ""truncating""}"
CLI001225	ClinVar:VCV003677082	variant_of	HGNC:11444	ClinVar	VCV003677082	https://www.ncbi.nlm.nih.gov/clinvar/variation/3677082	2026-10-04	observed	criteria provided, multiple submitters, no conflicts				{}
CLI001226	ClinVar:VCV003677082	causes_condition	MONDO:0800491	ClinVar	VCV003677082	https://www.ncbi.nlm.nih.gov/clinvar/variation/3677082	2026-10-04	observed	criteria provided, multiple submitters, no conflicts				"{""classification"": ""Pathogenic"", ""trait_name"": ""Early-infantile DEE"", ""consequence"": ""missense""}"
CLI001227	ClinVar:VCV003643400	variant_of	HGNC:11444	ClinVar	VCV003643400	https://www.ncbi.nlm.nih.gov/clinvar/variation/3643400	2026-10-04	observed	criteria provided, single submitter				{}
CLI001228	ClinVar:VCV003643400	causes_condition	MONDO:0800491	ClinVar	VCV003643400	https://www.ncbi.nlm.nih.gov/clinvar/variation/3643400	2026-10-04	observed	criteria provided, single submitter				"{""classification"": ""Pathogenic"", ""trait_name"": ""Early-infantile DEE"", ""consequence"": ""other""}"
CLI001229	ClinVar:VCV003393534	variant_of	HGNC:11444	ClinVar	VCV003393534	https://www.ncbi.nlm.nih.gov/clinvar/variation/3393534	2026-10-04	observed	criteria provided, single submitter				{}
CLI001230	ClinVar:VCV003391176	variant_of	HGNC:11444	ClinVar	VCV003391176	https://www.ncbi.nlm.nih.gov/clinvar/variation/3391176	2026-10-04	observed	criteria provided, single submitter				{}
CLI001231	ClinVar:VCV003391176	causes_condition	MONDO:0012812	ClinVar	VCV003391176	https://www.ncbi.nlm.nih.gov/clinvar/variation/3391176	2026-10-04	observed	criteria provided, single submitter				"{""classification"": ""Likely pathogenic"", ""trait_name"": ""Developmental and epileptic encephalopathy, 4"", ""consequence"": ""truncating""}"
CLI001232	ClinVar:VCV003387775	variant_of	HGNC:11444	ClinVar	VCV003387775	https://www.ncbi.nlm.nih.gov/clinvar/variation/3387775	2026-10-04	observed	criteria provided, single submitter				{}
CLI001233	ClinVar:VCV003387775	causes_condition	MONDO:0012812	ClinVar	VCV003387775	https://www.ncbi.nlm.nih.gov/clinvar/variation/3387775	2026-10-04	observed	criteria provided, single submitter				"{""classification"": ""Likely pathogenic"", ""trait_name"": ""Developmental and epileptic encephalopathy, 4"", ""consequence"": ""other""}"
CLI001234	ClinVar:VCV003366996	variant_of	HGNC:11444	ClinVar	VCV003366996	https://www.ncbi.nlm.nih.gov/clinvar/variation/3366996	2026-10-04	observed	criteria provided, single submitter				{}
CLI001235	ClinVar:VCV003366996	causes_condition	MONDO:0012812	ClinVar	VCV003366996	https://www.ncbi.nlm.nih.gov/clinvar/variation/3366996	2026-10-04	observed	criteria provided, single submitter				"{""classification"": ""Likely pathogenic"", ""trait_name"": ""Developmental and epileptic encephalopathy, 4"", ""consequence"": ""truncating""}"
CLI001236	ClinVar:VCV003366977	variant_of	HGNC:11444	ClinVar	VCV003366977	https://www.ncbi.nlm.nih.gov/clinvar/variation/3366977	2026-10-04	observed	criteria provided, single submitter				{}
CLI001237	ClinVar:VCV003366977	causes_condition	MONDO:0012812	ClinVar	VCV003366977	https://www.ncbi.nlm.nih.gov/clinvar/variation/3366977	2026-10-04	observed	criteria provided, single submitter				"{""classification"": ""Pathogenic"", ""trait_name"": ""Developmental and epileptic encephalopathy, 4"", ""consequence"": ""truncating""}"
CLI001238	ClinVar:VCV003366943	variant_of	HGNC:11444	ClinVar	VCV003366943	https://www.ncbi.nlm.nih.gov/clinvar/variation/3366943	2026-10-04	observed	criteria provided, single submitter				{}
CLI001239	ClinVar:VCV003366943	causes_condition	MONDO:0012812	ClinVar	VCV003366943	https://www.ncbi.nlm.nih.gov/clinvar/variation/3366943	2026-10-04	observed	criteria provided, single submitter				"{""classification"": ""Pathogenic"", ""trait_name"": ""Developmental and epileptic encephalopathy, 4"", ""consequence"": ""truncating""}"
CLI001240	ClinVar:VCV003358970	variant_of	HGNC:11444	ClinVar	VCV003358970	https://www.ncbi.nlm.nih.gov/clinvar/variation/3358970	2026-10-04	observed	criteria provided, single submitter				{}
CLI001241	ClinVar:VCV003358970	causes_condition	MONDO:0012812	ClinVar	VCV003358970	https://www.ncbi.nlm.nih.gov/clinvar/variation/3358970	2026-10-04	observed	criteria provided, single submitter				"{""classification"": ""Pathogenic"", ""trait_name"": ""Developmental and epileptic encephalopathy, 4"", ""consequence"": ""truncating""}"
CLI001242	ClinVar:VCV003342372	variant_of	HGNC:11444	ClinVar	VCV003342372	https://www.ncbi.nlm.nih.gov/clinvar/variation/3342372	2026-10-04	observed	criteria provided, multiple submitters, no conflicts				{}
CLI001243	ClinVar:VCV003341966	variant_of	HGNC:11444	ClinVar	VCV003341966	https://www.ncbi.nlm.nih.gov/clinvar/variation/3341966	2026-10-04	observed	criteria provided, single submitter				{}
CLI001244	ClinVar:VCV003338999	variant_of	HGNC:11444	ClinVar	VCV003338999	https://www.ncbi.nlm.nih.gov/clinvar/variation/3338999	2026-10-04	observed	criteria provided, single submitter				{}
CLI001245	ClinVar:VCV003338999	causes_condition	MONDO:0012812	ClinVar	VCV003338999	https://www.ncbi.nlm.nih.gov/clinvar/variation/3338999	2026-10-04	observed	criteria provided, single submitter				"{""classification"": ""Pathogenic"", ""trait_name"": ""Developmental and epileptic encephalopathy, 4"", ""consequence"": ""truncating""}"
CLI001246	ClinVar:VCV003337639	variant_of	HGNC:11444	ClinVar	VCV003337639	https://www.ncbi.nlm.nih.gov/clinvar/variation/3337639	2026-10-04	observed	criteria provided, single submitter				{}
CLI001247	ClinVar:VCV003254918	variant_of	HGNC:11444	ClinVar	VCV003254918	https://www.ncbi.nlm.nih.gov/clinvar/variation/3254918	2026-10-04	observed	criteria provided, single submitter				{}
CLI001248	ClinVar:VCV003254918	causes_condition	MONDO:0012812	ClinVar	VCV003254918	https://www.ncbi.nlm.nih.gov/clinvar/variation/3254918	2026-10-04	observed	criteria provided, single submitter				"{""classification"": ""Likely pathogenic"", ""trait_name"": ""Developmental and epileptic encephalopathy, 4"", ""consequence"": ""missense""}"
CLI001249	ClinVar:VCV003245125	variant_of	HGNC:11444	ClinVar	VCV003245125	https://www.ncbi.nlm.nih.gov/clinvar/variation/3245125	2026-10-04	observed	criteria provided, single submitter				{}
CLI001250	ClinVar:VCV003245123	variant_of	HGNC:11444	ClinVar	VCV003245123	https://www.ncbi.nlm.nih.gov/clinvar/variation/3245123	2026-10-04	observed	criteria provided, single submitter				{}
CLI001251	ClinVar:VCV003245122	variant_of	HGNC:11444	ClinVar	VCV003245122	https://www.ncbi.nlm.nih.gov/clinvar/variation/3245122	2026-10-04	observed	criteria provided, single submitter				{}
CLI001252	ClinVar:VCV003245121	variant_of	HGNC:11444	ClinVar	VCV003245121	https://www.ncbi.nlm.nih.gov/clinvar/variation/3245121	2026-10-04	observed	criteria provided, single submitter				{}
CLI001253	ClinVar:VCV003245120	variant_of	HGNC:11444	ClinVar	VCV003245120	https://www.ncbi.nlm.nih.gov/clinvar/variation/3245120	2026-10-04	observed	criteria provided, single submitter				{}
CLI001254	ClinVar:VCV003239445	variant_of	HGNC:11444	ClinVar	VCV003239445	https://www.ncbi.nlm.nih.gov/clinvar/variation/3239445	2026-10-04	observed	criteria provided, single submitter				{}
CLI001255	ClinVar:VCV003236709	variant_of	HGNC:11444	ClinVar	VCV003236709	https://www.ncbi.nlm.nih.gov/clinvar/variation/3236709	2026-10-04	observed	criteria provided, single submitter				{}
CLI001256	ClinVar:VCV003236709	causes_condition	MONDO:0012812	ClinVar	VCV003236709	https://www.ncbi.nlm.nih.gov/clinvar/variation/3236709	2026-10-04	observed	criteria provided, single submitter				"{""classification"": ""Pathogenic"", ""trait_name"": ""Developmental and epileptic encephalopathy, 4"", ""consequence"": ""truncating""}"
CLI001257	ClinVar:VCV003235156	variant_of	HGNC:11444	ClinVar	VCV003235156	https://www.ncbi.nlm.nih.gov/clinvar/variation/3235156	2026-10-04	observed	criteria provided, single submitter				{}
CLI001258	ClinVar:VCV003235156	causes_condition	MONDO:0012812	ClinVar	VCV003235156	https://www.ncbi.nlm.nih.gov/clinvar/variation/3235156	2026-10-04	observed	criteria provided, single submitter				"{""classification"": ""Pathogenic"", ""trait_name"": ""Developmental and epileptic encephalopathy, 4"", ""consequence"": ""truncating""}"
CLI001259	ClinVar:VCV003068465	variant_of	HGNC:11444	ClinVar	VCV003068465	https://www.ncbi.nlm.nih.gov/clinvar/variation/3068465	2026-10-04	observed	criteria provided, single submitter				{}
CLI001260	ClinVar:VCV003068465	causes_condition	MONDO:0012812	ClinVar	VCV003068465	https://www.ncbi.nlm.nih.gov/clinvar/variation/3068465	2026-10-04	observed	criteria provided, single submitter				"{""classification"": ""Pathogenic"", ""trait_name"": ""Developmental and epileptic encephalopathy, 4"", ""consequence"": ""truncating""}"
CLI001261	ClinVar:VCV003067813	variant_of	HGNC:11444	ClinVar	VCV003067813	https://www.ncbi.nlm.nih.gov/clinvar/variation/3067813	2026-10-04	observed	criteria provided, single submitter				{}
CLI001262	ClinVar:VCV003066208	variant_of	HGNC:11444	ClinVar	VCV003066208	https://www.ncbi.nlm.nih.gov/clinvar/variation/3066208	2026-10-04	observed	criteria provided, single submitter				{}
CLI001263	ClinVar:VCV003066208	causes_condition	MONDO:0012812	ClinVar	VCV003066208	https://www.ncbi.nlm.nih.gov/clinvar/variation/3066208	2026-10-04	observed	criteria provided, single submitter				"{""classification"": ""Likely pathogenic"", ""trait_name"": ""Developmental and epileptic encephalopathy, 4"", ""consequence"": ""truncating""}"
CLI001264	ClinVar:VCV002907393	variant_of	HGNC:11444	ClinVar	VCV002907393	https://www.ncbi.nlm.nih.gov/clinvar/variation/2907393	2026-10-04	observed	criteria provided, single submitter				{}
CLI001265	ClinVar:VCV002907393	causes_condition	MONDO:0800491	ClinVar	VCV002907393	https://www.ncbi.nlm.nih.gov/clinvar/variation/2907393	2026-10-04	observed	criteria provided, single submitter				"{""classification"": ""Pathogenic"", ""trait_name"": ""Early-infantile DEE"", ""consequence"": ""truncating""}"
CLI001266	ClinVar:VCV002862850	variant_of	HGNC:11444	ClinVar	VCV002862850	https://www.ncbi.nlm.nih.gov/clinvar/variation/2862850	2026-10-04	observed	criteria provided, single submitter				{}
CLI001267	ClinVar:VCV002862850	causes_condition	MONDO:0800491	ClinVar	VCV002862850	https://www.ncbi.nlm.nih.gov/clinvar/variation/2862850	2026-10-04	observed	criteria provided, single submitter				"{""classification"": ""Pathogenic"", ""trait_name"": ""Early-infantile DEE"", ""consequence"": ""missense""}"
CLI001268	ClinVar:VCV002856716	variant_of	HGNC:11444	ClinVar	VCV002856716	https://www.ncbi.nlm.nih.gov/clinvar/variation/2856716	2026-10-04	observed	criteria provided, single submitter				{}
CLI001269	ClinVar:VCV002856716	causes_condition	MONDO:0800491	ClinVar	VCV002856716	https://www.ncbi.nlm.nih.gov/clinvar/variation/2856716	2026-10-04	observed	criteria provided, single submitter				"{""classification"": ""Pathogenic"", ""trait_name"": ""Early-infantile DEE"", ""consequence"": ""truncating""}"
CLI001270	ClinVar:VCV002856219	variant_of	HGNC:11444	ClinVar	VCV002856219	https://www.ncbi.nlm.nih.gov/clinvar/variation/2856219	2026-10-04	observed	criteria provided, single submitter				{}
CLI001271	ClinVar:VCV002856219	causes_condition	MONDO:0800491	ClinVar	VCV002856219	https://www.ncbi.nlm.nih.gov/clinvar/variation/2856219	2026-10-04	observed	criteria provided, single submitter				"{""classification"": ""Pathogenic"", ""trait_name"": ""Early-infantile DEE"", ""consequence"": ""missense""}"
CLI001272	ClinVar:VCV002855249	variant_of	HGNC:11444	ClinVar	VCV002855249	https://www.ncbi.nlm.nih.gov/clinvar/variation/2855249	2026-10-04	observed	criteria provided, single submitter				{}
CLI001273	ClinVar:VCV002855249	causes_condition	MONDO:0800491	ClinVar	VCV002855249	https://www.ncbi.nlm.nih.gov/clinvar/variation/2855249	2026-10-04	observed	criteria provided, single submitter				"{""classification"": ""Pathogenic"", ""trait_name"": ""Early-infantile DEE"", ""consequence"": ""truncating""}"
CLI001274	ClinVar:VCV002834882	variant_of	HGNC:11444	ClinVar	VCV002834882	https://www.ncbi.nlm.nih.gov/clinvar/variation/2834882	2026-10-04	observed	criteria provided, multiple submitters, no conflicts				{}
CLI001275	ClinVar:VCV002834882	causes_condition	MONDO:0800491	ClinVar	VCV002834882	https://www.ncbi.nlm.nih.gov/clinvar/variation/2834882	2026-10-04	observed	criteria provided, multiple submitters, no conflicts				"{""classification"": ""Pathogenic/Likely pathogenic"", ""trait_name"": ""Early-infantile DEE"", ""consequence"": ""missense""}"
CLI001276	ClinVar:VCV002825850	variant_of	HGNC:11444	ClinVar	VCV002825850	https://www.ncbi.nlm.nih.gov/clinvar/variation/2825850	2026-10-04	observed	criteria provided, single submitter				{}
CLI001277	ClinVar:VCV002825850	causes_condition	MONDO:0800491	ClinVar	VCV002825850	https://www.ncbi.nlm.nih.gov/clinvar/variation/2825850	2026-10-04	observed	criteria provided, single submitter				"{""classification"": ""Likely pathogenic"", ""trait_name"": ""Early-infantile DEE"", ""consequence"": ""truncating""}"
CLI001278	ClinVar:VCV002822576	variant_of	HGNC:11444	ClinVar	VCV002822576	https://www.ncbi.nlm.nih.gov/clinvar/variation/2822576	2026-10-04	observed	criteria provided, single submitter				{}
CLI001279	ClinVar:VCV002822576	causes_condition	MONDO:0800491	ClinVar	VCV002822576	https://www.ncbi.nlm.nih.gov/clinvar/variation/2822576	2026-10-04	observed	criteria provided, single submitter				"{""classification"": ""Pathogenic"", ""trait_name"": ""Early-infantile DEE"", ""consequence"": ""truncating""}"
CLI001280	ClinVar:VCV002822114	variant_of	HGNC:11444	ClinVar	VCV002822114	https://www.ncbi.nlm.nih.gov/clinvar/variation/2822114	2026-10-04	observed	criteria provided, single submitter				{}
CLI001281	ClinVar:VCV002822114	causes_condition	MONDO:0800491	ClinVar	VCV002822114	https://www.ncbi.nlm.nih.gov/clinvar/variation/2822114	2026-10-04	observed	criteria provided, single submitter				"{""classification"": ""Pathogenic"", ""trait_name"": ""Early-infantile DEE"", ""consequence"": ""truncating""}"
CLI001282	ClinVar:VCV002819322	variant_of	HGNC:11444	ClinVar	VCV002819322	https://www.ncbi.nlm.nih.gov/clinvar/variation/2819322	2026-10-04	observed	criteria provided, single submitter				{}
CLI001283	ClinVar:VCV002819322	causes_condition	MONDO:0800491	ClinVar	VCV002819322	https://www.ncbi.nlm.nih.gov/clinvar/variation/2819322	2026-10-04	observed	criteria provided, single submitter				"{""classification"": ""Pathogenic"", ""trait_name"": ""Early-infantile DEE"", ""consequence"": ""truncating""}"
CLI001284	ClinVar:VCV002766603	variant_of	HGNC:11444	ClinVar	VCV002766603	https://www.ncbi.nlm.nih.gov/clinvar/variation/2766603	2026-10-04	observed	criteria provided, single submitter				{}
CLI001285	ClinVar:VCV002766603	causes_condition	MONDO:0800491	ClinVar	VCV002766603	https://www.ncbi.nlm.nih.gov/clinvar/variation/2766603	2026-10-04	observed	criteria provided, single submitter				"{""classification"": ""Pathogenic"", ""trait_name"": ""Early-infantile DEE"", ""consequence"": ""truncating""}"
CLI001286	ClinVar:VCV002706369	variant_of	HGNC:11444	ClinVar	VCV002706369	https://www.ncbi.nlm.nih.gov/clinvar/variation/2706369	2026-10-04	observed	criteria provided, single submitter				{}
CLI001287	ClinVar:VCV002706369	causes_condition	MONDO:0800491	ClinVar	VCV002706369	https://www.ncbi.nlm.nih.gov/clinvar/variation/2706369	2026-10-04	observed	criteria provided, single submitter				"{""classification"": ""Pathogenic"", ""trait_name"": ""Early-infantile DEE"", ""consequence"": ""truncating""}"
CLI001288	ClinVar:VCV002693125	variant_of	HGNC:11444	ClinVar	VCV002693125	https://www.ncbi.nlm.nih.gov/clinvar/variation/2693125	2026-10-04	observed	criteria provided, single submitter				{}
CLI001289	ClinVar:VCV002693125	causes_condition	MONDO:0800491	ClinVar	VCV002693125	https://www.ncbi.nlm.nih.gov/clinvar/variation/2693125	2026-10-04	observed	criteria provided, single submitter				"{""classification"": ""Likely pathogenic"", ""trait_name"": ""Early-infantile DEE"", ""consequence"": ""missense""}"
CLI001290	ClinVar:VCV002683924	variant_of	HGNC:11444	ClinVar	VCV002683924	https://www.ncbi.nlm.nih.gov/clinvar/variation/2683924	2026-10-04	observed	criteria provided, single submitter				{}
CLI001291	ClinVar:VCV002683924	causes_condition	MONDO:0012812	ClinVar	VCV002683924	https://www.ncbi.nlm.nih.gov/clinvar/variation/2683924	2026-10-04	observed	criteria provided, single submitter				"{""classification"": ""Pathogenic"", ""trait_name"": ""Developmental and epileptic encephalopathy, 4"", ""consequence"": ""other""}"
CLI001292	ClinVar:VCV002671713	variant_of	HGNC:11444	ClinVar	VCV002671713	https://www.ncbi.nlm.nih.gov/clinvar/variation/2671713	2026-10-04	observed	criteria provided, single submitter				{}
CLI001293	ClinVar:VCV002671713	causes_condition	MONDO:0012812	ClinVar	VCV002671713	https://www.ncbi.nlm.nih.gov/clinvar/variation/2671713	2026-10-04	observed	criteria provided, single submitter				"{""classification"": ""Likely pathogenic"", ""trait_name"": ""Developmental and epileptic encephalopathy, 4"", ""consequence"": ""truncating""}"
CLI001294	ClinVar:VCV002664477	variant_of	HGNC:11444	ClinVar	VCV002664477	https://www.ncbi.nlm.nih.gov/clinvar/variation/2664477	2026-10-04	observed	criteria provided, single submitter				{}
CLI001295	ClinVar:VCV002664477	causes_condition	MONDO:0012812	ClinVar	VCV002664477	https://www.ncbi.nlm.nih.gov/clinvar/variation/2664477	2026-10-04	observed	criteria provided, single submitter				"{""classification"": ""Likely pathogenic"", ""trait_name"": ""Developmental and epileptic encephalopathy, 4"", ""consequence"": ""missense""}"
CLI001296	ClinVar:VCV002635125	variant_of	HGNC:11444	ClinVar	VCV002635125	https://www.ncbi.nlm.nih.gov/clinvar/variation/2635125	2026-10-04	observed	criteria provided, single submitter				{}
CLI001297	ClinVar:VCV002585547	variant_of	HGNC:11444	ClinVar	VCV002585547	https://www.ncbi.nlm.nih.gov/clinvar/variation/2585547	2026-10-04	observed	criteria provided, single submitter				{}
CLI001298	ClinVar:VCV002585547	causes_condition	MONDO:0012812	ClinVar	VCV002585547	https://www.ncbi.nlm.nih.gov/clinvar/variation/2585547	2026-10-04	observed	criteria provided, single submitter				"{""classification"": ""Likely pathogenic"", ""trait_name"": ""Developmental and epileptic encephalopathy, 4"", ""consequence"": ""truncating""}"
CLI001299	ClinVar:VCV002584351	variant_of	HGNC:11444	ClinVar	VCV002584351	https://www.ncbi.nlm.nih.gov/clinvar/variation/2584351	2026-10-04	observed	criteria provided, single submitter				{}
CLI001300	ClinVar:VCV002584351	causes_condition	MONDO:0012812	ClinVar	VCV002584351	https://www.ncbi.nlm.nih.gov/clinvar/variation/2584351	2026-10-04	observed	criteria provided, single submitter				"{""classification"": ""Likely pathogenic"", ""trait_name"": ""Developmental and epileptic encephalopathy, 4"", ""consequence"": ""missense""}"
CLI001301	ClinVar:VCV002576604	variant_of	HGNC:11444	ClinVar	VCV002576604	https://www.ncbi.nlm.nih.gov/clinvar/variation/2576604	2026-10-04	observed	criteria provided, single submitter				{}
CLI001302	ClinVar:VCV002576604	causes_condition	MONDO:0012812	ClinVar	VCV002576604	https://www.ncbi.nlm.nih.gov/clinvar/variation/2576604	2026-10-04	observed	criteria provided, single submitter				"{""classification"": ""Pathogenic"", ""trait_name"": ""Developmental and epileptic encephalopathy, 4"", ""consequence"": ""missense""}"
CLI001303	ClinVar:VCV002574147	variant_of	HGNC:11444	ClinVar	VCV002574147	https://www.ncbi.nlm.nih.gov/clinvar/variation/2574147	2026-10-04	observed	criteria provided, single submitter				{}
CLI001304	ClinVar:VCV002574147	causes_condition	MONDO:0012812	ClinVar	VCV002574147	https://www.ncbi.nlm.nih.gov/clinvar/variation/2574147	2026-10-04	observed	criteria provided, single submitter				"{""classification"": ""Pathogenic"", ""trait_name"": ""Developmental and epileptic encephalopathy, 4"", ""consequence"": ""truncating""}"
CLI001305	ClinVar:VCV002573500	variant_of	HGNC:11444	ClinVar	VCV002573500	https://www.ncbi.nlm.nih.gov/clinvar/variation/2573500	2026-10-04	observed	criteria provided, single submitter				{}
CLI001306	ClinVar:VCV002573500	causes_condition	MONDO:0012812	ClinVar	VCV002573500	https://www.ncbi.nlm.nih.gov/clinvar/variation/2573500	2026-10-04	observed	criteria provided, single submitter				"{""classification"": ""Pathogenic"", ""trait_name"": ""Developmental and epileptic encephalopathy, 4"", ""consequence"": ""other""}"
CLI001307	ClinVar:VCV002573201	variant_of	HGNC:11444	ClinVar	VCV002573201	https://www.ncbi.nlm.nih.gov/clinvar/variation/2573201	2026-10-04	observed	criteria provided, single submitter				{}
CLI001308	ClinVar:VCV002573201	causes_condition	MONDO:0012812	ClinVar	VCV002573201	https://www.ncbi.nlm.nih.gov/clinvar/variation/2573201	2026-10-04	observed	criteria provided, single submitter				"{""classification"": ""Likely pathogenic"", ""trait_name"": ""Developmental and epileptic encephalopathy, 4"", ""consequence"": ""truncating""}"
CLI001309	ClinVar:VCV002570697	variant_of	HGNC:11444	ClinVar	VCV002570697	https://www.ncbi.nlm.nih.gov/clinvar/variation/2570697	2026-10-04	observed	criteria provided, single submitter				{}
CLI001310	ClinVar:VCV002570697	causes_condition	MONDO:0012812	ClinVar	VCV002570697	https://www.ncbi.nlm.nih.gov/clinvar/variation/2570697	2026-10-04	observed	criteria provided, single submitter				"{""classification"": ""Likely pathogenic"", ""trait_name"": ""Developmental and epileptic encephalopathy, 4"", ""consequence"": ""truncating""}"
CLI001311	ClinVar:VCV002505544	variant_of	HGNC:11444	ClinVar	VCV002505544	https://www.ncbi.nlm.nih.gov/clinvar/variation/2505544	2026-10-04	observed	criteria provided, single submitter				{}
CLI001312	ClinVar:VCV002505544	causes_condition	MONDO:0012812	ClinVar	VCV002505544	https://www.ncbi.nlm.nih.gov/clinvar/variation/2505544	2026-10-04	observed	criteria provided, single submitter				"{""classification"": ""Pathogenic"", ""trait_name"": ""Developmental and epileptic encephalopathy, 4"", ""consequence"": ""truncating""}"
CLI001313	ClinVar:VCV002499609	variant_of	HGNC:11444	ClinVar	VCV002499609	https://www.ncbi.nlm.nih.gov/clinvar/variation/2499609	2026-10-04	observed	criteria provided, single submitter				{}
CLI001314	ClinVar:VCV002499609	causes_condition	MONDO:0012812	ClinVar	VCV002499609	https://www.ncbi.nlm.nih.gov/clinvar/variation/2499609	2026-10-04	observed	criteria provided, single submitter				"{""classification"": ""Likely pathogenic"", ""trait_name"": ""Developmental and epileptic encephalopathy, 4"", ""consequence"": ""truncating""}"
CLI001315	ClinVar:VCV002442359	variant_of	HGNC:11444	ClinVar	VCV002442359	https://www.ncbi.nlm.nih.gov/clinvar/variation/2442359	2026-10-04	observed	criteria provided, single submitter				{}
CLI001316	ClinVar:VCV002442359	causes_condition	MONDO:0012812	ClinVar	VCV002442359	https://www.ncbi.nlm.nih.gov/clinvar/variation/2442359	2026-10-04	observed	criteria provided, single submitter				"{""classification"": ""Pathogenic"", ""trait_name"": ""Developmental and epileptic encephalopathy, 4"", ""consequence"": ""truncating""}"
CLI001317	ClinVar:VCV002434011	variant_of	HGNC:11444	ClinVar	VCV002434011	https://www.ncbi.nlm.nih.gov/clinvar/variation/2434011	2026-10-04	observed	criteria provided, single submitter				{}
CLI001318	ClinVar:VCV002434011	causes_condition	MONDO:0012812	ClinVar	VCV002434011	https://www.ncbi.nlm.nih.gov/clinvar/variation/2434011	2026-10-04	observed	criteria provided, single submitter				"{""classification"": ""Likely pathogenic"", ""trait_name"": ""Developmental and epileptic encephalopathy, 4"", ""consequence"": ""truncating""}"
CLI001319	ClinVar:VCV002430194	variant_of	HGNC:11444	ClinVar	VCV002430194	https://www.ncbi.nlm.nih.gov/clinvar/variation/2430194	2026-10-04	observed	criteria provided, single submitter				{}
CLI001320	ClinVar:VCV002430194	causes_condition	MONDO:0012812	ClinVar	VCV002430194	https://www.ncbi.nlm.nih.gov/clinvar/variation/2430194	2026-10-04	observed	criteria provided, single submitter				"{""classification"": ""Pathogenic"", ""trait_name"": ""Developmental and epileptic encephalopathy, 4"", ""consequence"": ""truncating""}"
CLI001321	ClinVar:VCV002424645	variant_of	HGNC:11444	ClinVar	VCV002424645	https://www.ncbi.nlm.nih.gov/clinvar/variation/2424645	2026-10-04	observed	criteria provided, single submitter				{}
CLI001322	ClinVar:VCV002424644	variant_of	HGNC:11444	ClinVar	VCV002424644	https://www.ncbi.nlm.nih.gov/clinvar/variation/2424644	2026-10-04	observed	criteria provided, single submitter				{}
CLI001323	ClinVar:VCV002424643	variant_of	HGNC:11444	ClinVar	VCV002424643	https://www.ncbi.nlm.nih.gov/clinvar/variation/2424643	2026-10-04	observed	criteria provided, single submitter				{}
CLI001324	ClinVar:VCV002136814	variant_of	HGNC:11444	ClinVar	VCV002136814	https://www.ncbi.nlm.nih.gov/clinvar/variation/2136814	2026-10-04	observed	criteria provided, single submitter				{}
CLI001325	ClinVar:VCV002136814	causes_condition	MONDO:0800491	ClinVar	VCV002136814	https://www.ncbi.nlm.nih.gov/clinvar/variation/2136814	2026-10-04	observed	criteria provided, single submitter				"{""classification"": ""Likely pathogenic"", ""trait_name"": ""Early-infantile DEE"", ""consequence"": ""truncating""}"
CLI001326	ClinVar:VCV002136813	variant_of	HGNC:11444	ClinVar	VCV002136813	https://www.ncbi.nlm.nih.gov/clinvar/variation/2136813	2026-10-04	observed	criteria provided, single submitter				{}
CLI001327	ClinVar:VCV002136813	causes_condition	MONDO:0800491	ClinVar	VCV002136813	https://www.ncbi.nlm.nih.gov/clinvar/variation/2136813	2026-10-04	observed	criteria provided, single submitter				"{""classification"": ""Pathogenic"", ""trait_name"": ""Early-infantile DEE"", ""consequence"": ""truncating""}"
CLI001328	ClinVar:VCV002116337	variant_of	HGNC:11444	ClinVar	VCV002116337	https://www.ncbi.nlm.nih.gov/clinvar/variation/2116337	2026-10-04	observed	criteria provided, single submitter				{}
CLI001329	ClinVar:VCV002116337	causes_condition	MONDO:0800491	ClinVar	VCV002116337	https://www.ncbi.nlm.nih.gov/clinvar/variation/2116337	2026-10-04	observed	criteria provided, single submitter				"{""classification"": ""Likely pathogenic"", ""trait_name"": ""Early-infantile DEE"", ""consequence"": ""missense""}"
CLI001330	ClinVar:VCV002106005	variant_of	HGNC:11444	ClinVar	VCV002106005	https://www.ncbi.nlm.nih.gov/clinvar/variation/2106005	2026-10-04	observed	criteria provided, single submitter				{}
CLI001331	ClinVar:VCV002106005	causes_condition	MONDO:0800491	ClinVar	VCV002106005	https://www.ncbi.nlm.nih.gov/clinvar/variation/2106005	2026-10-04	observed	criteria provided, single submitter				"{""classification"": ""Pathogenic"", ""trait_name"": ""Early-infantile DEE"", ""consequence"": ""truncating""}"
CLI001332	ClinVar:VCV002101079	variant_of	HGNC:11444	ClinVar	VCV002101079	https://www.ncbi.nlm.nih.gov/clinvar/variation/2101079	2026-10-04	observed	criteria provided, single submitter				{}
CLI001333	ClinVar:VCV002101079	causes_condition	MONDO:0800491	ClinVar	VCV002101079	https://www.ncbi.nlm.nih.gov/clinvar/variation/2101079	2026-10-04	observed	criteria provided, single submitter				"{""classification"": ""Pathogenic"", ""trait_name"": ""Early-infantile DEE"", ""consequence"": ""truncating""}"
CLI001334	ClinVar:VCV002096989	variant_of	HGNC:11444	ClinVar	VCV002096989	https://www.ncbi.nlm.nih.gov/clinvar/variation/2096989	2026-10-04	observed	criteria provided, single submitter				{}
CLI001335	ClinVar:VCV002096989	causes_condition	MONDO:0800491	ClinVar	VCV002096989	https://www.ncbi.nlm.nih.gov/clinvar/variation/2096989	2026-10-04	observed	criteria provided, single submitter				"{""classification"": ""Pathogenic"", ""trait_name"": ""Early-infantile DEE"", ""consequence"": ""truncating""}"
CLI001336	ClinVar:VCV002094661	variant_of	HGNC:11444	ClinVar	VCV002094661	https://www.ncbi.nlm.nih.gov/clinvar/variation/2094661	2026-10-04	observed	criteria provided, single submitter				{}
CLI001337	ClinVar:VCV002094661	causes_condition	MONDO:0800491	ClinVar	VCV002094661	https://www.ncbi.nlm.nih.gov/clinvar/variation/2094661	2026-10-04	observed	criteria provided, single submitter				"{""classification"": ""Pathogenic"", ""trait_name"": ""Early-infantile DEE"", ""consequence"": ""truncating""}"
CLI001338	ClinVar:VCV002060555	variant_of	HGNC:11444	ClinVar	VCV002060555	https://www.ncbi.nlm.nih.gov/clinvar/variation/2060555	2026-10-04	observed	criteria provided, single submitter				{}
CLI001339	ClinVar:VCV002060555	causes_condition	MONDO:0800491	ClinVar	VCV002060555	https://www.ncbi.nlm.nih.gov/clinvar/variation/2060555	2026-10-04	observed	criteria provided, single submitter				"{""classification"": ""Pathogenic"", ""trait_name"": ""Early-infantile DEE"", ""consequence"": ""truncating""}"
CLI001340	ClinVar:VCV002055422	variant_of	HGNC:11444	ClinVar	VCV002055422	https://www.ncbi.nlm.nih.gov/clinvar/variation/2055422	2026-10-04	observed	criteria provided, single submitter				{}
CLI001341	ClinVar:VCV002055422	causes_condition	MONDO:0800491	ClinVar	VCV002055422	https://www.ncbi.nlm.nih.gov/clinvar/variation/2055422	2026-10-04	observed	criteria provided, single submitter				"{""classification"": ""Pathogenic"", ""trait_name"": ""Early-infantile DEE"", ""consequence"": ""missense""}"
CLI001342	ClinVar:VCV002055230	variant_of	HGNC:11444	ClinVar	VCV002055230	https://www.ncbi.nlm.nih.gov/clinvar/variation/2055230	2026-10-04	observed	criteria provided, single submitter				{}
CLI001343	ClinVar:VCV002055230	causes_condition	MONDO:0800491	ClinVar	VCV002055230	https://www.ncbi.nlm.nih.gov/clinvar/variation/2055230	2026-10-04	observed	criteria provided, single submitter				"{""classification"": ""Pathogenic"", ""trait_name"": ""Early-infantile DEE"", ""consequence"": ""truncating""}"
CLI001344	ClinVar:VCV002053773	variant_of	HGNC:11444	ClinVar	VCV002053773	https://www.ncbi.nlm.nih.gov/clinvar/variation/2053773	2026-10-04	observed	criteria provided, single submitter				{}
CLI001345	ClinVar:VCV002053773	causes_condition	MONDO:0800491	ClinVar	VCV002053773	https://www.ncbi.nlm.nih.gov/clinvar/variation/2053773	2026-10-04	observed	criteria provided, single submitter				"{""classification"": ""Pathogenic"", ""trait_name"": ""Early-infantile DEE"", ""consequence"": ""truncating""}"
CLI001346	ClinVar:VCV002032711	variant_of	HGNC:11444	ClinVar	VCV002032711	https://www.ncbi.nlm.nih.gov/clinvar/variation/2032711	2026-10-04	observed	criteria provided, single submitter				{}
CLI001347	ClinVar:VCV002032711	causes_condition	MONDO:0800491	ClinVar	VCV002032711	https://www.ncbi.nlm.nih.gov/clinvar/variation/2032711	2026-10-04	observed	criteria provided, single submitter				"{""classification"": ""Pathogenic"", ""trait_name"": ""Early-infantile DEE"", ""consequence"": ""truncating""}"
CLI001348	ClinVar:VCV002029854	variant_of	HGNC:11444	ClinVar	VCV002029854	https://www.ncbi.nlm.nih.gov/clinvar/variation/2029854	2026-10-04	observed	criteria provided, single submitter				{}
CLI001349	ClinVar:VCV002029854	causes_condition	MONDO:0800491	ClinVar	VCV002029854	https://www.ncbi.nlm.nih.gov/clinvar/variation/2029854	2026-10-04	observed	criteria provided, single submitter				"{""classification"": ""Pathogenic"", ""trait_name"": ""Early-infantile DEE"", ""consequence"": ""truncating""}"
CLI001350	ClinVar:VCV002021368	variant_of	HGNC:11444	ClinVar	VCV002021368	https://www.ncbi.nlm.nih.gov/clinvar/variation/2021368	2026-10-04	observed	criteria provided, single submitter				{}
CLI001351	ClinVar:VCV002021368	causes_condition	MONDO:0800491	ClinVar	VCV002021368	https://www.ncbi.nlm.nih.gov/clinvar/variation/2021368	2026-10-04	observed	criteria provided, single submitter				"{""classification"": ""Pathogenic"", ""trait_name"": ""Early-infantile DEE"", ""consequence"": ""truncating""}"
CLI001352	ClinVar:VCV002007067	variant_of	HGNC:11444	ClinVar	VCV002007067	https://www.ncbi.nlm.nih.gov/clinvar/variation/2007067	2026-10-04	observed	criteria provided, single submitter				{}
CLI001353	ClinVar:VCV002007067	causes_condition	MONDO:0800491	ClinVar	VCV002007067	https://www.ncbi.nlm.nih.gov/clinvar/variation/2007067	2026-10-04	observed	criteria provided, single submitter				"{""classification"": ""Pathogenic"", ""trait_name"": ""Early-infantile DEE"", ""consequence"": ""truncating""}"
CLI001354	ClinVar:VCV001995692	variant_of	HGNC:11444	ClinVar	VCV001995692	https://www.ncbi.nlm.nih.gov/clinvar/variation/1995692	2026-10-04	observed	criteria provided, single submitter				{}
CLI001355	ClinVar:VCV001995692	causes_condition	MONDO:0800491	ClinVar	VCV001995692	https://www.ncbi.nlm.nih.gov/clinvar/variation/1995692	2026-10-04	observed	criteria provided, single submitter				"{""classification"": ""Pathogenic"", ""trait_name"": ""Early-infantile DEE"", ""consequence"": ""truncating""}"
CLI001356	ClinVar:VCV001810253	variant_of	HGNC:11444	ClinVar	VCV001810253	https://www.ncbi.nlm.nih.gov/clinvar/variation/1810253	2026-10-04	observed	criteria provided, single submitter				{}
CLI001357	ClinVar:VCV001805469	variant_of	HGNC:11444	ClinVar	VCV001805469	https://www.ncbi.nlm.nih.gov/clinvar/variation/1805469	2026-10-04	observed	criteria provided, single submitter				{}
CLI001358	ClinVar:VCV001805469	causes_condition	MONDO:0012812	ClinVar	VCV001805469	https://www.ncbi.nlm.nih.gov/clinvar/variation/1805469	2026-10-04	observed	criteria provided, single submitter				"{""classification"": ""Pathogenic"", ""trait_name"": ""Developmental and epileptic encephalopathy, 4"", ""consequence"": ""truncating""}"
CLI001359	ClinVar:VCV001805441	variant_of	HGNC:11444	ClinVar	VCV001805441	https://www.ncbi.nlm.nih.gov/clinvar/variation/1805441	2026-10-04	observed	criteria provided, single submitter				{}
CLI001360	ClinVar:VCV001805441	causes_condition	MONDO:0012812	ClinVar	VCV001805441	https://www.ncbi.nlm.nih.gov/clinvar/variation/1805441	2026-10-04	observed	criteria provided, single submitter				"{""classification"": ""Pathogenic"", ""trait_name"": ""Developmental and epileptic encephalopathy, 4"", ""consequence"": ""truncating""}"
CLI001361	ClinVar:VCV001804158	variant_of	HGNC:11444	ClinVar	VCV001804158	https://www.ncbi.nlm.nih.gov/clinvar/variation/1804158	2026-10-04	observed	criteria provided, single submitter				{}
CLI001362	ClinVar:VCV001804158	causes_condition	MONDO:0012812	ClinVar	VCV001804158	https://www.ncbi.nlm.nih.gov/clinvar/variation/1804158	2026-10-04	observed	criteria provided, single submitter				"{""classification"": ""Likely pathogenic"", ""trait_name"": ""Developmental and epileptic encephalopathy, 4"", ""consequence"": ""truncating""}"
CLI001363	ClinVar:VCV001803081	variant_of	HGNC:11444	ClinVar	VCV001803081	https://www.ncbi.nlm.nih.gov/clinvar/variation/1803081	2026-10-04	observed	criteria provided, multiple submitters, no conflicts				{}
CLI001364	ClinVar:VCV001803081	causes_condition	MONDO:0012812	ClinVar	VCV001803081	https://www.ncbi.nlm.nih.gov/clinvar/variation/1803081	2026-10-04	observed	criteria provided, multiple submitters, no conflicts				"{""classification"": ""Pathogenic/Likely pathogenic"", ""trait_name"": ""Developmental and epileptic encephalopathy, 4"", ""consequence"": ""truncating""}"
CLI001365	ClinVar:VCV001803081	causes_condition	MONDO:0800491	ClinVar	VCV001803081	https://www.ncbi.nlm.nih.gov/clinvar/variation/1803081	2026-10-04	observed	criteria provided, multiple submitters, no conflicts				"{""classification"": ""Pathogenic/Likely pathogenic"", ""trait_name"": ""Early-infantile DEE"", ""consequence"": ""truncating""}"
CLI001366	ClinVar:VCV001803080	variant_of	HGNC:11444	ClinVar	VCV001803080	https://www.ncbi.nlm.nih.gov/clinvar/variation/1803080	2026-10-04	observed	criteria provided, single submitter				{}
CLI001367	ClinVar:VCV001803080	causes_condition	MONDO:0012812	ClinVar	VCV001803080	https://www.ncbi.nlm.nih.gov/clinvar/variation/1803080	2026-10-04	observed	criteria provided, single submitter				"{""classification"": ""Likely pathogenic"", ""trait_name"": ""Developmental and epileptic encephalopathy, 4"", ""consequence"": ""missense""}"
CLI001368	ClinVar:VCV001803079	variant_of	HGNC:11444	ClinVar	VCV001803079	https://www.ncbi.nlm.nih.gov/clinvar/variation/1803079	2026-10-04	observed	criteria provided, single submitter				{}
CLI001369	ClinVar:VCV001803079	causes_condition	MONDO:0012812	ClinVar	VCV001803079	https://www.ncbi.nlm.nih.gov/clinvar/variation/1803079	2026-10-04	observed	criteria provided, single submitter				"{""classification"": ""Likely pathogenic"", ""trait_name"": ""Developmental and epileptic encephalopathy, 4"", ""consequence"": ""missense""}"
CLI001370	ClinVar:VCV001803078	variant_of	HGNC:11444	ClinVar	VCV001803078	https://www.ncbi.nlm.nih.gov/clinvar/variation/1803078	2026-10-04	observed	criteria provided, single submitter				{}
CLI001371	ClinVar:VCV001803078	causes_condition	MONDO:0012812	ClinVar	VCV001803078	https://www.ncbi.nlm.nih.gov/clinvar/variation/1803078	2026-10-04	observed	criteria provided, single submitter				"{""classification"": ""Likely pathogenic"", ""trait_name"": ""Developmental and epileptic encephalopathy, 4"", ""consequence"": ""missense""}"
CLI001372	ClinVar:VCV001803077	variant_of	HGNC:11444	ClinVar	VCV001803077	https://www.ncbi.nlm.nih.gov/clinvar/variation/1803077	2026-10-04	observed	criteria provided, single submitter				{}
CLI001373	ClinVar:VCV001803077	causes_condition	MONDO:0012812	ClinVar	VCV001803077	https://www.ncbi.nlm.nih.gov/clinvar/variation/1803077	2026-10-04	observed	criteria provided, single submitter				"{""classification"": ""Likely pathogenic"", ""trait_name"": ""Developmental and epileptic encephalopathy, 4"", ""consequence"": ""missense""}"
CLI001374	ClinVar:VCV001801498	variant_of	HGNC:11444	ClinVar	VCV001801498	https://www.ncbi.nlm.nih.gov/clinvar/variation/1801498	2026-10-04	observed	criteria provided, multiple submitters, no conflicts				{}
CLI001375	ClinVar:VCV001801498	causes_condition	MONDO:0012812	ClinVar	VCV001801498	https://www.ncbi.nlm.nih.gov/clinvar/variation/1801498	2026-10-04	observed	criteria provided, multiple submitters, no conflicts				"{""classification"": ""Pathogenic/Likely pathogenic"", ""trait_name"": ""Developmental and epileptic encephalopathy, 4"", ""consequence"": ""truncating""}"
CLI001376	ClinVar:VCV001799561	variant_of	HGNC:11444	ClinVar	VCV001799561	https://www.ncbi.nlm.nih.gov/clinvar/variation/1799561	2026-10-04	observed	no assertion criteria provided				{}
CLI001377	ClinVar:VCV001799561	causes_condition	MONDO:0012812	ClinVar	VCV001799561	https://www.ncbi.nlm.nih.gov/clinvar/variation/1799561	2026-10-04	observed	no assertion criteria provided				"{""classification"": ""Pathogenic"", ""trait_name"": ""Developmental and epileptic encephalopathy, 4"", ""consequence"": ""missense""}"
CLI001378	ClinVar:VCV001772191	variant_of	HGNC:11444	ClinVar	VCV001772191	https://www.ncbi.nlm.nih.gov/clinvar/variation/1772191	2026-10-04	observed	criteria provided, single submitter				{}
CLI001379	ClinVar:VCV001769478	variant_of	HGNC:11444	ClinVar	VCV001769478	https://www.ncbi.nlm.nih.gov/clinvar/variation/1769478	2026-10-04	observed	criteria provided, single submitter				{}
CLI001380	ClinVar:VCV001709566	variant_of	HGNC:11444	ClinVar	VCV001709566	https://www.ncbi.nlm.nih.gov/clinvar/variation/1709566	2026-10-04	observed	criteria provided, single submitter				{}
CLI001381	ClinVar:VCV001709566	causes_condition	MONDO:0012812	ClinVar	VCV001709566	https://www.ncbi.nlm.nih.gov/clinvar/variation/1709566	2026-10-04	observed	criteria provided, single submitter				"{""classification"": ""Likely pathogenic"", ""trait_name"": ""Developmental and epileptic encephalopathy, 4"", ""consequence"": ""other""}"
CLI001382	ClinVar:VCV001708503	variant_of	HGNC:11444	ClinVar	VCV001708503	https://www.ncbi.nlm.nih.gov/clinvar/variation/1708503	2026-10-04	observed	criteria provided, single submitter				{}
CLI001383	ClinVar:VCV001708503	causes_condition	MONDO:0012812	ClinVar	VCV001708503	https://www.ncbi.nlm.nih.gov/clinvar/variation/1708503	2026-10-04	observed	criteria provided, single submitter				"{""classification"": ""Pathogenic"", ""trait_name"": ""Developmental and epileptic encephalopathy, 4"", ""consequence"": ""truncating""}"
CLI001384	ClinVar:VCV001704956	variant_of	HGNC:11444	ClinVar	VCV001704956	https://www.ncbi.nlm.nih.gov/clinvar/variation/1704956	2026-10-04	observed	criteria provided, single submitter				{}
CLI001385	ClinVar:VCV001703489	variant_of	HGNC:11444	ClinVar	VCV001703489	https://www.ncbi.nlm.nih.gov/clinvar/variation/1703489	2026-10-04	observed	criteria provided, single submitter				{}
CLI001386	ClinVar:VCV001702816	variant_of	HGNC:11444	ClinVar	VCV001702816	https://www.ncbi.nlm.nih.gov/clinvar/variation/1702816	2026-10-04	observed	criteria provided, single submitter				{}
CLI001387	ClinVar:VCV001701580	variant_of	HGNC:11444	ClinVar	VCV001701580	https://www.ncbi.nlm.nih.gov/clinvar/variation/1701580	2026-10-04	observed	criteria provided, single submitter				{}
CLI001388	ClinVar:VCV001699023	variant_of	HGNC:11444	ClinVar	VCV001699023	https://www.ncbi.nlm.nih.gov/clinvar/variation/1699023	2026-10-04	observed	criteria provided, multiple submitters, no conflicts				{}
CLI001389	ClinVar:VCV001699023	causes_condition	MONDO:0012812	ClinVar	VCV001699023	https://www.ncbi.nlm.nih.gov/clinvar/variation/1699023	2026-10-04	observed	criteria provided, multiple submitters, no conflicts				"{""classification"": ""Pathogenic"", ""trait_name"": ""Developmental and epileptic encephalopathy, 4"", ""consequence"": ""truncating""}"
CLI001390	ClinVar:VCV001691863	variant_of	HGNC:11444	ClinVar	VCV001691863	https://www.ncbi.nlm.nih.gov/clinvar/variation/1691863	2026-10-04	observed	criteria provided, single submitter				{}
CLI001391	ClinVar:VCV001691863	causes_condition	MONDO:0012812	ClinVar	VCV001691863	https://www.ncbi.nlm.nih.gov/clinvar/variation/1691863	2026-10-04	observed	criteria provided, single submitter				"{""classification"": ""Pathogenic"", ""trait_name"": ""Developmental and epileptic encephalopathy, 4"", ""consequence"": ""truncating""}"
CLI001392	ClinVar:VCV001686237	variant_of	HGNC:11444	ClinVar	VCV001686237	https://www.ncbi.nlm.nih.gov/clinvar/variation/1686237	2026-10-04	observed	criteria provided, multiple submitters, no conflicts				{}
CLI001393	ClinVar:VCV001686237	causes_condition	MONDO:0012812	ClinVar	VCV001686237	https://www.ncbi.nlm.nih.gov/clinvar/variation/1686237	2026-10-04	observed	criteria provided, multiple submitters, no conflicts				"{""classification"": ""Pathogenic"", ""trait_name"": ""Developmental and epileptic encephalopathy, 4"", ""consequence"": ""truncating""}"
CLI001394	ClinVar:VCV001686236	variant_of	HGNC:11444	ClinVar	VCV001686236	https://www.ncbi.nlm.nih.gov/clinvar/variation/1686236	2026-10-04	observed	criteria provided, single submitter				{}
CLI001395	ClinVar:VCV001686236	causes_condition	MONDO:0012812	ClinVar	VCV001686236	https://www.ncbi.nlm.nih.gov/clinvar/variation/1686236	2026-10-04	observed	criteria provided, single submitter				"{""classification"": ""Pathogenic"", ""trait_name"": ""Developmental and epileptic encephalopathy, 4"", ""consequence"": ""truncating""}"
CLI001396	ClinVar:VCV001677247	variant_of	HGNC:11444	ClinVar	VCV001677247	https://www.ncbi.nlm.nih.gov/clinvar/variation/1677247	2026-10-04	observed	no assertion criteria provided				{}
CLI001397	ClinVar:VCV001677247	causes_condition	MONDO:0012812	ClinVar	VCV001677247	https://www.ncbi.nlm.nih.gov/clinvar/variation/1677247	2026-10-04	observed	no assertion criteria provided				"{""classification"": ""Pathogenic"", ""trait_name"": ""Developmental and epileptic encephalopathy, 4"", ""consequence"": ""truncating""}"
CLI001398	ClinVar:VCV001512107	variant_of	HGNC:11444	ClinVar	VCV001512107	https://www.ncbi.nlm.nih.gov/clinvar/variation/1512107	2026-10-04	observed	criteria provided, multiple submitters, no conflicts				{}
CLI001399	ClinVar:VCV001512107	causes_condition	MONDO:0800491	ClinVar	VCV001512107	https://www.ncbi.nlm.nih.gov/clinvar/variation/1512107	2026-10-04	observed	criteria provided, multiple submitters, no conflicts				"{""classification"": ""Likely pathogenic"", ""trait_name"": ""Early-infantile DEE"", ""consequence"": ""missense""}"
CLI001400	ClinVar:VCV001512107	causes_condition	MONDO:0012812	ClinVar	VCV001512107	https://www.ncbi.nlm.nih.gov/clinvar/variation/1512107	2026-10-04	observed	criteria provided, multiple submitters, no conflicts				"{""classification"": ""Likely pathogenic"", ""trait_name"": ""Developmental and epileptic encephalopathy, 4"", ""consequence"": ""missense""}"
CLI001401	ClinVar:VCV001497566	variant_of	HGNC:11444	ClinVar	VCV001497566	https://www.ncbi.nlm.nih.gov/clinvar/variation/1497566	2026-10-04	observed	criteria provided, single submitter				{}
CLI001402	ClinVar:VCV001497566	causes_condition	MONDO:0800491	ClinVar	VCV001497566	https://www.ncbi.nlm.nih.gov/clinvar/variation/1497566	2026-10-04	observed	criteria provided, single submitter				"{""classification"": ""Pathogenic"", ""trait_name"": ""Early-infantile DEE"", ""consequence"": ""missense""}"
CLI001403	ClinVar:VCV001487855	variant_of	HGNC:11444	ClinVar	VCV001487855	https://www.ncbi.nlm.nih.gov/clinvar/variation/1487855	2026-10-04	observed	criteria provided, single submitter				{}
CLI001404	ClinVar:VCV001475067	variant_of	HGNC:11444	ClinVar	VCV001475067	https://www.ncbi.nlm.nih.gov/clinvar/variation/1475067	2026-10-04	observed	criteria provided, single submitter				{}
CLI001405	ClinVar:VCV001475067	causes_condition	MONDO:0800491	ClinVar	VCV001475067	https://www.ncbi.nlm.nih.gov/clinvar/variation/1475067	2026-10-04	observed	criteria provided, single submitter				"{""classification"": ""Pathogenic"", ""trait_name"": ""Early-infantile DEE"", ""consequence"": ""missense""}"
CLI001406	ClinVar:VCV001460075	variant_of	HGNC:11444	ClinVar	VCV001460075	https://www.ncbi.nlm.nih.gov/clinvar/variation/1460075	2026-10-04	observed	criteria provided, single submitter				{}
CLI001407	ClinVar:VCV001460075	causes_condition	MONDO:0800491	ClinVar	VCV001460075	https://www.ncbi.nlm.nih.gov/clinvar/variation/1460075	2026-10-04	observed	criteria provided, single submitter				"{""classification"": ""Pathogenic"", ""trait_name"": ""Early-infantile DEE"", ""consequence"": ""truncating""}"
CLI001408	ClinVar:VCV001457463	variant_of	HGNC:11444	ClinVar	VCV001457463	https://www.ncbi.nlm.nih.gov/clinvar/variation/1457463	2026-10-04	observed	criteria provided, multiple submitters, no conflicts				{}
CLI001409	ClinVar:VCV001457463	causes_condition	MONDO:0800491	ClinVar	VCV001457463	https://www.ncbi.nlm.nih.gov/clinvar/variation/1457463	2026-10-04	observed	criteria provided, multiple submitters, no conflicts				"{""classification"": ""Pathogenic"", ""trait_name"": ""Early-infantile DEE"", ""consequence"": ""missense""}"
CLI001410	ClinVar:VCV001456242	variant_of	HGNC:11444	ClinVar	VCV001456242	https://www.ncbi.nlm.nih.gov/clinvar/variation/1456242	2026-10-04	observed	criteria provided, single submitter				{}
CLI001411	ClinVar:VCV001456242	causes_condition	MONDO:0800491	ClinVar	VCV001456242	https://www.ncbi.nlm.nih.gov/clinvar/variation/1456242	2026-10-04	observed	criteria provided, single submitter				"{""classification"": ""Pathogenic"", ""trait_name"": ""Early-infantile DEE"", ""consequence"": ""other""}"
CLI001412	ClinVar:VCV001454627	variant_of	HGNC:11444	ClinVar	VCV001454627	https://www.ncbi.nlm.nih.gov/clinvar/variation/1454627	2026-10-04	observed	criteria provided, single submitter				{}
CLI001413	ClinVar:VCV001454627	causes_condition	MONDO:0800491	ClinVar	VCV001454627	https://www.ncbi.nlm.nih.gov/clinvar/variation/1454627	2026-10-04	observed	criteria provided, single submitter				"{""classification"": ""Pathogenic"", ""trait_name"": ""Early-infantile DEE"", ""consequence"": ""other""}"
CLI001414	ClinVar:VCV001453697	variant_of	HGNC:11444	ClinVar	VCV001453697	https://www.ncbi.nlm.nih.gov/clinvar/variation/1453697	2026-10-04	observed	criteria provided, single submitter				{}
CLI001415	ClinVar:VCV001453697	causes_condition	MONDO:0800491	ClinVar	VCV001453697	https://www.ncbi.nlm.nih.gov/clinvar/variation/1453697	2026-10-04	observed	criteria provided, single submitter				"{""classification"": ""Pathogenic"", ""trait_name"": ""Early-infantile DEE"", ""consequence"": ""truncating""}"
CLI001416	ClinVar:VCV001453163	variant_of	HGNC:11444	ClinVar	VCV001453163	https://www.ncbi.nlm.nih.gov/clinvar/variation/1453163	2026-10-04	observed	criteria provided, single submitter				{}
CLI001417	ClinVar:VCV001448441	variant_of	HGNC:11444	ClinVar	VCV001448441	https://www.ncbi.nlm.nih.gov/clinvar/variation/1448441	2026-10-04	observed	criteria provided, single submitter				{}
CLI001418	ClinVar:VCV001448441	causes_condition	MONDO:0800491	ClinVar	VCV001448441	https://www.ncbi.nlm.nih.gov/clinvar/variation/1448441	2026-10-04	observed	criteria provided, single submitter				"{""classification"": ""Pathogenic"", ""trait_name"": ""Early-infantile DEE"", ""consequence"": ""truncating""}"
CLI001419	ClinVar:VCV001435255	variant_of	HGNC:11444	ClinVar	VCV001435255	https://www.ncbi.nlm.nih.gov/clinvar/variation/1435255	2026-10-04	observed	criteria provided, single submitter				{}
CLI001420	ClinVar:VCV001435255	causes_condition	MONDO:0800491	ClinVar	VCV001435255	https://www.ncbi.nlm.nih.gov/clinvar/variation/1435255	2026-10-04	observed	criteria provided, single submitter				"{""classification"": ""Pathogenic"", ""trait_name"": ""Early-infantile DEE"", ""consequence"": ""other""}"
CLI001421	ClinVar:VCV001413674	variant_of	HGNC:11444	ClinVar	VCV001413674	https://www.ncbi.nlm.nih.gov/clinvar/variation/1413674	2026-10-04	observed	criteria provided, single submitter				{}
CLI001422	ClinVar:VCV001413674	causes_condition	MONDO:0800491	ClinVar	VCV001413674	https://www.ncbi.nlm.nih.gov/clinvar/variation/1413674	2026-10-04	observed	criteria provided, single submitter				"{""classification"": ""Pathogenic"", ""trait_name"": ""Early-infantile DEE"", ""consequence"": ""other""}"
CLI001423	ClinVar:VCV001403332	variant_of	HGNC:11444	ClinVar	VCV001403332	https://www.ncbi.nlm.nih.gov/clinvar/variation/1403332	2026-10-04	observed	criteria provided, single submitter				{}
CLI001424	ClinVar:VCV001403332	causes_condition	MONDO:0800491	ClinVar	VCV001403332	https://www.ncbi.nlm.nih.gov/clinvar/variation/1403332	2026-10-04	observed	criteria provided, single submitter				"{""classification"": ""Pathogenic"", ""trait_name"": ""Early-infantile DEE"", ""consequence"": ""other""}"
CLI001425	ClinVar:VCV001400645	variant_of	HGNC:11444	ClinVar	VCV001400645	https://www.ncbi.nlm.nih.gov/clinvar/variation/1400645	2026-10-04	observed	criteria provided, single submitter				{}
CLI001426	ClinVar:VCV001400645	causes_condition	MONDO:0800491	ClinVar	VCV001400645	https://www.ncbi.nlm.nih.gov/clinvar/variation/1400645	2026-10-04	observed	criteria provided, single submitter				"{""classification"": ""Pathogenic"", ""trait_name"": ""Early-infantile DEE"", ""consequence"": ""truncating""}"
CLI001427	ClinVar:VCV001398686	variant_of	HGNC:11444	ClinVar	VCV001398686	https://www.ncbi.nlm.nih.gov/clinvar/variation/1398686	2026-10-04	observed	criteria provided, single submitter				{}
CLI001428	ClinVar:VCV001398686	causes_condition	MONDO:0800491	ClinVar	VCV001398686	https://www.ncbi.nlm.nih.gov/clinvar/variation/1398686	2026-10-04	observed	criteria provided, single submitter				"{""classification"": ""Pathogenic"", ""trait_name"": ""Early-infantile DEE"", ""consequence"": ""truncating""}"
CLI001429	ClinVar:VCV001388120	variant_of	HGNC:11444	ClinVar	VCV001388120	https://www.ncbi.nlm.nih.gov/clinvar/variation/1388120	2026-10-04	observed	criteria provided, single submitter				{}
CLI001430	ClinVar:VCV001388120	causes_condition	MONDO:0800491	ClinVar	VCV001388120	https://www.ncbi.nlm.nih.gov/clinvar/variation/1388120	2026-10-04	observed	criteria provided, single submitter				"{""classification"": ""Pathogenic"", ""trait_name"": ""Early-infantile DEE"", ""consequence"": ""truncating""}"
CLI001431	ClinVar:VCV001382874	variant_of	HGNC:11444	ClinVar	VCV001382874	https://www.ncbi.nlm.nih.gov/clinvar/variation/1382874	2026-10-04	observed	criteria provided, single submitter				{}
CLI001432	ClinVar:VCV001382874	causes_condition	MONDO:0800491	ClinVar	VCV001382874	https://www.ncbi.nlm.nih.gov/clinvar/variation/1382874	2026-10-04	observed	criteria provided, single submitter				"{""classification"": ""Pathogenic"", ""trait_name"": ""Early-infantile DEE"", ""consequence"": ""truncating""}"
CLI001433	ClinVar:VCV001348839	variant_of	HGNC:11444	ClinVar	VCV001348839	https://www.ncbi.nlm.nih.gov/clinvar/variation/1348839	2026-10-04	observed	criteria provided, single submitter				{}
CLI001434	ClinVar:VCV001348839	causes_condition	MONDO:0800491	ClinVar	VCV001348839	https://www.ncbi.nlm.nih.gov/clinvar/variation/1348839	2026-10-04	observed	criteria provided, single submitter				"{""classification"": ""Likely pathogenic"", ""trait_name"": ""Early-infantile DEE"", ""consequence"": ""missense""}"
CLI001435	ClinVar:VCV001342560	variant_of	HGNC:11444	ClinVar	VCV001342560	https://www.ncbi.nlm.nih.gov/clinvar/variation/1342560	2026-10-04	observed	criteria provided, single submitter				{}
CLI001436	ClinVar:VCV001342560	causes_condition	MONDO:0012812	ClinVar	VCV001342560	https://www.ncbi.nlm.nih.gov/clinvar/variation/1342560	2026-10-04	observed	criteria provided, single submitter				"{""classification"": ""Likely pathogenic"", ""trait_name"": ""Developmental and epileptic encephalopathy, 4"", ""consequence"": ""missense""}"
CLI001437	ClinVar:VCV001341561	variant_of	HGNC:11444	ClinVar	VCV001341561	https://www.ncbi.nlm.nih.gov/clinvar/variation/1341561	2026-10-04	observed	no assertion criteria provided				{}
CLI001438	ClinVar:VCV001341561	causes_condition	MONDO:0012812	ClinVar	VCV001341561	https://www.ncbi.nlm.nih.gov/clinvar/variation/1341561	2026-10-04	observed	no assertion criteria provided				"{""classification"": ""Pathogenic"", ""trait_name"": ""Developmental and epileptic encephalopathy, 4"", ""consequence"": ""truncating""}"
CLI001439	ClinVar:VCV001325882	variant_of	HGNC:11444	ClinVar	VCV001325882	https://www.ncbi.nlm.nih.gov/clinvar/variation/1325882	2026-10-04	observed	criteria provided, single submitter				{}
CLI001440	ClinVar:VCV001299648	variant_of	HGNC:11444	ClinVar	VCV001299648	https://www.ncbi.nlm.nih.gov/clinvar/variation/1299648	2026-10-04	observed	criteria provided, single submitter				{}
CLI001441	ClinVar:VCV001299648	causes_condition	MONDO:0012812	ClinVar	VCV001299648	https://www.ncbi.nlm.nih.gov/clinvar/variation/1299648	2026-10-04	observed	criteria provided, single submitter				"{""classification"": ""Likely pathogenic"", ""trait_name"": ""Developmental and epileptic encephalopathy, 4"", ""consequence"": ""truncating""}"
CLI001442	ClinVar:VCV001299158	variant_of	HGNC:11444	ClinVar	VCV001299158	https://www.ncbi.nlm.nih.gov/clinvar/variation/1299158	2026-10-04	observed	criteria provided, single submitter				{}
CLI001443	ClinVar:VCV001298374	variant_of	HGNC:11444	ClinVar	VCV001298374	https://www.ncbi.nlm.nih.gov/clinvar/variation/1298374	2026-10-04	observed	no assertion criteria provided				{}
CLI001444	ClinVar:VCV001298374	causes_condition	MONDO:0012812	ClinVar	VCV001298374	https://www.ncbi.nlm.nih.gov/clinvar/variation/1298374	2026-10-04	observed	no assertion criteria provided				"{""classification"": ""Likely pathogenic"", ""trait_name"": ""Developmental and epileptic encephalopathy, 4"", ""consequence"": ""truncating""}"
CLI001445	ClinVar:VCV001298373	variant_of	HGNC:11444	ClinVar	VCV001298373	https://www.ncbi.nlm.nih.gov/clinvar/variation/1298373	2026-10-04	observed	no assertion criteria provided				{}
CLI001446	ClinVar:VCV001298373	causes_condition	MONDO:0012812	ClinVar	VCV001298373	https://www.ncbi.nlm.nih.gov/clinvar/variation/1298373	2026-10-04	observed	no assertion criteria provided				"{""classification"": ""Pathogenic"", ""trait_name"": ""Developmental and epileptic encephalopathy, 4"", ""consequence"": ""missense""}"
CLI001447	ClinVar:VCV001298372	variant_of	HGNC:11444	ClinVar	VCV001298372	https://www.ncbi.nlm.nih.gov/clinvar/variation/1298372	2026-10-04	observed	no assertion criteria provided				{}
CLI001448	ClinVar:VCV001298372	causes_condition	MONDO:0012812	ClinVar	VCV001298372	https://www.ncbi.nlm.nih.gov/clinvar/variation/1298372	2026-10-04	observed	no assertion criteria provided				"{""classification"": ""Likely pathogenic"", ""trait_name"": ""Developmental and epileptic encephalopathy, 4"", ""consequence"": ""missense""}"
CLI001449	ClinVar:VCV001298371	variant_of	HGNC:11444	ClinVar	VCV001298371	https://www.ncbi.nlm.nih.gov/clinvar/variation/1298371	2026-10-04	observed	no assertion criteria provided				{}
CLI001450	ClinVar:VCV001298371	causes_condition	MONDO:0012812	ClinVar	VCV001298371	https://www.ncbi.nlm.nih.gov/clinvar/variation/1298371	2026-10-04	observed	no assertion criteria provided				"{""classification"": ""Pathogenic"", ""trait_name"": ""Developmental and epileptic encephalopathy, 4"", ""consequence"": ""truncating""}"
CLI001451	ClinVar:VCV001298370	variant_of	HGNC:11444	ClinVar	VCV001298370	https://www.ncbi.nlm.nih.gov/clinvar/variation/1298370	2026-10-04	observed	no assertion criteria provided				{}
CLI001452	ClinVar:VCV001298370	causes_condition	MONDO:0012812	ClinVar	VCV001298370	https://www.ncbi.nlm.nih.gov/clinvar/variation/1298370	2026-10-04	observed	no assertion criteria provided				"{""classification"": ""Pathogenic"", ""trait_name"": ""Developmental and epileptic encephalopathy, 4"", ""consequence"": ""other""}"
CLI001453	ClinVar:VCV001298369	variant_of	HGNC:11444	ClinVar	VCV001298369	https://www.ncbi.nlm.nih.gov/clinvar/variation/1298369	2026-10-04	observed	no assertion criteria provided				{}
CLI001454	ClinVar:VCV001298369	causes_condition	MONDO:0012812	ClinVar	VCV001298369	https://www.ncbi.nlm.nih.gov/clinvar/variation/1298369	2026-10-04	observed	no assertion criteria provided				"{""classification"": ""Pathogenic"", ""trait_name"": ""Developmental and epileptic encephalopathy, 4"", ""consequence"": ""missense""}"
CLI001455	ClinVar:VCV001297002	variant_of	HGNC:11444	ClinVar	VCV001297002	https://www.ncbi.nlm.nih.gov/clinvar/variation/1297002	2026-10-04	observed	criteria provided, multiple submitters, no conflicts				{}
CLI001456	ClinVar:VCV001297002	causes_condition	MONDO:0012812	ClinVar	VCV001297002	https://www.ncbi.nlm.nih.gov/clinvar/variation/1297002	2026-10-04	observed	criteria provided, multiple submitters, no conflicts				"{""classification"": ""Likely pathogenic"", ""trait_name"": ""Developmental and epileptic encephalopathy, 4"", ""consequence"": ""missense""}"
CLI001457	ClinVar:VCV001275769	variant_of	HGNC:11444	ClinVar	VCV001275769	https://www.ncbi.nlm.nih.gov/clinvar/variation/1275769	2026-10-04	observed	criteria provided, single submitter				{}
CLI001458	ClinVar:VCV001212923	variant_of	HGNC:11444	ClinVar	VCV001212923	https://www.ncbi.nlm.nih.gov/clinvar/variation/1212923	2026-10-04	observed	criteria provided, multiple submitters, no conflicts				{}
CLI001459	ClinVar:VCV001212923	causes_condition	MONDO:0012812	ClinVar	VCV001212923	https://www.ncbi.nlm.nih.gov/clinvar/variation/1212923	2026-10-04	observed	criteria provided, multiple submitters, no conflicts				"{""classification"": ""Pathogenic/Likely pathogenic"", ""trait_name"": ""Developmental and epileptic encephalopathy, 4"", ""consequence"": ""missense""}"
CLI001460	ClinVar:VCV001212681	variant_of	HGNC:11444	ClinVar	VCV001212681	https://www.ncbi.nlm.nih.gov/clinvar/variation/1212681	2026-10-04	observed	criteria provided, single submitter				{}
CLI001461	ClinVar:VCV001202095	variant_of	HGNC:11444	ClinVar	VCV001202095	https://www.ncbi.nlm.nih.gov/clinvar/variation/1202095	2026-10-04	observed	criteria provided, single submitter				{}
CLI001462	ClinVar:VCV001201358	variant_of	HGNC:11444	ClinVar	VCV001201358	https://www.ncbi.nlm.nih.gov/clinvar/variation/1201358	2026-10-04	observed	criteria provided, single submitter				{}
CLI001463	ClinVar:VCV001184882	variant_of	HGNC:11444	ClinVar	VCV001184882	https://www.ncbi.nlm.nih.gov/clinvar/variation/1184882	2026-10-04	observed	criteria provided, single submitter				{}
CLI001464	ClinVar:VCV001184881	variant_of	HGNC:11444	ClinVar	VCV001184881	https://www.ncbi.nlm.nih.gov/clinvar/variation/1184881	2026-10-04	observed	criteria provided, single submitter				{}
CLI001465	ClinVar:VCV001184507	variant_of	HGNC:11444	ClinVar	VCV001184507	https://www.ncbi.nlm.nih.gov/clinvar/variation/1184507	2026-10-04	observed	criteria provided, multiple submitters, no conflicts				{}
CLI001466	ClinVar:VCV001184507	causes_condition	MONDO:0800491	ClinVar	VCV001184507	https://www.ncbi.nlm.nih.gov/clinvar/variation/1184507	2026-10-04	observed	criteria provided, multiple submitters, no conflicts				"{""classification"": ""Pathogenic"", ""trait_name"": ""Early-infantile DEE"", ""consequence"": ""truncating""}"
CLI001467	ClinVar:VCV001175798	variant_of	HGNC:11444	ClinVar	VCV001175798	https://www.ncbi.nlm.nih.gov/clinvar/variation/1175798	2026-10-04	observed	criteria provided, multiple submitters, no conflicts				{}
CLI001468	ClinVar:VCV001175798	causes_condition	MONDO:0012812	ClinVar	VCV001175798	https://www.ncbi.nlm.nih.gov/clinvar/variation/1175798	2026-10-04	observed	criteria provided, multiple submitters, no conflicts				"{""classification"": ""Pathogenic/Likely pathogenic"", ""trait_name"": ""Developmental and epileptic encephalopathy, 4"", ""consequence"": ""missense""}"
CLI001469	ClinVar:VCV001163029	variant_of	HGNC:11444	ClinVar	VCV001163029	https://www.ncbi.nlm.nih.gov/clinvar/variation/1163029	2026-10-04	observed	criteria provided, multiple submitters, no conflicts				{}
CLI001470	ClinVar:VCV001163029	causes_condition	MONDO:0012812	ClinVar	VCV001163029	https://www.ncbi.nlm.nih.gov/clinvar/variation/1163029	2026-10-04	observed	criteria provided, multiple submitters, no conflicts				"{""classification"": ""Pathogenic/Likely pathogenic"", ""trait_name"": ""Developmental and epileptic encephalopathy, 4"", ""consequence"": ""truncating""}"
CLI001471	ClinVar:VCV001098290	variant_of	HGNC:11444	ClinVar	VCV001098290	https://www.ncbi.nlm.nih.gov/clinvar/variation/1098290	2026-10-04	observed	criteria provided, single submitter				{}
CLI001472	ClinVar:VCV001098290	causes_condition	MONDO:0012812	ClinVar	VCV001098290	https://www.ncbi.nlm.nih.gov/clinvar/variation/1098290	2026-10-04	observed	criteria provided, single submitter				"{""classification"": ""Likely pathogenic"", ""trait_name"": ""Developmental and epileptic encephalopathy, 4"", ""consequence"": ""other""}"
CLI001473	ClinVar:VCV001071661	variant_of	HGNC:11444	ClinVar	VCV001071661	https://www.ncbi.nlm.nih.gov/clinvar/variation/1071661	2026-10-04	observed	criteria provided, single submitter				{}
CLI001474	ClinVar:VCV001071250	variant_of	HGNC:11444	ClinVar	VCV001071250	https://www.ncbi.nlm.nih.gov/clinvar/variation/1071250	2026-10-04	observed	criteria provided, single submitter				{}
CLI001475	ClinVar:VCV001071250	causes_condition	MONDO:0800491	ClinVar	VCV001071250	https://www.ncbi.nlm.nih.gov/clinvar/variation/1071250	2026-10-04	observed	criteria provided, single submitter				"{""classification"": ""Pathogenic"", ""trait_name"": ""Early-infantile DEE"", ""consequence"": ""truncating""}"
CLI001476	ClinVar:VCV001069951	variant_of	HGNC:11444	ClinVar	VCV001069951	https://www.ncbi.nlm.nih.gov/clinvar/variation/1069951	2026-10-04	observed	criteria provided, single submitter				{}
CLI001477	ClinVar:VCV001069951	causes_condition	MONDO:0800491	ClinVar	VCV001069951	https://www.ncbi.nlm.nih.gov/clinvar/variation/1069951	2026-10-04	observed	criteria provided, single submitter				"{""classification"": ""Pathogenic"", ""trait_name"": ""Early-infantile DEE"", ""consequence"": ""truncating""}"
CLI001478	ClinVar:VCV001066511	variant_of	HGNC:11444	ClinVar	VCV001066511	https://www.ncbi.nlm.nih.gov/clinvar/variation/1066511	2026-10-04	observed	criteria provided, single submitter				{}
CLI001479	ClinVar:VCV001066511	causes_condition	MONDO:0800491	ClinVar	VCV001066511	https://www.ncbi.nlm.nih.gov/clinvar/variation/1066511	2026-10-04	observed	criteria provided, single submitter				"{""classification"": ""Likely pathogenic"", ""trait_name"": ""Early-infantile DEE"", ""consequence"": ""truncating""}"
CLI001480	ClinVar:VCV001065623	variant_of	HGNC:11444	ClinVar	VCV001065623	https://www.ncbi.nlm.nih.gov/clinvar/variation/1065623	2026-10-04	observed	criteria provided, single submitter				{}
CLI001481	ClinVar:VCV001065623	causes_condition	MONDO:0012812	ClinVar	VCV001065623	https://www.ncbi.nlm.nih.gov/clinvar/variation/1065623	2026-10-04	observed	criteria provided, single submitter				"{""classification"": ""Likely pathogenic"", ""trait_name"": ""Developmental and epileptic encephalopathy, 4"", ""consequence"": ""missense""}"
CLI001482	ClinVar:VCV001064621	variant_of	HGNC:11444	ClinVar	VCV001064621	https://www.ncbi.nlm.nih.gov/clinvar/variation/1064621	2026-10-04	observed	criteria provided, single submitter				{}
CLI001483	ClinVar:VCV001064621	causes_condition	MONDO:0012812	ClinVar	VCV001064621	https://www.ncbi.nlm.nih.gov/clinvar/variation/1064621	2026-10-04	observed	criteria provided, single submitter				"{""classification"": ""Pathogenic"", ""trait_name"": ""Developmental and epileptic encephalopathy, 4"", ""consequence"": ""missense""}"
CLI001484	ClinVar:VCV001027456	variant_of	HGNC:11444	ClinVar	VCV001027456	https://www.ncbi.nlm.nih.gov/clinvar/variation/1027456	2026-10-04	observed	criteria provided, multiple submitters, no conflicts				{}
CLI001485	ClinVar:VCV001027456	causes_condition	MONDO:0800491	ClinVar	VCV001027456	https://www.ncbi.nlm.nih.gov/clinvar/variation/1027456	2026-10-04	observed	criteria provided, multiple submitters, no conflicts				"{""classification"": ""Pathogenic/Likely pathogenic"", ""trait_name"": ""Early-infantile DEE"", ""consequence"": ""missense""}"
CLI001486	ClinVar:VCV001025361	variant_of	HGNC:11444	ClinVar	VCV001025361	https://www.ncbi.nlm.nih.gov/clinvar/variation/1025361	2026-10-04	observed	criteria provided, single submitter				{}
CLI001487	ClinVar:VCV001025361	causes_condition	MONDO:0800491	ClinVar	VCV001025361	https://www.ncbi.nlm.nih.gov/clinvar/variation/1025361	2026-10-04	observed	criteria provided, single submitter				"{""classification"": ""Likely pathogenic"", ""trait_name"": ""Early-infantile DEE"", ""consequence"": ""missense""}"
CLI001488	ClinVar:VCV001009331	variant_of	HGNC:11444	ClinVar	VCV001009331	https://www.ncbi.nlm.nih.gov/clinvar/variation/1009331	2026-10-04	observed	criteria provided, single submitter				{}
CLI001489	ClinVar:VCV001009331	causes_condition	MONDO:0800491	ClinVar	VCV001009331	https://www.ncbi.nlm.nih.gov/clinvar/variation/1009331	2026-10-04	observed	criteria provided, single submitter				"{""classification"": ""Likely pathogenic"", ""trait_name"": ""Early-infantile DEE"", ""consequence"": ""missense""}"
CLI001490	ClinVar:VCV000997678	variant_of	HGNC:11444	ClinVar	VCV000997678	https://www.ncbi.nlm.nih.gov/clinvar/variation/997678	2026-10-04	observed	no assertion criteria provided				{}
CLI001491	ClinVar:VCV000997678	causes_condition	MONDO:0012812	ClinVar	VCV000997678	https://www.ncbi.nlm.nih.gov/clinvar/variation/997678	2026-10-04	observed	no assertion criteria provided				"{""classification"": ""Pathogenic"", ""trait_name"": ""Developmental and epileptic encephalopathy, 4"", ""consequence"": ""truncating""}"
CLI001492	ClinVar:VCV000996681	variant_of	HGNC:11444	ClinVar	VCV000996681	https://www.ncbi.nlm.nih.gov/clinvar/variation/996681	2026-10-04	observed	criteria provided, multiple submitters, no conflicts				{}
CLI001493	ClinVar:VCV000996681	causes_condition	MONDO:0012812	ClinVar	VCV000996681	https://www.ncbi.nlm.nih.gov/clinvar/variation/996681	2026-10-04	observed	criteria provided, multiple submitters, no conflicts				"{""classification"": ""Pathogenic/Likely pathogenic"", ""trait_name"": ""Developmental and epileptic encephalopathy, 4"", ""consequence"": ""missense""}"
CLI001494	ClinVar:VCV000996681	causes_condition	MONDO:0800491	ClinVar	VCV000996681	https://www.ncbi.nlm.nih.gov/clinvar/variation/996681	2026-10-04	observed	criteria provided, multiple submitters, no conflicts				"{""classification"": ""Pathogenic/Likely pathogenic"", ""trait_name"": ""Early-infantile DEE"", ""consequence"": ""missense""}"
CLI001495	ClinVar:VCV000987469	variant_of	HGNC:11444	ClinVar	VCV000987469	https://www.ncbi.nlm.nih.gov/clinvar/variation/987469	2026-10-04	observed	criteria provided, single submitter				{}
CLI001496	ClinVar:VCV000987121	variant_of	HGNC:11444	ClinVar	VCV000987121	https://www.ncbi.nlm.nih.gov/clinvar/variation/987121	2026-10-04	observed	criteria provided, single submitter				{}
CLI001497	ClinVar:VCV000986892	variant_of	HGNC:11444	ClinVar	VCV000986892	https://www.ncbi.nlm.nih.gov/clinvar/variation/986892	2026-10-04	observed	criteria provided, single submitter				{}
CLI001498	ClinVar:VCV000986822	variant_of	HGNC:11444	ClinVar	VCV000986822	https://www.ncbi.nlm.nih.gov/clinvar/variation/986822	2026-10-04	observed	criteria provided, single submitter				{}
CLI001499	ClinVar:VCV000985832	variant_of	HGNC:11444	ClinVar	VCV000985832	https://www.ncbi.nlm.nih.gov/clinvar/variation/985832	2026-10-04	observed	criteria provided, single submitter				{}
CLI001500	ClinVar:VCV000985619	variant_of	HGNC:11444	ClinVar	VCV000985619	https://www.ncbi.nlm.nih.gov/clinvar/variation/985619	2026-10-04	observed	criteria provided, single submitter				{}
CLI001501	ClinVar:VCV000984905	variant_of	HGNC:11444	ClinVar	VCV000984905	https://www.ncbi.nlm.nih.gov/clinvar/variation/984905	2026-10-04	observed	criteria provided, single submitter				{}
CLI001502	ClinVar:VCV000984904	variant_of	HGNC:11444	ClinVar	VCV000984904	https://www.ncbi.nlm.nih.gov/clinvar/variation/984904	2026-10-04	observed	criteria provided, multiple submitters, no conflicts				{}
CLI001503	ClinVar:VCV000984904	causes_condition	MONDO:0800491	ClinVar	VCV000984904	https://www.ncbi.nlm.nih.gov/clinvar/variation/984904	2026-10-04	observed	criteria provided, multiple submitters, no conflicts				"{""classification"": ""Likely pathogenic"", ""trait_name"": ""Early-infantile DEE"", ""consequence"": ""missense""}"
CLI001504	ClinVar:VCV000984903	variant_of	HGNC:11444	ClinVar	VCV000984903	https://www.ncbi.nlm.nih.gov/clinvar/variation/984903	2026-10-04	observed	criteria provided, single submitter				{}
CLI001505	ClinVar:VCV000984903	causes_condition	MONDO:0800491	ClinVar	VCV000984903	https://www.ncbi.nlm.nih.gov/clinvar/variation/984903	2026-10-04	observed	criteria provided, single submitter				"{""classification"": ""Pathogenic"", ""trait_name"": ""Early-infantile DEE"", ""consequence"": ""missense""}"
CLI001506	ClinVar:VCV000984902	variant_of	HGNC:11444	ClinVar	VCV000984902	https://www.ncbi.nlm.nih.gov/clinvar/variation/984902	2026-10-04	observed	no assertion criteria provided				{}
CLI001507	ClinVar:VCV000984866	variant_of	HGNC:11444	ClinVar	VCV000984866	https://www.ncbi.nlm.nih.gov/clinvar/variation/984866	2026-10-04	observed	criteria provided, single submitter				{}
CLI001508	ClinVar:VCV000984866	causes_condition	MONDO:0012812	ClinVar	VCV000984866	https://www.ncbi.nlm.nih.gov/clinvar/variation/984866	2026-10-04	observed	criteria provided, single submitter				"{""classification"": ""Likely pathogenic"", ""trait_name"": ""Developmental and epileptic encephalopathy, 4"", ""consequence"": ""missense""}"
CLI001509	ClinVar:VCV000984865	variant_of	HGNC:11444	ClinVar	VCV000984865	https://www.ncbi.nlm.nih.gov/clinvar/variation/984865	2026-10-04	observed	criteria provided, single submitter				{}
CLI001510	ClinVar:VCV000984865	causes_condition	MONDO:0800491	ClinVar	VCV000984865	https://www.ncbi.nlm.nih.gov/clinvar/variation/984865	2026-10-04	observed	criteria provided, single submitter				"{""classification"": ""Pathogenic"", ""trait_name"": ""Early-infantile DEE"", ""consequence"": ""missense""}"
CLI001511	ClinVar:VCV000984835	variant_of	HGNC:11444	ClinVar	VCV000984835	https://www.ncbi.nlm.nih.gov/clinvar/variation/984835	2026-10-04	observed	no assertion criteria provided				{}
CLI001512	ClinVar:VCV000984825	variant_of	HGNC:11444	ClinVar	VCV000984825	https://www.ncbi.nlm.nih.gov/clinvar/variation/984825	2026-10-04	observed	no assertion criteria provided				{}
CLI001513	ClinVar:VCV000984824	variant_of	HGNC:11444	ClinVar	VCV000984824	https://www.ncbi.nlm.nih.gov/clinvar/variation/984824	2026-10-04	observed	no assertion criteria provided				{}
CLI001514	ClinVar:VCV000984762	variant_of	HGNC:11444	ClinVar	VCV000984762	https://www.ncbi.nlm.nih.gov/clinvar/variation/984762	2026-10-04	observed	criteria provided, single submitter				{}
CLI001515	ClinVar:VCV000984762	causes_condition	MONDO:0012812	ClinVar	VCV000984762	https://www.ncbi.nlm.nih.gov/clinvar/variation/984762	2026-10-04	observed	criteria provided, single submitter				"{""classification"": ""Pathogenic"", ""trait_name"": ""Developmental and epileptic encephalopathy, 4"", ""consequence"": ""truncating""}"
CLI001516	ClinVar:VCV000984761	variant_of	HGNC:11444	ClinVar	VCV000984761	https://www.ncbi.nlm.nih.gov/clinvar/variation/984761	2026-10-04	observed	no assertion criteria provided				{}
CLI001517	ClinVar:VCV000982594	variant_of	HGNC:11444	ClinVar	VCV000982594	https://www.ncbi.nlm.nih.gov/clinvar/variation/982594	2026-10-04	observed	criteria provided, multiple submitters, no conflicts				{}
CLI001518	ClinVar:VCV000982594	causes_condition	MONDO:0012812	ClinVar	VCV000982594	https://www.ncbi.nlm.nih.gov/clinvar/variation/982594	2026-10-04	observed	criteria provided, multiple submitters, no conflicts				"{""classification"": ""Pathogenic"", ""trait_name"": ""Developmental and epileptic encephalopathy, 4"", ""consequence"": ""missense""}"
CLI001519	ClinVar:VCV000981422	variant_of	HGNC:11444	ClinVar	VCV000981422	https://www.ncbi.nlm.nih.gov/clinvar/variation/981422	2026-10-04	observed	criteria provided, single submitter				{}
CLI001520	ClinVar:VCV000981395	variant_of	HGNC:11444	ClinVar	VCV000981395	https://www.ncbi.nlm.nih.gov/clinvar/variation/981395	2026-10-04	observed	criteria provided, single submitter				{}
CLI001521	ClinVar:VCV000976245	variant_of	HGNC:11444	ClinVar	VCV000976245	https://www.ncbi.nlm.nih.gov/clinvar/variation/976245	2026-10-04	observed	criteria provided, single submitter				{}
CLI001522	ClinVar:VCV000976245	causes_condition	MONDO:0012812	ClinVar	VCV000976245	https://www.ncbi.nlm.nih.gov/clinvar/variation/976245	2026-10-04	observed	criteria provided, single submitter				"{""classification"": ""Likely pathogenic"", ""trait_name"": ""Developmental and epileptic encephalopathy, 4"", ""consequence"": ""missense""}"
CLI001523	ClinVar:VCV000976064	variant_of	HGNC:11444	ClinVar	VCV000976064	https://www.ncbi.nlm.nih.gov/clinvar/variation/976064	2026-10-04	observed	criteria provided, single submitter				{}
CLI001524	ClinVar:VCV000976064	causes_condition	MONDO:0012812	ClinVar	VCV000976064	https://www.ncbi.nlm.nih.gov/clinvar/variation/976064	2026-10-04	observed	criteria provided, single submitter				"{""classification"": ""Pathogenic"", ""trait_name"": ""Developmental and epileptic encephalopathy, 4"", ""consequence"": ""truncating""}"
CLI001525	ClinVar:VCV000973279	variant_of	HGNC:11444	ClinVar	VCV000973279	https://www.ncbi.nlm.nih.gov/clinvar/variation/973279	2026-10-04	observed	criteria provided, multiple submitters, no conflicts				{}
CLI001526	ClinVar:VCV000973279	causes_condition	MONDO:0800491	ClinVar	VCV000973279	https://www.ncbi.nlm.nih.gov/clinvar/variation/973279	2026-10-04	observed	criteria provided, multiple submitters, no conflicts				"{""classification"": ""Pathogenic"", ""trait_name"": ""Early-infantile DEE"", ""consequence"": ""truncating""}"
CLI001527	ClinVar:VCV000973279	causes_condition	MONDO:0012812	ClinVar	VCV000973279	https://www.ncbi.nlm.nih.gov/clinvar/variation/973279	2026-10-04	observed	criteria provided, multiple submitters, no conflicts				"{""classification"": ""Pathogenic"", ""trait_name"": ""Developmental and epileptic encephalopathy, 4"", ""consequence"": ""truncating""}"
CLI001528	ClinVar:VCV000973268	variant_of	HGNC:11444	ClinVar	VCV000973268	https://www.ncbi.nlm.nih.gov/clinvar/variation/973268	2026-10-04	observed	criteria provided, multiple submitters, no conflicts				{}
CLI001529	ClinVar:VCV000973268	causes_condition	MONDO:0800491	ClinVar	VCV000973268	https://www.ncbi.nlm.nih.gov/clinvar/variation/973268	2026-10-04	observed	criteria provided, multiple submitters, no conflicts				"{""classification"": ""Pathogenic"", ""trait_name"": ""Early-infantile DEE"", ""consequence"": ""truncating""}"
CLI001530	ClinVar:VCV000973268	causes_condition	MONDO:0012812	ClinVar	VCV000973268	https://www.ncbi.nlm.nih.gov/clinvar/variation/973268	2026-10-04	observed	criteria provided, multiple submitters, no conflicts				"{""classification"": ""Pathogenic"", ""trait_name"": ""Developmental and epileptic encephalopathy, 4"", ""consequence"": ""truncating""}"
CLI001531	ClinVar:VCV000970956	variant_of	HGNC:11444	ClinVar	VCV000970956	https://www.ncbi.nlm.nih.gov/clinvar/variation/970956	2026-10-04	observed	criteria provided, single submitter				{}
CLI001532	ClinVar:VCV000970956	causes_condition	MONDO:0800491	ClinVar	VCV000970956	https://www.ncbi.nlm.nih.gov/clinvar/variation/970956	2026-10-04	observed	criteria provided, single submitter				"{""classification"": ""Likely pathogenic"", ""trait_name"": ""Early-infantile DEE"", ""consequence"": ""truncating""}"
CLI001533	ClinVar:VCV000970419	variant_of	HGNC:11444	ClinVar	VCV000970419	https://www.ncbi.nlm.nih.gov/clinvar/variation/970419	2026-10-04	observed	criteria provided, single submitter				{}
CLI001534	ClinVar:VCV000970419	causes_condition	MONDO:0800491	ClinVar	VCV000970419	https://www.ncbi.nlm.nih.gov/clinvar/variation/970419	2026-10-04	observed	criteria provided, single submitter				"{""classification"": ""Pathogenic"", ""trait_name"": ""Early-infantile DEE"", ""consequence"": ""truncating""}"
CLI001535	ClinVar:VCV000966922	variant_of	HGNC:11444	ClinVar	VCV000966922	https://www.ncbi.nlm.nih.gov/clinvar/variation/966922	2026-10-04	observed	criteria provided, single submitter				{}
CLI001536	ClinVar:VCV000966922	causes_condition	MONDO:0800491	ClinVar	VCV000966922	https://www.ncbi.nlm.nih.gov/clinvar/variation/966922	2026-10-04	observed	criteria provided, single submitter				"{""classification"": ""Pathogenic"", ""trait_name"": ""Early-infantile DEE"", ""consequence"": ""missense""}"
CLI001537	ClinVar:VCV000966106	variant_of	HGNC:11444	ClinVar	VCV000966106	https://www.ncbi.nlm.nih.gov/clinvar/variation/966106	2026-10-04	observed	criteria provided, single submitter				{}
CLI001538	ClinVar:VCV000961971	variant_of	HGNC:11444	ClinVar	VCV000961971	https://www.ncbi.nlm.nih.gov/clinvar/variation/961971	2026-10-04	observed	criteria provided, single submitter				{}
CLI001539	ClinVar:VCV000961971	causes_condition	MONDO:0800491	ClinVar	VCV000961971	https://www.ncbi.nlm.nih.gov/clinvar/variation/961971	2026-10-04	observed	criteria provided, single submitter				"{""classification"": ""Pathogenic"", ""trait_name"": ""Early-infantile DEE"", ""consequence"": ""truncating""}"
CLI001540	ClinVar:VCV000960778	variant_of	HGNC:11444	ClinVar	VCV000960778	https://www.ncbi.nlm.nih.gov/clinvar/variation/960778	2026-10-04	observed	criteria provided, single submitter				{}
CLI001541	ClinVar:VCV000960778	causes_condition	MONDO:0800491	ClinVar	VCV000960778	https://www.ncbi.nlm.nih.gov/clinvar/variation/960778	2026-10-04	observed	criteria provided, single submitter				"{""classification"": ""Pathogenic"", ""trait_name"": ""Early-infantile DEE"", ""consequence"": ""truncating""}"
CLI001542	ClinVar:VCV000959024	variant_of	HGNC:11444	ClinVar	VCV000959024	https://www.ncbi.nlm.nih.gov/clinvar/variation/959024	2026-10-04	observed	criteria provided, single submitter				{}
CLI001543	ClinVar:VCV000959024	causes_condition	MONDO:0800491	ClinVar	VCV000959024	https://www.ncbi.nlm.nih.gov/clinvar/variation/959024	2026-10-04	observed	criteria provided, single submitter				"{""classification"": ""Pathogenic"", ""trait_name"": ""Early-infantile DEE"", ""consequence"": ""truncating""}"
CLI001544	ClinVar:VCV000955041	variant_of	HGNC:11444	ClinVar	VCV000955041	https://www.ncbi.nlm.nih.gov/clinvar/variation/955041	2026-10-04	observed	criteria provided, single submitter				{}
CLI001545	ClinVar:VCV000952587	variant_of	HGNC:11444	ClinVar	VCV000952587	https://www.ncbi.nlm.nih.gov/clinvar/variation/952587	2026-10-04	observed	criteria provided, single submitter				{}
CLI001546	ClinVar:VCV000952587	causes_condition	MONDO:0800491	ClinVar	VCV000952587	https://www.ncbi.nlm.nih.gov/clinvar/variation/952587	2026-10-04	observed	criteria provided, single submitter				"{""classification"": ""Pathogenic"", ""trait_name"": ""Early-infantile DEE"", ""consequence"": ""missense""}"
CLI001547	ClinVar:VCV000944674	variant_of	HGNC:11444	ClinVar	VCV000944674	https://www.ncbi.nlm.nih.gov/clinvar/variation/944674	2026-10-04	observed	criteria provided, single submitter				{}
CLI001548	ClinVar:VCV000944674	causes_condition	MONDO:0800491	ClinVar	VCV000944674	https://www.ncbi.nlm.nih.gov/clinvar/variation/944674	2026-10-04	observed	criteria provided, single submitter				"{""classification"": ""Pathogenic"", ""trait_name"": ""Early-infantile DEE"", ""consequence"": ""truncating""}"
CLI001549	ClinVar:VCV000944145	variant_of	HGNC:11444	ClinVar	VCV000944145	https://www.ncbi.nlm.nih.gov/clinvar/variation/944145	2026-10-04	observed	criteria provided, single submitter				{}
CLI001550	ClinVar:VCV000933386	variant_of	HGNC:11444	ClinVar	VCV000933386	https://www.ncbi.nlm.nih.gov/clinvar/variation/933386	2026-10-04	observed	criteria provided, single submitter				{}
CLI001551	ClinVar:VCV000933386	causes_condition	MONDO:0800491	ClinVar	VCV000933386	https://www.ncbi.nlm.nih.gov/clinvar/variation/933386	2026-10-04	observed	criteria provided, single submitter				"{""classification"": ""Pathogenic"", ""trait_name"": ""Early-infantile DEE"", ""consequence"": ""missense""}"
CLI001552	ClinVar:VCV000871269	variant_of	HGNC:11444	ClinVar	VCV000871269	https://www.ncbi.nlm.nih.gov/clinvar/variation/871269	2026-10-04	observed	criteria provided, multiple submitters, no conflicts				{}
CLI001553	ClinVar:VCV000871269	causes_condition	MONDO:0012812	ClinVar	VCV000871269	https://www.ncbi.nlm.nih.gov/clinvar/variation/871269	2026-10-04	observed	criteria provided, multiple submitters, no conflicts				"{""classification"": ""Pathogenic/Likely pathogenic"", ""trait_name"": ""Developmental and epileptic encephalopathy, 4"", ""consequence"": ""missense""}"
CLI001554	ClinVar:VCV000871268	variant_of	HGNC:11444	ClinVar	VCV000871268	https://www.ncbi.nlm.nih.gov/clinvar/variation/871268	2026-10-04	observed	criteria provided, multiple submitters, no conflicts				{}
CLI001555	ClinVar:VCV000871268	causes_condition	MONDO:0800491	ClinVar	VCV000871268	https://www.ncbi.nlm.nih.gov/clinvar/variation/871268	2026-10-04	observed	criteria provided, multiple submitters, no conflicts				"{""classification"": ""Pathogenic"", ""trait_name"": ""Early-infantile DEE"", ""consequence"": ""truncating""}"
CLI001556	ClinVar:VCV000871267	variant_of	HGNC:11444	ClinVar	VCV000871267	https://www.ncbi.nlm.nih.gov/clinvar/variation/871267	2026-10-04	observed	criteria provided, single submitter				{}
CLI001557	ClinVar:VCV000871265	variant_of	HGNC:11444	ClinVar	VCV000871265	https://www.ncbi.nlm.nih.gov/clinvar/variation/871265	2026-10-04	observed	criteria provided, single submitter				{}
CLI001558	ClinVar:VCV000871264	variant_of	HGNC:11444	ClinVar	VCV000871264	https://www.ncbi.nlm.nih.gov/clinvar/variation/871264	2026-10-04	observed	criteria provided, single submitter				{}
CLI001559	ClinVar:VCV000870916	variant_of	HGNC:11444	ClinVar	VCV000870916	https://www.ncbi.nlm.nih.gov/clinvar/variation/870916	2026-10-04	observed	criteria provided, single submitter				{}
CLI001560	ClinVar:VCV000870915	variant_of	HGNC:11444	ClinVar	VCV000870915	https://www.ncbi.nlm.nih.gov/clinvar/variation/870915	2026-10-04	observed	criteria provided, multiple submitters, no conflicts				{}
CLI001561	ClinVar:VCV000870915	causes_condition	MONDO:0012812	ClinVar	VCV000870915	https://www.ncbi.nlm.nih.gov/clinvar/variation/870915	2026-10-04	observed	criteria provided, multiple submitters, no conflicts				"{""classification"": ""Pathogenic/Likely pathogenic"", ""trait_name"": ""Developmental and epileptic encephalopathy, 4"", ""consequence"": ""truncating""}"
CLI001562	ClinVar:VCV000870914	variant_of	HGNC:11444	ClinVar	VCV000870914	https://www.ncbi.nlm.nih.gov/clinvar/variation/870914	2026-10-04	observed	criteria provided, single submitter				{}
CLI001563	ClinVar:VCV000870913	variant_of	HGNC:11444	ClinVar	VCV000870913	https://www.ncbi.nlm.nih.gov/clinvar/variation/870913	2026-10-04	observed	criteria provided, single submitter				{}
CLI001564	ClinVar:VCV000870912	variant_of	HGNC:11444	ClinVar	VCV000870912	https://www.ncbi.nlm.nih.gov/clinvar/variation/870912	2026-10-04	observed	criteria provided, single submitter				{}
CLI001565	ClinVar:VCV000870911	variant_of	HGNC:11444	ClinVar	VCV000870911	https://www.ncbi.nlm.nih.gov/clinvar/variation/870911	2026-10-04	observed	criteria provided, single submitter				{}
CLI001566	ClinVar:VCV000870910	variant_of	HGNC:11444	ClinVar	VCV000870910	https://www.ncbi.nlm.nih.gov/clinvar/variation/870910	2026-10-04	observed	criteria provided, single submitter				{}
CLI001567	ClinVar:VCV000870204	variant_of	HGNC:11444	ClinVar	VCV000870204	https://www.ncbi.nlm.nih.gov/clinvar/variation/870204	2026-10-04	observed	criteria provided, single submitter				{}
CLI001568	ClinVar:VCV000870204	causes_condition	MONDO:0012812	ClinVar	VCV000870204	https://www.ncbi.nlm.nih.gov/clinvar/variation/870204	2026-10-04	observed	criteria provided, single submitter				"{""classification"": ""Likely pathogenic"", ""trait_name"": ""Developmental and epileptic encephalopathy, 4"", ""consequence"": ""missense""}"
CLI001569	ClinVar:VCV000870202	variant_of	HGNC:11444	ClinVar	VCV000870202	https://www.ncbi.nlm.nih.gov/clinvar/variation/870202	2026-10-04	observed	criteria provided, single submitter				{}
CLI001570	ClinVar:VCV000870202	causes_condition	MONDO:0012812	ClinVar	VCV000870202	https://www.ncbi.nlm.nih.gov/clinvar/variation/870202	2026-10-04	observed	criteria provided, single submitter				"{""classification"": ""Pathogenic"", ""trait_name"": ""Developmental and epileptic encephalopathy, 4"", ""consequence"": ""truncating""}"
CLI001571	ClinVar:VCV000853495	variant_of	HGNC:11444	ClinVar	VCV000853495	https://www.ncbi.nlm.nih.gov/clinvar/variation/853495	2026-10-04	observed	criteria provided, single submitter				{}
CLI001572	ClinVar:VCV000853495	causes_condition	MONDO:0800491	ClinVar	VCV000853495	https://www.ncbi.nlm.nih.gov/clinvar/variation/853495	2026-10-04	observed	criteria provided, single submitter				"{""classification"": ""Likely pathogenic"", ""trait_name"": ""Early-infantile DEE"", ""consequence"": ""missense""}"
CLI001573	ClinVar:VCV000848882	variant_of	HGNC:11444	ClinVar	VCV000848882	https://www.ncbi.nlm.nih.gov/clinvar/variation/848882	2026-10-04	observed	criteria provided, single submitter				{}
CLI001574	ClinVar:VCV000848882	causes_condition	MONDO:0800491	ClinVar	VCV000848882	https://www.ncbi.nlm.nih.gov/clinvar/variation/848882	2026-10-04	observed	criteria provided, single submitter				"{""classification"": ""Pathogenic"", ""trait_name"": ""Early-infantile DEE"", ""consequence"": ""truncating""}"
CLI001575	ClinVar:VCV000847491	variant_of	HGNC:11444	ClinVar	VCV000847491	https://www.ncbi.nlm.nih.gov/clinvar/variation/847491	2026-10-04	observed	criteria provided, single submitter				{}
CLI001576	ClinVar:VCV000847491	causes_condition	MONDO:0800491	ClinVar	VCV000847491	https://www.ncbi.nlm.nih.gov/clinvar/variation/847491	2026-10-04	observed	criteria provided, single submitter				"{""classification"": ""Likely pathogenic"", ""trait_name"": ""Early-infantile DEE"", ""consequence"": ""missense""}"
CLI001577	ClinVar:VCV000846660	variant_of	HGNC:11444	ClinVar	VCV000846660	https://www.ncbi.nlm.nih.gov/clinvar/variation/846660	2026-10-04	observed	criteria provided, single submitter				{}
CLI001578	ClinVar:VCV000846660	causes_condition	MONDO:0800491	ClinVar	VCV000846660	https://www.ncbi.nlm.nih.gov/clinvar/variation/846660	2026-10-04	observed	criteria provided, single submitter				"{""classification"": ""Pathogenic"", ""trait_name"": ""Early-infantile DEE"", ""consequence"": ""truncating""}"
CLI001579	ClinVar:VCV000836802	variant_of	HGNC:11444	ClinVar	VCV000836802	https://www.ncbi.nlm.nih.gov/clinvar/variation/836802	2026-10-04	observed	criteria provided, single submitter				{}
CLI001580	ClinVar:VCV000832745	variant_of	HGNC:11444	ClinVar	VCV000832745	https://www.ncbi.nlm.nih.gov/clinvar/variation/832745	2026-10-04	observed	criteria provided, single submitter				{}
CLI001581	ClinVar:VCV000831403	variant_of	HGNC:11444	ClinVar	VCV000831403	https://www.ncbi.nlm.nih.gov/clinvar/variation/831403	2026-10-04	observed	criteria provided, single submitter				{}
CLI001582	ClinVar:VCV000831100	variant_of	HGNC:11444	ClinVar	VCV000831100	https://www.ncbi.nlm.nih.gov/clinvar/variation/831100	2026-10-04	observed	criteria provided, single submitter				{}
CLI001583	ClinVar:VCV000831065	variant_of	HGNC:11444	ClinVar	VCV000831065	https://www.ncbi.nlm.nih.gov/clinvar/variation/831065	2026-10-04	observed	criteria provided, single submitter				{}
CLI001584	ClinVar:VCV000830415	variant_of	HGNC:11444	ClinVar	VCV000830415	https://www.ncbi.nlm.nih.gov/clinvar/variation/830415	2026-10-04	observed	criteria provided, single submitter				{}
CLI001585	ClinVar:VCV000827636	variant_of	HGNC:11444	ClinVar	VCV000827636	https://www.ncbi.nlm.nih.gov/clinvar/variation/827636	2026-10-04	observed	criteria provided, single submitter				{}
CLI001586	ClinVar:VCV000827636	causes_condition	MONDO:0012812	ClinVar	VCV000827636	https://www.ncbi.nlm.nih.gov/clinvar/variation/827636	2026-10-04	observed	criteria provided, single submitter				"{""classification"": ""Pathogenic"", ""trait_name"": ""Developmental and epileptic encephalopathy, 4"", ""consequence"": ""truncating""}"
CLI001587	ClinVar:VCV000818067	variant_of	HGNC:11444	ClinVar	VCV000818067	https://www.ncbi.nlm.nih.gov/clinvar/variation/818067	2026-10-04	observed	criteria provided, single submitter				{}
CLI001588	ClinVar:VCV000817601	variant_of	HGNC:11444	ClinVar	VCV000817601	https://www.ncbi.nlm.nih.gov/clinvar/variation/817601	2026-10-04	observed	criteria provided, single submitter				{}
CLI001589	ClinVar:VCV000817213	variant_of	HGNC:11444	ClinVar	VCV000817213	https://www.ncbi.nlm.nih.gov/clinvar/variation/817213	2026-10-04	observed	criteria provided, multiple submitters, no conflicts				{}
CLI001590	ClinVar:VCV000817213	causes_condition	MONDO:0012812	ClinVar	VCV000817213	https://www.ncbi.nlm.nih.gov/clinvar/variation/817213	2026-10-04	observed	criteria provided, multiple submitters, no conflicts				"{""classification"": ""Pathogenic/Likely pathogenic"", ""trait_name"": ""Developmental and epileptic encephalopathy, 4"", ""consequence"": ""truncating""}"
CLI001591	ClinVar:VCV000817209	variant_of	HGNC:11444	ClinVar	VCV000817209	https://www.ncbi.nlm.nih.gov/clinvar/variation/817209	2026-10-04	observed	criteria provided, single submitter				{}
CLI001592	ClinVar:VCV000817102	variant_of	HGNC:11444	ClinVar	VCV000817102	https://www.ncbi.nlm.nih.gov/clinvar/variation/817102	2026-10-04	observed	criteria provided, single submitter				{}
CLI001593	ClinVar:VCV000817014	variant_of	HGNC:11444	ClinVar	VCV000817014	https://www.ncbi.nlm.nih.gov/clinvar/variation/817014	2026-10-04	observed	criteria provided, single submitter				{}
CLI001594	ClinVar:VCV000815296	variant_of	HGNC:11444	ClinVar	VCV000815296	https://www.ncbi.nlm.nih.gov/clinvar/variation/815296	2026-10-04	observed	no assertion criteria provided				{}
CLI001595	ClinVar:VCV000813800	variant_of	HGNC:11444	ClinVar	VCV000813800	https://www.ncbi.nlm.nih.gov/clinvar/variation/813800	2026-10-04	observed	criteria provided, multiple submitters, no conflicts				{}
CLI001596	ClinVar:VCV000813800	causes_condition	MONDO:0012812	ClinVar	VCV000813800	https://www.ncbi.nlm.nih.gov/clinvar/variation/813800	2026-10-04	observed	criteria provided, multiple submitters, no conflicts				"{""classification"": ""Pathogenic/Likely pathogenic"", ""trait_name"": ""Developmental and epileptic encephalopathy, 4"", ""consequence"": ""truncating""}"
CLI001597	ClinVar:VCV000813800	causes_condition	MONDO:0800491	ClinVar	VCV000813800	https://www.ncbi.nlm.nih.gov/clinvar/variation/813800	2026-10-04	observed	criteria provided, multiple submitters, no conflicts				"{""classification"": ""Pathogenic/Likely pathogenic"", ""trait_name"": ""Early-infantile DEE"", ""consequence"": ""truncating""}"
CLI001598	ClinVar:VCV000813768	variant_of	HGNC:11444	ClinVar	VCV000813768	https://www.ncbi.nlm.nih.gov/clinvar/variation/813768	2026-10-04	observed	criteria provided, single submitter				{}
CLI001599	ClinVar:VCV000813768	causes_condition	MONDO:0012812	ClinVar	VCV000813768	https://www.ncbi.nlm.nih.gov/clinvar/variation/813768	2026-10-04	observed	criteria provided, single submitter				"{""classification"": ""Likely pathogenic"", ""trait_name"": ""Developmental and epileptic encephalopathy, 4"", ""consequence"": ""missense""}"
CLI001600	ClinVar:VCV000812925	variant_of	HGNC:11444	ClinVar	VCV000812925	https://www.ncbi.nlm.nih.gov/clinvar/variation/812925	2026-10-04	observed	no assertion criteria provided				{}
CLI001601	ClinVar:VCV000812770	variant_of	HGNC:11444	ClinVar	VCV000812770	https://www.ncbi.nlm.nih.gov/clinvar/variation/812770	2026-10-04	observed	no assertion criteria provided				{}
CLI001602	ClinVar:VCV000812769	variant_of	HGNC:11444	ClinVar	VCV000812769	https://www.ncbi.nlm.nih.gov/clinvar/variation/812769	2026-10-04	observed	criteria provided, multiple submitters, no conflicts				{}
CLI001603	ClinVar:VCV000812769	causes_condition	MONDO:0012812	ClinVar	VCV000812769	https://www.ncbi.nlm.nih.gov/clinvar/variation/812769	2026-10-04	observed	criteria provided, multiple submitters, no conflicts				"{""classification"": ""Pathogenic"", ""trait_name"": ""Developmental and epileptic encephalopathy, 4"", ""consequence"": ""truncating""}"
CLI001604	ClinVar:VCV000812768	variant_of	HGNC:11444	ClinVar	VCV000812768	https://www.ncbi.nlm.nih.gov/clinvar/variation/812768	2026-10-04	observed	no assertion criteria provided				{}
CLI001605	ClinVar:VCV000812664	variant_of	HGNC:11444	ClinVar	VCV000812664	https://www.ncbi.nlm.nih.gov/clinvar/variation/812664	2026-10-04	observed	no assertion criteria provided				{}
CLI001606	ClinVar:VCV000812664	causes_condition	MONDO:0012812	ClinVar	VCV000812664	https://www.ncbi.nlm.nih.gov/clinvar/variation/812664	2026-10-04	observed	no assertion criteria provided				"{""classification"": ""Pathogenic"", ""trait_name"": ""Developmental and epileptic encephalopathy, 4"", ""consequence"": ""truncating""}"
CLI001607	ClinVar:VCV000812177	variant_of	HGNC:11444	ClinVar	VCV000812177	https://www.ncbi.nlm.nih.gov/clinvar/variation/812177	2026-10-04	observed	criteria provided, single submitter				{}
CLI001608	ClinVar:VCV000812177	causes_condition	MONDO:0012812	ClinVar	VCV000812177	https://www.ncbi.nlm.nih.gov/clinvar/variation/812177	2026-10-04	observed	criteria provided, single submitter				"{""classification"": ""Pathogenic"", ""trait_name"": ""Developmental and epileptic encephalopathy, 4"", ""consequence"": ""truncating""}"
CLI001609	ClinVar:VCV000810489	variant_of	HGNC:11444	ClinVar	VCV000810489	https://www.ncbi.nlm.nih.gov/clinvar/variation/810489	2026-10-04	observed	criteria provided, single submitter				{}
CLI001610	ClinVar:VCV000807506	variant_of	HGNC:11444	ClinVar	VCV000807506	https://www.ncbi.nlm.nih.gov/clinvar/variation/807506	2026-10-04	observed	criteria provided, single submitter				{}
CLI001611	ClinVar:VCV000807506	causes_condition	MONDO:0012812	ClinVar	VCV000807506	https://www.ncbi.nlm.nih.gov/clinvar/variation/807506	2026-10-04	observed	criteria provided, single submitter				"{""classification"": ""Pathogenic"", ""trait_name"": ""Developmental and epileptic encephalopathy, 4"", ""consequence"": ""truncating""}"
CLI001612	ClinVar:VCV000807505	variant_of	HGNC:11444	ClinVar	VCV000807505	https://www.ncbi.nlm.nih.gov/clinvar/variation/807505	2026-10-04	observed	criteria provided, single submitter				{}
CLI001613	ClinVar:VCV000807505	causes_condition	MONDO:0012812	ClinVar	VCV000807505	https://www.ncbi.nlm.nih.gov/clinvar/variation/807505	2026-10-04	observed	criteria provided, single submitter				"{""classification"": ""Likely pathogenic"", ""trait_name"": ""Developmental and epileptic encephalopathy, 4"", ""consequence"": ""missense""}"
CLI001614	ClinVar:VCV000802514	variant_of	HGNC:11444	ClinVar	VCV000802514	https://www.ncbi.nlm.nih.gov/clinvar/variation/802514	2026-10-04	observed	criteria provided, single submitter				{}
CLI001615	ClinVar:VCV000802514	causes_condition	MONDO:0012812	ClinVar	VCV000802514	https://www.ncbi.nlm.nih.gov/clinvar/variation/802514	2026-10-04	observed	criteria provided, single submitter				"{""classification"": ""Pathogenic"", ""trait_name"": ""Developmental and epileptic encephalopathy, 4"", ""consequence"": ""truncating""}"
CLI001616	ClinVar:VCV000802513	variant_of	HGNC:11444	ClinVar	VCV000802513	https://www.ncbi.nlm.nih.gov/clinvar/variation/802513	2026-10-04	observed	criteria provided, multiple submitters, no conflicts				{}
CLI001617	ClinVar:VCV000802513	causes_condition	MONDO:0012812	ClinVar	VCV000802513	https://www.ncbi.nlm.nih.gov/clinvar/variation/802513	2026-10-04	observed	criteria provided, multiple submitters, no conflicts				"{""classification"": ""Likely pathogenic"", ""trait_name"": ""Developmental and epileptic encephalopathy, 4"", ""consequence"": ""missense""}"
CLI001618	ClinVar:VCV000802512	variant_of	HGNC:11444	ClinVar	VCV000802512	https://www.ncbi.nlm.nih.gov/clinvar/variation/802512	2026-10-04	observed	criteria provided, multiple submitters, no conflicts				{}
CLI001619	ClinVar:VCV000802512	causes_condition	MONDO:0012812	ClinVar	VCV000802512	https://www.ncbi.nlm.nih.gov/clinvar/variation/802512	2026-10-04	observed	criteria provided, multiple submitters, no conflicts				"{""classification"": ""Pathogenic/Likely pathogenic"", ""trait_name"": ""Developmental and epileptic encephalopathy, 4"", ""consequence"": ""truncating""}"
CLI001620	ClinVar:VCV000802511	variant_of	HGNC:11444	ClinVar	VCV000802511	https://www.ncbi.nlm.nih.gov/clinvar/variation/802511	2026-10-04	observed	criteria provided, single submitter				{}
CLI001621	ClinVar:VCV000802511	causes_condition	MONDO:0012812	ClinVar	VCV000802511	https://www.ncbi.nlm.nih.gov/clinvar/variation/802511	2026-10-04	observed	criteria provided, single submitter				"{""classification"": ""Pathogenic"", ""trait_name"": ""Developmental and epileptic encephalopathy, 4"", ""consequence"": ""truncating""}"
CLI001622	ClinVar:VCV000802509	variant_of	HGNC:11444	ClinVar	VCV000802509	https://www.ncbi.nlm.nih.gov/clinvar/variation/802509	2026-10-04	observed	criteria provided, single submitter				{}
CLI001623	ClinVar:VCV000802509	causes_condition	MONDO:0012812	ClinVar	VCV000802509	https://www.ncbi.nlm.nih.gov/clinvar/variation/802509	2026-10-04	observed	criteria provided, single submitter				"{""classification"": ""Likely pathogenic"", ""trait_name"": ""Developmental and epileptic encephalopathy, 4"", ""consequence"": ""other""}"
CLI001624	ClinVar:VCV000802508	variant_of	HGNC:11444	ClinVar	VCV000802508	https://www.ncbi.nlm.nih.gov/clinvar/variation/802508	2026-10-04	observed	criteria provided, single submitter				{}
CLI001625	ClinVar:VCV000802508	causes_condition	MONDO:0012812	ClinVar	VCV000802508	https://www.ncbi.nlm.nih.gov/clinvar/variation/802508	2026-10-04	observed	criteria provided, single submitter				"{""classification"": ""Pathogenic"", ""trait_name"": ""Developmental and epileptic encephalopathy, 4"", ""consequence"": ""truncating""}"
CLI001626	ClinVar:VCV000802507	variant_of	HGNC:11444	ClinVar	VCV000802507	https://www.ncbi.nlm.nih.gov/clinvar/variation/802507	2026-10-04	observed	criteria provided, single submitter				{}
CLI001627	ClinVar:VCV000802507	causes_condition	MONDO:0012812	ClinVar	VCV000802507	https://www.ncbi.nlm.nih.gov/clinvar/variation/802507	2026-10-04	observed	criteria provided, single submitter				"{""classification"": ""Likely pathogenic"", ""trait_name"": ""Developmental and epileptic encephalopathy, 4"", ""consequence"": ""missense""}"
CLI001628	ClinVar:VCV000691268	variant_of	HGNC:11444	ClinVar	VCV000691268	https://www.ncbi.nlm.nih.gov/clinvar/variation/691268	2026-10-04	observed	criteria provided, single submitter				{}
CLI001629	ClinVar:VCV000660788	variant_of	HGNC:11444	ClinVar	VCV000660788	https://www.ncbi.nlm.nih.gov/clinvar/variation/660788	2026-10-04	observed	criteria provided, single submitter				{}
CLI001630	ClinVar:VCV000660788	causes_condition	MONDO:0800491	ClinVar	VCV000660788	https://www.ncbi.nlm.nih.gov/clinvar/variation/660788	2026-10-04	observed	criteria provided, single submitter				"{""classification"": ""Pathogenic"", ""trait_name"": ""Early-infantile DEE"", ""consequence"": ""truncating""}"
CLI001631	ClinVar:VCV000649479	variant_of	HGNC:11444	ClinVar	VCV000649479	https://www.ncbi.nlm.nih.gov/clinvar/variation/649479	2026-10-04	observed	criteria provided, single submitter				{}
CLI001632	ClinVar:VCV000649479	causes_condition	MONDO:0800491	ClinVar	VCV000649479	https://www.ncbi.nlm.nih.gov/clinvar/variation/649479	2026-10-04	observed	criteria provided, single submitter				"{""classification"": ""Pathogenic"", ""trait_name"": ""Early-infantile DEE"", ""consequence"": ""missense""}"
CLI001633	ClinVar:VCV000633836	variant_of	HGNC:11444	ClinVar	VCV000633836	https://www.ncbi.nlm.nih.gov/clinvar/variation/633836	2026-10-04	observed	no assertion criteria provided				{}
CLI001634	ClinVar:VCV000620472	variant_of	HGNC:11444	ClinVar	VCV000620472	https://www.ncbi.nlm.nih.gov/clinvar/variation/620472	2026-10-04	observed	criteria provided, multiple submitters, no conflicts				{}
CLI001635	ClinVar:VCV000620472	causes_condition	MONDO:0012812	ClinVar	VCV000620472	https://www.ncbi.nlm.nih.gov/clinvar/variation/620472	2026-10-04	observed	criteria provided, multiple submitters, no conflicts				"{""classification"": ""Pathogenic"", ""trait_name"": ""Developmental and epileptic encephalopathy, 4"", ""consequence"": ""truncating""}"
CLI001636	ClinVar:VCV000620297	variant_of	HGNC:11444	ClinVar	VCV000620297	https://www.ncbi.nlm.nih.gov/clinvar/variation/620297	2026-10-04	observed	criteria provided, single submitter				{}
CLI001637	ClinVar:VCV000620007	variant_of	HGNC:11444	ClinVar	VCV000620007	https://www.ncbi.nlm.nih.gov/clinvar/variation/620007	2026-10-04	observed	criteria provided, single submitter				{}
CLI001638	ClinVar:VCV000620007	causes_condition	MONDO:0012812	ClinVar	VCV000620007	https://www.ncbi.nlm.nih.gov/clinvar/variation/620007	2026-10-04	observed	criteria provided, single submitter				"{""classification"": ""Pathogenic"", ""trait_name"": ""Developmental and epileptic encephalopathy, 4"", ""consequence"": ""truncating""}"
CLI001639	ClinVar:VCV000595655	variant_of	HGNC:11444	ClinVar	VCV000595655	https://www.ncbi.nlm.nih.gov/clinvar/variation/595655	2026-10-04	observed	criteria provided, multiple submitters, no conflicts				{}
CLI001640	ClinVar:VCV000590289	variant_of	HGNC:11444	ClinVar	VCV000590289	https://www.ncbi.nlm.nih.gov/clinvar/variation/590289	2026-10-04	observed	no assertion criteria provided				{}
CLI001641	ClinVar:VCV000590289	causes_condition	MONDO:0012812	ClinVar	VCV000590289	https://www.ncbi.nlm.nih.gov/clinvar/variation/590289	2026-10-04	observed	no assertion criteria provided				"{""classification"": ""Pathogenic"", ""trait_name"": ""Developmental and epileptic encephalopathy, 4"", ""consequence"": ""truncating""}"
CLI001642	ClinVar:VCV000583850	variant_of	HGNC:11444	ClinVar	VCV000583850	https://www.ncbi.nlm.nih.gov/clinvar/variation/583850	2026-10-04	observed	criteria provided, single submitter				{}
CLI001643	ClinVar:VCV000579748	variant_of	HGNC:11444	ClinVar	VCV000579748	https://www.ncbi.nlm.nih.gov/clinvar/variation/579748	2026-10-04	observed	criteria provided, single submitter				{}
CLI001644	ClinVar:VCV000579748	causes_condition	MONDO:0800491	ClinVar	VCV000579748	https://www.ncbi.nlm.nih.gov/clinvar/variation/579748	2026-10-04	observed	criteria provided, single submitter				"{""classification"": ""Pathogenic"", ""trait_name"": ""Early-infantile DEE"", ""consequence"": ""truncating""}"
CLI001645	ClinVar:VCV000573250	variant_of	HGNC:11444	ClinVar	VCV000573250	https://www.ncbi.nlm.nih.gov/clinvar/variation/573250	2026-10-04	observed	criteria provided, single submitter				{}
CLI001646	ClinVar:VCV000573250	causes_condition	MONDO:0800491	ClinVar	VCV000573250	https://www.ncbi.nlm.nih.gov/clinvar/variation/573250	2026-10-04	observed	criteria provided, single submitter				"{""classification"": ""Pathogenic"", ""trait_name"": ""Early-infantile DEE"", ""consequence"": ""truncating""}"
CLI001647	ClinVar:VCV000567493	variant_of	HGNC:11444	ClinVar	VCV000567493	https://www.ncbi.nlm.nih.gov/clinvar/variation/567493	2026-10-04	observed	criteria provided, single submitter				{}
CLI001648	ClinVar:VCV000567493	causes_condition	MONDO:0800491	ClinVar	VCV000567493	https://www.ncbi.nlm.nih.gov/clinvar/variation/567493	2026-10-04	observed	criteria provided, single submitter				"{""classification"": ""Pathogenic"", ""trait_name"": ""Early-infantile DEE"", ""consequence"": ""truncating""}"
CLI001649	ClinVar:VCV000566474	variant_of	HGNC:11444	ClinVar	VCV000566474	https://www.ncbi.nlm.nih.gov/clinvar/variation/566474	2026-10-04	observed	criteria provided, multiple submitters, no conflicts				{}
CLI001650	ClinVar:VCV000566474	causes_condition	MONDO:0800491	ClinVar	VCV000566474	https://www.ncbi.nlm.nih.gov/clinvar/variation/566474	2026-10-04	observed	criteria provided, multiple submitters, no conflicts				"{""classification"": ""Pathogenic/Likely pathogenic"", ""trait_name"": ""Early-infantile DEE"", ""consequence"": ""missense""}"
CLI001651	ClinVar:VCV000566474	causes_condition	MONDO:0012812	ClinVar	VCV000566474	https://www.ncbi.nlm.nih.gov/clinvar/variation/566474	2026-10-04	observed	criteria provided, multiple submitters, no conflicts				"{""classification"": ""Pathogenic/Likely pathogenic"", ""trait_name"": ""Developmental and epileptic encephalopathy, 4"", ""consequence"": ""missense""}"
CLI001652	ClinVar:VCV000561120	variant_of	HGNC:11444	ClinVar	VCV000561120	https://www.ncbi.nlm.nih.gov/clinvar/variation/561120	2026-10-04	observed	criteria provided, multiple submitters, no conflicts				{}
CLI001653	ClinVar:VCV000561120	causes_condition	MONDO:0800491	ClinVar	VCV000561120	https://www.ncbi.nlm.nih.gov/clinvar/variation/561120	2026-10-04	observed	criteria provided, multiple submitters, no conflicts				"{""classification"": ""Pathogenic"", ""trait_name"": ""Early-infantile DEE"", ""consequence"": ""truncating""}"
CLI001654	ClinVar:VCV000561120	causes_condition	MONDO:0012812	ClinVar	VCV000561120	https://www.ncbi.nlm.nih.gov/clinvar/variation/561120	2026-10-04	observed	criteria provided, multiple submitters, no conflicts				"{""classification"": ""Pathogenic"", ""trait_name"": ""Developmental and epileptic encephalopathy, 4"", ""consequence"": ""truncating""}"
CLI001655	ClinVar:VCV000561119	variant_of	HGNC:11444	ClinVar	VCV000561119	https://www.ncbi.nlm.nih.gov/clinvar/variation/561119	2026-10-04	observed	criteria provided, multiple submitters, no conflicts				{}
CLI001656	ClinVar:VCV000561119	causes_condition	MONDO:0012812	ClinVar	VCV000561119	https://www.ncbi.nlm.nih.gov/clinvar/variation/561119	2026-10-04	observed	criteria provided, multiple submitters, no conflicts				"{""classification"": ""Pathogenic"", ""trait_name"": ""Developmental and epileptic encephalopathy, 4"", ""consequence"": ""truncating""}"
CLI001657	ClinVar:VCV000560298	variant_of	HGNC:11444	ClinVar	VCV000560298	https://www.ncbi.nlm.nih.gov/clinvar/variation/560298	2026-10-04	observed	criteria provided, single submitter				{}
CLI001658	ClinVar:VCV000560298	causes_condition	MONDO:0012812	ClinVar	VCV000560298	https://www.ncbi.nlm.nih.gov/clinvar/variation/560298	2026-10-04	observed	criteria provided, single submitter				"{""classification"": ""Pathogenic"", ""trait_name"": ""Developmental and epileptic encephalopathy, 4"", ""consequence"": ""truncating""}"
CLI001659	ClinVar:VCV000546542	variant_of	HGNC:11444	ClinVar	VCV000546542	https://www.ncbi.nlm.nih.gov/clinvar/variation/546542	2026-10-04	observed	criteria provided, single submitter				{}
CLI001660	ClinVar:VCV000546026	variant_of	HGNC:11444	ClinVar	VCV000546026	https://www.ncbi.nlm.nih.gov/clinvar/variation/546026	2026-10-04	observed	criteria provided, multiple submitters, no conflicts				{}
CLI001661	ClinVar:VCV000546026	causes_condition	MONDO:0800491	ClinVar	VCV000546026	https://www.ncbi.nlm.nih.gov/clinvar/variation/546026	2026-10-04	observed	criteria provided, multiple submitters, no conflicts				"{""classification"": ""Pathogenic"", ""trait_name"": ""Early-infantile DEE"", ""consequence"": ""truncating""}"
CLI001662	ClinVar:VCV000523458	variant_of	HGNC:11444	ClinVar	VCV000523458	https://www.ncbi.nlm.nih.gov/clinvar/variation/523458	2026-10-04	observed	criteria provided, single submitter				{}
CLI001663	ClinVar:VCV000523457	variant_of	HGNC:11444	ClinVar	VCV000523457	https://www.ncbi.nlm.nih.gov/clinvar/variation/523457	2026-10-04	observed	criteria provided, single submitter				{}
CLI001664	ClinVar:VCV000522094	variant_of	HGNC:11444	ClinVar	VCV000522094	https://www.ncbi.nlm.nih.gov/clinvar/variation/522094	2026-10-04	observed	criteria provided, single submitter				{}
CLI001665	ClinVar:VCV000521069	variant_of	HGNC:11444	ClinVar	VCV000521069	https://www.ncbi.nlm.nih.gov/clinvar/variation/521069	2026-10-04	observed	criteria provided, multiple submitters, no conflicts				{}
CLI001666	ClinVar:VCV000520996	variant_of	HGNC:11444	ClinVar	VCV000520996	https://www.ncbi.nlm.nih.gov/clinvar/variation/520996	2026-10-04	observed	criteria provided, single submitter				{}
CLI001667	ClinVar:VCV000520961	variant_of	HGNC:11444	ClinVar	VCV000520961	https://www.ncbi.nlm.nih.gov/clinvar/variation/520961	2026-10-04	observed	criteria provided, single submitter				{}
CLI001668	ClinVar:VCV000520745	variant_of	HGNC:11444	ClinVar	VCV000520745	https://www.ncbi.nlm.nih.gov/clinvar/variation/520745	2026-10-04	observed	criteria provided, single submitter				{}
CLI001669	ClinVar:VCV000520694	variant_of	HGNC:11444	ClinVar	VCV000520694	https://www.ncbi.nlm.nih.gov/clinvar/variation/520694	2026-10-04	observed	criteria provided, single submitter				{}
CLI001670	ClinVar:VCV000520654	variant_of	HGNC:11444	ClinVar	VCV000520654	https://www.ncbi.nlm.nih.gov/clinvar/variation/520654	2026-10-04	observed	criteria provided, single submitter				{}
CLI001671	ClinVar:VCV000503942	variant_of	HGNC:11444	ClinVar	VCV000503942	https://www.ncbi.nlm.nih.gov/clinvar/variation/503942	2026-10-04	observed	criteria provided, single submitter				{}
CLI001672	ClinVar:VCV000497406	variant_of	HGNC:11444	ClinVar	VCV000497406	https://www.ncbi.nlm.nih.gov/clinvar/variation/497406	2026-10-04	observed	criteria provided, multiple submitters, no conflicts				{}
CLI001673	ClinVar:VCV000497406	causes_condition	MONDO:0800491	ClinVar	VCV000497406	https://www.ncbi.nlm.nih.gov/clinvar/variation/497406	2026-10-04	observed	criteria provided, multiple submitters, no conflicts				"{""classification"": ""Pathogenic"", ""trait_name"": ""Early-infantile DEE"", ""consequence"": ""truncating""}"
CLI001674	ClinVar:VCV000497406	causes_condition	MONDO:0012812	ClinVar	VCV000497406	https://www.ncbi.nlm.nih.gov/clinvar/variation/497406	2026-10-04	observed	criteria provided, multiple submitters, no conflicts				"{""classification"": ""Pathogenic"", ""trait_name"": ""Developmental and epileptic encephalopathy, 4"", ""consequence"": ""truncating""}"
CLI001675	ClinVar:VCV000496686	variant_of	HGNC:11444	ClinVar	VCV000496686	https://www.ncbi.nlm.nih.gov/clinvar/variation/496686	2026-10-04	observed	criteria provided, multiple submitters, no conflicts				{}
CLI001676	ClinVar:VCV000496686	causes_condition	MONDO:0012812	ClinVar	VCV000496686	https://www.ncbi.nlm.nih.gov/clinvar/variation/496686	2026-10-04	observed	criteria provided, multiple submitters, no conflicts				"{""classification"": ""Pathogenic/Likely pathogenic"", ""trait_name"": ""Developmental and epileptic encephalopathy, 4"", ""consequence"": ""truncating""}"
CLI001677	ClinVar:VCV000489132	variant_of	HGNC:11444	ClinVar	VCV000489132	https://www.ncbi.nlm.nih.gov/clinvar/variation/489132	2026-10-04	observed	criteria provided, single submitter				{}
CLI001678	ClinVar:VCV000488989	variant_of	HGNC:11444	ClinVar	VCV000488989	https://www.ncbi.nlm.nih.gov/clinvar/variation/488989	2026-10-04	observed	criteria provided, single submitter				{}
CLI001679	ClinVar:VCV000488800	variant_of	HGNC:11444	ClinVar	VCV000488800	https://www.ncbi.nlm.nih.gov/clinvar/variation/488800	2026-10-04	observed	criteria provided, multiple submitters, no conflicts				{}
CLI001680	ClinVar:VCV000488800	causes_condition	MONDO:0012812	ClinVar	VCV000488800	https://www.ncbi.nlm.nih.gov/clinvar/variation/488800	2026-10-04	observed	criteria provided, multiple submitters, no conflicts				"{""classification"": ""Pathogenic"", ""trait_name"": ""Developmental and epileptic encephalopathy, 4"", ""consequence"": ""truncating""}"
CLI001681	ClinVar:VCV000461293	variant_of	HGNC:11444	ClinVar	VCV000461293	https://www.ncbi.nlm.nih.gov/clinvar/variation/461293	2026-10-04	observed	criteria provided, multiple submitters, no conflicts				{}
CLI001682	ClinVar:VCV000461293	causes_condition	MONDO:0012812	ClinVar	VCV000461293	https://www.ncbi.nlm.nih.gov/clinvar/variation/461293	2026-10-04	observed	criteria provided, multiple submitters, no conflicts				"{""classification"": ""Pathogenic/Likely pathogenic"", ""trait_name"": ""Developmental and epileptic encephalopathy, 4"", ""consequence"": ""truncating""}"
CLI001683	ClinVar:VCV000461288	variant_of	HGNC:11444	ClinVar	VCV000461288	https://www.ncbi.nlm.nih.gov/clinvar/variation/461288	2026-10-04	observed	criteria provided, single submitter				{}
CLI001684	ClinVar:VCV000461288	causes_condition	MONDO:0800491	ClinVar	VCV000461288	https://www.ncbi.nlm.nih.gov/clinvar/variation/461288	2026-10-04	observed	criteria provided, single submitter				"{""classification"": ""Likely pathogenic"", ""trait_name"": ""Early-infantile DEE"", ""consequence"": ""truncating""}"
CLI001685	ClinVar:VCV000461286	variant_of	HGNC:11444	ClinVar	VCV000461286	https://www.ncbi.nlm.nih.gov/clinvar/variation/461286	2026-10-04	observed	criteria provided, single submitter				{}
CLI001686	ClinVar:VCV000461286	causes_condition	MONDO:0800491	ClinVar	VCV000461286	https://www.ncbi.nlm.nih.gov/clinvar/variation/461286	2026-10-04	observed	criteria provided, single submitter				"{""classification"": ""Pathogenic"", ""trait_name"": ""Early-infantile DEE"", ""consequence"": ""truncating""}"
CLI001687	ClinVar:VCV000461208	variant_of	HGNC:11444	ClinVar	VCV000461208	https://www.ncbi.nlm.nih.gov/clinvar/variation/461208	2026-10-04	observed	criteria provided, single submitter				{}
CLI001688	ClinVar:VCV000450795	variant_of	HGNC:11444	ClinVar	VCV000450795	https://www.ncbi.nlm.nih.gov/clinvar/variation/450795	2026-10-04	observed	criteria provided, single submitter				{}
CLI001689	ClinVar:VCV000450327	variant_of	HGNC:11444	ClinVar	VCV000450327	https://www.ncbi.nlm.nih.gov/clinvar/variation/450327	2026-10-04	observed	criteria provided, single submitter				{}
CLI001690	ClinVar:VCV000450231	variant_of	HGNC:11444	ClinVar	VCV000450231	https://www.ncbi.nlm.nih.gov/clinvar/variation/450231	2026-10-04	observed	criteria provided, single submitter				{}
CLI001691	ClinVar:VCV000449752	variant_of	HGNC:11444	ClinVar	VCV000449752	https://www.ncbi.nlm.nih.gov/clinvar/variation/449752	2026-10-04	observed	criteria provided, single submitter				{}
CLI001692	ClinVar:VCV000449337	variant_of	HGNC:11444	ClinVar	VCV000449337	https://www.ncbi.nlm.nih.gov/clinvar/variation/449337	2026-10-04	observed	criteria provided, multiple submitters, no conflicts				{}
CLI001693	ClinVar:VCV000449337	causes_condition	MONDO:0800491	ClinVar	VCV000449337	https://www.ncbi.nlm.nih.gov/clinvar/variation/449337	2026-10-04	observed	criteria provided, multiple submitters, no conflicts				"{""classification"": ""Pathogenic"", ""trait_name"": ""Early-infantile DEE"", ""consequence"": ""truncating""}"
CLI001694	ClinVar:VCV000449337	causes_condition	MONDO:0012812	ClinVar	VCV000449337	https://www.ncbi.nlm.nih.gov/clinvar/variation/449337	2026-10-04	observed	criteria provided, multiple submitters, no conflicts				"{""classification"": ""Pathogenic"", ""trait_name"": ""Developmental and epileptic encephalopathy, 4"", ""consequence"": ""truncating""}"
CLI001695	ClinVar:VCV000444778	variant_of	HGNC:11444	ClinVar	VCV000444778	https://www.ncbi.nlm.nih.gov/clinvar/variation/444778	2026-10-04	observed	criteria provided, single submitter				{}
CLI001696	ClinVar:VCV000436894	variant_of	HGNC:11444	ClinVar	VCV000436894	https://www.ncbi.nlm.nih.gov/clinvar/variation/436894	2026-10-04	observed	criteria provided, single submitter				{}
CLI001697	ClinVar:VCV000436894	causes_condition	MONDO:0012812	ClinVar	VCV000436894	https://www.ncbi.nlm.nih.gov/clinvar/variation/436894	2026-10-04	observed	criteria provided, single submitter				"{""classification"": ""Pathogenic"", ""trait_name"": ""Developmental and epileptic encephalopathy, 4"", ""consequence"": ""truncating""}"
CLI001698	ClinVar:VCV000430369	variant_of	HGNC:11444	ClinVar	VCV000430369	https://www.ncbi.nlm.nih.gov/clinvar/variation/430369	2026-10-04	observed	criteria provided, single submitter				{}
CLI001699	ClinVar:VCV000430025	variant_of	HGNC:11444	ClinVar	VCV000430025	https://www.ncbi.nlm.nih.gov/clinvar/variation/430025	2026-10-04	observed	criteria provided, single submitter				{}
CLI001700	ClinVar:VCV000429757	variant_of	HGNC:11444	ClinVar	VCV000429757	https://www.ncbi.nlm.nih.gov/clinvar/variation/429757	2026-10-04	observed	criteria provided, multiple submitters, no conflicts				{}
CLI001701	ClinVar:VCV000429757	causes_condition	MONDO:0800491	ClinVar	VCV000429757	https://www.ncbi.nlm.nih.gov/clinvar/variation/429757	2026-10-04	observed	criteria provided, multiple submitters, no conflicts				"{""classification"": ""Pathogenic"", ""trait_name"": ""Early-infantile DEE"", ""consequence"": ""missense""}"
CLI001702	ClinVar:VCV000429757	causes_condition	MONDO:0012812	ClinVar	VCV000429757	https://www.ncbi.nlm.nih.gov/clinvar/variation/429757	2026-10-04	observed	criteria provided, multiple submitters, no conflicts				"{""classification"": ""Pathogenic"", ""trait_name"": ""Developmental and epileptic encephalopathy, 4"", ""consequence"": ""missense""}"
CLI001703	ClinVar:VCV000427203	variant_of	HGNC:11444	ClinVar	VCV000427203	https://www.ncbi.nlm.nih.gov/clinvar/variation/427203	2026-10-04	observed	criteria provided, single submitter				{}
CLI001704	ClinVar:VCV000427039	variant_of	HGNC:11444	ClinVar	VCV000427039	https://www.ncbi.nlm.nih.gov/clinvar/variation/427039	2026-10-04	observed	criteria provided, multiple submitters, no conflicts				{}
CLI001705	ClinVar:VCV000427039	causes_condition	MONDO:0800491	ClinVar	VCV000427039	https://www.ncbi.nlm.nih.gov/clinvar/variation/427039	2026-10-04	observed	criteria provided, multiple submitters, no conflicts				"{""classification"": ""Pathogenic/Likely pathogenic"", ""trait_name"": ""Early-infantile DEE"", ""consequence"": ""missense""}"
CLI001706	ClinVar:VCV000427039	causes_condition	MONDO:0012812	ClinVar	VCV000427039	https://www.ncbi.nlm.nih.gov/clinvar/variation/427039	2026-10-04	observed	criteria provided, multiple submitters, no conflicts				"{""classification"": ""Pathogenic/Likely pathogenic"", ""trait_name"": ""Developmental and epileptic encephalopathy, 4"", ""consequence"": ""missense""}"
CLI001707	ClinVar:VCV000427016	variant_of	HGNC:11444	ClinVar	VCV000427016	https://www.ncbi.nlm.nih.gov/clinvar/variation/427016	2026-10-04	observed	criteria provided, single submitter				{}
CLI001708	ClinVar:VCV000426136	variant_of	HGNC:11444	ClinVar	VCV000426136	https://www.ncbi.nlm.nih.gov/clinvar/variation/426136	2026-10-04	observed	criteria provided, single submitter				{}
CLI001709	ClinVar:VCV000424476	variant_of	HGNC:11444	ClinVar	VCV000424476	https://www.ncbi.nlm.nih.gov/clinvar/variation/424476	2026-10-04	observed	criteria provided, single submitter				{}
CLI001710	ClinVar:VCV000423968	variant_of	HGNC:11444	ClinVar	VCV000423968	https://www.ncbi.nlm.nih.gov/clinvar/variation/423968	2026-10-04	observed	criteria provided, multiple submitters, no conflicts				{}
CLI001711	ClinVar:VCV000423968	causes_condition	MONDO:0800491	ClinVar	VCV000423968	https://www.ncbi.nlm.nih.gov/clinvar/variation/423968	2026-10-04	observed	criteria provided, multiple submitters, no conflicts				"{""classification"": ""Pathogenic"", ""trait_name"": ""Early-infantile DEE"", ""consequence"": ""truncating""}"
CLI001712	ClinVar:VCV000422789	variant_of	HGNC:11444	ClinVar	VCV000422789	https://www.ncbi.nlm.nih.gov/clinvar/variation/422789	2026-10-04	observed	criteria provided, single submitter				{}
CLI001713	ClinVar:VCV000419724	variant_of	HGNC:11444	ClinVar	VCV000419724	https://www.ncbi.nlm.nih.gov/clinvar/variation/419724	2026-10-04	observed	criteria provided, multiple submitters, no conflicts				{}
CLI001714	ClinVar:VCV000419724	causes_condition	MONDO:0012812	ClinVar	VCV000419724	https://www.ncbi.nlm.nih.gov/clinvar/variation/419724	2026-10-04	observed	criteria provided, multiple submitters, no conflicts				"{""classification"": ""Pathogenic"", ""trait_name"": ""Developmental and epileptic encephalopathy, 4"", ""consequence"": ""truncating""}"
CLI001715	ClinVar:VCV000419604	variant_of	HGNC:11444	ClinVar	VCV000419604	https://www.ncbi.nlm.nih.gov/clinvar/variation/419604	2026-10-04	observed	criteria provided, single submitter				{}
CLI001716	ClinVar:VCV000419223	variant_of	HGNC:11444	ClinVar	VCV000419223	https://www.ncbi.nlm.nih.gov/clinvar/variation/419223	2026-10-04	observed	criteria provided, multiple submitters, no conflicts				{}
CLI001717	ClinVar:VCV000419223	causes_condition	MONDO:0012812	ClinVar	VCV000419223	https://www.ncbi.nlm.nih.gov/clinvar/variation/419223	2026-10-04	observed	criteria provided, multiple submitters, no conflicts				"{""classification"": ""Pathogenic/Likely pathogenic"", ""trait_name"": ""Developmental and epileptic encephalopathy, 4"", ""consequence"": ""missense""}"
CLI001718	ClinVar:VCV000418760	variant_of	HGNC:11444	ClinVar	VCV000418760	https://www.ncbi.nlm.nih.gov/clinvar/variation/418760	2026-10-04	observed	criteria provided, single submitter				{}
CLI001719	ClinVar:VCV000407780	variant_of	HGNC:11444	ClinVar	VCV000407780	https://www.ncbi.nlm.nih.gov/clinvar/variation/407780	2026-10-04	observed	criteria provided, single submitter				{}
CLI001720	ClinVar:VCV000407780	causes_condition	MONDO:0800491	ClinVar	VCV000407780	https://www.ncbi.nlm.nih.gov/clinvar/variation/407780	2026-10-04	observed	criteria provided, single submitter				"{""classification"": ""Likely pathogenic"", ""trait_name"": ""Early-infantile DEE"", ""consequence"": ""missense""}"
CLI001721	ClinVar:VCV000407778	variant_of	HGNC:11444	ClinVar	VCV000407778	https://www.ncbi.nlm.nih.gov/clinvar/variation/407778	2026-10-04	observed	criteria provided, single submitter				{}
CLI001722	ClinVar:VCV000407778	causes_condition	MONDO:0800491	ClinVar	VCV000407778	https://www.ncbi.nlm.nih.gov/clinvar/variation/407778	2026-10-04	observed	criteria provided, single submitter				"{""classification"": ""Pathogenic"", ""trait_name"": ""Early-infantile DEE"", ""consequence"": ""truncating""}"
CLI001723	ClinVar:VCV000407777	variant_of	HGNC:11444	ClinVar	VCV000407777	https://www.ncbi.nlm.nih.gov/clinvar/variation/407777	2026-10-04	observed	criteria provided, single submitter				{}
CLI001724	ClinVar:VCV000407777	causes_condition	MONDO:0800491	ClinVar	VCV000407777	https://www.ncbi.nlm.nih.gov/clinvar/variation/407777	2026-10-04	observed	criteria provided, single submitter				"{""classification"": ""Pathogenic"", ""trait_name"": ""Early-infantile DEE"", ""consequence"": ""truncating""}"
CLI001725	ClinVar:VCV000393201	variant_of	HGNC:11444	ClinVar	VCV000393201	https://www.ncbi.nlm.nih.gov/clinvar/variation/393201	2026-10-04	observed	criteria provided, single submitter				{}
CLI001726	ClinVar:VCV000389269	variant_of	HGNC:11444	ClinVar	VCV000389269	https://www.ncbi.nlm.nih.gov/clinvar/variation/389269	2026-10-04	observed	criteria provided, single submitter				{}
CLI001727	ClinVar:VCV000388057	variant_of	HGNC:11444	ClinVar	VCV000388057	https://www.ncbi.nlm.nih.gov/clinvar/variation/388057	2026-10-04	observed	criteria provided, single submitter				{}
CLI001728	ClinVar:VCV000379855	variant_of	HGNC:11444	ClinVar	VCV000379855	https://www.ncbi.nlm.nih.gov/clinvar/variation/379855	2026-10-04	observed	criteria provided, single submitter				{}
CLI001729	ClinVar:VCV000379533	variant_of	HGNC:11444	ClinVar	VCV000379533	https://www.ncbi.nlm.nih.gov/clinvar/variation/379533	2026-10-04	observed	criteria provided, single submitter				{}
CLI001730	ClinVar:VCV000379255	variant_of	HGNC:11444	ClinVar	VCV000379255	https://www.ncbi.nlm.nih.gov/clinvar/variation/379255	2026-10-04	observed	criteria provided, single submitter				{}
CLI001731	ClinVar:VCV000375521	variant_of	HGNC:11444	ClinVar	VCV000375521	https://www.ncbi.nlm.nih.gov/clinvar/variation/375521	2026-10-04	observed	criteria provided, single submitter				{}
CLI001732	ClinVar:VCV000375520	variant_of	HGNC:11444	ClinVar	VCV000375520	https://www.ncbi.nlm.nih.gov/clinvar/variation/375520	2026-10-04	observed	criteria provided, multiple submitters, no conflicts				{}
CLI001733	ClinVar:VCV000375519	variant_of	HGNC:11444	ClinVar	VCV000375519	https://www.ncbi.nlm.nih.gov/clinvar/variation/375519	2026-10-04	observed	criteria provided, single submitter				{}
CLI001734	ClinVar:VCV000375464	variant_of	HGNC:11444	ClinVar	VCV000375464	https://www.ncbi.nlm.nih.gov/clinvar/variation/375464	2026-10-04	observed	criteria provided, multiple submitters, no conflicts				{}
CLI001735	ClinVar:VCV000375464	causes_condition	MONDO:0800491	ClinVar	VCV000375464	https://www.ncbi.nlm.nih.gov/clinvar/variation/375464	2026-10-04	observed	criteria provided, multiple submitters, no conflicts				"{""classification"": ""Pathogenic"", ""trait_name"": ""Early-infantile DEE"", ""consequence"": ""truncating""}"
CLI001736	ClinVar:VCV000375464	causes_condition	MONDO:0012812	ClinVar	VCV000375464	https://www.ncbi.nlm.nih.gov/clinvar/variation/375464	2026-10-04	observed	criteria provided, multiple submitters, no conflicts				"{""classification"": ""Pathogenic"", ""trait_name"": ""Developmental and epileptic encephalopathy, 4"", ""consequence"": ""truncating""}"
CLI001737	ClinVar:VCV000375214	variant_of	HGNC:11444	ClinVar	VCV000375214	https://www.ncbi.nlm.nih.gov/clinvar/variation/375214	2026-10-04	observed	criteria provided, single submitter				{}
CLI001738	ClinVar:VCV000375214	causes_condition	MONDO:0012812	ClinVar	VCV000375214	https://www.ncbi.nlm.nih.gov/clinvar/variation/375214	2026-10-04	observed	criteria provided, single submitter				"{""classification"": ""Pathogenic"", ""trait_name"": ""Developmental and epileptic encephalopathy, 4"", ""consequence"": ""truncating""}"
CLI001739	ClinVar:VCV000374662	variant_of	HGNC:11444	ClinVar	VCV000374662	https://www.ncbi.nlm.nih.gov/clinvar/variation/374662	2026-10-04	observed	criteria provided, single submitter				{}
CLI001740	ClinVar:VCV000374227	variant_of	HGNC:11444	ClinVar	VCV000374227	https://www.ncbi.nlm.nih.gov/clinvar/variation/374227	2026-10-04	observed	no assertion criteria provided				{}
CLI001741	ClinVar:VCV000374223	variant_of	HGNC:11444	ClinVar	VCV000374223	https://www.ncbi.nlm.nih.gov/clinvar/variation/374223	2026-10-04	observed	no assertion criteria provided				{}
CLI001742	ClinVar:VCV000373210	variant_of	HGNC:11444	ClinVar	VCV000373210	https://www.ncbi.nlm.nih.gov/clinvar/variation/373210	2026-10-04	observed	criteria provided, multiple submitters, no conflicts				{}
CLI001743	ClinVar:VCV000373210	causes_condition	MONDO:0800491	ClinVar	VCV000373210	https://www.ncbi.nlm.nih.gov/clinvar/variation/373210	2026-10-04	observed	criteria provided, multiple submitters, no conflicts				"{""classification"": ""Pathogenic"", ""trait_name"": ""Early-infantile DEE"", ""consequence"": ""missense""}"
CLI001744	ClinVar:VCV000373045	variant_of	HGNC:11444	ClinVar	VCV000373045	https://www.ncbi.nlm.nih.gov/clinvar/variation/373045	2026-10-04	observed	criteria provided, single submitter				{}
CLI001745	ClinVar:VCV000373029	variant_of	HGNC:11444	ClinVar	VCV000373029	https://www.ncbi.nlm.nih.gov/clinvar/variation/373029	2026-10-04	observed	criteria provided, multiple submitters, no conflicts				{}
CLI001746	ClinVar:VCV000373029	causes_condition	MONDO:0012812	ClinVar	VCV000373029	https://www.ncbi.nlm.nih.gov/clinvar/variation/373029	2026-10-04	observed	criteria provided, multiple submitters, no conflicts				"{""classification"": ""Pathogenic"", ""trait_name"": ""Developmental and epileptic encephalopathy, 4"", ""consequence"": ""truncating""}"
CLI001747	ClinVar:VCV000372989	variant_of	HGNC:11444	ClinVar	VCV000372989	https://www.ncbi.nlm.nih.gov/clinvar/variation/372989	2026-10-04	observed	criteria provided, single submitter				{}
CLI001748	ClinVar:VCV000372559	variant_of	HGNC:11444	ClinVar	VCV000372559	https://www.ncbi.nlm.nih.gov/clinvar/variation/372559	2026-10-04	observed	criteria provided, single submitter				{}
CLI001749	ClinVar:VCV000289276	variant_of	HGNC:11444	ClinVar	VCV000289276	https://www.ncbi.nlm.nih.gov/clinvar/variation/289276	2026-10-04	observed	criteria provided, single submitter				{}
CLI001750	ClinVar:VCV000280913	variant_of	HGNC:11444	ClinVar	VCV000280913	https://www.ncbi.nlm.nih.gov/clinvar/variation/280913	2026-10-04	observed	criteria provided, single submitter				{}
CLI001751	ClinVar:VCV000280844	variant_of	HGNC:11444	ClinVar	VCV000280844	https://www.ncbi.nlm.nih.gov/clinvar/variation/280844	2026-10-04	observed	criteria provided, single submitter				{}
CLI001752	ClinVar:VCV000280771	variant_of	HGNC:11444	ClinVar	VCV000280771	https://www.ncbi.nlm.nih.gov/clinvar/variation/280771	2026-10-04	observed	criteria provided, single submitter				{}
CLI001753	ClinVar:VCV000280467	variant_of	HGNC:11444	ClinVar	VCV000280467	https://www.ncbi.nlm.nih.gov/clinvar/variation/280467	2026-10-04	observed	criteria provided, multiple submitters, no conflicts				{}
CLI001754	ClinVar:VCV000280467	causes_condition	MONDO:0800491	ClinVar	VCV000280467	https://www.ncbi.nlm.nih.gov/clinvar/variation/280467	2026-10-04	observed	criteria provided, multiple submitters, no conflicts				"{""classification"": ""Pathogenic/Likely pathogenic"", ""trait_name"": ""Early-infantile DEE"", ""consequence"": ""missense""}"
CLI001755	ClinVar:VCV000280041	variant_of	HGNC:11444	ClinVar	VCV000280041	https://www.ncbi.nlm.nih.gov/clinvar/variation/280041	2026-10-04	observed	criteria provided, multiple submitters, no conflicts				{}
CLI001756	ClinVar:VCV000280041	causes_condition	MONDO:0012812	ClinVar	VCV000280041	https://www.ncbi.nlm.nih.gov/clinvar/variation/280041	2026-10-04	observed	criteria provided, multiple submitters, no conflicts				"{""classification"": ""Pathogenic"", ""trait_name"": ""Developmental and epileptic encephalopathy, 4"", ""consequence"": ""missense""}"
CLI001757	ClinVar:VCV000279904	variant_of	HGNC:11444	ClinVar	VCV000279904	https://www.ncbi.nlm.nih.gov/clinvar/variation/279904	2026-10-04	observed	criteria provided, multiple submitters, no conflicts				{}
CLI001758	ClinVar:VCV000279904	causes_condition	MONDO:0012812	ClinVar	VCV000279904	https://www.ncbi.nlm.nih.gov/clinvar/variation/279904	2026-10-04	observed	criteria provided, multiple submitters, no conflicts				"{""classification"": ""Pathogenic/Likely pathogenic"", ""trait_name"": ""Developmental and epileptic encephalopathy, 4"", ""consequence"": ""missense""}"
CLI001759	ClinVar:VCV000279904	causes_condition	MONDO:0800491	ClinVar	VCV000279904	https://www.ncbi.nlm.nih.gov/clinvar/variation/279904	2026-10-04	observed	criteria provided, multiple submitters, no conflicts				"{""classification"": ""Pathogenic/Likely pathogenic"", ""trait_name"": ""Early-infantile DEE"", ""consequence"": ""missense""}"
CLI001760	ClinVar:VCV000265263	variant_of	HGNC:11444	ClinVar	VCV000265263	https://www.ncbi.nlm.nih.gov/clinvar/variation/265263	2026-10-04	observed	criteria provided, multiple submitters, no conflicts				{}
CLI001761	ClinVar:VCV000265263	causes_condition	MONDO:0800491	ClinVar	VCV000265263	https://www.ncbi.nlm.nih.gov/clinvar/variation/265263	2026-10-04	observed	criteria provided, multiple submitters, no conflicts				"{""classification"": ""Pathogenic"", ""trait_name"": ""Early-infantile DEE"", ""consequence"": ""missense""}"
CLI001762	ClinVar:VCV000253494	variant_of	HGNC:11444	ClinVar	VCV000253494	https://www.ncbi.nlm.nih.gov/clinvar/variation/253494	2026-10-04	observed	criteria provided, single submitter				{}
CLI001763	ClinVar:VCV000253486	variant_of	HGNC:11444	ClinVar	VCV000253486	https://www.ncbi.nlm.nih.gov/clinvar/variation/253486	2026-10-04	observed	criteria provided, single submitter				{}
CLI001764	ClinVar:VCV000253463	variant_of	HGNC:11444	ClinVar	VCV000253463	https://www.ncbi.nlm.nih.gov/clinvar/variation/253463	2026-10-04	observed	criteria provided, single submitter				{}
CLI001765	ClinVar:VCV000253429	variant_of	HGNC:11444	ClinVar	VCV000253429	https://www.ncbi.nlm.nih.gov/clinvar/variation/253429	2026-10-04	observed	criteria provided, single submitter				{}
CLI001766	ClinVar:VCV000239512	variant_of	HGNC:11444	ClinVar	VCV000239512	https://www.ncbi.nlm.nih.gov/clinvar/variation/239512	2026-10-04	observed	criteria provided, multiple submitters, no conflicts				{}
CLI001767	ClinVar:VCV000239512	causes_condition	MONDO:0800491	ClinVar	VCV000239512	https://www.ncbi.nlm.nih.gov/clinvar/variation/239512	2026-10-04	observed	criteria provided, multiple submitters, no conflicts				"{""classification"": ""Pathogenic/Likely pathogenic"", ""trait_name"": ""Early-infantile DEE"", ""consequence"": ""truncating""}"
CLI001768	ClinVar:VCV000212326	variant_of	HGNC:11444	ClinVar	VCV000212326	https://www.ncbi.nlm.nih.gov/clinvar/variation/212326	2026-10-04	observed	criteria provided, single submitter				{}
CLI001769	ClinVar:VCV000212326	causes_condition	MONDO:0012812	ClinVar	VCV000212326	https://www.ncbi.nlm.nih.gov/clinvar/variation/212326	2026-10-04	observed	criteria provided, single submitter				"{""classification"": ""Pathogenic"", ""trait_name"": ""Developmental and epileptic encephalopathy, 4"", ""consequence"": ""truncating""}"
CLI001770	ClinVar:VCV000208686	variant_of	HGNC:11444	ClinVar	VCV000208686	https://www.ncbi.nlm.nih.gov/clinvar/variation/208686	2026-10-04	observed	criteria provided, multiple submitters, no conflicts				{}
CLI001771	ClinVar:VCV000207462	variant_of	HGNC:11444	ClinVar	VCV000207462	https://www.ncbi.nlm.nih.gov/clinvar/variation/207462	2026-10-04	observed	criteria provided, single submitter				{}
CLI001772	ClinVar:VCV000207461	variant_of	HGNC:11444	ClinVar	VCV000207461	https://www.ncbi.nlm.nih.gov/clinvar/variation/207461	2026-10-04	observed	criteria provided, single submitter				{}
CLI001773	ClinVar:VCV000207460	variant_of	HGNC:11444	ClinVar	VCV000207460	https://www.ncbi.nlm.nih.gov/clinvar/variation/207460	2026-10-04	observed	criteria provided, single submitter				{}
CLI001774	ClinVar:VCV000207458	variant_of	HGNC:11444	ClinVar	VCV000207458	https://www.ncbi.nlm.nih.gov/clinvar/variation/207458	2026-10-04	observed	criteria provided, multiple submitters, no conflicts				{}
CLI001775	ClinVar:VCV000207458	causes_condition	MONDO:0800491	ClinVar	VCV000207458	https://www.ncbi.nlm.nih.gov/clinvar/variation/207458	2026-10-04	observed	criteria provided, multiple submitters, no conflicts				"{""classification"": ""Pathogenic"", ""trait_name"": ""Early-infantile DEE"", ""consequence"": ""truncating""}"
CLI001776	ClinVar:VCV000207453	variant_of	HGNC:11444	ClinVar	VCV000207453	https://www.ncbi.nlm.nih.gov/clinvar/variation/207453	2026-10-04	observed	criteria provided, single submitter				{}
CLI001777	ClinVar:VCV000207452	variant_of	HGNC:11444	ClinVar	VCV000207452	https://www.ncbi.nlm.nih.gov/clinvar/variation/207452	2026-10-04	observed	criteria provided, single submitter				{}
CLI001778	ClinVar:VCV000207451	variant_of	HGNC:11444	ClinVar	VCV000207451	https://www.ncbi.nlm.nih.gov/clinvar/variation/207451	2026-10-04	observed	criteria provided, single submitter				{}
CLI001779	ClinVar:VCV000207450	variant_of	HGNC:11444	ClinVar	VCV000207450	https://www.ncbi.nlm.nih.gov/clinvar/variation/207450	2026-10-04	observed	criteria provided, single submitter				{}
CLI001780	ClinVar:VCV000207449	variant_of	HGNC:11444	ClinVar	VCV000207449	https://www.ncbi.nlm.nih.gov/clinvar/variation/207449	2026-10-04	observed	criteria provided, single submitter				{}
CLI001781	ClinVar:VCV000207447	variant_of	HGNC:11444	ClinVar	VCV000207447	https://www.ncbi.nlm.nih.gov/clinvar/variation/207447	2026-10-04	observed	criteria provided, single submitter				{}
CLI001782	ClinVar:VCV000207444	variant_of	HGNC:11444	ClinVar	VCV000207444	https://www.ncbi.nlm.nih.gov/clinvar/variation/207444	2026-10-04	observed	criteria provided, multiple submitters, no conflicts				{}
CLI001783	ClinVar:VCV000207444	causes_condition	MONDO:0800491	ClinVar	VCV000207444	https://www.ncbi.nlm.nih.gov/clinvar/variation/207444	2026-10-04	observed	criteria provided, multiple submitters, no conflicts				"{""classification"": ""Pathogenic"", ""trait_name"": ""Early-infantile DEE"", ""consequence"": ""truncating""}"
CLI001784	ClinVar:VCV000207444	causes_condition	MONDO:0012812	ClinVar	VCV000207444	https://www.ncbi.nlm.nih.gov/clinvar/variation/207444	2026-10-04	observed	criteria provided, multiple submitters, no conflicts				"{""classification"": ""Pathogenic"", ""trait_name"": ""Developmental and epileptic encephalopathy, 4"", ""consequence"": ""truncating""}"
CLI001785	ClinVar:VCV000207443	variant_of	HGNC:11444	ClinVar	VCV000207443	https://www.ncbi.nlm.nih.gov/clinvar/variation/207443	2026-10-04	observed	criteria provided, multiple submitters, no conflicts				{}
CLI001786	ClinVar:VCV000207443	causes_condition	MONDO:0800491	ClinVar	VCV000207443	https://www.ncbi.nlm.nih.gov/clinvar/variation/207443	2026-10-04	observed	criteria provided, multiple submitters, no conflicts				"{""classification"": ""Pathogenic"", ""trait_name"": ""Early-infantile DEE"", ""consequence"": ""truncating""}"
CLI001787	ClinVar:VCV000207441	variant_of	HGNC:11444	ClinVar	VCV000207441	https://www.ncbi.nlm.nih.gov/clinvar/variation/207441	2026-10-04	observed	criteria provided, single submitter				{}
CLI001788	ClinVar:VCV000207440	variant_of	HGNC:11444	ClinVar	VCV000207440	https://www.ncbi.nlm.nih.gov/clinvar/variation/207440	2026-10-04	observed	criteria provided, multiple submitters, no conflicts				{}
CLI001789	ClinVar:VCV000207440	causes_condition	MONDO:0800491	ClinVar	VCV000207440	https://www.ncbi.nlm.nih.gov/clinvar/variation/207440	2026-10-04	observed	criteria provided, multiple submitters, no conflicts				"{""classification"": ""Pathogenic"", ""trait_name"": ""Early-infantile DEE"", ""consequence"": ""missense""}"
CLI001790	ClinVar:VCV000207440	causes_condition	MONDO:0012812	ClinVar	VCV000207440	https://www.ncbi.nlm.nih.gov/clinvar/variation/207440	2026-10-04	observed	criteria provided, multiple submitters, no conflicts				"{""classification"": ""Pathogenic"", ""trait_name"": ""Developmental and epileptic encephalopathy, 4"", ""consequence"": ""missense""}"
CLI001791	ClinVar:VCV000207439	variant_of	HGNC:11444	ClinVar	VCV000207439	https://www.ncbi.nlm.nih.gov/clinvar/variation/207439	2026-10-04	observed	criteria provided, multiple submitters, no conflicts				{}
CLI001792	ClinVar:VCV000207439	causes_condition	MONDO:0012812	ClinVar	VCV000207439	https://www.ncbi.nlm.nih.gov/clinvar/variation/207439	2026-10-04	observed	criteria provided, multiple submitters, no conflicts				"{""classification"": ""Pathogenic/Likely pathogenic"", ""trait_name"": ""Developmental and epileptic encephalopathy, 4"", ""consequence"": ""missense""}"
CLI001793	ClinVar:VCV000207435	variant_of	HGNC:11444	ClinVar	VCV000207435	https://www.ncbi.nlm.nih.gov/clinvar/variation/207435	2026-10-04	observed	criteria provided, multiple submitters, no conflicts				{}
CLI001794	ClinVar:VCV000207435	causes_condition	MONDO:0800491	ClinVar	VCV000207435	https://www.ncbi.nlm.nih.gov/clinvar/variation/207435	2026-10-04	observed	criteria provided, multiple submitters, no conflicts				"{""classification"": ""Pathogenic"", ""trait_name"": ""Early-infantile DEE"", ""consequence"": ""truncating""}"
CLI001795	ClinVar:VCV000207435	causes_condition	MONDO:0012812	ClinVar	VCV000207435	https://www.ncbi.nlm.nih.gov/clinvar/variation/207435	2026-10-04	observed	criteria provided, multiple submitters, no conflicts				"{""classification"": ""Pathogenic"", ""trait_name"": ""Developmental and epileptic encephalopathy, 4"", ""consequence"": ""truncating""}"
CLI001796	ClinVar:VCV000207432	variant_of	HGNC:11444	ClinVar	VCV000207432	https://www.ncbi.nlm.nih.gov/clinvar/variation/207432	2026-10-04	observed	criteria provided, multiple submitters, no conflicts				{}
CLI001797	ClinVar:VCV000207432	causes_condition	MONDO:0800491	ClinVar	VCV000207432	https://www.ncbi.nlm.nih.gov/clinvar/variation/207432	2026-10-04	observed	criteria provided, multiple submitters, no conflicts				"{""classification"": ""Pathogenic"", ""trait_name"": ""Early-infantile DEE"", ""consequence"": ""missense""}"
CLI001798	ClinVar:VCV000207432	causes_condition	MONDO:0012812	ClinVar	VCV000207432	https://www.ncbi.nlm.nih.gov/clinvar/variation/207432	2026-10-04	observed	criteria provided, multiple submitters, no conflicts				"{""classification"": ""Pathogenic"", ""trait_name"": ""Developmental and epileptic encephalopathy, 4"", ""consequence"": ""missense""}"
CLI001799	ClinVar:VCV000207431	variant_of	HGNC:11444	ClinVar	VCV000207431	https://www.ncbi.nlm.nih.gov/clinvar/variation/207431	2026-10-04	observed	criteria provided, multiple submitters, no conflicts				{}
CLI001800	ClinVar:VCV000207431	causes_condition	MONDO:0800491	ClinVar	VCV000207431	https://www.ncbi.nlm.nih.gov/clinvar/variation/207431	2026-10-04	observed	criteria provided, multiple submitters, no conflicts				"{""classification"": ""Pathogenic/Likely pathogenic"", ""trait_name"": ""Early-infantile DEE"", ""consequence"": ""missense""}"
CLI001801	ClinVar:VCV000207431	causes_condition	MONDO:0012812	ClinVar	VCV000207431	https://www.ncbi.nlm.nih.gov/clinvar/variation/207431	2026-10-04	observed	criteria provided, multiple submitters, no conflicts				"{""classification"": ""Pathogenic/Likely pathogenic"", ""trait_name"": ""Developmental and epileptic encephalopathy, 4"", ""consequence"": ""missense""}"
CLI001802	ClinVar:VCV000207429	variant_of	HGNC:11444	ClinVar	VCV000207429	https://www.ncbi.nlm.nih.gov/clinvar/variation/207429	2026-10-04	observed	criteria provided, multiple submitters, no conflicts				{}
CLI001803	ClinVar:VCV000207429	causes_condition	MONDO:0800491	ClinVar	VCV000207429	https://www.ncbi.nlm.nih.gov/clinvar/variation/207429	2026-10-04	observed	criteria provided, multiple submitters, no conflicts				"{""classification"": ""Pathogenic"", ""trait_name"": ""Early-infantile DEE"", ""consequence"": ""truncating""}"
CLI001804	ClinVar:VCV000207429	causes_condition	MONDO:0012812	ClinVar	VCV000207429	https://www.ncbi.nlm.nih.gov/clinvar/variation/207429	2026-10-04	observed	criteria provided, multiple submitters, no conflicts				"{""classification"": ""Pathogenic"", ""trait_name"": ""Developmental and epileptic encephalopathy, 4"", ""consequence"": ""truncating""}"
CLI001805	ClinVar:VCV000207428	variant_of	HGNC:11444	ClinVar	VCV000207428	https://www.ncbi.nlm.nih.gov/clinvar/variation/207428	2026-10-04	observed	criteria provided, multiple submitters, no conflicts				{}
CLI001806	ClinVar:VCV000207428	causes_condition	MONDO:0012812	ClinVar	VCV000207428	https://www.ncbi.nlm.nih.gov/clinvar/variation/207428	2026-10-04	observed	criteria provided, multiple submitters, no conflicts				"{""classification"": ""Pathogenic/Likely pathogenic"", ""trait_name"": ""Developmental and epileptic encephalopathy, 4"", ""consequence"": ""missense""}"
CLI001807	ClinVar:VCV000207427	variant_of	HGNC:11444	ClinVar	VCV000207427	https://www.ncbi.nlm.nih.gov/clinvar/variation/207427	2026-10-04	observed	criteria provided, single submitter				{}
CLI001808	ClinVar:VCV000207425	variant_of	HGNC:11444	ClinVar	VCV000207425	https://www.ncbi.nlm.nih.gov/clinvar/variation/207425	2026-10-04	observed	criteria provided, single submitter				{}
CLI001809	ClinVar:VCV000207424	variant_of	HGNC:11444	ClinVar	VCV000207424	https://www.ncbi.nlm.nih.gov/clinvar/variation/207424	2026-10-04	observed	criteria provided, multiple submitters, no conflicts				{}
CLI001810	ClinVar:VCV000207424	causes_condition	MONDO:0800491	ClinVar	VCV000207424	https://www.ncbi.nlm.nih.gov/clinvar/variation/207424	2026-10-04	observed	criteria provided, multiple submitters, no conflicts				"{""classification"": ""Pathogenic/Likely pathogenic"", ""trait_name"": ""Early-infantile DEE"", ""consequence"": ""missense""}"
CLI001811	ClinVar:VCV000207424	causes_condition	MONDO:0012812	ClinVar	VCV000207424	https://www.ncbi.nlm.nih.gov/clinvar/variation/207424	2026-10-04	observed	criteria provided, multiple submitters, no conflicts				"{""classification"": ""Pathogenic/Likely pathogenic"", ""trait_name"": ""Developmental and epileptic encephalopathy, 4"", ""consequence"": ""missense""}"
CLI001812	ClinVar:VCV000207422	variant_of	HGNC:11444	ClinVar	VCV000207422	https://www.ncbi.nlm.nih.gov/clinvar/variation/207422	2026-10-04	observed	criteria provided, multiple submitters, no conflicts				{}
CLI001813	ClinVar:VCV000207422	causes_condition	MONDO:0800491	ClinVar	VCV000207422	https://www.ncbi.nlm.nih.gov/clinvar/variation/207422	2026-10-04	observed	criteria provided, multiple submitters, no conflicts				"{""classification"": ""Pathogenic"", ""trait_name"": ""Early-infantile DEE"", ""consequence"": ""truncating""}"
CLI001814	ClinVar:VCV000207422	causes_condition	MONDO:0012812	ClinVar	VCV000207422	https://www.ncbi.nlm.nih.gov/clinvar/variation/207422	2026-10-04	observed	criteria provided, multiple submitters, no conflicts				"{""classification"": ""Pathogenic"", ""trait_name"": ""Developmental and epileptic encephalopathy, 4"", ""consequence"": ""truncating""}"
CLI001815	ClinVar:VCV000207419	variant_of	HGNC:11444	ClinVar	VCV000207419	https://www.ncbi.nlm.nih.gov/clinvar/variation/207419	2026-10-04	observed	criteria provided, multiple submitters, no conflicts				{}
CLI001816	ClinVar:VCV000207417	variant_of	HGNC:11444	ClinVar	VCV000207417	https://www.ncbi.nlm.nih.gov/clinvar/variation/207417	2026-10-04	observed	criteria provided, multiple submitters, no conflicts				{}
CLI001817	ClinVar:VCV000207417	causes_condition	MONDO:0800491	ClinVar	VCV000207417	https://www.ncbi.nlm.nih.gov/clinvar/variation/207417	2026-10-04	observed	criteria provided, multiple submitters, no conflicts				"{""classification"": ""Pathogenic"", ""trait_name"": ""Early-infantile DEE"", ""consequence"": ""missense""}"
CLI001818	ClinVar:VCV000207417	causes_condition	MONDO:0012812	ClinVar	VCV000207417	https://www.ncbi.nlm.nih.gov/clinvar/variation/207417	2026-10-04	observed	criteria provided, multiple submitters, no conflicts				"{""classification"": ""Pathogenic"", ""trait_name"": ""Developmental and epileptic encephalopathy, 4"", ""consequence"": ""missense""}"
CLI001819	ClinVar:VCV000207416	variant_of	HGNC:11444	ClinVar	VCV000207416	https://www.ncbi.nlm.nih.gov/clinvar/variation/207416	2026-10-04	observed	criteria provided, single submitter				{}
CLI001820	ClinVar:VCV000207415	variant_of	HGNC:11444	ClinVar	VCV000207415	https://www.ncbi.nlm.nih.gov/clinvar/variation/207415	2026-10-04	observed	criteria provided, multiple submitters, no conflicts				{}
CLI001821	ClinVar:VCV000207415	causes_condition	MONDO:0800491	ClinVar	VCV000207415	https://www.ncbi.nlm.nih.gov/clinvar/variation/207415	2026-10-04	observed	criteria provided, multiple submitters, no conflicts				"{""classification"": ""Pathogenic/Likely pathogenic"", ""trait_name"": ""Early-infantile DEE"", ""consequence"": ""missense""}"
CLI001822	ClinVar:VCV000207415	causes_condition	MONDO:0012812	ClinVar	VCV000207415	https://www.ncbi.nlm.nih.gov/clinvar/variation/207415	2026-10-04	observed	criteria provided, multiple submitters, no conflicts				"{""classification"": ""Pathogenic/Likely pathogenic"", ""trait_name"": ""Developmental and epileptic encephalopathy, 4"", ""consequence"": ""missense""}"
CLI001823	ClinVar:VCV000207414	variant_of	HGNC:11444	ClinVar	VCV000207414	https://www.ncbi.nlm.nih.gov/clinvar/variation/207414	2026-10-04	observed	criteria provided, single submitter				{}
CLI001824	ClinVar:VCV000207414	causes_condition	MONDO:0800491	ClinVar	VCV000207414	https://www.ncbi.nlm.nih.gov/clinvar/variation/207414	2026-10-04	observed	criteria provided, single submitter				"{""classification"": ""Likely pathogenic"", ""trait_name"": ""Early-infantile DEE"", ""consequence"": ""missense""}"
CLI001825	ClinVar:VCV000207413	variant_of	HGNC:11444	ClinVar	VCV000207413	https://www.ncbi.nlm.nih.gov/clinvar/variation/207413	2026-10-04	observed	criteria provided, single submitter				{}
CLI001826	ClinVar:VCV000207412	variant_of	HGNC:11444	ClinVar	VCV000207412	https://www.ncbi.nlm.nih.gov/clinvar/variation/207412	2026-10-04	observed	criteria provided, multiple submitters, no conflicts				{}
CLI001827	ClinVar:VCV000207412	causes_condition	MONDO:0800491	ClinVar	VCV000207412	https://www.ncbi.nlm.nih.gov/clinvar/variation/207412	2026-10-04	observed	criteria provided, multiple submitters, no conflicts				"{""classification"": ""Pathogenic/Likely pathogenic"", ""trait_name"": ""Early-infantile DEE"", ""consequence"": ""truncating""}"
CLI001828	ClinVar:VCV000199083	variant_of	HGNC:11444	ClinVar	VCV000199083	https://www.ncbi.nlm.nih.gov/clinvar/variation/199083	2026-10-04	observed	criteria provided, multiple submitters, no conflicts				{}
CLI001829	ClinVar:VCV000199083	causes_condition	MONDO:0800491	ClinVar	VCV000199083	https://www.ncbi.nlm.nih.gov/clinvar/variation/199083	2026-10-04	observed	criteria provided, multiple submitters, no conflicts				"{""classification"": ""Pathogenic"", ""trait_name"": ""Early-infantile DEE"", ""consequence"": ""missense""}"
CLI001830	ClinVar:VCV000199083	causes_condition	MONDO:0012812	ClinVar	VCV000199083	https://www.ncbi.nlm.nih.gov/clinvar/variation/199083	2026-10-04	observed	criteria provided, multiple submitters, no conflicts				"{""classification"": ""Pathogenic"", ""trait_name"": ""Developmental and epileptic encephalopathy, 4"", ""consequence"": ""missense""}"
CLI001831	ClinVar:VCV000198157	variant_of	HGNC:11444	ClinVar	VCV000198157	https://www.ncbi.nlm.nih.gov/clinvar/variation/198157	2026-10-04	observed	criteria provided, multiple submitters, no conflicts				{}
CLI001832	ClinVar:VCV000198157	causes_condition	MONDO:0800491	ClinVar	VCV000198157	https://www.ncbi.nlm.nih.gov/clinvar/variation/198157	2026-10-04	observed	criteria provided, multiple submitters, no conflicts				"{""classification"": ""Pathogenic"", ""trait_name"": ""Early-infantile DEE"", ""consequence"": ""truncating""}"
CLI001833	ClinVar:VCV000198157	causes_condition	MONDO:0012812	ClinVar	VCV000198157	https://www.ncbi.nlm.nih.gov/clinvar/variation/198157	2026-10-04	observed	criteria provided, multiple submitters, no conflicts				"{""classification"": ""Pathogenic"", ""trait_name"": ""Developmental and epileptic encephalopathy, 4"", ""consequence"": ""truncating""}"
CLI001834	ClinVar:VCV000191238	variant_of	HGNC:11444	ClinVar	VCV000191238	https://www.ncbi.nlm.nih.gov/clinvar/variation/191238	2026-10-04	observed	criteria provided, multiple submitters, no conflicts				{}
CLI001835	ClinVar:VCV000191238	causes_condition	MONDO:0800491	ClinVar	VCV000191238	https://www.ncbi.nlm.nih.gov/clinvar/variation/191238	2026-10-04	observed	criteria provided, multiple submitters, no conflicts				"{""classification"": ""Pathogenic/Likely pathogenic"", ""trait_name"": ""Early-infantile DEE"", ""consequence"": ""missense""}"
CLI001836	ClinVar:VCV000191238	causes_condition	MONDO:0012812	ClinVar	VCV000191238	https://www.ncbi.nlm.nih.gov/clinvar/variation/191238	2026-10-04	observed	criteria provided, multiple submitters, no conflicts				"{""classification"": ""Pathogenic/Likely pathogenic"", ""trait_name"": ""Developmental and epileptic encephalopathy, 4"", ""consequence"": ""missense""}"
CLI001837	ClinVar:VCV000167725	variant_of	HGNC:11444	ClinVar	VCV000167725	https://www.ncbi.nlm.nih.gov/clinvar/variation/167725	2026-10-04	observed	criteria provided, multiple submitters, no conflicts				{}
CLI001838	ClinVar:VCV000167725	causes_condition	MONDO:0800491	ClinVar	VCV000167725	https://www.ncbi.nlm.nih.gov/clinvar/variation/167725	2026-10-04	observed	criteria provided, multiple submitters, no conflicts				"{""classification"": ""Pathogenic"", ""trait_name"": ""Early-infantile DEE"", ""consequence"": ""truncating""}"
CLI001839	ClinVar:VCV000160073	variant_of	HGNC:11444	ClinVar	VCV000160073	https://www.ncbi.nlm.nih.gov/clinvar/variation/160073	2026-10-04	observed	criteria provided, single submitter				{}
CLI001840	ClinVar:VCV000160073	causes_condition	MONDO:0012812	ClinVar	VCV000160073	https://www.ncbi.nlm.nih.gov/clinvar/variation/160073	2026-10-04	observed	criteria provided, single submitter				"{""classification"": ""Likely pathogenic"", ""trait_name"": ""Developmental and epileptic encephalopathy, 4"", ""consequence"": ""missense""}"
CLI001841	ClinVar:VCV000160071	variant_of	HGNC:11444	ClinVar	VCV000160071	https://www.ncbi.nlm.nih.gov/clinvar/variation/160071	2026-10-04	observed	criteria provided, multiple submitters, no conflicts				{}
CLI001842	ClinVar:VCV000160071	causes_condition	MONDO:0800491	ClinVar	VCV000160071	https://www.ncbi.nlm.nih.gov/clinvar/variation/160071	2026-10-04	observed	criteria provided, multiple submitters, no conflicts				"{""classification"": ""Pathogenic"", ""trait_name"": ""Early-infantile DEE"", ""consequence"": ""truncating""}"
CLI001843	ClinVar:VCV000160071	causes_condition	MONDO:0012812	ClinVar	VCV000160071	https://www.ncbi.nlm.nih.gov/clinvar/variation/160071	2026-10-04	observed	criteria provided, multiple submitters, no conflicts				"{""classification"": ""Pathogenic"", ""trait_name"": ""Developmental and epileptic encephalopathy, 4"", ""consequence"": ""truncating""}"
CLI001844	ClinVar:VCV000160070	variant_of	HGNC:11444	ClinVar	VCV000160070	https://www.ncbi.nlm.nih.gov/clinvar/variation/160070	2026-10-04	observed	criteria provided, multiple submitters, no conflicts				{}
CLI001845	ClinVar:VCV000160070	causes_condition	MONDO:0800491	ClinVar	VCV000160070	https://www.ncbi.nlm.nih.gov/clinvar/variation/160070	2026-10-04	observed	criteria provided, multiple submitters, no conflicts				"{""classification"": ""Pathogenic"", ""trait_name"": ""Early-infantile DEE"", ""consequence"": ""missense""}"
CLI001846	ClinVar:VCV000160070	causes_condition	MONDO:0012812	ClinVar	VCV000160070	https://www.ncbi.nlm.nih.gov/clinvar/variation/160070	2026-10-04	observed	criteria provided, multiple submitters, no conflicts				"{""classification"": ""Pathogenic"", ""trait_name"": ""Developmental and epileptic encephalopathy, 4"", ""consequence"": ""missense""}"
CLI001847	ClinVar:VCV000127076	variant_of	HGNC:11444	ClinVar	VCV000127076	https://www.ncbi.nlm.nih.gov/clinvar/variation/127076	2026-10-04	observed	criteria provided, multiple submitters, no conflicts				{}
CLI001848	ClinVar:VCV000127076	causes_condition	MONDO:0800491	ClinVar	VCV000127076	https://www.ncbi.nlm.nih.gov/clinvar/variation/127076	2026-10-04	observed	criteria provided, multiple submitters, no conflicts				"{""classification"": ""Pathogenic/Likely pathogenic"", ""trait_name"": ""Early-infantile DEE"", ""consequence"": ""missense""}"
CLI001849	ClinVar:VCV000127076	causes_condition	MONDO:0012812	ClinVar	VCV000127076	https://www.ncbi.nlm.nih.gov/clinvar/variation/127076	2026-10-04	observed	criteria provided, multiple submitters, no conflicts				"{""classification"": ""Pathogenic/Likely pathogenic"", ""trait_name"": ""Developmental and epileptic encephalopathy, 4"", ""consequence"": ""missense""}"
CLI001850	ClinVar:VCV000006731	variant_of	HGNC:11444	ClinVar	VCV000006731	https://www.ncbi.nlm.nih.gov/clinvar/variation/6731	2026-10-04	observed	criteria provided, multiple submitters, no conflicts				{}
CLI001851	ClinVar:VCV000006731	causes_condition	MONDO:0012812	ClinVar	VCV000006731	https://www.ncbi.nlm.nih.gov/clinvar/variation/6731	2026-10-04	observed	criteria provided, multiple submitters, no conflicts				"{""classification"": ""Pathogenic"", ""trait_name"": ""Developmental and epileptic encephalopathy, 4"", ""consequence"": ""truncating""}"
CLI001852	ClinVar:VCV000006730	variant_of	HGNC:11444	ClinVar	VCV000006730	https://www.ncbi.nlm.nih.gov/clinvar/variation/6730	2026-10-04	observed	criteria provided, multiple submitters, no conflicts				{}
CLI001853	ClinVar:VCV000006730	causes_condition	MONDO:0800491	ClinVar	VCV000006730	https://www.ncbi.nlm.nih.gov/clinvar/variation/6730	2026-10-04	observed	criteria provided, multiple submitters, no conflicts				"{""classification"": ""Pathogenic"", ""trait_name"": ""Early-infantile DEE"", ""consequence"": ""truncating""}"
CLI001854	ClinVar:VCV000006730	causes_condition	MONDO:0012812	ClinVar	VCV000006730	https://www.ncbi.nlm.nih.gov/clinvar/variation/6730	2026-10-04	observed	criteria provided, multiple submitters, no conflicts				"{""classification"": ""Pathogenic"", ""trait_name"": ""Developmental and epileptic encephalopathy, 4"", ""consequence"": ""truncating""}"
CLI001855	ClinVar:VCV000006729	variant_of	HGNC:11444	ClinVar	VCV000006729	https://www.ncbi.nlm.nih.gov/clinvar/variation/6729	2026-10-04	observed	no assertion criteria provided				{}
CLI001856	ClinVar:VCV000006729	causes_condition	MONDO:0012812	ClinVar	VCV000006729	https://www.ncbi.nlm.nih.gov/clinvar/variation/6729	2026-10-04	observed	no assertion criteria provided				"{""classification"": ""Pathogenic"", ""trait_name"": ""Developmental and epileptic encephalopathy, 4"", ""consequence"": ""missense""}"
CLI001857	ClinVar:VCV000006728	variant_of	HGNC:11444	ClinVar	VCV000006728	https://www.ncbi.nlm.nih.gov/clinvar/variation/6728	2026-10-04	observed	no assertion criteria provided				{}
CLI001858	ClinVar:VCV000006728	causes_condition	MONDO:0012812	ClinVar	VCV000006728	https://www.ncbi.nlm.nih.gov/clinvar/variation/6728	2026-10-04	observed	no assertion criteria provided				"{""classification"": ""Pathogenic"", ""trait_name"": ""Developmental and epileptic encephalopathy, 4"", ""consequence"": ""missense""}"
CLI001859	ClinVar:VCV000006727	variant_of	HGNC:11444	ClinVar	VCV000006727	https://www.ncbi.nlm.nih.gov/clinvar/variation/6727	2026-10-04	observed	criteria provided, multiple submitters, no conflicts				{}
CLI001860	ClinVar:VCV000006727	causes_condition	MONDO:0012812	ClinVar	VCV000006727	https://www.ncbi.nlm.nih.gov/clinvar/variation/6727	2026-10-04	observed	criteria provided, multiple submitters, no conflicts				"{""classification"": ""Pathogenic"", ""trait_name"": ""Developmental and epileptic encephalopathy, 4"", ""consequence"": ""missense""}"
CLI001861	ClinVar:VCV000006726	variant_of	HGNC:11444	ClinVar	VCV000006726	https://www.ncbi.nlm.nih.gov/clinvar/variation/6726	2026-10-04	observed	criteria provided, multiple submitters, no conflicts				{}
CLI001862	ClinVar:VCV000006726	causes_condition	MONDO:0800491	ClinVar	VCV000006726	https://www.ncbi.nlm.nih.gov/clinvar/variation/6726	2026-10-04	observed	criteria provided, multiple submitters, no conflicts				"{""classification"": ""Pathogenic"", ""trait_name"": ""Early-infantile DEE"", ""consequence"": ""missense""}"
CLI001863	ClinVar:VCV000006726	causes_condition	MONDO:0012812	ClinVar	VCV000006726	https://www.ncbi.nlm.nih.gov/clinvar/variation/6726	2026-10-04	observed	criteria provided, multiple submitters, no conflicts				"{""classification"": ""Pathogenic"", ""trait_name"": ""Developmental and epileptic encephalopathy, 4"", ""consequence"": ""missense""}"
CLI001864	HGNC:11444	mechanism_suggested_by_variant_spectrum	MECH:loss_of_function	ClinVar variant spectrum	STXBP1[gene] P/LP	https://www.ncbi.nlm.nih.gov/clinvar/?term=STXBP1%5Bgene%5D	2026-10-04	inferred	truncating share	0.77			"{""n_pathogenic"": 431, ""n_truncating"": 245, ""n_missense"": 131, ""truncating_share"": 0.57, ""rule"": ""truncating share >= 0.30 suggests loss of function; below that, missense variants dominate and the mechanism needs papers""}"
CLI001865	ClinVar:VCV004917666	variant_of	HGNC:11509	ClinVar	VCV004917666	https://www.ncbi.nlm.nih.gov/clinvar/variation/4917666	2026-10-04	observed	criteria provided, single submitter				{}
CLI001866	ClinVar:VCV004917664	variant_of	HGNC:11509	ClinVar	VCV004917664	https://www.ncbi.nlm.nih.gov/clinvar/variation/4917664	2026-10-04	observed	criteria provided, single submitter				{}
CLI001867	ClinVar:VCV004856066	variant_of	HGNC:11509	ClinVar	VCV004856066	https://www.ncbi.nlm.nih.gov/clinvar/variation/4856066	2026-10-04	observed	criteria provided, single submitter				{}
CLI001868	ClinVar:VCV004856066	causes_condition	MONDO:0033864	ClinVar	VCV004856066	https://www.ncbi.nlm.nih.gov/clinvar/variation/4856066	2026-10-04	observed	criteria provided, single submitter				"{""classification"": ""Pathogenic"", ""trait_name"": ""Infantile hypotonia-oculomotor anomalies-hyperkinetic movements-developmental delay syndrome"", ""consequence"": ""missense""}"
CLI001869	ClinVar:VCV004813972	variant_of	HGNC:11509	ClinVar	VCV004813972	https://www.ncbi.nlm.nih.gov/clinvar/variation/4813972	2026-10-04	observed	no assertion criteria provided				{}
CLI001870	ClinVar:VCV004813972	causes_condition	MONDO:0033864	ClinVar	VCV004813972	https://www.ncbi.nlm.nih.gov/clinvar/variation/4813972	2026-10-04	observed	no assertion criteria provided				"{""classification"": ""Likely pathogenic"", ""trait_name"": ""Infantile hypotonia-oculomotor anomalies-hyperkinetic movements-developmental delay syndrome"", ""consequence"": ""other""}"
CLI001871	ClinVar:VCV004813319	variant_of	HGNC:11509	ClinVar	VCV004813319	https://www.ncbi.nlm.nih.gov/clinvar/variation/4813319	2026-10-04	observed	no assertion criteria provided				{}
CLI001872	ClinVar:VCV004813319	causes_condition	MONDO:0033864	ClinVar	VCV004813319	https://www.ncbi.nlm.nih.gov/clinvar/variation/4813319	2026-10-04	observed	no assertion criteria provided				"{""classification"": ""Likely pathogenic"", ""trait_name"": ""Infantile hypotonia-oculomotor anomalies-hyperkinetic movements-developmental delay syndrome"", ""consequence"": ""truncating""}"
CLI001873	ClinVar:VCV003897604	variant_of	HGNC:11509	ClinVar	VCV003897604	https://www.ncbi.nlm.nih.gov/clinvar/variation/3897604	2026-10-04	observed	criteria provided, single submitter				{}
CLI001874	ClinVar:VCV003897604	causes_condition	MONDO:0033864	ClinVar	VCV003897604	https://www.ncbi.nlm.nih.gov/clinvar/variation/3897604	2026-10-04	observed	criteria provided, single submitter				"{""classification"": ""Likely pathogenic"", ""trait_name"": ""Infantile hypotonia-oculomotor anomalies-hyperkinetic movements-developmental delay syndrome"", ""consequence"": ""missense""}"
CLI001875	ClinVar:VCV003778759	variant_of	HGNC:11509	ClinVar	VCV003778759	https://www.ncbi.nlm.nih.gov/clinvar/variation/3778759	2026-10-04	observed	criteria provided, single submitter				{}
CLI001876	ClinVar:VCV003778759	causes_condition	MONDO:0033864	ClinVar	VCV003778759	https://www.ncbi.nlm.nih.gov/clinvar/variation/3778759	2026-10-04	observed	criteria provided, single submitter				"{""classification"": ""Likely pathogenic"", ""trait_name"": ""Infantile hypotonia-oculomotor anomalies-hyperkinetic movements-developmental delay syndrome"", ""consequence"": ""missense""}"
CLI001877	ClinVar:VCV003382844	variant_of	HGNC:11509	ClinVar	VCV003382844	https://www.ncbi.nlm.nih.gov/clinvar/variation/3382844	2026-10-04	observed	criteria provided, single submitter				{}
CLI001878	ClinVar:VCV003382844	causes_condition	MONDO:0033864	ClinVar	VCV003382844	https://www.ncbi.nlm.nih.gov/clinvar/variation/3382844	2026-10-04	observed	criteria provided, single submitter				"{""classification"": ""Likely pathogenic"", ""trait_name"": ""Infantile hypotonia-oculomotor anomalies-hyperkinetic movements-developmental delay syndrome"", ""consequence"": ""missense""}"
CLI001879	ClinVar:VCV003377237	variant_of	HGNC:11509	ClinVar	VCV003377237	https://www.ncbi.nlm.nih.gov/clinvar/variation/3377237	2026-10-04	observed	criteria provided, single submitter				{}
CLI001880	ClinVar:VCV003377237	causes_condition	MONDO:0033864	ClinVar	VCV003377237	https://www.ncbi.nlm.nih.gov/clinvar/variation/3377237	2026-10-04	observed	criteria provided, single submitter				"{""classification"": ""Likely pathogenic"", ""trait_name"": ""Infantile hypotonia-oculomotor anomalies-hyperkinetic movements-developmental delay syndrome"", ""consequence"": ""missense""}"
CLI001881	ClinVar:VCV002504970	variant_of	HGNC:11509	ClinVar	VCV002504970	https://www.ncbi.nlm.nih.gov/clinvar/variation/2504970	2026-10-04	observed	criteria provided, single submitter				{}
CLI001882	ClinVar:VCV001878431	variant_of	HGNC:11509	ClinVar	VCV001878431	https://www.ncbi.nlm.nih.gov/clinvar/variation/1878431	2026-10-04	observed	no assertion criteria provided				{}
CLI001883	ClinVar:VCV001878431	causes_condition	MONDO:0033864	ClinVar	VCV001878431	https://www.ncbi.nlm.nih.gov/clinvar/variation/1878431	2026-10-04	observed	no assertion criteria provided				"{""classification"": ""Likely pathogenic"", ""trait_name"": ""Infantile hypotonia-oculomotor anomalies-hyperkinetic movements-developmental delay syndrome"", ""consequence"": ""missense""}"
CLI001884	ClinVar:VCV001709375	variant_of	HGNC:11509	ClinVar	VCV001709375	https://www.ncbi.nlm.nih.gov/clinvar/variation/1709375	2026-10-04	observed	criteria provided, single submitter				{}
CLI001885	ClinVar:VCV001709375	causes_condition	MONDO:0033864	ClinVar	VCV001709375	https://www.ncbi.nlm.nih.gov/clinvar/variation/1709375	2026-10-04	observed	criteria provided, single submitter				"{""classification"": ""Likely pathogenic"", ""trait_name"": ""Infantile hypotonia-oculomotor anomalies-hyperkinetic movements-developmental delay syndrome"", ""consequence"": ""missense""}"
CLI001886	ClinVar:VCV001705448	variant_of	HGNC:11509	ClinVar	VCV001705448	https://www.ncbi.nlm.nih.gov/clinvar/variation/1705448	2026-10-04	observed	criteria provided, multiple submitters, no conflicts				{}
CLI001887	ClinVar:VCV001705448	causes_condition	MONDO:0033864	ClinVar	VCV001705448	https://www.ncbi.nlm.nih.gov/clinvar/variation/1705448	2026-10-04	observed	criteria provided, multiple submitters, no conflicts				"{""classification"": ""Likely pathogenic"", ""trait_name"": ""Infantile hypotonia-oculomotor anomalies-hyperkinetic movements-developmental delay syndrome"", ""consequence"": ""other""}"
CLI001888	ClinVar:VCV001686243	variant_of	HGNC:11509	ClinVar	VCV001686243	https://www.ncbi.nlm.nih.gov/clinvar/variation/1686243	2026-10-04	observed	criteria provided, multiple submitters, no conflicts				{}
CLI001889	ClinVar:VCV001686243	causes_condition	MONDO:0033864	ClinVar	VCV001686243	https://www.ncbi.nlm.nih.gov/clinvar/variation/1686243	2026-10-04	observed	criteria provided, multiple submitters, no conflicts				"{""classification"": ""Pathogenic/Likely pathogenic"", ""trait_name"": ""Infantile hypotonia-oculomotor anomalies-hyperkinetic movements-developmental delay syndrome"", ""consequence"": ""missense""}"
CLI001890	ClinVar:VCV001309093	variant_of	HGNC:11509	ClinVar	VCV001309093	https://www.ncbi.nlm.nih.gov/clinvar/variation/1309093	2026-10-04	observed	criteria provided, single submitter				{}
CLI001891	ClinVar:VCV001297049	variant_of	HGNC:11509	ClinVar	VCV001297049	https://www.ncbi.nlm.nih.gov/clinvar/variation/1297049	2026-10-04	observed	criteria provided, multiple submitters, no conflicts				{}
CLI001892	ClinVar:VCV001297049	causes_condition	MONDO:0033864	ClinVar	VCV001297049	https://www.ncbi.nlm.nih.gov/clinvar/variation/1297049	2026-10-04	observed	criteria provided, multiple submitters, no conflicts				"{""classification"": ""Pathogenic/Likely pathogenic"", ""trait_name"": ""Infantile hypotonia-oculomotor anomalies-hyperkinetic movements-developmental delay syndrome"", ""consequence"": ""missense""}"
CLI001893	ClinVar:VCV001164047	variant_of	HGNC:11509	ClinVar	VCV001164047	https://www.ncbi.nlm.nih.gov/clinvar/variation/1164047	2026-10-04	observed	no assertion criteria provided				{}
CLI001894	ClinVar:VCV001164047	causes_condition	MONDO:0033864	ClinVar	VCV001164047	https://www.ncbi.nlm.nih.gov/clinvar/variation/1164047	2026-10-04	observed	no assertion criteria provided				"{""classification"": ""Pathogenic"", ""trait_name"": ""Infantile hypotonia-oculomotor anomalies-hyperkinetic movements-developmental delay syndrome"", ""consequence"": ""truncating""}"
CLI001895	ClinVar:VCV001064864	variant_of	HGNC:11509	ClinVar	VCV001064864	https://www.ncbi.nlm.nih.gov/clinvar/variation/1064864	2026-10-04	observed	criteria provided, single submitter				{}
CLI001896	ClinVar:VCV000977145	variant_of	HGNC:11509	ClinVar	VCV000977145	https://www.ncbi.nlm.nih.gov/clinvar/variation/977145	2026-10-04	observed	criteria provided, single submitter				{}
CLI001897	ClinVar:VCV000828098	variant_of	HGNC:11509	ClinVar	VCV000828098	https://www.ncbi.nlm.nih.gov/clinvar/variation/828098	2026-10-04	observed	no assertion criteria provided				{}
CLI001898	ClinVar:VCV000828098	causes_condition	MONDO:0033864	ClinVar	VCV000828098	https://www.ncbi.nlm.nih.gov/clinvar/variation/828098	2026-10-04	observed	no assertion criteria provided				"{""classification"": ""Likely pathogenic"", ""trait_name"": ""Infantile hypotonia-oculomotor anomalies-hyperkinetic movements-developmental delay syndrome"", ""consequence"": ""other""}"
CLI001899	ClinVar:VCV000590281	variant_of	HGNC:11509	ClinVar	VCV000590281	https://www.ncbi.nlm.nih.gov/clinvar/variation/590281	2026-10-04	observed	criteria provided, multiple submitters, no conflicts				{}
CLI001900	ClinVar:VCV000590281	causes_condition	MONDO:0033864	ClinVar	VCV000590281	https://www.ncbi.nlm.nih.gov/clinvar/variation/590281	2026-10-04	observed	criteria provided, multiple submitters, no conflicts				"{""classification"": ""Pathogenic/Likely pathogenic"", ""trait_name"": ""Infantile hypotonia-oculomotor anomalies-hyperkinetic movements-developmental delay syndrome"", ""consequence"": ""missense""}"
CLI001901	ClinVar:VCV000590280	variant_of	HGNC:11509	ClinVar	VCV000590280	https://www.ncbi.nlm.nih.gov/clinvar/variation/590280	2026-10-04	observed	criteria provided, multiple submitters, no conflicts				{}
CLI001902	ClinVar:VCV000590280	causes_condition	MONDO:0033864	ClinVar	VCV000590280	https://www.ncbi.nlm.nih.gov/clinvar/variation/590280	2026-10-04	observed	criteria provided, multiple submitters, no conflicts				"{""classification"": ""Pathogenic/Likely pathogenic"", ""trait_name"": ""Infantile hypotonia-oculomotor anomalies-hyperkinetic movements-developmental delay syndrome"", ""consequence"": ""missense""}"
CLI001903	ClinVar:VCV000590279	variant_of	HGNC:11509	ClinVar	VCV000590279	https://www.ncbi.nlm.nih.gov/clinvar/variation/590279	2026-10-04	observed	criteria provided, multiple submitters, no conflicts				{}
CLI001904	ClinVar:VCV000590279	causes_condition	MONDO:0033864	ClinVar	VCV000590279	https://www.ncbi.nlm.nih.gov/clinvar/variation/590279	2026-10-04	observed	criteria provided, multiple submitters, no conflicts				"{""classification"": ""Pathogenic/Likely pathogenic"", ""trait_name"": ""Infantile hypotonia-oculomotor anomalies-hyperkinetic movements-developmental delay syndrome"", ""consequence"": ""missense""}"
CLI001905	ClinVar:VCV000590278	variant_of	HGNC:11509	ClinVar	VCV000590278	https://www.ncbi.nlm.nih.gov/clinvar/variation/590278	2026-10-04	observed	criteria provided, multiple submitters, no conflicts				{}
CLI001906	ClinVar:VCV000590278	causes_condition	MONDO:0033864	ClinVar	VCV000590278	https://www.ncbi.nlm.nih.gov/clinvar/variation/590278	2026-10-04	observed	criteria provided, multiple submitters, no conflicts				"{""classification"": ""Pathogenic/Likely pathogenic"", ""trait_name"": ""Infantile hypotonia-oculomotor anomalies-hyperkinetic movements-developmental delay syndrome"", ""consequence"": ""missense""}"
CLI001907	ClinVar:VCV000521149	variant_of	HGNC:11509	ClinVar	VCV000521149	https://www.ncbi.nlm.nih.gov/clinvar/variation/521149	2026-10-04	observed	criteria provided, single submitter				{}
CLI001908	ClinVar:VCV000431484	variant_of	HGNC:11509	ClinVar	VCV000431484	https://www.ncbi.nlm.nih.gov/clinvar/variation/431484	2026-10-04	observed	criteria provided, multiple submitters, no conflicts				{}
CLI001909	ClinVar:VCV000431484	causes_condition	MONDO:0033864	ClinVar	VCV000431484	https://www.ncbi.nlm.nih.gov/clinvar/variation/431484	2026-10-04	observed	criteria provided, multiple submitters, no conflicts				"{""classification"": ""Pathogenic/Likely pathogenic"", ""trait_name"": ""Infantile hypotonia-oculomotor anomalies-hyperkinetic movements-developmental delay syndrome"", ""consequence"": ""missense""}"
CLI001910	HGNC:11509	mechanism_suggested_by_variant_spectrum	MECH:missense_driven	ClinVar variant spectrum	SYT1[gene] P/LP	https://www.ncbi.nlm.nih.gov/clinvar/?term=SYT1%5Bgene%5D	2026-10-04	inferred	truncating share	0.72			"{""n_pathogenic"": 26, ""n_truncating"": 2, ""n_missense"": 20, ""truncating_share"": 0.08, ""rule"": ""truncating share >= 0.30 suggests loss of function; below that, missense variants dominate and the mechanism needs papers""}"
CLI001911	ClinVar:VCV004928140	variant_of	HGNC:29203	ClinVar	VCV004928140	https://www.ncbi.nlm.nih.gov/clinvar/variation/4928140	2026-10-04	observed	criteria provided, single submitter				{}
CLI001912	ClinVar:VCV004928131	variant_of	HGNC:29203	ClinVar	VCV004928131	https://www.ncbi.nlm.nih.gov/clinvar/variation/4928131	2026-10-04	observed	criteria provided, single submitter				{}
CLI001913	ClinVar:VCV004850030	variant_of	HGNC:29203	ClinVar	VCV004850030	https://www.ncbi.nlm.nih.gov/clinvar/variation/4850030	2026-10-04	observed	criteria provided, single submitter				{}
CLI001914	ClinVar:VCV004812606	variant_of	HGNC:29203	ClinVar	VCV004812606	https://www.ncbi.nlm.nih.gov/clinvar/variation/4812606	2026-10-04	observed	criteria provided, single submitter				{}
CLI001915	ClinVar:VCV004812606	causes_condition	MONDO:0014470	ClinVar	VCV004812606	https://www.ncbi.nlm.nih.gov/clinvar/variation/4812606	2026-10-04	observed	criteria provided, single submitter				"{""classification"": ""Pathogenic"", ""trait_name"": ""Autosomal dominant nonsyndromic hearing loss 65"", ""consequence"": ""truncating""}"
CLI001916	ClinVar:VCV004812516	variant_of	HGNC:29203	ClinVar	VCV004812516	https://www.ncbi.nlm.nih.gov/clinvar/variation/4812516	2026-10-04	observed	criteria provided, single submitter				{}
CLI001917	ClinVar:VCV004812516	causes_condition	MONDO:0014470	ClinVar	VCV004812516	https://www.ncbi.nlm.nih.gov/clinvar/variation/4812516	2026-10-04	observed	criteria provided, single submitter				"{""classification"": ""Pathogenic"", ""trait_name"": ""Autosomal dominant nonsyndromic hearing loss 65"", ""consequence"": ""truncating""}"
CLI001918	ClinVar:VCV004812382	variant_of	HGNC:29203	ClinVar	VCV004812382	https://www.ncbi.nlm.nih.gov/clinvar/variation/4812382	2026-10-04	observed	criteria provided, single submitter				{}
CLI001919	ClinVar:VCV004812382	causes_condition	MONDO:0014470	ClinVar	VCV004812382	https://www.ncbi.nlm.nih.gov/clinvar/variation/4812382	2026-10-04	observed	criteria provided, single submitter				"{""classification"": ""Pathogenic"", ""trait_name"": ""Autosomal dominant nonsyndromic hearing loss 65"", ""consequence"": ""truncating""}"
CLI001920	ClinVar:VCV003895616	variant_of	HGNC:29203	ClinVar	VCV003895616	https://www.ncbi.nlm.nih.gov/clinvar/variation/3895616	2026-10-04	observed	criteria provided, single submitter				{}
CLI001921	ClinVar:VCV003759338	variant_of	HGNC:29203	ClinVar	VCV003759338	https://www.ncbi.nlm.nih.gov/clinvar/variation/3759338	2026-10-04	observed	criteria provided, single submitter				{}
CLI001922	ClinVar:VCV003759338	causes_condition	MONDO:0014470	ClinVar	VCV003759338	https://www.ncbi.nlm.nih.gov/clinvar/variation/3759338	2026-10-04	observed	criteria provided, single submitter				"{""classification"": ""Pathogenic"", ""trait_name"": ""Autosomal dominant nonsyndromic hearing loss 65"", ""consequence"": ""truncating""}"
CLI001923	ClinVar:VCV003756846	variant_of	HGNC:29203	ClinVar	VCV003756846	https://www.ncbi.nlm.nih.gov/clinvar/variation/3756846	2026-10-04	observed	criteria provided, single submitter				{}
CLI001924	ClinVar:VCV003756846	causes_condition	MONDO:0014470	ClinVar	VCV003756846	https://www.ncbi.nlm.nih.gov/clinvar/variation/3756846	2026-10-04	observed	criteria provided, single submitter				"{""classification"": ""Pathogenic"", ""trait_name"": ""Autosomal dominant nonsyndromic hearing loss 65"", ""consequence"": ""truncating""}"
CLI001925	ClinVar:VCV003753121	variant_of	HGNC:29203	ClinVar	VCV003753121	https://www.ncbi.nlm.nih.gov/clinvar/variation/3753121	2026-10-04	observed	criteria provided, single submitter				{}
CLI001926	ClinVar:VCV003753121	causes_condition	MONDO:0014470	ClinVar	VCV003753121	https://www.ncbi.nlm.nih.gov/clinvar/variation/3753121	2026-10-04	observed	criteria provided, single submitter				"{""classification"": ""Pathogenic"", ""trait_name"": ""Autosomal dominant nonsyndromic hearing loss 65"", ""consequence"": ""truncating""}"
CLI001927	ClinVar:VCV003601867	variant_of	HGNC:29203	ClinVar	VCV003601867	https://www.ncbi.nlm.nih.gov/clinvar/variation/3601867	2026-10-04	observed	criteria provided, single submitter				{}
CLI001928	ClinVar:VCV003601867	causes_condition	MONDO:0013826	ClinVar	VCV003601867	https://www.ncbi.nlm.nih.gov/clinvar/variation/3601867	2026-10-04	observed	criteria provided, single submitter				"{""classification"": ""Pathogenic"", ""trait_name"": ""Autosomal recessive nonsyndromic hearing loss 86"", ""consequence"": ""truncating""}"
CLI001929	ClinVar:VCV003601866	variant_of	HGNC:29203	ClinVar	VCV003601866	https://www.ncbi.nlm.nih.gov/clinvar/variation/3601866	2026-10-04	observed	criteria provided, single submitter				{}
CLI001930	ClinVar:VCV003601866	causes_condition	MONDO:0013826	ClinVar	VCV003601866	https://www.ncbi.nlm.nih.gov/clinvar/variation/3601866	2026-10-04	observed	criteria provided, single submitter				"{""classification"": ""Likely pathogenic"", ""trait_name"": ""Autosomal recessive nonsyndromic hearing loss 86"", ""consequence"": ""missense""}"
CLI001931	ClinVar:VCV003601865	variant_of	HGNC:29203	ClinVar	VCV003601865	https://www.ncbi.nlm.nih.gov/clinvar/variation/3601865	2026-10-04	observed	criteria provided, single submitter				{}
CLI001932	ClinVar:VCV003601865	causes_condition	MONDO:0013826	ClinVar	VCV003601865	https://www.ncbi.nlm.nih.gov/clinvar/variation/3601865	2026-10-04	observed	criteria provided, single submitter				"{""classification"": ""Likely pathogenic"", ""trait_name"": ""Autosomal recessive nonsyndromic hearing loss 86"", ""consequence"": ""truncating""}"
CLI001933	ClinVar:VCV003601864	variant_of	HGNC:29203	ClinVar	VCV003601864	https://www.ncbi.nlm.nih.gov/clinvar/variation/3601864	2026-10-04	observed	criteria provided, single submitter				{}
CLI001934	ClinVar:VCV003601864	causes_condition	MONDO:0013826	ClinVar	VCV003601864	https://www.ncbi.nlm.nih.gov/clinvar/variation/3601864	2026-10-04	observed	criteria provided, single submitter				"{""classification"": ""Likely pathogenic"", ""trait_name"": ""Autosomal recessive nonsyndromic hearing loss 86"", ""consequence"": ""truncating""}"
CLI001935	ClinVar:VCV003257619	variant_of	HGNC:29203	ClinVar	VCV003257619	https://www.ncbi.nlm.nih.gov/clinvar/variation/3257619	2026-10-04	observed	criteria provided, single submitter				{}
CLI001936	ClinVar:VCV003256791	variant_of	HGNC:29203	ClinVar	VCV003256791	https://www.ncbi.nlm.nih.gov/clinvar/variation/3256791	2026-10-04	observed	no assertion criteria provided				{}
CLI001937	ClinVar:VCV003256791	causes_condition	MONDO:0011970	ClinVar	VCV003256791	https://www.ncbi.nlm.nih.gov/clinvar/variation/3256791	2026-10-04	observed	no assertion criteria provided				"{""classification"": ""Likely pathogenic"", ""trait_name"": ""Rolandic epilepsy-paroxysmal exercise-induced dystonia-writer's cramp syndrome"", ""consequence"": ""missense""}"
CLI001938	ClinVar:VCV003252044	variant_of	HGNC:29203	ClinVar	VCV003252044	https://www.ncbi.nlm.nih.gov/clinvar/variation/3252044	2026-10-04	observed	criteria provided, single submitter				{}
CLI001939	ClinVar:VCV003252044	causes_condition	MONDO:0014133	ClinVar	VCV003252044	https://www.ncbi.nlm.nih.gov/clinvar/variation/3252044	2026-10-04	observed	criteria provided, single submitter				"{""classification"": ""Likely pathogenic"", ""trait_name"": ""Developmental and epileptic encephalopathy, 16"", ""consequence"": ""missense""}"
CLI001940	ClinVar:VCV003061937	variant_of	HGNC:29203	ClinVar	VCV003061937	https://www.ncbi.nlm.nih.gov/clinvar/variation/3061937	2026-10-04	observed	no assertion criteria provided				{}
CLI001941	ClinVar:VCV002950183	variant_of	HGNC:29203	ClinVar	VCV002950183	https://www.ncbi.nlm.nih.gov/clinvar/variation/2950183	2026-10-04	observed	criteria provided, single submitter				{}
CLI001942	ClinVar:VCV002950183	causes_condition	MONDO:0014470	ClinVar	VCV002950183	https://www.ncbi.nlm.nih.gov/clinvar/variation/2950183	2026-10-04	observed	criteria provided, single submitter				"{""classification"": ""Pathogenic"", ""trait_name"": ""Autosomal dominant nonsyndromic hearing loss 65"", ""consequence"": ""truncating""}"
CLI001943	ClinVar:VCV002948398	variant_of	HGNC:29203	ClinVar	VCV002948398	https://www.ncbi.nlm.nih.gov/clinvar/variation/2948398	2026-10-04	observed	criteria provided, single submitter				{}
CLI001944	ClinVar:VCV002948398	causes_condition	MONDO:0014470	ClinVar	VCV002948398	https://www.ncbi.nlm.nih.gov/clinvar/variation/2948398	2026-10-04	observed	criteria provided, single submitter				"{""classification"": ""Pathogenic"", ""trait_name"": ""Autosomal dominant nonsyndromic hearing loss 65"", ""consequence"": ""truncating""}"
CLI001945	ClinVar:VCV002948198	variant_of	HGNC:29203	ClinVar	VCV002948198	https://www.ncbi.nlm.nih.gov/clinvar/variation/2948198	2026-10-04	observed	criteria provided, single submitter				{}
CLI001946	ClinVar:VCV002948198	causes_condition	MONDO:0014470	ClinVar	VCV002948198	https://www.ncbi.nlm.nih.gov/clinvar/variation/2948198	2026-10-04	observed	criteria provided, single submitter				"{""classification"": ""Pathogenic"", ""trait_name"": ""Autosomal dominant nonsyndromic hearing loss 65"", ""consequence"": ""truncating""}"
CLI001947	ClinVar:VCV002943158	variant_of	HGNC:29203	ClinVar	VCV002943158	https://www.ncbi.nlm.nih.gov/clinvar/variation/2943158	2026-10-04	observed	criteria provided, single submitter				{}
CLI001948	ClinVar:VCV002943158	causes_condition	MONDO:0014470	ClinVar	VCV002943158	https://www.ncbi.nlm.nih.gov/clinvar/variation/2943158	2026-10-04	observed	criteria provided, single submitter				"{""classification"": ""Pathogenic"", ""trait_name"": ""Autosomal dominant nonsyndromic hearing loss 65"", ""consequence"": ""truncating""}"
CLI001949	ClinVar:VCV002942773	variant_of	HGNC:29203	ClinVar	VCV002942773	https://www.ncbi.nlm.nih.gov/clinvar/variation/2942773	2026-10-04	observed	criteria provided, single submitter				{}
CLI001950	ClinVar:VCV002942773	causes_condition	MONDO:0014470	ClinVar	VCV002942773	https://www.ncbi.nlm.nih.gov/clinvar/variation/2942773	2026-10-04	observed	criteria provided, single submitter				"{""classification"": ""Pathogenic"", ""trait_name"": ""Autosomal dominant nonsyndromic hearing loss 65"", ""consequence"": ""truncating""}"
CLI001951	ClinVar:VCV002938575	variant_of	HGNC:29203	ClinVar	VCV002938575	https://www.ncbi.nlm.nih.gov/clinvar/variation/2938575	2026-10-04	observed	criteria provided, single submitter				{}
CLI001952	ClinVar:VCV002938575	causes_condition	MONDO:0014470	ClinVar	VCV002938575	https://www.ncbi.nlm.nih.gov/clinvar/variation/2938575	2026-10-04	observed	criteria provided, single submitter				"{""classification"": ""Pathogenic"", ""trait_name"": ""Autosomal dominant nonsyndromic hearing loss 65"", ""consequence"": ""truncating""}"
CLI001953	ClinVar:VCV002923945	variant_of	HGNC:29203	ClinVar	VCV002923945	https://www.ncbi.nlm.nih.gov/clinvar/variation/2923945	2026-10-04	observed	criteria provided, single submitter				{}
CLI001954	ClinVar:VCV002923945	causes_condition	MONDO:0014470	ClinVar	VCV002923945	https://www.ncbi.nlm.nih.gov/clinvar/variation/2923945	2026-10-04	observed	criteria provided, single submitter				"{""classification"": ""Likely pathogenic"", ""trait_name"": ""Autosomal dominant nonsyndromic hearing loss 65"", ""consequence"": ""truncating""}"
CLI001955	ClinVar:VCV002630945	variant_of	HGNC:29203	ClinVar	VCV002630945	https://www.ncbi.nlm.nih.gov/clinvar/variation/2630945	2026-10-04	observed	criteria provided, multiple submitters, no conflicts				{}
CLI001956	ClinVar:VCV002630945	causes_condition	MONDO:0014470	ClinVar	VCV002630945	https://www.ncbi.nlm.nih.gov/clinvar/variation/2630945	2026-10-04	observed	criteria provided, multiple submitters, no conflicts				"{""classification"": ""Likely pathogenic"", ""trait_name"": ""Autosomal dominant nonsyndromic hearing loss 65"", ""consequence"": ""truncating""}"
CLI001957	ClinVar:VCV002434089	variant_of	HGNC:29203	ClinVar	VCV002434089	https://www.ncbi.nlm.nih.gov/clinvar/variation/2434089	2026-10-04	observed	criteria provided, single submitter				{}
CLI001958	ClinVar:VCV002163597	variant_of	HGNC:29203	ClinVar	VCV002163597	https://www.ncbi.nlm.nih.gov/clinvar/variation/2163597	2026-10-04	observed	criteria provided, multiple submitters, no conflicts				{}
CLI001959	ClinVar:VCV002163597	causes_condition	MONDO:0014133	ClinVar	VCV002163597	https://www.ncbi.nlm.nih.gov/clinvar/variation/2163597	2026-10-04	observed	criteria provided, multiple submitters, no conflicts				"{""classification"": ""Pathogenic"", ""trait_name"": ""Developmental and epileptic encephalopathy, 16"", ""consequence"": ""truncating""}"
CLI001960	ClinVar:VCV002163597	causes_condition	MONDO:0014470	ClinVar	VCV002163597	https://www.ncbi.nlm.nih.gov/clinvar/variation/2163597	2026-10-04	observed	criteria provided, multiple submitters, no conflicts				"{""classification"": ""Pathogenic"", ""trait_name"": ""Autosomal dominant nonsyndromic hearing loss 65"", ""consequence"": ""truncating""}"
CLI001961	ClinVar:VCV002162152	variant_of	HGNC:29203	ClinVar	VCV002162152	https://www.ncbi.nlm.nih.gov/clinvar/variation/2162152	2026-10-04	observed	criteria provided, single submitter				{}
CLI001962	ClinVar:VCV002162152	causes_condition	MONDO:0014470	ClinVar	VCV002162152	https://www.ncbi.nlm.nih.gov/clinvar/variation/2162152	2026-10-04	observed	criteria provided, single submitter				"{""classification"": ""Likely pathogenic"", ""trait_name"": ""Autosomal dominant nonsyndromic hearing loss 65"", ""consequence"": ""missense""}"
CLI001963	ClinVar:VCV002127078	variant_of	HGNC:29203	ClinVar	VCV002127078	https://www.ncbi.nlm.nih.gov/clinvar/variation/2127078	2026-10-04	observed	criteria provided, single submitter				{}
CLI001964	ClinVar:VCV002127078	causes_condition	MONDO:0014470	ClinVar	VCV002127078	https://www.ncbi.nlm.nih.gov/clinvar/variation/2127078	2026-10-04	observed	criteria provided, single submitter				"{""classification"": ""Pathogenic"", ""trait_name"": ""Autosomal dominant nonsyndromic hearing loss 65"", ""consequence"": ""truncating""}"
CLI001965	ClinVar:VCV002121170	variant_of	HGNC:29203	ClinVar	VCV002121170	https://www.ncbi.nlm.nih.gov/clinvar/variation/2121170	2026-10-04	observed	criteria provided, single submitter				{}
CLI001966	ClinVar:VCV002121170	causes_condition	MONDO:0014470	ClinVar	VCV002121170	https://www.ncbi.nlm.nih.gov/clinvar/variation/2121170	2026-10-04	observed	criteria provided, single submitter				"{""classification"": ""Pathogenic"", ""trait_name"": ""Autosomal dominant nonsyndromic hearing loss 65"", ""consequence"": ""truncating""}"
CLI001967	ClinVar:VCV002101220	variant_of	HGNC:29203	ClinVar	VCV002101220	https://www.ncbi.nlm.nih.gov/clinvar/variation/2101220	2026-10-04	observed	criteria provided, multiple submitters, no conflicts				{}
CLI001968	ClinVar:VCV002101220	causes_condition	MONDO:0014470	ClinVar	VCV002101220	https://www.ncbi.nlm.nih.gov/clinvar/variation/2101220	2026-10-04	observed	criteria provided, multiple submitters, no conflicts				"{""classification"": ""Pathogenic/Likely pathogenic"", ""trait_name"": ""Autosomal dominant nonsyndromic hearing loss 65"", ""consequence"": ""truncating""}"
CLI001969	ClinVar:VCV002035641	variant_of	HGNC:29203	ClinVar	VCV002035641	https://www.ncbi.nlm.nih.gov/clinvar/variation/2035641	2026-10-04	observed	criteria provided, single submitter				{}
CLI001970	ClinVar:VCV002035641	causes_condition	MONDO:0014470	ClinVar	VCV002035641	https://www.ncbi.nlm.nih.gov/clinvar/variation/2035641	2026-10-04	observed	criteria provided, single submitter				"{""classification"": ""Pathogenic"", ""trait_name"": ""Autosomal dominant nonsyndromic hearing loss 65"", ""consequence"": ""truncating""}"
CLI001971	ClinVar:VCV001970211	variant_of	HGNC:29203	ClinVar	VCV001970211	https://www.ncbi.nlm.nih.gov/clinvar/variation/1970211	2026-10-04	observed	criteria provided, single submitter				{}
CLI001972	ClinVar:VCV001970211	causes_condition	MONDO:0014470	ClinVar	VCV001970211	https://www.ncbi.nlm.nih.gov/clinvar/variation/1970211	2026-10-04	observed	criteria provided, single submitter				"{""classification"": ""Pathogenic"", ""trait_name"": ""Autosomal dominant nonsyndromic hearing loss 65"", ""consequence"": ""truncating""}"
CLI001973	ClinVar:VCV001966628	variant_of	HGNC:29203	ClinVar	VCV001966628	https://www.ncbi.nlm.nih.gov/clinvar/variation/1966628	2026-10-04	observed	criteria provided, multiple submitters, no conflicts				{}
CLI001974	ClinVar:VCV001966628	causes_condition	MONDO:0014470	ClinVar	VCV001966628	https://www.ncbi.nlm.nih.gov/clinvar/variation/1966628	2026-10-04	observed	criteria provided, multiple submitters, no conflicts				"{""classification"": ""Pathogenic/Likely pathogenic"", ""trait_name"": ""Autosomal dominant nonsyndromic hearing loss 65"", ""consequence"": ""truncating""}"
CLI001975	ClinVar:VCV001737351	variant_of	HGNC:29203	ClinVar	VCV001737351	https://www.ncbi.nlm.nih.gov/clinvar/variation/1737351	2026-10-04	observed	criteria provided, single submitter				{}
CLI001976	ClinVar:VCV001732348	variant_of	HGNC:29203	ClinVar	VCV001732348	https://www.ncbi.nlm.nih.gov/clinvar/variation/1732348	2026-10-04	observed	criteria provided, single submitter				{}
CLI001977	ClinVar:VCV001690348	variant_of	HGNC:29203	ClinVar	VCV001690348	https://www.ncbi.nlm.nih.gov/clinvar/variation/1690348	2026-10-04	observed	no assertion criteria provided				{}
CLI001978	ClinVar:VCV001517295	variant_of	HGNC:29203	ClinVar	VCV001517295	https://www.ncbi.nlm.nih.gov/clinvar/variation/1517295	2026-10-04	observed	criteria provided, single submitter				{}
CLI001979	ClinVar:VCV001517295	causes_condition	MONDO:0014470	ClinVar	VCV001517295	https://www.ncbi.nlm.nih.gov/clinvar/variation/1517295	2026-10-04	observed	criteria provided, single submitter				"{""classification"": ""Likely pathogenic"", ""trait_name"": ""Autosomal dominant nonsyndromic hearing loss 65"", ""consequence"": ""truncating""}"
CLI001980	ClinVar:VCV001512442	variant_of	HGNC:29203	ClinVar	VCV001512442	https://www.ncbi.nlm.nih.gov/clinvar/variation/1512442	2026-10-04	observed	criteria provided, multiple submitters, no conflicts				{}
CLI001981	ClinVar:VCV001512442	causes_condition	MONDO:0014470	ClinVar	VCV001512442	https://www.ncbi.nlm.nih.gov/clinvar/variation/1512442	2026-10-04	observed	criteria provided, multiple submitters, no conflicts				"{""classification"": ""Likely pathogenic"", ""trait_name"": ""Autosomal dominant nonsyndromic hearing loss 65"", ""consequence"": ""truncating""}"
CLI001982	ClinVar:VCV001473155	variant_of	HGNC:29203	ClinVar	VCV001473155	https://www.ncbi.nlm.nih.gov/clinvar/variation/1473155	2026-10-04	observed	criteria provided, single submitter				{}
CLI001983	ClinVar:VCV001473155	causes_condition	MONDO:0014470	ClinVar	VCV001473155	https://www.ncbi.nlm.nih.gov/clinvar/variation/1473155	2026-10-04	observed	criteria provided, single submitter				"{""classification"": ""Pathogenic"", ""trait_name"": ""Autosomal dominant nonsyndromic hearing loss 65"", ""consequence"": ""missense""}"
CLI001984	ClinVar:VCV001459471	variant_of	HGNC:29203	ClinVar	VCV001459471	https://www.ncbi.nlm.nih.gov/clinvar/variation/1459471	2026-10-04	observed	criteria provided, single submitter				{}
CLI001985	ClinVar:VCV001459471	causes_condition	MONDO:0014470	ClinVar	VCV001459471	https://www.ncbi.nlm.nih.gov/clinvar/variation/1459471	2026-10-04	observed	criteria provided, single submitter				"{""classification"": ""Pathogenic"", ""trait_name"": ""Autosomal dominant nonsyndromic hearing loss 65"", ""consequence"": ""truncating""}"
CLI001986	ClinVar:VCV001456664	variant_of	HGNC:29203	ClinVar	VCV001456664	https://www.ncbi.nlm.nih.gov/clinvar/variation/1456664	2026-10-04	observed	criteria provided, multiple submitters, no conflicts				{}
CLI001987	ClinVar:VCV001456664	causes_condition	MONDO:0013826	ClinVar	VCV001456664	https://www.ncbi.nlm.nih.gov/clinvar/variation/1456664	2026-10-04	observed	criteria provided, multiple submitters, no conflicts				"{""classification"": ""Pathogenic"", ""trait_name"": ""Autosomal recessive nonsyndromic hearing loss 86"", ""consequence"": ""truncating""}"
CLI001988	ClinVar:VCV001456664	causes_condition	MONDO:0014470	ClinVar	VCV001456664	https://www.ncbi.nlm.nih.gov/clinvar/variation/1456664	2026-10-04	observed	criteria provided, multiple submitters, no conflicts				"{""classification"": ""Pathogenic"", ""trait_name"": ""Autosomal dominant nonsyndromic hearing loss 65"", ""consequence"": ""truncating""}"
CLI001989	ClinVar:VCV001453407	variant_of	HGNC:29203	ClinVar	VCV001453407	https://www.ncbi.nlm.nih.gov/clinvar/variation/1453407	2026-10-04	observed	criteria provided, single submitter				{}
CLI001990	ClinVar:VCV001453407	causes_condition	MONDO:0014470	ClinVar	VCV001453407	https://www.ncbi.nlm.nih.gov/clinvar/variation/1453407	2026-10-04	observed	criteria provided, single submitter				"{""classification"": ""Pathogenic"", ""trait_name"": ""Autosomal dominant nonsyndromic hearing loss 65"", ""consequence"": ""truncating""}"
CLI001991	ClinVar:VCV001451981	variant_of	HGNC:29203	ClinVar	VCV001451981	https://www.ncbi.nlm.nih.gov/clinvar/variation/1451981	2026-10-04	observed	criteria provided, single submitter				{}
CLI001992	ClinVar:VCV001451981	causes_condition	MONDO:0014470	ClinVar	VCV001451981	https://www.ncbi.nlm.nih.gov/clinvar/variation/1451981	2026-10-04	observed	criteria provided, single submitter				"{""classification"": ""Pathogenic"", ""trait_name"": ""Autosomal dominant nonsyndromic hearing loss 65"", ""consequence"": ""truncating""}"
CLI001993	ClinVar:VCV001402576	variant_of	HGNC:29203	ClinVar	VCV001402576	https://www.ncbi.nlm.nih.gov/clinvar/variation/1402576	2026-10-04	observed	criteria provided, single submitter				{}
CLI001994	ClinVar:VCV001402576	causes_condition	MONDO:0014470	ClinVar	VCV001402576	https://www.ncbi.nlm.nih.gov/clinvar/variation/1402576	2026-10-04	observed	criteria provided, single submitter				"{""classification"": ""Pathogenic"", ""trait_name"": ""Autosomal dominant nonsyndromic hearing loss 65"", ""consequence"": ""other""}"
CLI001995	ClinVar:VCV001397090	variant_of	HGNC:29203	ClinVar	VCV001397090	https://www.ncbi.nlm.nih.gov/clinvar/variation/1397090	2026-10-04	observed	criteria provided, single submitter				{}
CLI001996	ClinVar:VCV001397090	causes_condition	MONDO:0014470	ClinVar	VCV001397090	https://www.ncbi.nlm.nih.gov/clinvar/variation/1397090	2026-10-04	observed	criteria provided, single submitter				"{""classification"": ""Pathogenic"", ""trait_name"": ""Autosomal dominant nonsyndromic hearing loss 65"", ""consequence"": ""truncating""}"
CLI001997	ClinVar:VCV001378399	variant_of	HGNC:29203	ClinVar	VCV001378399	https://www.ncbi.nlm.nih.gov/clinvar/variation/1378399	2026-10-04	observed	criteria provided, single submitter				{}
CLI001998	ClinVar:VCV001378399	causes_condition	MONDO:0014470	ClinVar	VCV001378399	https://www.ncbi.nlm.nih.gov/clinvar/variation/1378399	2026-10-04	observed	criteria provided, single submitter				"{""classification"": ""Pathogenic"", ""trait_name"": ""Autosomal dominant nonsyndromic hearing loss 65"", ""consequence"": ""truncating""}"
CLI001999	ClinVar:VCV001369893	variant_of	HGNC:29203	ClinVar	VCV001369893	https://www.ncbi.nlm.nih.gov/clinvar/variation/1369893	2026-10-04	observed	criteria provided, single submitter				{}
CLI002000	ClinVar:VCV001369893	causes_condition	MONDO:0014470	ClinVar	VCV001369893	https://www.ncbi.nlm.nih.gov/clinvar/variation/1369893	2026-10-04	observed	criteria provided, single submitter				"{""classification"": ""Pathogenic"", ""trait_name"": ""Autosomal dominant nonsyndromic hearing loss 65"", ""consequence"": ""truncating""}"
CLI002001	ClinVar:VCV001357131	variant_of	HGNC:29203	ClinVar	VCV001357131	https://www.ncbi.nlm.nih.gov/clinvar/variation/1357131	2026-10-04	observed	criteria provided, single submitter				{}
CLI002002	ClinVar:VCV001357131	causes_condition	MONDO:0014470	ClinVar	VCV001357131	https://www.ncbi.nlm.nih.gov/clinvar/variation/1357131	2026-10-04	observed	criteria provided, single submitter				"{""classification"": ""Pathogenic"", ""trait_name"": ""Autosomal dominant nonsyndromic hearing loss 65"", ""consequence"": ""truncating""}"
CLI002003	ClinVar:VCV001339566	variant_of	HGNC:29203	ClinVar	VCV001339566	https://www.ncbi.nlm.nih.gov/clinvar/variation/1339566	2026-10-04	observed	no assertion criteria provided				{}
CLI002004	ClinVar:VCV001339566	causes_condition	MONDO:0014133	ClinVar	VCV001339566	https://www.ncbi.nlm.nih.gov/clinvar/variation/1339566	2026-10-04	observed	no assertion criteria provided				"{""classification"": ""Likely pathogenic"", ""trait_name"": ""Developmental and epileptic encephalopathy, 16"", ""consequence"": ""truncating""}"
CLI002005	ClinVar:VCV001220318	variant_of	HGNC:29203	ClinVar	VCV001220318	https://www.ncbi.nlm.nih.gov/clinvar/variation/1220318	2026-10-04	observed	criteria provided, single submitter				{}
CLI002006	ClinVar:VCV001203100	variant_of	HGNC:29203	ClinVar	VCV001203100	https://www.ncbi.nlm.nih.gov/clinvar/variation/1203100	2026-10-04	observed	criteria provided, single submitter				{}
CLI002007	ClinVar:VCV001188402	variant_of	HGNC:29203	ClinVar	VCV001188402	https://www.ncbi.nlm.nih.gov/clinvar/variation/1188402	2026-10-04	observed	criteria provided, single submitter				{}
CLI002008	ClinVar:VCV001072207	variant_of	HGNC:29203	ClinVar	VCV001072207	https://www.ncbi.nlm.nih.gov/clinvar/variation/1072207	2026-10-04	observed	criteria provided, single submitter				{}
CLI002009	ClinVar:VCV001072207	causes_condition	MONDO:0014470	ClinVar	VCV001072207	https://www.ncbi.nlm.nih.gov/clinvar/variation/1072207	2026-10-04	observed	criteria provided, single submitter				"{""classification"": ""Pathogenic"", ""trait_name"": ""Autosomal dominant nonsyndromic hearing loss 65"", ""consequence"": ""truncating""}"
CLI002010	ClinVar:VCV001071941	variant_of	HGNC:29203	ClinVar	VCV001071941	https://www.ncbi.nlm.nih.gov/clinvar/variation/1071941	2026-10-04	observed	criteria provided, multiple submitters, no conflicts				{}
CLI002011	ClinVar:VCV001071941	causes_condition	MONDO:0011506	ClinVar	VCV001071941	https://www.ncbi.nlm.nih.gov/clinvar/variation/1071941	2026-10-04	observed	criteria provided, multiple submitters, no conflicts				"{""classification"": ""Pathogenic"", ""trait_name"": ""Familial infantile myoclonic epilepsy"", ""consequence"": ""truncating""}"
CLI002012	ClinVar:VCV001071941	causes_condition	MONDO:0011970	ClinVar	VCV001071941	https://www.ncbi.nlm.nih.gov/clinvar/variation/1071941	2026-10-04	observed	criteria provided, multiple submitters, no conflicts				"{""classification"": ""Pathogenic"", ""trait_name"": ""Rolandic epilepsy-paroxysmal exercise-induced dystonia-writer's cramp syndrome"", ""consequence"": ""truncating""}"
CLI002013	ClinVar:VCV001071941	causes_condition	MONDO:0009079	ClinVar	VCV001071941	https://www.ncbi.nlm.nih.gov/clinvar/variation/1071941	2026-10-04	observed	criteria provided, multiple submitters, no conflicts				"{""classification"": ""Pathogenic"", ""trait_name"": ""DOORS syndrome"", ""consequence"": ""truncating""}"
CLI002014	ClinVar:VCV001071941	causes_condition	MONDO:0014133	ClinVar	VCV001071941	https://www.ncbi.nlm.nih.gov/clinvar/variation/1071941	2026-10-04	observed	criteria provided, multiple submitters, no conflicts				"{""classification"": ""Pathogenic"", ""trait_name"": ""Developmental and epileptic encephalopathy, 16"", ""consequence"": ""truncating""}"
CLI002015	ClinVar:VCV001071941	causes_condition	MONDO:0014470	ClinVar	VCV001071941	https://www.ncbi.nlm.nih.gov/clinvar/variation/1071941	2026-10-04	observed	criteria provided, multiple submitters, no conflicts				"{""classification"": ""Pathogenic"", ""trait_name"": ""Autosomal dominant nonsyndromic hearing loss 65"", ""consequence"": ""truncating""}"
CLI002016	ClinVar:VCV001066340	variant_of	HGNC:29203	ClinVar	VCV001066340	https://www.ncbi.nlm.nih.gov/clinvar/variation/1066340	2026-10-04	observed	criteria provided, single submitter				{}
CLI002017	ClinVar:VCV001066340	causes_condition	MONDO:0014470	ClinVar	VCV001066340	https://www.ncbi.nlm.nih.gov/clinvar/variation/1066340	2026-10-04	observed	criteria provided, single submitter				"{""classification"": ""Pathogenic"", ""trait_name"": ""Autosomal dominant nonsyndromic hearing loss 65"", ""consequence"": ""missense""}"
CLI002018	ClinVar:VCV001029242	variant_of	HGNC:29203	ClinVar	VCV001029242	https://www.ncbi.nlm.nih.gov/clinvar/variation/1029242	2026-10-04	observed	criteria provided, multiple submitters, no conflicts				{}
CLI002019	ClinVar:VCV001029242	causes_condition	MONDO:0009079	ClinVar	VCV001029242	https://www.ncbi.nlm.nih.gov/clinvar/variation/1029242	2026-10-04	observed	criteria provided, multiple submitters, no conflicts				"{""classification"": ""Pathogenic/Likely pathogenic"", ""trait_name"": ""DOORS syndrome"", ""consequence"": ""truncating""}"
CLI002020	ClinVar:VCV001029242	causes_condition	MONDO:0014133	ClinVar	VCV001029242	https://www.ncbi.nlm.nih.gov/clinvar/variation/1029242	2026-10-04	observed	criteria provided, multiple submitters, no conflicts				"{""classification"": ""Pathogenic/Likely pathogenic"", ""trait_name"": ""Developmental and epileptic encephalopathy, 16"", ""consequence"": ""truncating""}"
CLI002021	ClinVar:VCV001029242	causes_condition	MONDO:0014470	ClinVar	VCV001029242	https://www.ncbi.nlm.nih.gov/clinvar/variation/1029242	2026-10-04	observed	criteria provided, multiple submitters, no conflicts				"{""classification"": ""Pathogenic/Likely pathogenic"", ""trait_name"": ""Autosomal dominant nonsyndromic hearing loss 65"", ""consequence"": ""truncating""}"
CLI002022	ClinVar:VCV000977227	variant_of	HGNC:29203	ClinVar	VCV000977227	https://www.ncbi.nlm.nih.gov/clinvar/variation/977227	2026-10-04	observed	no assertion criteria provided				{}
CLI002023	ClinVar:VCV000977227	causes_condition	MONDO:0013826	ClinVar	VCV000977227	https://www.ncbi.nlm.nih.gov/clinvar/variation/977227	2026-10-04	observed	no assertion criteria provided				"{""classification"": ""Pathogenic"", ""trait_name"": ""Autosomal recessive nonsyndromic hearing loss 86"", ""consequence"": ""truncating""}"
CLI002024	ClinVar:VCV000960278	variant_of	HGNC:29203	ClinVar	VCV000960278	https://www.ncbi.nlm.nih.gov/clinvar/variation/960278	2026-10-04	observed	criteria provided, multiple submitters, no conflicts				{}
CLI002025	ClinVar:VCV000960278	causes_condition	MONDO:0014470	ClinVar	VCV000960278	https://www.ncbi.nlm.nih.gov/clinvar/variation/960278	2026-10-04	observed	criteria provided, multiple submitters, no conflicts				"{""classification"": ""Likely pathogenic"", ""trait_name"": ""Autosomal dominant nonsyndromic hearing loss 65"", ""consequence"": ""missense""}"
CLI002026	ClinVar:VCV000856852	variant_of	HGNC:29203	ClinVar	VCV000856852	https://www.ncbi.nlm.nih.gov/clinvar/variation/856852	2026-10-04	observed	criteria provided, multiple submitters, no conflicts				{}
CLI002027	ClinVar:VCV000856852	causes_condition	MONDO:0014470	ClinVar	VCV000856852	https://www.ncbi.nlm.nih.gov/clinvar/variation/856852	2026-10-04	observed	criteria provided, multiple submitters, no conflicts				"{""classification"": ""Pathogenic/Likely pathogenic"", ""trait_name"": ""Autosomal dominant nonsyndromic hearing loss 65"", ""consequence"": ""missense""}"
CLI002028	ClinVar:VCV000852959	variant_of	HGNC:29203	ClinVar	VCV000852959	https://www.ncbi.nlm.nih.gov/clinvar/variation/852959	2026-10-04	observed	criteria provided, multiple submitters, no conflicts				{}
CLI002029	ClinVar:VCV000852959	causes_condition	MONDO:0014470	ClinVar	VCV000852959	https://www.ncbi.nlm.nih.gov/clinvar/variation/852959	2026-10-04	observed	criteria provided, multiple submitters, no conflicts				"{""classification"": ""Pathogenic"", ""trait_name"": ""Autosomal dominant nonsyndromic hearing loss 65"", ""consequence"": ""truncating""}"
CLI002030	ClinVar:VCV000844622	variant_of	HGNC:29203	ClinVar	VCV000844622	https://www.ncbi.nlm.nih.gov/clinvar/variation/844622	2026-10-04	observed	criteria provided, single submitter				{}
CLI002031	ClinVar:VCV000844622	causes_condition	MONDO:0014470	ClinVar	VCV000844622	https://www.ncbi.nlm.nih.gov/clinvar/variation/844622	2026-10-04	observed	criteria provided, single submitter				"{""classification"": ""Likely pathogenic"", ""trait_name"": ""Autosomal dominant nonsyndromic hearing loss 65"", ""consequence"": ""missense""}"
CLI002032	ClinVar:VCV000817288	variant_of	HGNC:29203	ClinVar	VCV000817288	https://www.ncbi.nlm.nih.gov/clinvar/variation/817288	2026-10-04	observed	criteria provided, single submitter				{}
CLI002033	ClinVar:VCV000812998	variant_of	HGNC:29203	ClinVar	VCV000812998	https://www.ncbi.nlm.nih.gov/clinvar/variation/812998	2026-10-04	observed	no assertion criteria provided				{}
CLI002034	ClinVar:VCV000665574	variant_of	HGNC:29203	ClinVar	VCV000665574	https://www.ncbi.nlm.nih.gov/clinvar/variation/665574	2026-10-04	observed	criteria provided, single submitter				{}
CLI002035	ClinVar:VCV000665574	causes_condition	MONDO:0014470	ClinVar	VCV000665574	https://www.ncbi.nlm.nih.gov/clinvar/variation/665574	2026-10-04	observed	criteria provided, single submitter				"{""classification"": ""Pathogenic"", ""trait_name"": ""Autosomal dominant nonsyndromic hearing loss 65"", ""consequence"": ""missense""}"
CLI002036	ClinVar:VCV000658011	variant_of	HGNC:29203	ClinVar	VCV000658011	https://www.ncbi.nlm.nih.gov/clinvar/variation/658011	2026-10-04	observed	criteria provided, single submitter				{}
CLI002037	ClinVar:VCV000658011	causes_condition	MONDO:0014470	ClinVar	VCV000658011	https://www.ncbi.nlm.nih.gov/clinvar/variation/658011	2026-10-04	observed	criteria provided, single submitter				"{""classification"": ""Likely pathogenic"", ""trait_name"": ""Autosomal dominant nonsyndromic hearing loss 65"", ""consequence"": ""truncating""}"
CLI002038	ClinVar:VCV000652619	variant_of	HGNC:29203	ClinVar	VCV000652619	https://www.ncbi.nlm.nih.gov/clinvar/variation/652619	2026-10-04	observed	criteria provided, single submitter				{}
CLI002039	ClinVar:VCV000652618	variant_of	HGNC:29203	ClinVar	VCV000652618	https://www.ncbi.nlm.nih.gov/clinvar/variation/652618	2026-10-04	observed	no assertion criteria provided				{}
CLI002040	ClinVar:VCV000652618	causes_condition	MONDO:0011970	ClinVar	VCV000652618	https://www.ncbi.nlm.nih.gov/clinvar/variation/652618	2026-10-04	observed	no assertion criteria provided				"{""classification"": ""Pathogenic"", ""trait_name"": ""Rolandic epilepsy-paroxysmal exercise-induced dystonia-writer's cramp syndrome"", ""consequence"": ""missense""}"
CLI002041	ClinVar:VCV000620424	variant_of	HGNC:29203	ClinVar	VCV000620424	https://www.ncbi.nlm.nih.gov/clinvar/variation/620424	2026-10-04	observed	criteria provided, multiple submitters, no conflicts				{}
CLI002042	ClinVar:VCV000620424	causes_condition	MONDO:0014470	ClinVar	VCV000620424	https://www.ncbi.nlm.nih.gov/clinvar/variation/620424	2026-10-04	observed	criteria provided, multiple submitters, no conflicts				"{""classification"": ""Pathogenic"", ""trait_name"": ""Autosomal dominant nonsyndromic hearing loss 65"", ""consequence"": ""truncating""}"
CLI002043	ClinVar:VCV000620365	variant_of	HGNC:29203	ClinVar	VCV000620365	https://www.ncbi.nlm.nih.gov/clinvar/variation/620365	2026-10-04	observed	criteria provided, single submitter				{}
CLI002044	ClinVar:VCV000593459	variant_of	HGNC:29203	ClinVar	VCV000593459	https://www.ncbi.nlm.nih.gov/clinvar/variation/593459	2026-10-04	observed	criteria provided, multiple submitters, no conflicts				{}
CLI002045	ClinVar:VCV000593459	causes_condition	MONDO:0014470	ClinVar	VCV000593459	https://www.ncbi.nlm.nih.gov/clinvar/variation/593459	2026-10-04	observed	criteria provided, multiple submitters, no conflicts				"{""classification"": ""Pathogenic"", ""trait_name"": ""Autosomal dominant nonsyndromic hearing loss 65"", ""consequence"": ""truncating""}"
CLI002046	ClinVar:VCV000587507	variant_of	HGNC:29203	ClinVar	VCV000587507	https://www.ncbi.nlm.nih.gov/clinvar/variation/587507	2026-10-04	observed	criteria provided, single submitter				{}
CLI002047	ClinVar:VCV000587507	causes_condition	MONDO:0013826	ClinVar	VCV000587507	https://www.ncbi.nlm.nih.gov/clinvar/variation/587507	2026-10-04	observed	criteria provided, single submitter				"{""classification"": ""Pathogenic"", ""trait_name"": ""Autosomal recessive nonsyndromic hearing loss 86"", ""consequence"": ""truncating""}"
CLI002048	ClinVar:VCV000587507	causes_condition	MONDO:0014470	ClinVar	VCV000587507	https://www.ncbi.nlm.nih.gov/clinvar/variation/587507	2026-10-04	observed	criteria provided, single submitter				"{""classification"": ""Pathogenic"", ""trait_name"": ""Autosomal dominant nonsyndromic hearing loss 65"", ""consequence"": ""truncating""}"
CLI002049	ClinVar:VCV000569501	variant_of	HGNC:29203	ClinVar	VCV000569501	https://www.ncbi.nlm.nih.gov/clinvar/variation/569501	2026-10-04	observed	criteria provided, single submitter				{}
CLI002050	ClinVar:VCV000569501	causes_condition	MONDO:0014470	ClinVar	VCV000569501	https://www.ncbi.nlm.nih.gov/clinvar/variation/569501	2026-10-04	observed	criteria provided, single submitter				"{""classification"": ""Pathogenic"", ""trait_name"": ""Autosomal dominant nonsyndromic hearing loss 65"", ""consequence"": ""truncating""}"
CLI002051	ClinVar:VCV000541316	variant_of	HGNC:29203	ClinVar	VCV000541316	https://www.ncbi.nlm.nih.gov/clinvar/variation/541316	2026-10-04	observed	criteria provided, single submitter				{}
CLI002052	ClinVar:VCV000541316	causes_condition	MONDO:0014470	ClinVar	VCV000541316	https://www.ncbi.nlm.nih.gov/clinvar/variation/541316	2026-10-04	observed	criteria provided, single submitter				"{""classification"": ""Pathogenic"", ""trait_name"": ""Autosomal dominant nonsyndromic hearing loss 65"", ""consequence"": ""truncating""}"
CLI002053	ClinVar:VCV000523796	variant_of	HGNC:29203	ClinVar	VCV000523796	https://www.ncbi.nlm.nih.gov/clinvar/variation/523796	2026-10-04	observed	criteria provided, multiple submitters, no conflicts				{}
CLI002054	ClinVar:VCV000523796	causes_condition	MONDO:0011970	ClinVar	VCV000523796	https://www.ncbi.nlm.nih.gov/clinvar/variation/523796	2026-10-04	observed	criteria provided, multiple submitters, no conflicts				"{""classification"": ""Pathogenic/Likely pathogenic"", ""trait_name"": ""Rolandic epilepsy-paroxysmal exercise-induced dystonia-writer's cramp syndrome"", ""consequence"": ""truncating""}"
CLI002055	ClinVar:VCV000523796	causes_condition	MONDO:0011506	ClinVar	VCV000523796	https://www.ncbi.nlm.nih.gov/clinvar/variation/523796	2026-10-04	observed	criteria provided, multiple submitters, no conflicts				"{""classification"": ""Pathogenic/Likely pathogenic"", ""trait_name"": ""Familial infantile myoclonic epilepsy"", ""consequence"": ""truncating""}"
CLI002056	ClinVar:VCV000523796	causes_condition	MONDO:0011970	ClinVar	VCV000523796	https://www.ncbi.nlm.nih.gov/clinvar/variation/523796	2026-10-04	observed	criteria provided, multiple submitters, no conflicts				"{""classification"": ""Pathogenic/Likely pathogenic"", ""trait_name"": ""Rolandic epilepsy-paroxysmal exercise-induced dystonia-writer's cramp syndrome"", ""consequence"": ""truncating""}"
CLI002057	ClinVar:VCV000523796	causes_condition	MONDO:0014133	ClinVar	VCV000523796	https://www.ncbi.nlm.nih.gov/clinvar/variation/523796	2026-10-04	observed	criteria provided, multiple submitters, no conflicts				"{""classification"": ""Pathogenic/Likely pathogenic"", ""trait_name"": ""Developmental and epileptic encephalopathy, 16"", ""consequence"": ""truncating""}"
CLI002058	ClinVar:VCV000523796	causes_condition	MONDO:0009079	ClinVar	VCV000523796	https://www.ncbi.nlm.nih.gov/clinvar/variation/523796	2026-10-04	observed	criteria provided, multiple submitters, no conflicts				"{""classification"": ""Pathogenic/Likely pathogenic"", ""trait_name"": ""DOORS syndrome"", ""consequence"": ""truncating""}"
CLI002059	ClinVar:VCV000523796	causes_condition	MONDO:0014470	ClinVar	VCV000523796	https://www.ncbi.nlm.nih.gov/clinvar/variation/523796	2026-10-04	observed	criteria provided, multiple submitters, no conflicts				"{""classification"": ""Pathogenic/Likely pathogenic"", ""trait_name"": ""Autosomal dominant nonsyndromic hearing loss 65"", ""consequence"": ""truncating""}"
CLI002060	ClinVar:VCV000523796	causes_condition	MONDO:0013826	ClinVar	VCV000523796	https://www.ncbi.nlm.nih.gov/clinvar/variation/523796	2026-10-04	observed	criteria provided, multiple submitters, no conflicts				"{""classification"": ""Pathogenic/Likely pathogenic"", ""trait_name"": ""Autosomal recessive nonsyndromic hearing loss 86"", ""consequence"": ""truncating""}"
CLI002061	ClinVar:VCV000489172	variant_of	HGNC:29203	ClinVar	VCV000489172	https://www.ncbi.nlm.nih.gov/clinvar/variation/489172	2026-10-04	observed	criteria provided, multiple submitters, no conflicts				{}
CLI002062	ClinVar:VCV000489172	causes_condition	MONDO:0014470	ClinVar	VCV000489172	https://www.ncbi.nlm.nih.gov/clinvar/variation/489172	2026-10-04	observed	criteria provided, multiple submitters, no conflicts				"{""classification"": ""Pathogenic/Likely pathogenic"", ""trait_name"": ""Autosomal dominant nonsyndromic hearing loss 65"", ""consequence"": ""truncating""}"
CLI002063	ClinVar:VCV000474302	variant_of	HGNC:29203	ClinVar	VCV000474302	https://www.ncbi.nlm.nih.gov/clinvar/variation/474302	2026-10-04	observed	criteria provided, multiple submitters, no conflicts				{}
CLI002064	ClinVar:VCV000474302	causes_condition	MONDO:0013826	ClinVar	VCV000474302	https://www.ncbi.nlm.nih.gov/clinvar/variation/474302	2026-10-04	observed	criteria provided, multiple submitters, no conflicts				"{""classification"": ""Pathogenic"", ""trait_name"": ""Autosomal recessive nonsyndromic hearing loss 86"", ""consequence"": ""missense""}"
CLI002065	ClinVar:VCV000474302	causes_condition	MONDO:0011970	ClinVar	VCV000474302	https://www.ncbi.nlm.nih.gov/clinvar/variation/474302	2026-10-04	observed	criteria provided, multiple submitters, no conflicts				"{""classification"": ""Pathogenic"", ""trait_name"": ""Rolandic epilepsy-paroxysmal exercise-induced dystonia-writer's cramp syndrome"", ""consequence"": ""missense""}"
CLI002066	ClinVar:VCV000474302	causes_condition	MONDO:0011506	ClinVar	VCV000474302	https://www.ncbi.nlm.nih.gov/clinvar/variation/474302	2026-10-04	observed	criteria provided, multiple submitters, no conflicts				"{""classification"": ""Pathogenic"", ""trait_name"": ""Familial infantile myoclonic epilepsy"", ""consequence"": ""missense""}"
CLI002067	ClinVar:VCV000474302	causes_condition	MONDO:0009079	ClinVar	VCV000474302	https://www.ncbi.nlm.nih.gov/clinvar/variation/474302	2026-10-04	observed	criteria provided, multiple submitters, no conflicts				"{""classification"": ""Pathogenic"", ""trait_name"": ""DOORS syndrome"", ""consequence"": ""missense""}"
CLI002068	ClinVar:VCV000474302	causes_condition	MONDO:0014133	ClinVar	VCV000474302	https://www.ncbi.nlm.nih.gov/clinvar/variation/474302	2026-10-04	observed	criteria provided, multiple submitters, no conflicts				"{""classification"": ""Pathogenic"", ""trait_name"": ""Developmental and epileptic encephalopathy, 16"", ""consequence"": ""missense""}"
CLI002069	ClinVar:VCV000474302	causes_condition	MONDO:0014470	ClinVar	VCV000474302	https://www.ncbi.nlm.nih.gov/clinvar/variation/474302	2026-10-04	observed	criteria provided, multiple submitters, no conflicts				"{""classification"": ""Pathogenic"", ""trait_name"": ""Autosomal dominant nonsyndromic hearing loss 65"", ""consequence"": ""missense""}"
CLI002070	ClinVar:VCV000474302	causes_condition	MONDO:0014470	ClinVar	VCV000474302	https://www.ncbi.nlm.nih.gov/clinvar/variation/474302	2026-10-04	observed	criteria provided, multiple submitters, no conflicts				"{""classification"": ""Pathogenic"", ""trait_name"": ""Autosomal dominant nonsyndromic hearing loss 65"", ""consequence"": ""missense""}"
CLI002071	ClinVar:VCV000474302	causes_condition	MONDO:0009079	ClinVar	VCV000474302	https://www.ncbi.nlm.nih.gov/clinvar/variation/474302	2026-10-04	observed	criteria provided, multiple submitters, no conflicts				"{""classification"": ""Pathogenic"", ""trait_name"": ""DOORS syndrome"", ""consequence"": ""missense""}"
CLI002072	ClinVar:VCV000474302	causes_condition	MONDO:0013826	ClinVar	VCV000474302	https://www.ncbi.nlm.nih.gov/clinvar/variation/474302	2026-10-04	observed	criteria provided, multiple submitters, no conflicts				"{""classification"": ""Pathogenic"", ""trait_name"": ""Autosomal recessive nonsyndromic hearing loss 86"", ""consequence"": ""missense""}"
CLI002073	ClinVar:VCV000474302	causes_condition	MONDO:0014133	ClinVar	VCV000474302	https://www.ncbi.nlm.nih.gov/clinvar/variation/474302	2026-10-04	observed	criteria provided, multiple submitters, no conflicts				"{""classification"": ""Pathogenic"", ""trait_name"": ""Developmental and epileptic encephalopathy, 16"", ""consequence"": ""missense""}"
CLI002074	ClinVar:VCV000474299	variant_of	HGNC:29203	ClinVar	VCV000474299	https://www.ncbi.nlm.nih.gov/clinvar/variation/474299	2026-10-04	observed	criteria provided, single submitter				{}
CLI002075	ClinVar:VCV000474299	causes_condition	MONDO:0014470	ClinVar	VCV000474299	https://www.ncbi.nlm.nih.gov/clinvar/variation/474299	2026-10-04	observed	criteria provided, single submitter				"{""classification"": ""Pathogenic"", ""trait_name"": ""Autosomal dominant nonsyndromic hearing loss 65"", ""consequence"": ""other""}"
CLI002076	ClinVar:VCV000436948	variant_of	HGNC:29203	ClinVar	VCV000436948	https://www.ncbi.nlm.nih.gov/clinvar/variation/436948	2026-10-04	observed	criteria provided, multiple submitters, no conflicts				{}
CLI002077	ClinVar:VCV000436948	causes_condition	MONDO:0014470	ClinVar	VCV000436948	https://www.ncbi.nlm.nih.gov/clinvar/variation/436948	2026-10-04	observed	criteria provided, multiple submitters, no conflicts				"{""classification"": ""Likely pathogenic"", ""trait_name"": ""Autosomal dominant nonsyndromic hearing loss 65"", ""consequence"": ""missense""}"
CLI002078	ClinVar:VCV000436948	causes_condition	MONDO:0011506	ClinVar	VCV000436948	https://www.ncbi.nlm.nih.gov/clinvar/variation/436948	2026-10-04	observed	criteria provided, multiple submitters, no conflicts				"{""classification"": ""Likely pathogenic"", ""trait_name"": ""Familial infantile myoclonic epilepsy"", ""consequence"": ""missense""}"
CLI002079	ClinVar:VCV000430018	variant_of	HGNC:29203	ClinVar	VCV000430018	https://www.ncbi.nlm.nih.gov/clinvar/variation/430018	2026-10-04	observed	criteria provided, multiple submitters, no conflicts				{}
CLI002080	ClinVar:VCV000430018	causes_condition	MONDO:0014133	ClinVar	VCV000430018	https://www.ncbi.nlm.nih.gov/clinvar/variation/430018	2026-10-04	observed	criteria provided, multiple submitters, no conflicts				"{""classification"": ""Pathogenic"", ""trait_name"": ""Developmental and epileptic encephalopathy, 16"", ""consequence"": ""truncating""}"
CLI002081	ClinVar:VCV000429630	variant_of	HGNC:29203	ClinVar	VCV000429630	https://www.ncbi.nlm.nih.gov/clinvar/variation/429630	2026-10-04	observed	criteria provided, multiple submitters, no conflicts				{}
CLI002082	ClinVar:VCV000429630	causes_condition	MONDO:0014470	ClinVar	VCV000429630	https://www.ncbi.nlm.nih.gov/clinvar/variation/429630	2026-10-04	observed	criteria provided, multiple submitters, no conflicts				"{""classification"": ""Pathogenic/Likely pathogenic"", ""trait_name"": ""Autosomal dominant nonsyndromic hearing loss 65"", ""consequence"": ""missense""}"
CLI002083	ClinVar:VCV000425556	variant_of	HGNC:29203	ClinVar	VCV000425556	https://www.ncbi.nlm.nih.gov/clinvar/variation/425556	2026-10-04	observed	criteria provided, single submitter				{}
CLI002084	ClinVar:VCV000425556	causes_condition	MONDO:0014470	ClinVar	VCV000425556	https://www.ncbi.nlm.nih.gov/clinvar/variation/425556	2026-10-04	observed	criteria provided, single submitter				"{""classification"": ""Pathogenic"", ""trait_name"": ""Autosomal dominant nonsyndromic hearing loss 65"", ""consequence"": ""missense""}"
CLI002085	ClinVar:VCV000422098	variant_of	HGNC:29203	ClinVar	VCV000422098	https://www.ncbi.nlm.nih.gov/clinvar/variation/422098	2026-10-04	observed	criteria provided, single submitter				{}
CLI002086	ClinVar:VCV000421795	variant_of	HGNC:29203	ClinVar	VCV000421795	https://www.ncbi.nlm.nih.gov/clinvar/variation/421795	2026-10-04	observed	criteria provided, multiple submitters, no conflicts				{}
CLI002087	ClinVar:VCV000421795	causes_condition	MONDO:0014470	ClinVar	VCV000421795	https://www.ncbi.nlm.nih.gov/clinvar/variation/421795	2026-10-04	observed	criteria provided, multiple submitters, no conflicts				"{""classification"": ""Pathogenic/Likely pathogenic"", ""trait_name"": ""Autosomal dominant nonsyndromic hearing loss 65"", ""consequence"": ""truncating""}"
CLI002088	ClinVar:VCV000421795	causes_condition	MONDO:0013826	ClinVar	VCV000421795	https://www.ncbi.nlm.nih.gov/clinvar/variation/421795	2026-10-04	observed	criteria provided, multiple submitters, no conflicts				"{""classification"": ""Pathogenic/Likely pathogenic"", ""trait_name"": ""Autosomal recessive nonsyndromic hearing loss 86"", ""consequence"": ""truncating""}"
CLI002089	ClinVar:VCV000421795	causes_condition	MONDO:0011970	ClinVar	VCV000421795	https://www.ncbi.nlm.nih.gov/clinvar/variation/421795	2026-10-04	observed	criteria provided, multiple submitters, no conflicts				"{""classification"": ""Pathogenic/Likely pathogenic"", ""trait_name"": ""Rolandic epilepsy-paroxysmal exercise-induced dystonia-writer's cramp syndrome"", ""consequence"": ""truncating""}"
CLI002090	ClinVar:VCV000421795	causes_condition	MONDO:0011506	ClinVar	VCV000421795	https://www.ncbi.nlm.nih.gov/clinvar/variation/421795	2026-10-04	observed	criteria provided, multiple submitters, no conflicts				"{""classification"": ""Pathogenic/Likely pathogenic"", ""trait_name"": ""Familial infantile myoclonic epilepsy"", ""consequence"": ""truncating""}"
CLI002091	ClinVar:VCV000421795	causes_condition	MONDO:0009079	ClinVar	VCV000421795	https://www.ncbi.nlm.nih.gov/clinvar/variation/421795	2026-10-04	observed	criteria provided, multiple submitters, no conflicts				"{""classification"": ""Pathogenic/Likely pathogenic"", ""trait_name"": ""DOORS syndrome"", ""consequence"": ""truncating""}"
CLI002092	ClinVar:VCV000421795	causes_condition	MONDO:0014133	ClinVar	VCV000421795	https://www.ncbi.nlm.nih.gov/clinvar/variation/421795	2026-10-04	observed	criteria provided, multiple submitters, no conflicts				"{""classification"": ""Pathogenic/Likely pathogenic"", ""trait_name"": ""Developmental and epileptic encephalopathy, 16"", ""consequence"": ""truncating""}"
CLI002093	ClinVar:VCV000421795	causes_condition	MONDO:0014470	ClinVar	VCV000421795	https://www.ncbi.nlm.nih.gov/clinvar/variation/421795	2026-10-04	observed	criteria provided, multiple submitters, no conflicts				"{""classification"": ""Pathogenic/Likely pathogenic"", ""trait_name"": ""Autosomal dominant nonsyndromic hearing loss 65"", ""consequence"": ""truncating""}"
CLI002094	ClinVar:VCV000419782	variant_of	HGNC:29203	ClinVar	VCV000419782	https://www.ncbi.nlm.nih.gov/clinvar/variation/419782	2026-10-04	observed	criteria provided, multiple submitters, no conflicts				{}
CLI002095	ClinVar:VCV000419782	causes_condition	MONDO:0014470	ClinVar	VCV000419782	https://www.ncbi.nlm.nih.gov/clinvar/variation/419782	2026-10-04	observed	criteria provided, multiple submitters, no conflicts				"{""classification"": ""Pathogenic"", ""trait_name"": ""Autosomal dominant nonsyndromic hearing loss 65"", ""consequence"": ""truncating""}"
CLI002096	ClinVar:VCV000419296	variant_of	HGNC:29203	ClinVar	VCV000419296	https://www.ncbi.nlm.nih.gov/clinvar/variation/419296	2026-10-04	observed	criteria provided, multiple submitters, no conflicts				{}
CLI002097	ClinVar:VCV000419296	causes_condition	MONDO:0011970	ClinVar	VCV000419296	https://www.ncbi.nlm.nih.gov/clinvar/variation/419296	2026-10-04	observed	criteria provided, multiple submitters, no conflicts				"{""classification"": ""Pathogenic/Likely pathogenic"", ""trait_name"": ""Rolandic epilepsy-paroxysmal exercise-induced dystonia-writer's cramp syndrome"", ""consequence"": ""missense""}"
CLI002098	ClinVar:VCV000419296	causes_condition	MONDO:0014470	ClinVar	VCV000419296	https://www.ncbi.nlm.nih.gov/clinvar/variation/419296	2026-10-04	observed	criteria provided, multiple submitters, no conflicts				"{""classification"": ""Pathogenic/Likely pathogenic"", ""trait_name"": ""Autosomal dominant nonsyndromic hearing loss 65"", ""consequence"": ""missense""}"
CLI002099	ClinVar:VCV000391688	variant_of	HGNC:29203	ClinVar	VCV000391688	https://www.ncbi.nlm.nih.gov/clinvar/variation/391688	2026-10-04	observed	criteria provided, multiple submitters, no conflicts				{}
CLI002100	ClinVar:VCV000391688	causes_condition	MONDO:0014470	ClinVar	VCV000391688	https://www.ncbi.nlm.nih.gov/clinvar/variation/391688	2026-10-04	observed	criteria provided, multiple submitters, no conflicts				"{""classification"": ""Likely pathogenic"", ""trait_name"": ""Autosomal dominant nonsyndromic hearing loss 65"", ""consequence"": ""missense""}"
CLI002101	ClinVar:VCV000391687	variant_of	HGNC:29203	ClinVar	VCV000391687	https://www.ncbi.nlm.nih.gov/clinvar/variation/391687	2026-10-04	observed	criteria provided, multiple submitters, no conflicts				{}
CLI002102	ClinVar:VCV000391687	causes_condition	MONDO:0014470	ClinVar	VCV000391687	https://www.ncbi.nlm.nih.gov/clinvar/variation/391687	2026-10-04	observed	criteria provided, multiple submitters, no conflicts				"{""classification"": ""Pathogenic"", ""trait_name"": ""Autosomal dominant nonsyndromic hearing loss 65"", ""consequence"": ""truncating""}"
CLI002103	ClinVar:VCV000236046	variant_of	HGNC:29203	ClinVar	VCV000236046	https://www.ncbi.nlm.nih.gov/clinvar/variation/236046	2026-10-04	observed	no assertion criteria provided				{}
CLI002104	ClinVar:VCV000236046	causes_condition	MONDO:0013826	ClinVar	VCV000236046	https://www.ncbi.nlm.nih.gov/clinvar/variation/236046	2026-10-04	observed	no assertion criteria provided				"{""classification"": ""Pathogenic"", ""trait_name"": ""Autosomal recessive nonsyndromic hearing loss 86"", ""consequence"": ""missense""}"
CLI002105	ClinVar:VCV000207516	variant_of	HGNC:29203	ClinVar	VCV000207516	https://www.ncbi.nlm.nih.gov/clinvar/variation/207516	2026-10-04	observed	criteria provided, single submitter				{}
CLI002106	ClinVar:VCV000207507	variant_of	HGNC:29203	ClinVar	VCV000207507	https://www.ncbi.nlm.nih.gov/clinvar/variation/207507	2026-10-04	observed	criteria provided, multiple submitters, no conflicts				{}
CLI002107	ClinVar:VCV000207507	causes_condition	MONDO:0014470	ClinVar	VCV000207507	https://www.ncbi.nlm.nih.gov/clinvar/variation/207507	2026-10-04	observed	criteria provided, multiple submitters, no conflicts				"{""classification"": ""Pathogenic"", ""trait_name"": ""Autosomal dominant nonsyndromic hearing loss 65"", ""consequence"": ""truncating""}"
CLI002108	ClinVar:VCV000207505	variant_of	HGNC:29203	ClinVar	VCV000207505	https://www.ncbi.nlm.nih.gov/clinvar/variation/207505	2026-10-04	observed	criteria provided, multiple submitters, no conflicts				{}
CLI002109	ClinVar:VCV000207505	causes_condition	MONDO:0014470	ClinVar	VCV000207505	https://www.ncbi.nlm.nih.gov/clinvar/variation/207505	2026-10-04	observed	criteria provided, multiple submitters, no conflicts				"{""classification"": ""Pathogenic/Likely pathogenic"", ""trait_name"": ""Autosomal dominant nonsyndromic hearing loss 65"", ""consequence"": ""missense""}"
CLI002110	ClinVar:VCV000207505	causes_condition	MONDO:0014133	ClinVar	VCV000207505	https://www.ncbi.nlm.nih.gov/clinvar/variation/207505	2026-10-04	observed	criteria provided, multiple submitters, no conflicts				"{""classification"": ""Pathogenic/Likely pathogenic"", ""trait_name"": ""Developmental and epileptic encephalopathy, 16"", ""consequence"": ""missense""}"
CLI002111	ClinVar:VCV000207505	causes_condition	MONDO:0009079	ClinVar	VCV000207505	https://www.ncbi.nlm.nih.gov/clinvar/variation/207505	2026-10-04	observed	criteria provided, multiple submitters, no conflicts				"{""classification"": ""Pathogenic/Likely pathogenic"", ""trait_name"": ""DOORS syndrome"", ""consequence"": ""missense""}"
CLI002112	ClinVar:VCV000207499	variant_of	HGNC:29203	ClinVar	VCV000207499	https://www.ncbi.nlm.nih.gov/clinvar/variation/207499	2026-10-04	observed	criteria provided, multiple submitters, no conflicts				{}
CLI002113	ClinVar:VCV000207499	causes_condition	MONDO:0014470	ClinVar	VCV000207499	https://www.ncbi.nlm.nih.gov/clinvar/variation/207499	2026-10-04	observed	criteria provided, multiple submitters, no conflicts				"{""classification"": ""Pathogenic/Likely pathogenic"", ""trait_name"": ""Autosomal dominant nonsyndromic hearing loss 65"", ""consequence"": ""missense""}"
CLI002114	ClinVar:VCV000207499	causes_condition	MONDO:0011506	ClinVar	VCV000207499	https://www.ncbi.nlm.nih.gov/clinvar/variation/207499	2026-10-04	observed	criteria provided, multiple submitters, no conflicts				"{""classification"": ""Pathogenic/Likely pathogenic"", ""trait_name"": ""Familial infantile myoclonic epilepsy"", ""consequence"": ""missense""}"
CLI002115	ClinVar:VCV000207499	causes_condition	MONDO:0014470	ClinVar	VCV000207499	https://www.ncbi.nlm.nih.gov/clinvar/variation/207499	2026-10-04	observed	criteria provided, multiple submitters, no conflicts				"{""classification"": ""Pathogenic/Likely pathogenic"", ""trait_name"": ""Autosomal dominant nonsyndromic hearing loss 65"", ""consequence"": ""missense""}"
CLI002116	ClinVar:VCV000207499	causes_condition	MONDO:0014133	ClinVar	VCV000207499	https://www.ncbi.nlm.nih.gov/clinvar/variation/207499	2026-10-04	observed	criteria provided, multiple submitters, no conflicts				"{""classification"": ""Pathogenic/Likely pathogenic"", ""trait_name"": ""Developmental and epileptic encephalopathy, 16"", ""consequence"": ""missense""}"
CLI002117	ClinVar:VCV000207499	causes_condition	MONDO:0013826	ClinVar	VCV000207499	https://www.ncbi.nlm.nih.gov/clinvar/variation/207499	2026-10-04	observed	criteria provided, multiple submitters, no conflicts				"{""classification"": ""Pathogenic/Likely pathogenic"", ""trait_name"": ""Autosomal recessive nonsyndromic hearing loss 86"", ""consequence"": ""missense""}"
CLI002118	ClinVar:VCV000207499	causes_condition	MONDO:0009079	ClinVar	VCV000207499	https://www.ncbi.nlm.nih.gov/clinvar/variation/207499	2026-10-04	observed	criteria provided, multiple submitters, no conflicts				"{""classification"": ""Pathogenic/Likely pathogenic"", ""trait_name"": ""DOORS syndrome"", ""consequence"": ""missense""}"
CLI002119	ClinVar:VCV000207499	causes_condition	MONDO:0014133	ClinVar	VCV000207499	https://www.ncbi.nlm.nih.gov/clinvar/variation/207499	2026-10-04	observed	criteria provided, multiple submitters, no conflicts				"{""classification"": ""Pathogenic/Likely pathogenic"", ""trait_name"": ""Developmental and epileptic encephalopathy, 16"", ""consequence"": ""missense""}"
CLI002120	ClinVar:VCV000207499	causes_condition	MONDO:0009079	ClinVar	VCV000207499	https://www.ncbi.nlm.nih.gov/clinvar/variation/207499	2026-10-04	observed	criteria provided, multiple submitters, no conflicts				"{""classification"": ""Pathogenic/Likely pathogenic"", ""trait_name"": ""DOORS syndrome"", ""consequence"": ""missense""}"
CLI002121	ClinVar:VCV000207499	causes_condition	MONDO:0011506	ClinVar	VCV000207499	https://www.ncbi.nlm.nih.gov/clinvar/variation/207499	2026-10-04	observed	criteria provided, multiple submitters, no conflicts				"{""classification"": ""Pathogenic/Likely pathogenic"", ""trait_name"": ""Familial infantile myoclonic epilepsy"", ""consequence"": ""missense""}"
CLI002122	ClinVar:VCV000183156	variant_of	HGNC:29203	ClinVar	VCV000183156	https://www.ncbi.nlm.nih.gov/clinvar/variation/183156	2026-10-04	observed	criteria provided, single submitter				{}
CLI002123	ClinVar:VCV000183155	variant_of	HGNC:29203	ClinVar	VCV000183155	https://www.ncbi.nlm.nih.gov/clinvar/variation/183155	2026-10-04	observed	criteria provided, single submitter				{}
CLI002124	ClinVar:VCV000183155	causes_condition	MONDO:0009079	ClinVar	VCV000183155	https://www.ncbi.nlm.nih.gov/clinvar/variation/183155	2026-10-04	observed	criteria provided, single submitter				"{""classification"": ""Pathogenic"", ""trait_name"": ""DOORS syndrome"", ""consequence"": ""missense""}"
CLI002125	ClinVar:VCV000183153	variant_of	HGNC:29203	ClinVar	VCV000183153	https://www.ncbi.nlm.nih.gov/clinvar/variation/183153	2026-10-04	observed	no assertion criteria provided				{}
CLI002126	ClinVar:VCV000183153	causes_condition	MONDO:0009079	ClinVar	VCV000183153	https://www.ncbi.nlm.nih.gov/clinvar/variation/183153	2026-10-04	observed	no assertion criteria provided				"{""classification"": ""Pathogenic"", ""trait_name"": ""DOORS syndrome"", ""consequence"": ""missense""}"
CLI002127	ClinVar:VCV000183152	variant_of	HGNC:29203	ClinVar	VCV000183152	https://www.ncbi.nlm.nih.gov/clinvar/variation/183152	2026-10-04	observed	criteria provided, multiple submitters, no conflicts				{}
CLI002128	ClinVar:VCV000183152	causes_condition	MONDO:0014470	ClinVar	VCV000183152	https://www.ncbi.nlm.nih.gov/clinvar/variation/183152	2026-10-04	observed	criteria provided, multiple submitters, no conflicts				"{""classification"": ""Pathogenic/Likely pathogenic"", ""trait_name"": ""Autosomal dominant nonsyndromic hearing loss 65"", ""consequence"": ""missense""}"
CLI002129	ClinVar:VCV000183152	causes_condition	MONDO:0009079	ClinVar	VCV000183152	https://www.ncbi.nlm.nih.gov/clinvar/variation/183152	2026-10-04	observed	criteria provided, multiple submitters, no conflicts				"{""classification"": ""Pathogenic/Likely pathogenic"", ""trait_name"": ""DOORS syndrome"", ""consequence"": ""missense""}"
CLI002130	ClinVar:VCV000133246	variant_of	HGNC:29203	ClinVar	VCV000133246	https://www.ncbi.nlm.nih.gov/clinvar/variation/133246	2026-10-04	observed	criteria provided, multiple submitters, no conflicts				{}
CLI002131	ClinVar:VCV000133246	causes_condition	MONDO:0014470	ClinVar	VCV000133246	https://www.ncbi.nlm.nih.gov/clinvar/variation/133246	2026-10-04	observed	criteria provided, multiple submitters, no conflicts				"{""classification"": ""Pathogenic/Likely pathogenic"", ""trait_name"": ""Autosomal dominant nonsyndromic hearing loss 65"", ""consequence"": ""missense""}"
CLI002132	ClinVar:VCV000133246	causes_condition	MONDO:0014470	ClinVar	VCV000133246	https://www.ncbi.nlm.nih.gov/clinvar/variation/133246	2026-10-04	observed	criteria provided, multiple submitters, no conflicts				"{""classification"": ""Pathogenic/Likely pathogenic"", ""trait_name"": ""Autosomal dominant nonsyndromic hearing loss 65"", ""consequence"": ""missense""}"
CLI002133	ClinVar:VCV000100678	variant_of	HGNC:29203	ClinVar	VCV000100678	https://www.ncbi.nlm.nih.gov/clinvar/variation/100678	2026-10-04	observed	no assertion criteria provided				{}
CLI002134	ClinVar:VCV000100678	causes_condition	MONDO:0013826	ClinVar	VCV000100678	https://www.ncbi.nlm.nih.gov/clinvar/variation/100678	2026-10-04	observed	no assertion criteria provided				"{""classification"": ""Pathogenic"", ""trait_name"": ""Autosomal recessive nonsyndromic hearing loss 86"", ""consequence"": ""missense""}"
CLI002135	ClinVar:VCV000100677	variant_of	HGNC:29203	ClinVar	VCV000100677	https://www.ncbi.nlm.nih.gov/clinvar/variation/100677	2026-10-04	observed	no assertion criteria provided				{}
CLI002136	ClinVar:VCV000100677	causes_condition	MONDO:0013826	ClinVar	VCV000100677	https://www.ncbi.nlm.nih.gov/clinvar/variation/100677	2026-10-04	observed	no assertion criteria provided				"{""classification"": ""Pathogenic"", ""trait_name"": ""Autosomal recessive nonsyndromic hearing loss 86"", ""consequence"": ""missense""}"
CLI002137	ClinVar:VCV000091399	variant_of	HGNC:29203	ClinVar	VCV000091399	https://www.ncbi.nlm.nih.gov/clinvar/variation/91399	2026-10-04	observed	criteria provided, single submitter				{}
CLI002138	ClinVar:VCV000091399	causes_condition	MONDO:0009079	ClinVar	VCV000091399	https://www.ncbi.nlm.nih.gov/clinvar/variation/91399	2026-10-04	observed	criteria provided, single submitter				"{""classification"": ""Pathogenic"", ""trait_name"": ""DOORS syndrome"", ""consequence"": ""other""}"
CLI002139	ClinVar:VCV000091398	variant_of	HGNC:29203	ClinVar	VCV000091398	https://www.ncbi.nlm.nih.gov/clinvar/variation/91398	2026-10-04	observed	criteria provided, multiple submitters, no conflicts				{}
CLI002140	ClinVar:VCV000091398	causes_condition	MONDO:0014470	ClinVar	VCV000091398	https://www.ncbi.nlm.nih.gov/clinvar/variation/91398	2026-10-04	observed	criteria provided, multiple submitters, no conflicts				"{""classification"": ""Pathogenic"", ""trait_name"": ""Autosomal dominant nonsyndromic hearing loss 65"", ""consequence"": ""truncating""}"
CLI002141	ClinVar:VCV000091398	causes_condition	MONDO:0014133	ClinVar	VCV000091398	https://www.ncbi.nlm.nih.gov/clinvar/variation/91398	2026-10-04	observed	criteria provided, multiple submitters, no conflicts				"{""classification"": ""Pathogenic"", ""trait_name"": ""Developmental and epileptic encephalopathy, 16"", ""consequence"": ""truncating""}"
CLI002142	ClinVar:VCV000091398	causes_condition	MONDO:0014470	ClinVar	VCV000091398	https://www.ncbi.nlm.nih.gov/clinvar/variation/91398	2026-10-04	observed	criteria provided, multiple submitters, no conflicts				"{""classification"": ""Pathogenic"", ""trait_name"": ""Autosomal dominant nonsyndromic hearing loss 65"", ""consequence"": ""truncating""}"
CLI002143	ClinVar:VCV000091398	causes_condition	MONDO:0009079	ClinVar	VCV000091398	https://www.ncbi.nlm.nih.gov/clinvar/variation/91398	2026-10-04	observed	criteria provided, multiple submitters, no conflicts				"{""classification"": ""Pathogenic"", ""trait_name"": ""DOORS syndrome"", ""consequence"": ""truncating""}"
CLI002144	ClinVar:VCV000091397	variant_of	HGNC:29203	ClinVar	VCV000091397	https://www.ncbi.nlm.nih.gov/clinvar/variation/91397	2026-10-04	observed	criteria provided, single submitter				{}
CLI002145	ClinVar:VCV000091397	causes_condition	MONDO:0009079	ClinVar	VCV000091397	https://www.ncbi.nlm.nih.gov/clinvar/variation/91397	2026-10-04	observed	criteria provided, single submitter				"{""classification"": ""Pathogenic"", ""trait_name"": ""DOORS syndrome"", ""consequence"": ""missense""}"
CLI002146	ClinVar:VCV000091395	variant_of	HGNC:29203	ClinVar	VCV000091395	https://www.ncbi.nlm.nih.gov/clinvar/variation/91395	2026-10-04	observed	criteria provided, multiple submitters, no conflicts				{}
CLI002147	ClinVar:VCV000091395	causes_condition	MONDO:0014470	ClinVar	VCV000091395	https://www.ncbi.nlm.nih.gov/clinvar/variation/91395	2026-10-04	observed	criteria provided, multiple submitters, no conflicts				"{""classification"": ""Pathogenic/Likely pathogenic"", ""trait_name"": ""Autosomal dominant nonsyndromic hearing loss 65"", ""consequence"": ""missense""}"
CLI002148	ClinVar:VCV000091395	causes_condition	MONDO:0014133	ClinVar	VCV000091395	https://www.ncbi.nlm.nih.gov/clinvar/variation/91395	2026-10-04	observed	criteria provided, multiple submitters, no conflicts				"{""classification"": ""Pathogenic/Likely pathogenic"", ""trait_name"": ""Developmental and epileptic encephalopathy, 16"", ""consequence"": ""missense""}"
CLI002149	ClinVar:VCV000091395	causes_condition	MONDO:0009079	ClinVar	VCV000091395	https://www.ncbi.nlm.nih.gov/clinvar/variation/91395	2026-10-04	observed	criteria provided, multiple submitters, no conflicts				"{""classification"": ""Pathogenic/Likely pathogenic"", ""trait_name"": ""DOORS syndrome"", ""consequence"": ""missense""}"
CLI002150	ClinVar:VCV000056847	variant_of	HGNC:29203	ClinVar	VCV000056847	https://www.ncbi.nlm.nih.gov/clinvar/variation/56847	2026-10-04	observed	criteria provided, single submitter				{}
CLI002151	ClinVar:VCV000056847	causes_condition	MONDO:0014470	ClinVar	VCV000056847	https://www.ncbi.nlm.nih.gov/clinvar/variation/56847	2026-10-04	observed	criteria provided, single submitter				"{""classification"": ""Pathogenic"", ""trait_name"": ""Autosomal dominant nonsyndromic hearing loss 65"", ""consequence"": ""truncating""}"
CLI002152	ClinVar:VCV000056846	variant_of	HGNC:29203	ClinVar	VCV000056846	https://www.ncbi.nlm.nih.gov/clinvar/variation/56846	2026-10-04	observed	criteria provided, multiple submitters, no conflicts				{}
CLI002153	ClinVar:VCV000056846	causes_condition	MONDO:0014470	ClinVar	VCV000056846	https://www.ncbi.nlm.nih.gov/clinvar/variation/56846	2026-10-04	observed	criteria provided, multiple submitters, no conflicts				"{""classification"": ""Pathogenic"", ""trait_name"": ""Autosomal dominant nonsyndromic hearing loss 65"", ""consequence"": ""missense""}"
CLI002154	ClinVar:VCV000056846	causes_condition	MONDO:0014133	ClinVar	VCV000056846	https://www.ncbi.nlm.nih.gov/clinvar/variation/56846	2026-10-04	observed	criteria provided, multiple submitters, no conflicts				"{""classification"": ""Pathogenic"", ""trait_name"": ""Developmental and epileptic encephalopathy, 16"", ""consequence"": ""missense""}"
CLI002155	ClinVar:VCV000056845	variant_of	HGNC:29203	ClinVar	VCV000056845	https://www.ncbi.nlm.nih.gov/clinvar/variation/56845	2026-10-04	observed	no assertion criteria provided				{}
CLI002156	ClinVar:VCV000056845	causes_condition	MONDO:0014133	ClinVar	VCV000056845	https://www.ncbi.nlm.nih.gov/clinvar/variation/56845	2026-10-04	observed	no assertion criteria provided				"{""classification"": ""Pathogenic"", ""trait_name"": ""Developmental and epileptic encephalopathy, 16"", ""consequence"": ""other""}"
CLI002157	ClinVar:VCV000000050	variant_of	HGNC:29203	ClinVar	VCV000000050	https://www.ncbi.nlm.nih.gov/clinvar/variation/50	2026-10-04	observed	no assertion criteria provided				{}
CLI002158	ClinVar:VCV000000050	causes_condition	MONDO:0011506	ClinVar	VCV000000050	https://www.ncbi.nlm.nih.gov/clinvar/variation/50	2026-10-04	observed	no assertion criteria provided				"{""classification"": ""Pathogenic"", ""trait_name"": ""Familial infantile myoclonic epilepsy"", ""consequence"": ""missense""}"
CLI002159	ClinVar:VCV000000048	variant_of	HGNC:29203	ClinVar	VCV000000048	https://www.ncbi.nlm.nih.gov/clinvar/variation/48	2026-10-04	observed	criteria provided, multiple submitters, no conflicts				{}
CLI002160	ClinVar:VCV000000048	causes_condition	MONDO:0014470	ClinVar	VCV000000048	https://www.ncbi.nlm.nih.gov/clinvar/variation/48	2026-10-04	observed	criteria provided, multiple submitters, no conflicts				"{""classification"": ""Pathogenic"", ""trait_name"": ""Autosomal dominant nonsyndromic hearing loss 65"", ""consequence"": ""missense""}"
CLI002161	HGNC:29203	mechanism_suggested_by_variant_spectrum	MECH:loss_of_function	ClinVar variant spectrum	TBC1D24[gene] P/LP	https://www.ncbi.nlm.nih.gov/clinvar/?term=TBC1D24%5Bgene%5D	2026-10-04	inferred	truncating share	0.85			"{""n_pathogenic"": 110, ""n_truncating"": 72, ""n_missense"": 34, ""truncating_share"": 0.65, ""rule"": ""truncating share >= 0.30 suggests loss of function; below that, missense variants dominate and the mechanism needs papers""}"
CLI002162	ClinVar:VCV004850703	variant_of	HGNC:16831	ClinVar	VCV004850703	https://www.ncbi.nlm.nih.gov/clinvar/variation/4850703	2026-10-04	observed	criteria provided, single submitter				{}
CLI002163	ClinVar:VCV004850703	causes_condition	MONDO:0957542	ClinVar	VCV004850703	https://www.ncbi.nlm.nih.gov/clinvar/variation/4850703	2026-10-04	observed	criteria provided, single submitter				"{""classification"": ""Likely pathogenic"", ""trait_name"": ""Dystonia 22, adult-onset"", ""consequence"": ""truncating""}"
CLI002164	ClinVar:VCV004849373	variant_of	HGNC:16831	ClinVar	VCV004849373	https://www.ncbi.nlm.nih.gov/clinvar/variation/4849373	2026-10-04	observed	criteria provided, single submitter				{}
CLI002165	ClinVar:VCV004849373	causes_condition	MONDO:0957542	ClinVar	VCV004849373	https://www.ncbi.nlm.nih.gov/clinvar/variation/4849373	2026-10-04	observed	criteria provided, single submitter				"{""classification"": ""Likely pathogenic"", ""trait_name"": ""Dystonia 22, adult-onset"", ""consequence"": ""truncating""}"
CLI002166	ClinVar:VCV004849373	causes_condition	MONDO:0957539	ClinVar	VCV004849373	https://www.ncbi.nlm.nih.gov/clinvar/variation/4849373	2026-10-04	observed	criteria provided, single submitter				"{""classification"": ""Likely pathogenic"", ""trait_name"": ""Dystonia 22, juvenile-onset"", ""consequence"": ""truncating""}"
CLI002167	ClinVar:VCV004070522	variant_of	HGNC:16831	ClinVar	VCV004070522	https://www.ncbi.nlm.nih.gov/clinvar/variation/4070522	2026-10-04	observed	criteria provided, single submitter				{}
CLI002168	ClinVar:VCV004070522	causes_condition	MONDO:0957539	ClinVar	VCV004070522	https://www.ncbi.nlm.nih.gov/clinvar/variation/4070522	2026-10-04	observed	criteria provided, single submitter				"{""classification"": ""Likely pathogenic"", ""trait_name"": ""Dystonia 22, juvenile-onset"", ""consequence"": ""truncating""}"
CLI002169	ClinVar:VCV002575977	variant_of	HGNC:16831	ClinVar	VCV002575977	https://www.ncbi.nlm.nih.gov/clinvar/variation/2575977	2026-10-04	observed	criteria provided, single submitter				{}
CLI002170	ClinVar:VCV002574617	variant_of	HGNC:16831	ClinVar	VCV002574617	https://www.ncbi.nlm.nih.gov/clinvar/variation/2574617	2026-10-04	observed	no assertion criteria provided				{}
CLI002171	ClinVar:VCV002574617	causes_condition	MONDO:0957539	ClinVar	VCV002574617	https://www.ncbi.nlm.nih.gov/clinvar/variation/2574617	2026-10-04	observed	no assertion criteria provided				"{""classification"": ""Pathogenic"", ""trait_name"": ""Dystonia 22, juvenile-onset"", ""consequence"": ""truncating""}"
CLI002172	ClinVar:VCV002498299	variant_of	HGNC:16831	ClinVar	VCV002498299	https://www.ncbi.nlm.nih.gov/clinvar/variation/2498299	2026-10-04	observed	criteria provided, single submitter				{}
CLI002173	ClinVar:VCV004933594	variant_of	HGNC:12643	ClinVar	VCV004933594	https://www.ncbi.nlm.nih.gov/clinvar/variation/4933594	2026-10-04	observed	criteria provided, single submitter				{}
CLI002174	ClinVar:VCV004528360	variant_of	HGNC:12643	ClinVar	VCV004528360	https://www.ncbi.nlm.nih.gov/clinvar/variation/4528360	2026-10-04	observed	criteria provided, single submitter				{}
CLI002175	ClinVar:VCV004528360	causes_condition	MONDO:0032900	ClinVar	VCV004528360	https://www.ncbi.nlm.nih.gov/clinvar/variation/4528360	2026-10-04	observed	criteria provided, single submitter				"{""classification"": ""Likely pathogenic"", ""trait_name"": ""Neurodevelopmental disorder with hypotonia and autistic features with or without hyperkinetic movements"", ""consequence"": ""missense""}"
CLI002176	ClinVar:VCV004055786	variant_of	HGNC:12643	ClinVar	VCV004055786	https://www.ncbi.nlm.nih.gov/clinvar/variation/4055786	2026-10-04	observed	criteria provided, single submitter				{}
CLI002177	ClinVar:VCV003068556	variant_of	HGNC:12643	ClinVar	VCV003068556	https://www.ncbi.nlm.nih.gov/clinvar/variation/3068556	2026-10-04	observed	criteria provided, single submitter				{}
CLI002178	ClinVar:VCV003068556	causes_condition	MONDO:0032900	ClinVar	VCV003068556	https://www.ncbi.nlm.nih.gov/clinvar/variation/3068556	2026-10-04	observed	criteria provided, single submitter				"{""classification"": ""Likely pathogenic"", ""trait_name"": ""Neurodevelopmental disorder with hypotonia and autistic features with or without hyperkinetic movements"", ""consequence"": ""truncating""}"
CLI002179	ClinVar:VCV000929464	variant_of	HGNC:12643	ClinVar	VCV000929464	https://www.ncbi.nlm.nih.gov/clinvar/variation/929464	2026-10-04	observed	criteria provided, single submitter				{}
CLI002180	ClinVar:VCV000929463	variant_of	HGNC:12643	ClinVar	VCV000929463	https://www.ncbi.nlm.nih.gov/clinvar/variation/929463	2026-10-04	observed	criteria provided, single submitter				{}
CLI002181	ClinVar:VCV000929462	variant_of	HGNC:12643	ClinVar	VCV000929462	https://www.ncbi.nlm.nih.gov/clinvar/variation/929462	2026-10-04	observed	criteria provided, single submitter				{}
CLI002182	ClinVar:VCV000929461	variant_of	HGNC:12643	ClinVar	VCV000929461	https://www.ncbi.nlm.nih.gov/clinvar/variation/929461	2026-10-04	observed	criteria provided, single submitter				{}
CLI002183	ClinVar:VCV000929460	variant_of	HGNC:12643	ClinVar	VCV000929460	https://www.ncbi.nlm.nih.gov/clinvar/variation/929460	2026-10-04	observed	criteria provided, single submitter				{}
CLI002184	ClinVar:VCV000810679	variant_of	HGNC:12643	ClinVar	VCV000810679	https://www.ncbi.nlm.nih.gov/clinvar/variation/810679	2026-10-04	observed	no assertion criteria provided				{}
CLI002185	ClinVar:VCV000810679	causes_condition	MONDO:0032900	ClinVar	VCV000810679	https://www.ncbi.nlm.nih.gov/clinvar/variation/810679	2026-10-04	observed	no assertion criteria provided				"{""classification"": ""Pathogenic"", ""trait_name"": ""Neurodevelopmental disorder with hypotonia and autistic features with or without hyperkinetic movements"", ""consequence"": ""other""}"
CLI002186	ClinVar:VCV000810677	variant_of	HGNC:12643	ClinVar	VCV000810677	https://www.ncbi.nlm.nih.gov/clinvar/variation/810677	2026-10-04	observed	no assertion criteria provided				{}
CLI002187	ClinVar:VCV000810677	causes_condition	MONDO:0032900	ClinVar	VCV000810677	https://www.ncbi.nlm.nih.gov/clinvar/variation/810677	2026-10-04	observed	no assertion criteria provided				"{""classification"": ""Pathogenic"", ""trait_name"": ""Neurodevelopmental disorder with hypotonia and autistic features with or without hyperkinetic movements"", ""consequence"": ""missense""}"
CLI002188	ClinVar:VCV000810676	variant_of	HGNC:12643	ClinVar	VCV000810676	https://www.ncbi.nlm.nih.gov/clinvar/variation/810676	2026-10-04	observed	no assertion criteria provided				{}
CLI002189	ClinVar:VCV000810676	causes_condition	MONDO:0032900	ClinVar	VCV000810676	https://www.ncbi.nlm.nih.gov/clinvar/variation/810676	2026-10-04	observed	no assertion criteria provided				"{""classification"": ""Pathogenic"", ""trait_name"": ""Neurodevelopmental disorder with hypotonia and autistic features with or without hyperkinetic movements"", ""consequence"": ""missense""}"
CLI002190	ClinVar:VCV000810675	variant_of	HGNC:12643	ClinVar	VCV000810675	https://www.ncbi.nlm.nih.gov/clinvar/variation/810675	2026-10-04	observed	no assertion criteria provided				{}
CLI002191	ClinVar:VCV000810675	causes_condition	MONDO:0032900	ClinVar	VCV000810675	https://www.ncbi.nlm.nih.gov/clinvar/variation/810675	2026-10-04	observed	no assertion criteria provided				"{""classification"": ""Pathogenic"", ""trait_name"": ""Neurodevelopmental disorder with hypotonia and autistic features with or without hyperkinetic movements"", ""consequence"": ""missense""}"
CLI002192	ClinVar:VCV000666257	variant_of	HGNC:12643	ClinVar	VCV000666257	https://www.ncbi.nlm.nih.gov/clinvar/variation/666257	2026-10-04	observed	criteria provided, single submitter				{}
CLI002193	HGNC:12643	mechanism_suggested_by_variant_spectrum	MECH:loss_of_function	ClinVar variant spectrum	VAMP2[gene] P/LP	https://www.ncbi.nlm.nih.gov/clinvar/?term=VAMP2%5Bgene%5D	2026-10-04	inferred	truncating share	0.56			"{""n_pathogenic"": 14, ""n_truncating"": 5, ""n_missense"": 8, ""truncating_share"": 0.36, ""rule"": ""truncating share >= 0.30 suggests loss of function; below that, missense variants dominate and the mechanism needs papers""}"
