id	type	name	attributes
ClinVar:VCV000000048	variant	NM_001199107.2(TBC1D24):c.439G>C (p.Asp147His)	"{""consequence"": [""missense variant""], ""protein_change"": ""D147H"", ""classification"": ""Pathogenic""}"
ClinVar:VCV000000050	variant	NM_001199107.2(TBC1D24):c.751T>C (p.Phe251Leu)	"{""consequence"": [""missense variant""], ""protein_change"": ""F251L"", ""classification"": ""Pathogenic""}"
ClinVar:VCV000006726	variant	NM_001032221.6(STXBP1):c.1631G>A (p.Gly544Asp)	"{""consequence"": [""missense variant""], ""protein_change"": ""G544D, G508D, G530D, G541D"", ""classification"": ""Pathogenic""}"
ClinVar:VCV000006727	variant	NM_001032221.6(STXBP1):c.539G>A (p.Cys180Tyr)	"{""consequence"": [""missense variant""], ""protein_change"": ""C180Y, C166Y, C177Y"", ""classification"": ""Pathogenic""}"
ClinVar:VCV000006728	variant	NM_001032221.6(STXBP1):c.1328T>G (p.Met443Arg)	"{""consequence"": [""missense variant""], ""protein_change"": ""M443R, M407R, M429R, M440R"", ""classification"": ""Pathogenic""}"
ClinVar:VCV000006729	variant	NM_001032221.6(STXBP1):c.251T>A (p.Val84Asp)	"{""consequence"": [""missense variant""], ""protein_change"": ""V84D, V70D"", ""classification"": ""Pathogenic""}"
ClinVar:VCV000006730	variant	NM_001032221.6(STXBP1):c.1162C>T (p.Arg388Ter)	"{""consequence"": [""nonsense""], ""protein_change"": ""R388*, R352*, R374*, R385*"", ""classification"": ""Pathogenic""}"
ClinVar:VCV000006731	variant	NM_001032221.6(STXBP1):c.169+1G>A	"{""consequence"": [""splice donor variant""], ""protein_change"": """", ""classification"": ""Pathogenic""}"
ClinVar:VCV000011530	variant	NM_001367721.1(CASK):c.1915C>T (p.Arg639Ter)	"{""consequence"": [""nonsense""], ""protein_change"": ""R639*, R610*, R616*, R633*"", ""classification"": ""Pathogenic""}"
ClinVar:VCV000011531	variant	NM_001367721.1(CASK):c.915G>A (p.Lys305=)	"{""consequence"": [""synonymous variant""], ""protein_change"": """", ""classification"": ""Pathogenic""}"
ClinVar:VCV000011532	variant	NM_001367721.1(CASK):c.83G>T (p.Arg28Leu)	"{""consequence"": [""missense variant""], ""protein_change"": ""R28L"", ""classification"": ""Pathogenic""}"
ClinVar:VCV000011534	variant	NM_001367721.1(CASK):c.2129A>G (p.Asp710Gly)	"{""consequence"": [""missense variant""], ""protein_change"": ""D710G, D681G, D687G, D704G"", ""classification"": ""Likely pathogenic""}"
ClinVar:VCV000029937	variant	NM_001367721.1(CASK):c.2183A>G (p.Tyr728Cys)	"{""consequence"": [""missense variant""], ""protein_change"": ""Y728C, Y723C, Y700C, Y699C, Y722C"", ""classification"": ""Likely pathogenic""}"
ClinVar:VCV000029939	variant	NM_001367721.1(CASK):c.316C>T (p.Arg106Ter)	"{""consequence"": [""nonsense""], ""protein_change"": ""R106*"", ""classification"": ""Pathogenic""}"
ClinVar:VCV000029941	variant	NM_001367721.1(CASK):c.1639C>T (p.Gln547Ter)	"{""consequence"": [""nonsense""], ""protein_change"": ""Q547*, Q541*"", ""classification"": ""Pathogenic""}"
ClinVar:VCV000030123	variant	NM_001330260.2(SCN8A):c.5302A>G (p.Asn1768Asp)	"{""consequence"": [""missense variant""], ""protein_change"": ""N1768D, N1727D"", ""classification"": ""Pathogenic""}"
ClinVar:VCV000056845	variant	NM_001199107.1(TBC1D24):c.969_970delGT	"{""consequence"": [""intron variant""], ""protein_change"": """", ""classification"": ""Pathogenic""}"
ClinVar:VCV000056846	variant	NM_001199107.2(TBC1D24):c.686T>C (p.Phe229Ser)	"{""consequence"": [""missense variant""], ""protein_change"": ""F229S"", ""classification"": ""Pathogenic""}"
ClinVar:VCV000056847	variant	NM_001199107.2(TBC1D24):c.468C>A (p.Cys156Ter)	"{""consequence"": [""nonsense""], ""protein_change"": ""C156*"", ""classification"": ""Pathogenic""}"
ClinVar:VCV000060709	variant	NM_001330260.2(SCN8A):c.3991C>G (p.Leu1331Val)	"{""consequence"": [""missense variant""], ""protein_change"": ""L1290V, L1331V"", ""classification"": ""Pathogenic""}"
ClinVar:VCV000091395	variant	NM_001199107.2(TBC1D24):c.724C>T (p.Arg242Cys)	"{""consequence"": [""missense variant""], ""protein_change"": ""R242C"", ""classification"": ""Pathogenic/Likely pathogenic""}"
ClinVar:VCV000091397	variant	NM_001199107.2(TBC1D24):c.58C>G (p.Gln20Glu)	"{""consequence"": [""missense variant""], ""protein_change"": ""Q20E"", ""classification"": ""Pathogenic""}"
ClinVar:VCV000091398	variant	NM_001199107.2(TBC1D24):c.1008del (p.His336fs)	"{""consequence"": [""frameshift variant""], ""protein_change"": ""H330fs, H336fs"", ""classification"": ""Pathogenic""}"
ClinVar:VCV000091399	variant	NM_001199107.2(TBC1D24):c.1206+5G>A	"{""consequence"": [""intron variant""], ""protein_change"": """", ""classification"": ""Pathogenic""}"
ClinVar:VCV000100677	variant	NM_001199107.2(TBC1D24):c.208G>T (p.Asp70Tyr)	"{""consequence"": [""missense variant""], ""protein_change"": ""D70Y"", ""classification"": ""Pathogenic""}"
ClinVar:VCV000100678	variant	NM_001199107.2(TBC1D24):c.878G>C (p.Arg293Pro)	"{""consequence"": [""missense variant""], ""protein_change"": ""R293P"", ""classification"": ""Pathogenic""}"
ClinVar:VCV000127076	variant	NM_001032221.6(STXBP1):c.847G>A (p.Glu283Lys)	"{""consequence"": [""missense variant"", ""intron variant""], ""protein_change"": ""E283K, E269K, E280K"", ""classification"": ""Pathogenic/Likely pathogenic""}"
ClinVar:VCV000130249	variant	NM_001330260.2(SCN8A):c.4774G>C (p.Val1592Leu)	"{""consequence"": [""missense variant""], ""protein_change"": ""V1592L, V1551L"", ""classification"": ""Likely pathogenic""}"
ClinVar:VCV000133246	variant	NM_001199107.2(TBC1D24):c.533C>T (p.Ser178Leu)	"{""consequence"": [""missense variant""], ""protein_change"": ""S178L"", ""classification"": ""Pathogenic/Likely pathogenic""}"
ClinVar:VCV000135651	variant	NM_001330260.2(SCN8A):c.2549G>A (p.Arg850Gln)	"{""consequence"": [""missense variant""], ""protein_change"": ""R850Q"", ""classification"": ""Pathogenic/Likely pathogenic""}"
ClinVar:VCV000149157	variant	GRCh38/hg38 Xp11.4(chrX:41787211-41795764)x1	"{""consequence"": [], ""protein_change"": """", ""classification"": ""Likely pathogenic""}"
ClinVar:VCV000155082	variant	GRCh38/hg38 Xp11.4(chrX:41736613-41807412)x2	"{""consequence"": [], ""protein_change"": """", ""classification"": ""Likely pathogenic""}"
ClinVar:VCV000156106	variant	NM_001330260.2(SCN8A):c.4850G>A (p.Arg1617Gln)	"{""consequence"": [""missense variant""], ""protein_change"": ""R1617Q, R1576Q"", ""classification"": ""Pathogenic""}"
ClinVar:VCV000156107	variant	NM_001330260.2(SCN8A):c.4398C>A (p.Asn1466Lys)	"{""consequence"": [""missense variant""], ""protein_change"": ""N1466K, N1425K"", ""classification"": ""Pathogenic""}"
ClinVar:VCV000156108	variant	NM_001330260.2(SCN8A):c.4397A>C (p.Asn1466Thr)	"{""consequence"": [""missense variant""], ""protein_change"": ""N1466T, N1425T"", ""classification"": ""Pathogenic""}"
ClinVar:VCV000158066	variant	NM_001367721.1(CASK):c.1644_1645del (p.Val549fs)	"{""consequence"": [""frameshift variant""], ""protein_change"": ""V543fs, V549fs"", ""classification"": ""Pathogenic""}"
ClinVar:VCV000158069	variant	NM_001367721.1(CASK):c.2041C>T (p.Arg681Ter)	"{""consequence"": [""nonsense""], ""protein_change"": ""R681*, R658*, R652*, R675*"", ""classification"": ""Pathogenic""}"
ClinVar:VCV000158070	variant	NM_001367721.1(CASK):c.2074C>T (p.Gln692Ter)	"{""consequence"": [""nonsense""], ""protein_change"": ""Q692*, Q663*, Q669*, Q686*"", ""classification"": ""Pathogenic/Likely pathogenic""}"
ClinVar:VCV000158071	variant	NM_001367721.1(CASK):c.20_27del (p.Leu7fs)	"{""consequence"": [""frameshift variant""], ""protein_change"": ""L7fs"", ""classification"": ""Pathogenic""}"
ClinVar:VCV000158074	variant	NM_001367721.1(CASK):c.2485C>T (p.Gln829Ter)	"{""consequence"": [""nonsense""], ""protein_change"": ""Q824*, Q800*, Q829*, Q801*, Q823*"", ""classification"": ""Pathogenic""}"
ClinVar:VCV000158077	variant	NM_001367721.1(CASK):c.430-2A>T	"{""consequence"": [""splice acceptor variant""], ""protein_change"": """", ""classification"": ""Pathogenic""}"
ClinVar:VCV000158082	variant	NM_001367721.1(CASK):c.708+1G>A	"{""consequence"": [""splice donor variant""], ""protein_change"": """", ""classification"": ""Pathogenic""}"
ClinVar:VCV000158086	variant	NM_001367721.1(CASK):c.82C>T (p.Arg28Ter)	"{""consequence"": [""nonsense""], ""protein_change"": ""R28*"", ""classification"": ""Pathogenic""}"
ClinVar:VCV000158087	variant	NM_001367721.1(CASK):c.880C>T (p.Gln294Ter)	"{""consequence"": [""nonsense""], ""protein_change"": ""Q294*"", ""classification"": ""Pathogenic""}"
ClinVar:VCV000160070	variant	NM_001032221.6(STXBP1):c.734A>G (p.His245Arg)	"{""consequence"": [""missense variant""], ""protein_change"": ""H245R, H231R, H242R"", ""classification"": ""Pathogenic""}"
ClinVar:VCV000160071	variant	NM_001032221.6(STXBP1):c.754_755del (p.Met252fs)	"{""consequence"": [""frameshift variant""], ""protein_change"": ""M252fs, M238fs, M249fs"", ""classification"": ""Pathogenic""}"
ClinVar:VCV000160073	variant	NM_001032221.6(STXBP1):c.433T>C (p.Tyr145His)	"{""consequence"": [""missense variant""], ""protein_change"": ""Y145H, Y131H, Y142H"", ""classification"": ""Likely pathogenic""}"
ClinVar:VCV000162015	variant	NM_014191.4(SCN8A):c.667A>G (p.Arg223Gly)	"{""consequence"": [""missense variant"", ""intron variant""], ""protein_change"": ""R223G"", ""classification"": ""Likely pathogenic""}"
ClinVar:VCV000167725	variant	NM_001032221.6(STXBP1):c.1029+1G>T	"{""consequence"": [""splice donor variant""], ""protein_change"": """", ""classification"": ""Pathogenic""}"
ClinVar:VCV000180215	variant	NM_001367721.1(CASK):c.1976G>A (p.Gly659Asp)	"{""consequence"": [""missense variant""], ""protein_change"": ""G659D, G630D, G636D, G653D"", ""classification"": ""Pathogenic""}"
ClinVar:VCV000183152	variant	NM_001199107.2(TBC1D24):c.119G>T (p.Arg40Leu)	"{""consequence"": [""missense variant""], ""protein_change"": ""R40L"", ""classification"": ""Pathogenic/Likely pathogenic""}"
ClinVar:VCV000183153	variant	NM_001199107.2(TBC1D24):c.313T>C (p.Cys105Arg)	"{""consequence"": [""missense variant""], ""protein_change"": ""C105R"", ""classification"": ""Pathogenic""}"
ClinVar:VCV000183155	variant	NM_001199107.2(TBC1D24):c.999G>T (p.Leu333Phe)	"{""consequence"": [""missense variant""], ""protein_change"": ""L333F, L327F"", ""classification"": ""Pathogenic""}"
ClinVar:VCV000183156	variant	NM_001199107.2(TBC1D24):c.1460dup (p.His487fs)	"{""consequence"": [""frameshift variant""], ""protein_change"": ""H481fs, H487fs"", ""classification"": ""Likely pathogenic""}"
ClinVar:VCV000191238	variant	NM_001032221.6(STXBP1):c.874C>T (p.Arg292Cys)	"{""consequence"": [""missense variant"", ""intron variant""], ""protein_change"": ""R292C, R278C, R289C"", ""classification"": ""Pathogenic/Likely pathogenic""}"
ClinVar:VCV000192317	variant	NM_001330260.2(SCN8A):c.2952C>G (p.Asn984Lys)	"{""consequence"": [""missense variant""], ""protein_change"": ""N984K"", ""classification"": ""Pathogenic""}"
ClinVar:VCV000192318	variant	NM_001330260.2(SCN8A):c.4351G>A (p.Gly1451Ser)	"{""consequence"": [""missense variant""], ""protein_change"": ""G1451S, G1410S"", ""classification"": ""Pathogenic""}"
ClinVar:VCV000194402	variant	NM_001330260.2(SCN8A):c.2287A>G (p.Ile763Val)	"{""consequence"": [""missense variant""], ""protein_change"": ""I763V"", ""classification"": ""Pathogenic/Likely pathogenic""}"
ClinVar:VCV000195200	variant	NM_001367721.1(CASK):c.79C>T (p.Arg27Ter)	"{""consequence"": [""nonsense""], ""protein_change"": ""R27*"", ""classification"": ""Pathogenic""}"
ClinVar:VCV000195688	variant	NM_001330260.2(SCN8A):c.3967G>A (p.Ala1323Thr)	"{""consequence"": [""missense variant""], ""protein_change"": ""A1323T, A1282T"", ""classification"": ""Pathogenic/Likely pathogenic""}"
ClinVar:VCV000195689	variant	NM_001330260.2(SCN8A):c.3985A>G (p.Asn1329Asp)	"{""consequence"": [""missense variant""], ""protein_change"": ""N1329D, N1288D"", ""classification"": ""Likely pathogenic""}"
ClinVar:VCV000198157	variant	NM_001032221.6(STXBP1):c.364C>T (p.Arg122Ter)	"{""consequence"": [""nonsense""], ""protein_change"": ""R122*, R108*, R119*"", ""classification"": ""Pathogenic""}"
ClinVar:VCV000199083	variant	NM_001032221.6(STXBP1):c.704G>A (p.Arg235Gln)	"{""consequence"": [""missense variant""], ""protein_change"": ""R235Q, R221Q, R232Q"", ""classification"": ""Pathogenic""}"
ClinVar:VCV000207105	variant	NM_001330260.2(SCN8A):c.1099A>G (p.Met367Val)	"{""consequence"": [""missense variant""], ""protein_change"": ""M367V"", ""classification"": ""Likely pathogenic""}"
ClinVar:VCV000207109	variant	NM_001330260.2(SCN8A):c.2534C>T (p.Ser845Phe)	"{""consequence"": [""missense variant""], ""protein_change"": ""S845F"", ""classification"": ""Likely pathogenic""}"
ClinVar:VCV000207117	variant	NM_001330260.2(SCN8A):c.3955G>T (p.Ala1319Ser)	"{""consequence"": [""missense variant""], ""protein_change"": ""A1319S, A1278S"", ""classification"": ""Pathogenic""}"
ClinVar:VCV000207119	variant	NM_001330260.2(SCN8A):c.4423G>A (p.Gly1475Arg)	"{""consequence"": [""missense variant""], ""protein_change"": ""G1475R, G1434R"", ""classification"": ""Pathogenic/Likely pathogenic""}"
ClinVar:VCV000207120	variant	NM_001330260.2(SCN8A):c.4435A>G (p.Ile1479Val)	"{""consequence"": [""missense variant""], ""protein_change"": ""I1479V, I1438V"", ""classification"": ""Pathogenic""}"
ClinVar:VCV000207123	variant	NM_001330260.2(SCN8A):c.4472C>T (p.Ala1491Val)	"{""consequence"": [""missense variant""], ""protein_change"": ""A1491V, A1450V"", ""classification"": ""Pathogenic""}"
ClinVar:VCV000207127	variant	NM_001330260.2(SCN8A):c.4949C>T (p.Ala1650Val)	"{""consequence"": [""missense variant""], ""protein_change"": ""A1650V, A1609V"", ""classification"": ""Pathogenic/Likely pathogenic""}"
ClinVar:VCV000207131	variant	NM_001330260.2(SCN8A):c.5614C>T (p.Arg1872Trp)	"{""consequence"": [""missense variant""], ""protein_change"": ""R1872W, R1831W"", ""classification"": ""Pathogenic""}"
ClinVar:VCV000207132	variant	NM_001330260.2(SCN8A):c.5615G>T (p.Arg1872Leu)	"{""consequence"": [""missense variant""], ""protein_change"": ""R1872L, R1831L"", ""classification"": ""Pathogenic""}"
ClinVar:VCV000207140	variant	NM_001330260.2(SCN8A):c.614C>A (p.Ala205Glu)	"{""consequence"": [""missense variant""], ""protein_change"": ""A205E"", ""classification"": ""Likely pathogenic""}"
ClinVar:VCV000207412	variant	NM_001032221.6(STXBP1):c.87+1G>A	"{""consequence"": [""splice donor variant""], ""protein_change"": """", ""classification"": ""Pathogenic/Likely pathogenic""}"
ClinVar:VCV000207413	variant	NM_001032221.6(STXBP1):c.88-2A>C	"{""consequence"": [""splice acceptor variant""], ""protein_change"": """", ""classification"": ""Pathogenic""}"
ClinVar:VCV000207414	variant	NM_001032221.6(STXBP1):c.224A>G (p.Tyr75Cys)	"{""consequence"": [""missense variant""], ""protein_change"": ""Y75C, Y61C"", ""classification"": ""Likely pathogenic""}"
ClinVar:VCV000207415	variant	NM_001032221.6(STXBP1):c.416C>T (p.Pro139Leu)	"{""consequence"": [""missense variant""], ""protein_change"": ""P139L, P125L, P136L"", ""classification"": ""Pathogenic/Likely pathogenic""}"
ClinVar:VCV000207416	variant	NM_001032221.6(STXBP1):c.430-1G>T	"{""consequence"": [""splice acceptor variant""], ""protein_change"": """", ""classification"": ""Pathogenic""}"
ClinVar:VCV000207417	variant	NM_001032221.6(STXBP1):c.568C>T (p.Arg190Trp)	"{""consequence"": [""missense variant""], ""protein_change"": ""R190W, R176W, R187W"", ""classification"": ""Pathogenic""}"
ClinVar:VCV000207419	variant	NM_001032221.6(STXBP1):c.578+1G>T	"{""consequence"": [""splice donor variant""], ""protein_change"": """", ""classification"": ""Pathogenic""}"
ClinVar:VCV000207422	variant	NM_001032221.6(STXBP1):c.703C>T (p.Arg235Ter)	"{""consequence"": [""nonsense""], ""protein_change"": ""R235*, R221*, R232*"", ""classification"": ""Pathogenic""}"
ClinVar:VCV000207424	variant	NM_001032221.6(STXBP1):c.875G>A (p.Arg292His)	"{""consequence"": [""missense variant"", ""intron variant""], ""protein_change"": ""R292H, R278H, R289H"", ""classification"": ""Pathogenic/Likely pathogenic""}"
ClinVar:VCV000207425	variant	NM_001032221.6(STXBP1):c.904G>T (p.Glu302Ter)	"{""consequence"": [""nonsense""], ""protein_change"": ""E302*, E266*, E288*, E299*"", ""classification"": ""Pathogenic""}"
ClinVar:VCV000207427	variant	NM_001032221.6(STXBP1):c.1030-1G>T	"{""consequence"": [""splice acceptor variant""], ""protein_change"": """", ""classification"": ""Pathogenic""}"
ClinVar:VCV000207428	variant	NM_001032221.6(STXBP1):c.1061G>A (p.Cys354Tyr)	"{""consequence"": [""missense variant""], ""protein_change"": ""C354Y, C318Y, C340Y, C351Y"", ""classification"": ""Pathogenic/Likely pathogenic""}"
ClinVar:VCV000207429	variant	NM_001032221.6(STXBP1):c.1099C>T (p.Arg367Ter)	"{""consequence"": [""nonsense""], ""protein_change"": ""R367*, R331*, R353*, R364*"", ""classification"": ""Pathogenic""}"
ClinVar:VCV000207431	variant	NM_001032221.6(STXBP1):c.1216C>T (p.Arg406Cys)	"{""consequence"": [""missense variant""], ""protein_change"": ""R406C, R370C, R392C, R403C"", ""classification"": ""Pathogenic/Likely pathogenic""}"
ClinVar:VCV000207432	variant	NM_001032221.6(STXBP1):c.1439C>T (p.Pro480Leu)	"{""consequence"": [""missense variant""], ""protein_change"": ""P480L, P444L, P466L, P477L"", ""classification"": ""Pathogenic""}"
ClinVar:VCV000207435	variant	NM_001032221.6(STXBP1):c.1359+1G>A	"{""consequence"": [""splice donor variant""], ""protein_change"": """", ""classification"": ""Pathogenic""}"
ClinVar:VCV000207439	variant	NM_001032221.6(STXBP1):c.1651C>A (p.Arg551Ser)	"{""consequence"": [""missense variant""], ""protein_change"": ""R551S, R515S, R537S, R548S"", ""classification"": ""Pathogenic/Likely pathogenic""}"
ClinVar:VCV000207440	variant	NM_001032221.6(STXBP1):c.1651C>T (p.Arg551Cys)	"{""consequence"": [""missense variant""], ""protein_change"": ""R551C, R515C, R537C, R548C"", ""classification"": ""Pathogenic""}"
ClinVar:VCV000207441	variant	NM_001032221.6(STXBP1):c.1652G>C (p.Arg551Pro)	"{""consequence"": [""missense variant""], ""protein_change"": ""R551P, R515P, R537P, R548P"", ""classification"": ""Pathogenic""}"
ClinVar:VCV000207443	variant	NM_001032221.6(STXBP1):c.1672C>T (p.Gln558Ter)	"{""consequence"": [""nonsense""], ""protein_change"": ""Q558*, Q522*, Q544*, Q555*"", ""classification"": ""Pathogenic""}"
ClinVar:VCV000207444	variant	NM_001032221.6(STXBP1):c.1702+1G>A	"{""consequence"": [""splice donor variant""], ""protein_change"": """", ""classification"": ""Pathogenic""}"
ClinVar:VCV000207447	variant	NM_001032221.6(STXBP1):c.124del (p.Ser42fs)	"{""consequence"": [""frameshift variant""], ""protein_change"": ""S42fs, S28fs"", ""classification"": ""Pathogenic""}"
ClinVar:VCV000207449	variant	NM_001032221.6(STXBP1):c.578+1dup	"{""consequence"": [""splice donor variant""], ""protein_change"": """", ""classification"": ""Pathogenic""}"
ClinVar:VCV000207450	variant	NM_001032221.6(STXBP1):c.897_898del (p.Ser300fs)	"{""consequence"": [""frameshift variant"", ""intron variant""], ""protein_change"": ""S300fs, S286fs, S297fs"", ""classification"": ""Pathogenic""}"
ClinVar:VCV000207451	variant	NM_001032221.6(STXBP1):c.1169_1175dup (p.Ile393fs)	"{""consequence"": [""frameshift variant""], ""protein_change"": ""I393fs, I357fs, I379fs, I390fs"", ""classification"": ""Pathogenic""}"
ClinVar:VCV000207452	variant	NM_001032221.6(STXBP1):c.1296dup (p.Pro433fs)	"{""consequence"": [""frameshift variant""], ""protein_change"": ""P433fs, P397fs, P419fs, P430fs"", ""classification"": ""Pathogenic""}"
ClinVar:VCV000207453	variant	NM_001032221.6(STXBP1):c.1611CAT[1] (p.Ile539del)	"{""consequence"": [""inframe_deletion""], ""protein_change"": ""I539del, I503del, I525del, I536del"", ""classification"": ""Pathogenic""}"
ClinVar:VCV000207458	variant	NM_001032221.6(STXBP1):c.388_389del (p.Leu130fs)	"{""consequence"": [""frameshift variant""], ""protein_change"": ""L130fs, L116fs, L127fs"", ""classification"": ""Pathogenic""}"
ClinVar:VCV000207460	variant	NM_001032221.6(STXBP1):c.1470del (p.Ile490fs)	"{""consequence"": [""frameshift variant""], ""protein_change"": ""I490fs, I454fs, I476fs, I487fs"", ""classification"": ""Pathogenic""}"
ClinVar:VCV000207461	variant	NM_001032221.6(STXBP1):c.1510del (p.Thr504fs)	"{""consequence"": [""frameshift variant""], ""protein_change"": ""T504fs, T468fs, T490fs, T501fs"", ""classification"": ""Pathogenic""}"
ClinVar:VCV000207462	variant	NM_001032221.6(STXBP1):c.1726del (p.Gln576fs)	"{""consequence"": [""frameshift variant"", ""3 prime UTR variant"", ""intron variant""], ""protein_change"": ""Q576fs, Q562fs, Q573fs"", ""classification"": ""Pathogenic""}"
ClinVar:VCV000207499	variant	NM_001199107.2(TBC1D24):c.457G>A (p.Glu153Lys)	"{""consequence"": [""missense variant""], ""protein_change"": ""E153K"", ""classification"": ""Pathogenic/Likely pathogenic""}"
ClinVar:VCV000207505	variant	NM_001199107.2(TBC1D24):c.845C>G (p.Pro282Arg)	"{""consequence"": [""missense variant""], ""protein_change"": ""P282R"", ""classification"": ""Pathogenic/Likely pathogenic""}"
ClinVar:VCV000207507	variant	NM_001199107.2(TBC1D24):c.475del (p.Leu159fs)	"{""consequence"": [""frameshift variant""], ""protein_change"": ""L159fs"", ""classification"": ""Pathogenic""}"
ClinVar:VCV000207516	variant	NM_001199107.2(TBC1D24):c.691_700delinsCTT (p.Val231fs)	"{""consequence"": [""frameshift variant""], ""protein_change"": ""V231fs"", ""classification"": ""Pathogenic""}"
ClinVar:VCV000208500	variant	NM_001330260.2(SCN8A):c.2300C>T (p.Thr767Ile)	"{""consequence"": [""missense variant""], ""protein_change"": ""T767I"", ""classification"": ""Pathogenic/Likely pathogenic""}"
ClinVar:VCV000208686	variant	NM_001032221.6(STXBP1):c.875G>T (p.Arg292Leu)	"{""consequence"": [""missense variant"", ""intron variant""], ""protein_change"": ""R292L, R278L, R289L"", ""classification"": ""Pathogenic""}"
ClinVar:VCV000210581	variant	NM_001367721.1(CASK):c.1981del (p.Leu661fs)	"{""consequence"": [""frameshift variant""], ""protein_change"": ""L638fs, L661fs, L632fs"", ""classification"": ""Pathogenic""}"
ClinVar:VCV000210585	variant	NM_001367721.1(CASK):c.2392C>T (p.Gln798Ter)	"{""consequence"": [""nonsense""], ""protein_change"": ""Q793*, Q798*, Q769*, Q770*, Q792*"", ""classification"": ""Pathogenic""}"
ClinVar:VCV000210586	variant	NM_001367721.1(CASK):c.2546_2547del (p.Glu849fs)	"{""consequence"": [""frameshift variant""], ""protein_change"": ""E849fs, E820fs, E821fs, E844fs"", ""classification"": ""Pathogenic""}"
ClinVar:VCV000212326	variant	NM_001032221.6(STXBP1):c.1029+1G>C	"{""consequence"": [""splice donor variant""], ""protein_change"": """", ""classification"": ""Pathogenic""}"
ClinVar:VCV000216899	variant	NM_001367721.1(CASK):c.2318-2A>G	"{""consequence"": [""splice acceptor variant""], ""protein_change"": """", ""classification"": ""Pathogenic""}"
ClinVar:VCV000217880	variant	NM_001330260.2(SCN8A):c.2675T>G (p.Val892Gly)	"{""consequence"": [""missense variant""], ""protein_change"": ""V892G"", ""classification"": ""Likely pathogenic""}"
ClinVar:VCV000224126	variant	NM_001330260.2(SCN8A):c.5276A>G (p.Asn1759Ser)	"{""consequence"": [""missense variant""], ""protein_change"": ""N1759S, N1718S"", ""classification"": ""Likely pathogenic""}"
ClinVar:VCV000225100	variant	NM_001330260.2(SCN8A):c.4859G>T (p.Arg1620Leu)	"{""consequence"": [""missense variant""], ""protein_change"": ""R1620L, R1579L"", ""classification"": ""Pathogenic""}"
ClinVar:VCV000236046	variant	NM_001199107.2(TBC1D24):c.194G>T (p.Arg65Leu)	"{""consequence"": [""missense variant""], ""protein_change"": ""R65L"", ""classification"": ""Pathogenic""}"
ClinVar:VCV000236207	variant	NM_001330260.2(SCN8A):c.800T>C (p.Leu267Ser)	"{""consequence"": [""missense variant""], ""protein_change"": ""L267S"", ""classification"": ""Pathogenic""}"
ClinVar:VCV000239512	variant	NM_001032221.6(STXBP1):c.798T>G (p.Tyr266Ter)	"{""consequence"": [""nonsense"", ""intron variant""], ""protein_change"": ""Y266*, Y252*, Y263*"", ""classification"": ""Pathogenic/Likely pathogenic""}"
ClinVar:VCV000240885	variant	NM_001330260.2(SCN8A):c.2519T>G (p.Leu840Arg)	"{""consequence"": [""missense variant""], ""protein_change"": ""L840R"", ""classification"": ""Likely pathogenic""}"
ClinVar:VCV000253195	variant	NM_001330260.2(SCN8A):c.4447G>A (p.Glu1483Lys)	"{""consequence"": [""missense variant""], ""protein_change"": ""E1483K, E1442K"", ""classification"": ""Pathogenic""}"
ClinVar:VCV000253276	variant	NM_014191.4(SCN8A):c.641G>A (p.Gly214Asp)	"{""consequence"": [""missense variant"", ""intron variant""], ""protein_change"": ""G214D"", ""classification"": ""Likely pathogenic""}"
ClinVar:VCV000253277	variant	NM_014191.4(SCN8A):c.643A>G (p.Asn215Asp)	"{""consequence"": [""missense variant"", ""intron variant""], ""protein_change"": ""N215D"", ""classification"": ""Pathogenic""}"
ClinVar:VCV000253279	variant	NM_001330260.2(SCN8A):c.779T>C (p.Phe260Ser)	"{""consequence"": [""missense variant""], ""protein_change"": ""F260S"", ""classification"": ""Pathogenic""}"
ClinVar:VCV000253284	variant	NM_001330260.2(SCN8A):c.2537T>C (p.Phe846Ser)	"{""consequence"": [""missense variant""], ""protein_change"": ""F846S"", ""classification"": ""Pathogenic""}"
ClinVar:VCV000253287	variant	NM_001330260.2(SCN8A):c.2879T>A (p.Val960Asp)	"{""consequence"": [""missense variant""], ""protein_change"": ""V960D"", ""classification"": ""Pathogenic""}"
ClinVar:VCV000253288	variant	NM_001330260.2(SCN8A):c.3979A>G (p.Ile1327Val)	"{""consequence"": [""missense variant""], ""protein_change"": ""I1327V, I1286V"", ""classification"": ""Pathogenic""}"
ClinVar:VCV000253289	variant	NP_055006.1(SCN8A):p.Pro1428_Lys1473del	"{""consequence"": [], ""protein_change"": """", ""classification"": ""Pathogenic""}"
ClinVar:VCV000253290	variant	NM_001330260.2(SCN8A):c.4787C>G (p.Ser1596Cys)	"{""consequence"": [""missense variant""], ""protein_change"": ""S1596C, S1555C"", ""classification"": ""Pathogenic""}"
ClinVar:VCV000253292	variant	NM_001330260.2(SCN8A):c.4862T>G (p.Leu1621Trp)	"{""consequence"": [""missense variant""], ""protein_change"": ""L1621W, L1580W"", ""classification"": ""Pathogenic/Likely pathogenic""}"
ClinVar:VCV000253294	variant	NM_001330260.2(SCN8A):c.4948G>A (p.Ala1650Thr)	"{""consequence"": [""missense variant""], ""protein_change"": ""A1650T, A1609T"", ""classification"": ""Pathogenic""}"
ClinVar:VCV000253295	variant	NM_001330260.2(SCN8A):c.5401C>G (p.Gln1801Glu)	"{""consequence"": [""missense variant""], ""protein_change"": ""Q1801E, Q1760E"", ""classification"": ""Pathogenic""}"
ClinVar:VCV000253297	variant	NM_001330260.2(SCN8A):c.5615G>A (p.Arg1872Gln)	"{""consequence"": [""missense variant""], ""protein_change"": ""R1872Q, R1831Q"", ""classification"": ""Pathogenic""}"
ClinVar:VCV000253429	variant	GRCh37/hg19 9q34.11(chr9:130373225-130453427)x1	"{""consequence"": [], ""protein_change"": """", ""classification"": ""Pathogenic""}"
ClinVar:VCV000253463	variant	GRCh37/hg19 9q34.11(chr9:130415943-130420935)x1	"{""consequence"": [], ""protein_change"": """", ""classification"": ""Pathogenic""}"
ClinVar:VCV000253486	variant	GRCh37/hg19 9q34.11(chr9:130420443-130420935)x1	"{""consequence"": [], ""protein_change"": """", ""classification"": ""Pathogenic""}"
ClinVar:VCV000253494	variant	GRCh37/hg19 9q34.11(chr9:130430429-130430704)x1	"{""consequence"": [], ""protein_change"": """", ""classification"": ""Pathogenic""}"
ClinVar:VCV000253662	variant	GRCh37/hg19 Xp11.4(chrX:41485589-41486197)x1	"{""consequence"": [], ""protein_change"": """", ""classification"": ""Pathogenic""}"
ClinVar:VCV000254208	variant	NM_001367721.1(CASK):c.1465C>T (p.Arg489Trp)	"{""consequence"": [""missense variant""], ""protein_change"": ""R489W, R483W"", ""classification"": ""Pathogenic/Likely pathogenic""}"
ClinVar:VCV000265263	variant	NM_001032221.6(STXBP1):c.1277T>C (p.Leu426Pro)	"{""consequence"": [""missense variant""], ""protein_change"": ""L426P, L390P, L412P, L423P"", ""classification"": ""Pathogenic""}"
ClinVar:VCV000265316	variant	NM_001367721.1(CASK):c.2521-2A>G	"{""consequence"": [""splice acceptor variant""], ""protein_change"": """", ""classification"": ""Pathogenic/Likely pathogenic""}"
ClinVar:VCV000265320	variant	NM_001367721.1(CASK):c.609G>A (p.Trp203Ter)	"{""consequence"": [""nonsense""], ""protein_change"": ""W203*"", ""classification"": ""Pathogenic""}"
ClinVar:VCV000265323	variant	NM_001367721.1(CASK):c.2344G>T (p.Glu782Ter)	"{""consequence"": [""nonsense""], ""protein_change"": ""E777*, E753*, E754*, E782*, E776*"", ""classification"": ""Pathogenic""}"
ClinVar:VCV000265594	variant	NM_001367721.1(CASK):c.2527A>T (p.Lys843Ter)	"{""consequence"": [""nonsense""], ""protein_change"": ""K838*, K815*, K814*, K843*, K837*"", ""classification"": ""Pathogenic""}"
ClinVar:VCV000265654	variant	NM_001367721.1(CASK):c.2100G>A (p.Trp700Ter)	"{""consequence"": [""nonsense""], ""protein_change"": ""W700*, W677*, W671*, W694*"", ""classification"": ""Pathogenic""}"
ClinVar:VCV000279730	variant	NM_001367721.1(CASK):c.429+1G>A	"{""consequence"": [""splice donor variant""], ""protein_change"": """", ""classification"": ""Pathogenic""}"
ClinVar:VCV000279904	variant	NM_001032221.6(STXBP1):c.1217G>A (p.Arg406His)	"{""consequence"": [""missense variant""], ""protein_change"": ""R406H, R370H, R403H, R392H"", ""classification"": ""Pathogenic/Likely pathogenic""}"
ClinVar:VCV000279959	variant	NM_001367721.1(CASK):c.523dup (p.Val175fs)	"{""consequence"": [""frameshift variant""], ""protein_change"": ""V175fs"", ""classification"": ""Pathogenic""}"
ClinVar:VCV000280041	variant	NM_001032221.6(STXBP1):c.1060T>C (p.Cys354Arg)	"{""consequence"": [""missense variant""], ""protein_change"": ""C354R, C318R, C340R, C351R"", ""classification"": ""Pathogenic""}"
ClinVar:VCV000280437	variant	NM_001367721.1(CASK):c.2270dup (p.Asn757fs)	"{""consequence"": [""frameshift variant""], ""protein_change"": ""N757fs, N729fs, N752fs, N728fs"", ""classification"": ""Pathogenic""}"
ClinVar:VCV000280467	variant	NM_001032221.6(STXBP1):c.124T>C (p.Ser42Pro)	"{""consequence"": [""missense variant""], ""protein_change"": ""S42P, S28P"", ""classification"": ""Pathogenic/Likely pathogenic""}"
ClinVar:VCV000280771	variant	NM_001032221.6(STXBP1):c.662dup (p.Asp224fs)	"{""consequence"": [""frameshift variant""], ""protein_change"": ""D224fs, D210fs, D221fs"", ""classification"": ""Pathogenic""}"
ClinVar:VCV000280844	variant	NM_001032221.6(STXBP1):c.902+1G>C	"{""consequence"": [""splice donor variant"", ""intron variant""], ""protein_change"": """", ""classification"": ""Pathogenic""}"
ClinVar:VCV000280913	variant	NM_001032221.6(STXBP1):c.634delinsCAACAATGATG (p.Tyr212delinsGlnGlnTer)	"{""consequence"": [""nonsense""], ""protein_change"": """", ""classification"": ""Pathogenic""}"
ClinVar:VCV000289276	variant	NM_001032221.6(STXBP1):c.400_401del (p.Asn134fs)	"{""consequence"": [""frameshift variant""], ""protein_change"": ""N134fs, N120fs, N131fs"", ""classification"": ""Pathogenic""}"
ClinVar:VCV000290005	variant	NM_001330260.2(SCN8A):c.4877G>A (p.Arg1626His)	"{""consequence"": [""missense variant""], ""protein_change"": ""R1626H, R1585H"", ""classification"": ""Pathogenic/Likely pathogenic""}"
ClinVar:VCV000372559	variant	NM_001032221.6(STXBP1):c.1012C>T (p.Gln338Ter)	"{""consequence"": [""nonsense""], ""protein_change"": ""Q338*, Q302*, Q324*, Q335*"", ""classification"": ""Pathogenic""}"
ClinVar:VCV000372683	variant	NM_001367721.1(CASK):c.1582G>A (p.Gly528Ser)	"{""consequence"": [""missense variant""], ""protein_change"": ""G528S, G522S"", ""classification"": ""Likely pathogenic""}"
ClinVar:VCV000372989	variant	NM_001032221.6(STXBP1):c.1549G>T (p.Ala517Ser)	"{""consequence"": [""missense variant""], ""protein_change"": ""A517S, A481S, A503S, A514S"", ""classification"": ""Likely pathogenic""}"
ClinVar:VCV000373029	variant	NM_001032221.6(STXBP1):c.1095_1096del (p.Cys366fs)	"{""consequence"": [""frameshift variant""], ""protein_change"": ""C366fs, C330fs, C352fs, C363fs"", ""classification"": ""Pathogenic""}"
ClinVar:VCV000373045	variant	NM_001032221.6(STXBP1):c.148dup (p.Ile50fs)	"{""consequence"": [""frameshift variant""], ""protein_change"": ""I50fs, I36fs"", ""classification"": ""Pathogenic""}"
ClinVar:VCV000373139	variant	NM_001367721.1(CASK):c.2383C>T (p.Gln795Ter)	"{""consequence"": [""nonsense""], ""protein_change"": ""Q790*, Q767*, Q766*, Q795*, Q789*"", ""classification"": ""Pathogenic""}"
ClinVar:VCV000373210	variant	NM_001032221.6(STXBP1):c.1652G>T (p.Arg551Leu)	"{""consequence"": [""missense variant""], ""protein_change"": ""R551L, R515L, R537L, R548L"", ""classification"": ""Pathogenic""}"
ClinVar:VCV000373333	variant	NM_001330260.2(SCN8A):c.2533T>C (p.Ser845Pro)	"{""consequence"": [""missense variant""], ""protein_change"": ""S845P"", ""classification"": ""Likely pathogenic""}"
ClinVar:VCV000374223	variant	NM_001032221.6(STXBP1):c.1082C>T (p.Thr361Ile)	"{""consequence"": [""missense variant""], ""protein_change"": ""T361I, T325I, T347I, T358I"", ""classification"": ""Likely pathogenic""}"
ClinVar:VCV000374227	variant	NM_001032221.6(STXBP1):c.1072del (p.Tyr358fs)	"{""consequence"": [""frameshift variant""], ""protein_change"": ""Y358fs, Y322fs, Y344fs, Y355fs"", ""classification"": ""Likely pathogenic""}"
ClinVar:VCV000374298	variant	NM_014191.4(SCN8A):c.647T>G (p.Val216Gly)	"{""consequence"": [""missense variant"", ""intron variant""], ""protein_change"": ""V216G"", ""classification"": ""Likely pathogenic""}"
ClinVar:VCV000374375	variant	NM_001330260.2(SCN8A):c.4403A>G (p.Asn1468Ser)	"{""consequence"": [""missense variant""], ""protein_change"": ""N1468S, N1427S"", ""classification"": ""Likely pathogenic""}"
ClinVar:VCV000374662	variant	NM_001032221.6(STXBP1):c.1249+1G>C	"{""consequence"": [""splice donor variant""], ""protein_change"": """", ""classification"": ""Pathogenic""}"
ClinVar:VCV000374707	variant	NM_001330260.2(SCN8A):c.1141C>T (p.Arg381Ter)	"{""consequence"": [""nonsense""], ""protein_change"": ""R381*"", ""classification"": ""Pathogenic/Likely pathogenic""}"
ClinVar:VCV000374802	variant	NM_003688.3:c.116_117delCA	"{""consequence"": [], ""protein_change"": """", ""classification"": ""Pathogenic""}"
ClinVar:VCV000375214	variant	NM_001032221.6(STXBP1):c.902+1G>A	"{""consequence"": [""splice donor variant"", ""intron variant""], ""protein_change"": """", ""classification"": ""Pathogenic""}"
ClinVar:VCV000375464	variant	NM_001032221.6(STXBP1):c.1006C>T (p.Gln336Ter)	"{""consequence"": [""nonsense""], ""protein_change"": ""Q336*, Q300*, Q322*, Q333*"", ""classification"": ""Pathogenic""}"
ClinVar:VCV000375519	variant	NM_001032221.6(STXBP1):c.1565G>A (p.Trp522Ter)	"{""consequence"": [""nonsense""], ""protein_change"": ""W522*, W486*, W508*, W519*"", ""classification"": ""Pathogenic""}"
ClinVar:VCV000375520	variant	NM_001032221.6(STXBP1):c.57_59del (p.Ile19_Lys20delinsMet)	"{""consequence"": [""inframe_indel""], ""protein_change"": """", ""classification"": ""Pathogenic""}"
ClinVar:VCV000375521	variant	NM_001032221.6(STXBP1):c.1408G>T (p.Glu470Ter)	"{""consequence"": [""nonsense""], ""protein_change"": ""E470*, E434*, E456*, E467*"", ""classification"": ""Pathogenic""}"
ClinVar:VCV000375522	variant	NM_001330260.2(SCN8A):c.2932A>G (p.Ser978Gly)	"{""consequence"": [""missense variant""], ""protein_change"": ""S978G"", ""classification"": ""Pathogenic/Likely pathogenic""}"
ClinVar:VCV000377169	variant	NM_001330260.2(SCN8A):c.4501C>A (p.Gln1501Lys)	"{""consequence"": [""missense variant""], ""protein_change"": ""Q1501K, Q1460K"", ""classification"": ""Likely pathogenic""}"
ClinVar:VCV000379255	variant	NM_001032221.6(STXBP1):c.1689G>A (p.Trp563Ter)	"{""consequence"": [""nonsense""], ""protein_change"": ""W563*, W527*, W549*, W560*"", ""classification"": ""Pathogenic""}"
ClinVar:VCV000379533	variant	NM_001032221.6(STXBP1):c.794+5G>A	"{""consequence"": [""intron variant""], ""protein_change"": """", ""classification"": ""Pathogenic""}"
ClinVar:VCV000379855	variant	NM_001032221.6(STXBP1):c.579-2A>G	"{""consequence"": [""splice acceptor variant""], ""protein_change"": """", ""classification"": ""Pathogenic""}"
ClinVar:VCV000383440	variant	NM_001330260.2(SCN8A):c.4873G>T (p.Gly1625Trp)	"{""consequence"": [""missense variant""], ""protein_change"": ""G1625W, G1584W"", ""classification"": ""Likely pathogenic""}"
ClinVar:VCV000383545	variant	NM_001330260.2(SCN8A):c.2890G>C (p.Gly964Arg)	"{""consequence"": [""missense variant""], ""protein_change"": ""G964R"", ""classification"": ""Pathogenic""}"
ClinVar:VCV000383841	variant	NM_001367721.1(CASK):c.493G>C (p.Val165Leu)	"{""consequence"": [""missense variant""], ""protein_change"": ""V165L"", ""classification"": ""Likely pathogenic""}"
ClinVar:VCV000388057	variant	NM_001032221.6(STXBP1):c.1360-2A>G	"{""consequence"": [""splice acceptor variant""], ""protein_change"": """", ""classification"": ""Pathogenic""}"
ClinVar:VCV000389269	variant	NM_001032221.6(STXBP1):c.1642A>G (p.Asn548Asp)	"{""consequence"": [""missense variant""], ""protein_change"": ""N548D, N512D, N534D, N545D"", ""classification"": ""Likely pathogenic""}"
ClinVar:VCV000390566	variant	NM_001367721.1(CASK):c.2018C>T (p.Pro673Leu)	"{""consequence"": [""missense variant""], ""protein_change"": ""P673L, P650L, P644L, P667L"", ""classification"": ""Likely pathogenic""}"
ClinVar:VCV000391391	variant	NM_001330260.2(SCN8A):c.4438T>A (p.Phe1480Ile)	"{""consequence"": [""missense variant""], ""protein_change"": ""F1480I, F1439I"", ""classification"": ""Pathogenic""}"
ClinVar:VCV000391687	variant	NM_001199107.2(TBC1D24):c.121C>T (p.Gln41Ter)	"{""consequence"": [""nonsense""], ""protein_change"": ""Q41*"", ""classification"": ""Pathogenic""}"
ClinVar:VCV000391688	variant	NM_001199107.2(TBC1D24):c.321T>A (p.Asn107Lys)	"{""consequence"": [""missense variant""], ""protein_change"": ""N107K"", ""classification"": ""Likely pathogenic""}"
ClinVar:VCV000392425	variant	NM_001367721.1(CASK):c.1504-2A>C	"{""consequence"": [""splice acceptor variant""], ""protein_change"": """", ""classification"": ""Pathogenic""}"
ClinVar:VCV000393201	variant	NM_001032221.6(STXBP1):c.767T>C (p.Leu256Pro)	"{""consequence"": [""missense variant""], ""protein_change"": ""L256P, L242P, L253P"", ""classification"": ""Likely pathogenic""}"
ClinVar:VCV000402136	variant	NM_006651.4(CPLX1):c.322G>T (p.Glu108Ter)	"{""consequence"": [""nonsense""], ""protein_change"": ""E108*"", ""classification"": ""Likely pathogenic""}"
ClinVar:VCV000406260	variant	NM_001330260.2(SCN8A):c.1339C>T (p.Gln447Ter)	"{""consequence"": [""nonsense""], ""protein_change"": ""Q447*"", ""classification"": ""Pathogenic""}"
ClinVar:VCV000407777	variant	NM_001032221.6(STXBP1):c.1434G>A (p.Trp478Ter)	"{""consequence"": [""nonsense""], ""protein_change"": ""W478*, W442*, W464*, W475*"", ""classification"": ""Pathogenic""}"
ClinVar:VCV000407778	variant	NM_001032221.6(STXBP1):c.265del (p.Ser89fs)	"{""consequence"": [""frameshift variant""], ""protein_change"": ""S89fs, S75fs"", ""classification"": ""Pathogenic""}"
ClinVar:VCV000407780	variant	NM_001032221.6(STXBP1):c.385A>C (p.Thr129Pro)	"{""consequence"": [""missense variant""], ""protein_change"": ""T129P, T115P, T126P"", ""classification"": ""Likely pathogenic""}"
ClinVar:VCV000413875	variant	NM_014191.4(SCN8A):c.615-2A>C	"{""consequence"": [""splice acceptor variant"", ""intron variant""], ""protein_change"": """", ""classification"": ""Likely pathogenic""}"
ClinVar:VCV000418109	variant	NM_001367721.1(CASK):c.1837C>T (p.Arg613Ter)	"{""consequence"": [""nonsense""], ""protein_change"": ""R613*, R584*, R590*, R607*"", ""classification"": ""Pathogenic/Likely pathogenic""}"
ClinVar:VCV000418760	variant	NM_001032221.6(STXBP1):c.1204del (p.Tyr402fs)	"{""consequence"": [""frameshift variant""], ""protein_change"": ""Y402fs, Y366fs, Y388fs, Y399fs"", ""classification"": ""Pathogenic""}"
ClinVar:VCV000419208	variant	NM_001330260.2(SCN8A):c.4419+1A>G	"{""consequence"": [""splice donor variant""], ""protein_change"": """", ""classification"": ""Pathogenic""}"
ClinVar:VCV000419223	variant	NM_001032221.6(STXBP1):c.1217G>T (p.Arg406Leu)	"{""consequence"": [""missense variant""], ""protein_change"": ""R406L, R370L, R392L, R403L"", ""classification"": ""Pathogenic/Likely pathogenic""}"
ClinVar:VCV000419296	variant	NM_001199107.2(TBC1D24):c.1499C>T (p.Ala500Val)	"{""consequence"": [""missense variant""], ""protein_change"": ""A500V, A494V"", ""classification"": ""Pathogenic/Likely pathogenic""}"
ClinVar:VCV000419511	variant	NM_001330260.2(SCN8A):c.718A>C (p.Ile240Leu)	"{""consequence"": [""missense variant""], ""protein_change"": ""I240L"", ""classification"": ""Pathogenic""}"
ClinVar:VCV000419568	variant	NM_001330260.2(SCN8A):c.718A>G (p.Ile240Val)	"{""consequence"": [""missense variant""], ""protein_change"": ""I240V"", ""classification"": ""Pathogenic/Likely pathogenic""}"
ClinVar:VCV000419604	variant	NM_001032221.6(STXBP1):c.84G>A (p.Trp28Ter)	"{""consequence"": [""nonsense""], ""protein_change"": ""W28*, W14*"", ""classification"": ""Pathogenic""}"
ClinVar:VCV000419724	variant	NM_001032221.6(STXBP1):c.260_261dup (p.Ile88fs)	"{""consequence"": [""frameshift variant""], ""protein_change"": ""I88fs, I74fs"", ""classification"": ""Pathogenic""}"
ClinVar:VCV000419782	variant	NM_001199107.2(TBC1D24):c.58C>T (p.Gln20Ter)	"{""consequence"": [""nonsense""], ""protein_change"": ""Q20*"", ""classification"": ""Pathogenic""}"
ClinVar:VCV000420307	variant	NM_001367721.1(CASK):c.1586C>A (p.Thr529Lys)	"{""consequence"": [""missense variant""], ""protein_change"": ""T529K, T523K"", ""classification"": ""Likely pathogenic""}"
ClinVar:VCV000420809	variant	NM_014191.4(SCN8A):c.649T>C (p.Ser217Pro)	"{""consequence"": [""missense variant"", ""intron variant""], ""protein_change"": ""S217P"", ""classification"": ""Pathogenic""}"
ClinVar:VCV000420831	variant	NM_001330260.2(SCN8A):c.5606T>C (p.Met1869Thr)	"{""consequence"": [""missense variant""], ""protein_change"": ""M1869T, M1828T"", ""classification"": ""Pathogenic/Likely pathogenic""}"
ClinVar:VCV000420906	variant	NM_001330260.2(SCN8A):c.769C>G (p.Leu257Val)	"{""consequence"": [""missense variant""], ""protein_change"": ""L257V"", ""classification"": ""Likely pathogenic""}"
ClinVar:VCV000421141	variant	NM_001367721.1(CASK):c.763C>T (p.Arg255Cys)	"{""consequence"": [""missense variant""], ""protein_change"": ""R255C"", ""classification"": ""Pathogenic/Likely pathogenic""}"
ClinVar:VCV000421795	variant	NM_001199107.2(TBC1D24):c.1360_1363dup (p.Pro455fs)	"{""consequence"": [""frameshift variant""], ""protein_change"": ""P455fs, P449fs"", ""classification"": ""Pathogenic/Likely pathogenic""}"
ClinVar:VCV000422098	variant	NM_001199107.2(TBC1D24):c.192C>A (p.Cys64Ter)	"{""consequence"": [""nonsense""], ""protein_change"": ""C64*"", ""classification"": ""Likely pathogenic""}"
ClinVar:VCV000422789	variant	NM_001032221.6(STXBP1):c.709_715del (p.Phe237fs)	"{""consequence"": [""frameshift variant""], ""protein_change"": ""F237fs, F223fs, F234fs"", ""classification"": ""Pathogenic""}"
ClinVar:VCV000423147	variant	NM_001330260.2(SCN8A):c.5077_5091del (p.Asn1693_Cys1697del)	"{""consequence"": [""inframe_deletion""], ""protein_change"": """", ""classification"": ""Likely pathogenic""}"
ClinVar:VCV000423284	variant	NM_001367721.1(CASK):c.59+2T>C	"{""consequence"": [""splice donor variant""], ""protein_change"": """", ""classification"": ""Pathogenic/Likely pathogenic""}"
ClinVar:VCV000423552	variant	NM_001367721.1(CASK):c.2191GTA[1] (p.Val732del)	"{""consequence"": [""inframe_indel"", ""inframe_deletion""], ""protein_change"": ""V727del, V704del, V732del, V703del, V726del"", ""classification"": ""Pathogenic""}"
ClinVar:VCV000423968	variant	NM_001032221.6(STXBP1):c.748C>T (p.Gln250Ter)	"{""consequence"": [""nonsense""], ""protein_change"": ""Q250*, Q236*, Q247*"", ""classification"": ""Pathogenic""}"
ClinVar:VCV000424249	variant	NM_001367721.1(CASK):c.1480C>T (p.Gln494Ter)	"{""consequence"": [""nonsense""], ""protein_change"": ""Q494*, Q488*"", ""classification"": ""Pathogenic/Likely pathogenic""}"
ClinVar:VCV000424258	variant	NM_001367721.1(CASK):c.2425G>A (p.Gly809Ser)	"{""consequence"": [""missense variant""], ""protein_change"": ""G804S, G780S, G809S, G781S, G803S"", ""classification"": ""Likely pathogenic""}"
ClinVar:VCV000424476	variant	NM_001032221.6(STXBP1):c.420T>A (p.Tyr140Ter)	"{""consequence"": [""nonsense""], ""protein_change"": ""Y140*, Y126*, Y137*"", ""classification"": ""Pathogenic""}"
ClinVar:VCV000425556	variant	NM_001199107.2(TBC1D24):c.919A>C (p.Asn307His)	"{""consequence"": [""missense variant""], ""protein_change"": ""N307H"", ""classification"": ""Pathogenic""}"
ClinVar:VCV000426136	variant	NM_001032221.6(STXBP1):c.963+1G>T	"{""consequence"": [""splice donor variant""], ""protein_change"": """", ""classification"": ""Pathogenic""}"
ClinVar:VCV000426434	variant	NM_001330260.2(SCN8A):c.5614C>G (p.Arg1872Gly)	"{""consequence"": [""missense variant""], ""protein_change"": ""R1872G, R1831G"", ""classification"": ""Pathogenic""}"
ClinVar:VCV000427016	variant	NM_001032221.6(STXBP1):c.107T>G (p.Leu36Ter)	"{""consequence"": [""nonsense""], ""protein_change"": ""L36*, L22*"", ""classification"": ""Pathogenic""}"
ClinVar:VCV000427039	variant	NM_001032221.6(STXBP1):c.1003C>T (p.Pro335Ser)	"{""consequence"": [""missense variant""], ""protein_change"": ""P335S, P299S, P321S, P332S"", ""classification"": ""Pathogenic/Likely pathogenic""}"
ClinVar:VCV000427069	variant	NM_001330260.2(SCN8A):c.2525T>A (p.Val842Glu)	"{""consequence"": [""missense variant""], ""protein_change"": ""V842E"", ""classification"": ""Pathogenic""}"
ClinVar:VCV000427167	variant	NM_001330260.2(SCN8A):c.4892T>A (p.Ile1631Asn)	"{""consequence"": [""missense variant""], ""protein_change"": ""I1631N, I1590N"", ""classification"": ""Likely pathogenic""}"
ClinVar:VCV000427189	variant	NM_001330260.2(SCN8A):c.802A>C (p.Ile268Leu)	"{""consequence"": [""missense variant""], ""protein_change"": ""I268L"", ""classification"": ""Likely pathogenic""}"
ClinVar:VCV000427203	variant	NM_001032221.6(STXBP1):c.695T>A (p.Ile232Asn)	"{""consequence"": [""missense variant""], ""protein_change"": ""I232N, I218N, I229N"", ""classification"": ""Likely pathogenic""}"
ClinVar:VCV000429337	variant	NM_001330260.2(SCN8A):c.1759G>T (p.Glu587Ter)	"{""consequence"": [""nonsense""], ""protein_change"": ""E587*"", ""classification"": ""Likely pathogenic""}"
ClinVar:VCV000429498	variant	NM_001330260.2(SCN8A):c.4879A>C (p.Ile1627Leu)	"{""consequence"": [""missense variant""], ""protein_change"": ""I1627L, I1586L"", ""classification"": ""Likely pathogenic""}"
ClinVar:VCV000429567	variant	NM_001330260.2(SCN8A):c.1342-3T>G	"{""consequence"": [""intron variant""], ""protein_change"": """", ""classification"": ""Likely pathogenic""}"
ClinVar:VCV000429630	variant	NM_001199107.2(TBC1D24):c.679C>T (p.Arg227Trp)	"{""consequence"": [""missense variant""], ""protein_change"": ""R227W"", ""classification"": ""Pathogenic/Likely pathogenic""}"
ClinVar:VCV000429757	variant	NM_001032221.6(STXBP1):c.1631G>T (p.Gly544Val)	"{""consequence"": [""missense variant""], ""protein_change"": ""G544V, G508V, G530V, G541V"", ""classification"": ""Pathogenic""}"
ClinVar:VCV000430018	variant	NM_001199107.2(TBC1D24):c.557del (p.Leu186fs)	"{""consequence"": [""frameshift variant""], ""protein_change"": ""L186fs"", ""classification"": ""Pathogenic""}"
ClinVar:VCV000430025	variant	NM_003165.6(STXBP1):c.1708A>G (p.Thr570Ala)	"{""consequence"": [""missense variant"", ""intron variant""], ""protein_change"": ""T570A, T534A, T556A"", ""classification"": ""Likely pathogenic""}"
ClinVar:VCV000430208	variant	NM_001330260.2(SCN8A):c.5360C>A (p.Thr1787Asn)	"{""consequence"": [""missense variant""], ""protein_change"": ""T1787N, T1746N"", ""classification"": ""Pathogenic/Likely pathogenic""}"
ClinVar:VCV000430369	variant	NM_001032221.6(STXBP1):c.872T>C (p.Leu291Pro)	"{""consequence"": [""missense variant"", ""intron variant""], ""protein_change"": ""L291P, L277P, L288P"", ""classification"": ""Likely pathogenic""}"
ClinVar:VCV000431135	variant	NM_001330260.2(SCN8A):c.4394A>T (p.Asp1465Val)	"{""consequence"": [""missense variant""], ""protein_change"": ""D1465V, D1424V"", ""classification"": ""Pathogenic""}"
ClinVar:VCV000431176	variant	NM_001367721.1(CASK):c.68del (p.Phe23fs)	"{""consequence"": [""frameshift variant""], ""protein_change"": ""F23fs"", ""classification"": ""Pathogenic""}"
ClinVar:VCV000431484	variant	NM_005639.3(SYT1):c.1103T>C (p.Ile368Thr)	"{""consequence"": [""missense variant""], ""protein_change"": ""I365T, I368T"", ""classification"": ""Pathogenic/Likely pathogenic""}"
ClinVar:VCV000432074	variant	NM_001367721.1(CASK):c.496G>C (p.Ala166Pro)	"{""consequence"": [""missense variant""], ""protein_change"": ""A166P"", ""classification"": ""Likely pathogenic""}"
ClinVar:VCV000432103	variant	NM_001330260.2(SCN8A):c.1219T>A (p.Leu407Met)	"{""consequence"": [""missense variant""], ""protein_change"": ""L407M"", ""classification"": ""Likely pathogenic""}"
ClinVar:VCV000432242	variant	NM_001367721.1(CASK):c.660C>G (p.Tyr220Ter)	"{""consequence"": [""nonsense""], ""protein_change"": ""Y220*"", ""classification"": ""Pathogenic""}"
ClinVar:VCV000432816	variant	NM_001367721.1(CASK):c.626T>C (p.Leu209Pro)	"{""consequence"": [""missense variant""], ""protein_change"": ""L209P"", ""classification"": ""Pathogenic/Likely pathogenic""}"
ClinVar:VCV000432948	variant	NM_001330260.2(SCN8A):c.3943G>T (p.Val1315Leu)	"{""consequence"": [""missense variant""], ""protein_change"": ""V1315L, V1274L"", ""classification"": ""Pathogenic/Likely pathogenic""}"
ClinVar:VCV000433537	variant	NM_001367721.1(CASK):c.2604+1G>T	"{""consequence"": [""splice donor variant""], ""protein_change"": """", ""classification"": ""Pathogenic""}"
ClinVar:VCV000434586	variant	NM_001367721.1(CASK):c.2549_2550del (p.Phe850fs)	"{""consequence"": [""frameshift variant""], ""protein_change"": ""F822fs, F845fs, F850fs, F821fs"", ""classification"": ""Pathogenic""}"
ClinVar:VCV000434587	variant	NM_001367721.1(CASK):c.1864G>T (p.Glu622Ter)	"{""consequence"": [""nonsense""], ""protein_change"": ""E622*, E593*, E599*, E616*"", ""classification"": ""Pathogenic""}"
ClinVar:VCV000434588	variant	NM_001367721.1(CASK):c.846C>G (p.Tyr282Ter)	"{""consequence"": [""nonsense""], ""protein_change"": ""Y282*"", ""classification"": ""Pathogenic""}"
ClinVar:VCV000436672	variant	NM_001330260.2(SCN8A):c.2603T>C (p.Ile868Thr)	"{""consequence"": [""missense variant""], ""protein_change"": ""I868T"", ""classification"": ""Pathogenic/Likely pathogenic""}"
ClinVar:VCV000436894	variant	NM_001032221.6(STXBP1):c.87+2T>C	"{""consequence"": [""splice donor variant""], ""protein_change"": """", ""classification"": ""Pathogenic""}"
ClinVar:VCV000436948	variant	NM_001199107.2(TBC1D24):c.866C>T (p.Ala289Val)	"{""consequence"": [""missense variant""], ""protein_change"": ""A289V"", ""classification"": ""Likely pathogenic""}"
ClinVar:VCV000443361	variant	GRCh37/hg19 Xp11.4(chrX:41708906-41713659)x1	"{""consequence"": [], ""protein_change"": """", ""classification"": ""Pathogenic""}"
ClinVar:VCV000444778	variant	NM_001032221.6(STXBP1):c.664-1G>A	"{""consequence"": [""splice acceptor variant""], ""protein_change"": """", ""classification"": ""Likely pathogenic""}"
ClinVar:VCV000445354	variant	NM_001367721.1(CASK):c.1033+1G>A	"{""consequence"": [""intron variant"", ""splice donor variant""], ""protein_change"": """", ""classification"": ""Likely pathogenic""}"
ClinVar:VCV000446287	variant	NM_001367721.1(CASK):c.1315-7A>G	"{""consequence"": [""intron variant""], ""protein_change"": """", ""classification"": ""Pathogenic""}"
ClinVar:VCV000446288	variant	NM_001367721.1(CASK):c.109C>T (p.Gln37Ter)	"{""consequence"": [""nonsense""], ""protein_change"": ""Q37*"", ""classification"": ""Pathogenic""}"
ClinVar:VCV000446289	variant	NM_001367721.1(CASK):c.2317+1G>A	"{""consequence"": [""splice donor variant""], ""protein_change"": """", ""classification"": ""Pathogenic/Likely pathogenic""}"
ClinVar:VCV000449337	variant	NM_001032221.6(STXBP1):c.1381_1390del (p.Lys461fs)	"{""consequence"": [""frameshift variant""], ""protein_change"": ""K461fs, K425fs, K447fs, K458fs"", ""classification"": ""Pathogenic""}"
ClinVar:VCV000449752	variant	NM_001032221.6(STXBP1):c.1461G>C (p.Glu487Asp)	"{""consequence"": [""missense variant""], ""protein_change"": ""E487D, E451D, E473D, E484D"", ""classification"": ""Likely pathogenic""}"
ClinVar:VCV000450231	variant	NM_001032221.6(STXBP1):c.1597del (p.Ser533fs)	"{""consequence"": [""frameshift variant""], ""protein_change"": ""S533fs, S497fs, S519fs, S530fs"", ""classification"": ""Pathogenic""}"
ClinVar:VCV000450327	variant	NM_001032221.6(STXBP1):c.707G>A (p.Gly236Asp)	"{""consequence"": [""missense variant""], ""protein_change"": ""G236D, G222D, G233D"", ""classification"": ""Likely pathogenic""}"
ClinVar:VCV000450347	variant	NM_001330260.2(SCN8A):c.4883T>G (p.Leu1628Trp)	"{""consequence"": [""missense variant""], ""protein_change"": ""L1628W, L1587W"", ""classification"": ""Likely pathogenic""}"
ClinVar:VCV000450510	variant	NM_001367721.1(CASK):c.184del (p.Glu62fs)	"{""consequence"": [""frameshift variant""], ""protein_change"": ""E62fs"", ""classification"": ""Pathogenic""}"
ClinVar:VCV000450795	variant	NM_001032221.6(STXBP1):c.767TGC[3] (p.Leu257dup)	"{""consequence"": [""inframe_insertion""], ""protein_change"": """", ""classification"": ""Likely pathogenic""}"
ClinVar:VCV000451175	variant	NM_001367721.1(CASK):c.2155+2T>C	"{""consequence"": [""splice donor variant""], ""protein_change"": """", ""classification"": ""Pathogenic""}"
ClinVar:VCV000461208	variant	NC_000009.12:g.(?_127658355)_(127658471_?)del	"{""consequence"": [], ""protein_change"": """", ""classification"": ""Pathogenic""}"
ClinVar:VCV000461286	variant	NM_001032221.6(STXBP1):c.1111-2A>G	"{""consequence"": [""splice acceptor variant""], ""protein_change"": """", ""classification"": ""Pathogenic""}"
ClinVar:VCV000461288	variant	NM_001032221.6(STXBP1):c.1360-2A>T	"{""consequence"": [""splice acceptor variant""], ""protein_change"": """", ""classification"": ""Likely pathogenic""}"
ClinVar:VCV000461293	variant	NM_001032221.6(STXBP1):c.326-1G>T	"{""consequence"": [""splice acceptor variant"", ""intron variant""], ""protein_change"": """", ""classification"": ""Pathogenic/Likely pathogenic""}"
ClinVar:VCV000461331	variant	NM_001330260.2(SCN8A):c.1101G>A (p.Met367Ile)	"{""consequence"": [""missense variant""], ""protein_change"": ""M367I"", ""classification"": ""Likely pathogenic""}"
ClinVar:VCV000461350	variant	NM_001330260.2(SCN8A):c.832C>T (p.Arg278Ter)	"{""consequence"": [""nonsense""], ""protein_change"": ""R278*"", ""classification"": ""Pathogenic""}"
ClinVar:VCV000470207	variant	NM_001367721.1(CASK):c.1592A>C (p.His531Pro)	"{""consequence"": [""missense variant""], ""protein_change"": ""H531P, H525P"", ""classification"": ""Likely pathogenic""}"
ClinVar:VCV000474299	variant	NC_000016.10:g.(?_2496129)_(2500978_?)del	"{""consequence"": [], ""protein_change"": """", ""classification"": ""Pathogenic""}"
ClinVar:VCV000474302	variant	NM_001199107.2(TBC1D24):c.116C>T (p.Ala39Val)	"{""consequence"": [""missense variant""], ""protein_change"": ""A39V"", ""classification"": ""Pathogenic""}"
ClinVar:VCV000488800	variant	NM_001032221.6(STXBP1):c.170-2A>G	"{""consequence"": [""splice acceptor variant""], ""protein_change"": """", ""classification"": ""Pathogenic""}"
ClinVar:VCV000488989	variant	NM_001032221.6(STXBP1):c.1075C>T (p.Gln359Ter)	"{""consequence"": [""nonsense""], ""protein_change"": ""Q359*, Q323*, Q345*, Q356*"", ""classification"": ""Pathogenic""}"
ClinVar:VCV000489049	variant	NM_001367721.1(CASK):c.846C>A (p.Tyr282Ter)	"{""consequence"": [""nonsense""], ""protein_change"": ""Y282*"", ""classification"": ""Pathogenic""}"
ClinVar:VCV000489132	variant	NM_001032221.6(STXBP1):c.88-2A>G	"{""consequence"": [""splice acceptor variant""], ""protein_change"": """", ""classification"": ""Pathogenic""}"
ClinVar:VCV000489154	variant	NM_001367721.1(CASK):c.1A>T (p.Met1Leu)	"{""consequence"": [""missense variant"", ""initiator_codon_variant""], ""protein_change"": ""M1L"", ""classification"": ""Pathogenic""}"
ClinVar:VCV000489172	variant	NM_001199107.2(TBC1D24):c.483C>A (p.Cys161Ter)	"{""consequence"": [""nonsense""], ""protein_change"": ""C161*"", ""classification"": ""Pathogenic/Likely pathogenic""}"
ClinVar:VCV000489373	variant	NM_014191.4(SCN8A):c.615-1G>A	"{""consequence"": [""splice acceptor variant"", ""intron variant""], ""protein_change"": """", ""classification"": ""Pathogenic""}"
ClinVar:VCV000495260	variant	NM_001330260.2(SCN8A):c.2620G>A (p.Ala874Thr)	"{""consequence"": [""missense variant""], ""protein_change"": ""A874T"", ""classification"": ""Pathogenic/Likely pathogenic""}"
ClinVar:VCV000496686	variant	NM_001032221.6(STXBP1):c.325+2_325+3del	"{""consequence"": [""splice donor variant""], ""protein_change"": """", ""classification"": ""Pathogenic/Likely pathogenic""}"
ClinVar:VCV000497406	variant	NM_001032221.6(STXBP1):c.794+1G>A	"{""consequence"": [""splice donor variant""], ""protein_change"": """", ""classification"": ""Pathogenic""}"
ClinVar:VCV000503609	variant	NM_001367721.1(CASK):c.1609C>T (p.Arg537Ter)	"{""consequence"": [""nonsense""], ""protein_change"": ""R537*, R531*"", ""classification"": ""Pathogenic/Likely pathogenic""}"
ClinVar:VCV000503942	variant	NM_001032221.6(STXBP1):c.1569_1570del (p.His523fs)	"{""consequence"": [""frameshift variant""], ""protein_change"": ""H523fs, H487fs, H509fs, H520fs"", ""classification"": ""Pathogenic""}"
ClinVar:VCV000520620	variant	NM_001367721.1(CASK):c.2065A>T (p.Lys689Ter)	"{""consequence"": [""nonsense""], ""protein_change"": ""K689*, K660*, K666*, K683*"", ""classification"": ""Pathogenic""}"
ClinVar:VCV000520653	variant	NM_001330260.2(SCN8A):c.4865C>A (p.Ala1622Asp)	"{""consequence"": [""missense variant""], ""protein_change"": ""A1622D, A1581D"", ""classification"": ""Pathogenic""}"
ClinVar:VCV000520654	variant	NM_001032221.6(STXBP1):c.639dup (p.Ala214fs)	"{""consequence"": [""frameshift variant""], ""protein_change"": ""A214fs, A200fs, A211fs"", ""classification"": ""Pathogenic""}"
ClinVar:VCV000520694	variant	NM_001032221.6(STXBP1):c.1631del (p.Gly544fs)	"{""consequence"": [""frameshift variant""], ""protein_change"": ""G544fs, G508fs, G530fs, G541fs"", ""classification"": ""Pathogenic""}"
ClinVar:VCV000520745	variant	NM_001032221.6(STXBP1):c.298del (p.Arg100fs)	"{""consequence"": [""frameshift variant""], ""protein_change"": ""R100fs, R86fs"", ""classification"": ""Pathogenic""}"
ClinVar:VCV000520961	variant	NM_001032221.6(STXBP1):c.1359+2T>C	"{""consequence"": [""splice donor variant""], ""protein_change"": """", ""classification"": ""Pathogenic""}"
ClinVar:VCV000520996	variant	NM_001032221.6(STXBP1):c.1110G>A (p.Gln370=)	"{""consequence"": [""synonymous variant""], ""protein_change"": """", ""classification"": ""Pathogenic""}"
ClinVar:VCV000521069	variant	NM_001032221.6(STXBP1):c.1593C>A (p.Tyr531Ter)	"{""consequence"": [""nonsense""], ""protein_change"": ""Y531*, Y495*, Y517*, Y528*"", ""classification"": ""Pathogenic/Likely pathogenic""}"
ClinVar:VCV000521079	variant	NM_001367721.1(CASK):c.845dup (p.Tyr282Ter)	"{""consequence"": [""nonsense"", ""frameshift variant""], ""protein_change"": ""Y282*"", ""classification"": ""Pathogenic""}"
ClinVar:VCV000521149	variant	NM_005639.3(SYT1):c.1090G>A (p.Asp364Asn)	"{""consequence"": [""missense variant""], ""protein_change"": ""D364N, D361N"", ""classification"": ""Likely pathogenic""}"
ClinVar:VCV000521297	variant	NM_001330260.2(SCN8A):c.2936C>T (p.Ser979Phe)	"{""consequence"": [""missense variant""], ""protein_change"": ""S979F"", ""classification"": ""Pathogenic""}"
ClinVar:VCV000521651	variant	NM_001330260.2(SCN8A):c.5279T>C (p.Met1760Thr)	"{""consequence"": [""missense variant""], ""protein_change"": ""M1760T, M1719T"", ""classification"": ""Likely pathogenic""}"
ClinVar:VCV000521907	variant	NM_001330260.2(SCN8A):c.4754G>A (p.Trp1585Ter)	"{""consequence"": [""nonsense""], ""protein_change"": ""W1585*, W1544*"", ""classification"": ""Likely pathogenic""}"
ClinVar:VCV000522036	variant	NM_001330260.2(SCN8A):c.3448C>T (p.Gln1150Ter)	"{""consequence"": [""nonsense""], ""protein_change"": ""Q1150*"", ""classification"": ""Pathogenic""}"
ClinVar:VCV000522094	variant	NM_001032221.6(STXBP1):c.956del (p.Gly319fs)	"{""consequence"": [""frameshift variant""], ""protein_change"": ""G319fs, G283fs, G305fs, G316fs"", ""classification"": ""Pathogenic""}"
ClinVar:VCV000523457	variant	NM_001032221.6(STXBP1):c.733C>G (p.His245Asp)	"{""consequence"": [""missense variant""], ""protein_change"": ""H245D, H231D, H242D"", ""classification"": ""Pathogenic""}"
ClinVar:VCV000523458	variant	NM_001032221.6(STXBP1):c.360del (p.Lys120fs)	"{""consequence"": [""frameshift variant""], ""protein_change"": ""K120fs, K106fs, K117fs"", ""classification"": ""Pathogenic""}"
ClinVar:VCV000523464	variant	NM_001367721.1(CASK):c.2236+1delinsAT	"{""consequence"": [""splice donor variant""], ""protein_change"": """", ""classification"": ""Likely pathogenic""}"
ClinVar:VCV000523649	variant	NM_006651.4(CPLX1):c.315C>A (p.Cys105Ter)	"{""consequence"": [""nonsense""], ""protein_change"": ""C105*"", ""classification"": ""Pathogenic/Likely pathogenic""}"
ClinVar:VCV000523666	variant	NM_001367721.1(CASK):c.2155+1G>C	"{""consequence"": [""splice donor variant""], ""protein_change"": """", ""classification"": ""Likely pathogenic""}"
ClinVar:VCV000523796	variant	NM_001199107.2(TBC1D24):c.619C>T (p.Gln207Ter)	"{""consequence"": [""nonsense""], ""protein_change"": ""Q207*"", ""classification"": ""Pathogenic/Likely pathogenic""}"
ClinVar:VCV000523973	variant	NM_001367721.1(CASK):c.553_565del (p.Phe185fs)	"{""consequence"": [""frameshift variant""], ""protein_change"": ""F185fs"", ""classification"": ""Pathogenic""}"
ClinVar:VCV000524165	variant	NM_001367721.1(CASK):c.1195del (p.Arg399fs)	"{""consequence"": [""frameshift variant""], ""protein_change"": ""R393fs, R399fs"", ""classification"": ""Pathogenic""}"
ClinVar:VCV000530450	variant	NM_001330260.2(SCN8A):c.1965del (p.Gly656fs)	"{""consequence"": [""frameshift variant""], ""protein_change"": ""G656fs"", ""classification"": ""Pathogenic/Likely pathogenic""}"
ClinVar:VCV000541316	variant	NM_001199107.2(TBC1D24):c.172del (p.Arg57_Leu58insTer)	"{""consequence"": [""nonsense""], ""protein_change"": """", ""classification"": ""Pathogenic""}"
ClinVar:VCV000545907	variant	NM_001367721.1(CASK):c.21dup (p.Phe8fs)	"{""consequence"": [""frameshift variant""], ""protein_change"": ""F8fs"", ""classification"": ""Pathogenic""}"
ClinVar:VCV000546026	variant	NM_001032221.6(STXBP1):c.685C>T (p.Gln229Ter)	"{""consequence"": [""nonsense""], ""protein_change"": ""Q229*, Q215*, Q226*"", ""classification"": ""Pathogenic""}"
ClinVar:VCV000546250	variant	NM_001330260.2(SCN8A):c.2930T>C (p.Leu977Pro)	"{""consequence"": [""missense variant""], ""protein_change"": ""L977P"", ""classification"": ""Pathogenic""}"
ClinVar:VCV000546542	variant	NM_001032221.6(STXBP1):c.902+4A>G	"{""consequence"": [""intron variant""], ""protein_change"": """", ""classification"": ""Likely pathogenic""}"
ClinVar:VCV000559631	variant	NM_001367721.1(CASK):c.2040-1G>A	"{""consequence"": [""splice acceptor variant""], ""protein_change"": """", ""classification"": ""Likely pathogenic""}"
ClinVar:VCV000559632	variant	NM_001330260.2(SCN8A):c.773C>T (p.Thr258Ile)	"{""consequence"": [""missense variant""], ""protein_change"": ""T258I"", ""classification"": ""Likely pathogenic""}"
ClinVar:VCV000559650	variant	NM_001330260.2(SCN8A):c.5270T>A (p.Val1757Asp)	"{""consequence"": [""missense variant""], ""protein_change"": ""V1757D, V1716D"", ""classification"": ""Likely pathogenic""}"
ClinVar:VCV000560298	variant	NM_001032221.6(STXBP1):c.692dup (p.Ile232fs)	"{""consequence"": [""frameshift variant""], ""protein_change"": ""I232fs, I218fs, I229fs"", ""classification"": ""Pathogenic""}"
ClinVar:VCV000561119	variant	NM_001032221.6(STXBP1):c.578+1G>A	"{""consequence"": [""splice donor variant""], ""protein_change"": """", ""classification"": ""Pathogenic""}"
ClinVar:VCV000561120	variant	NM_001032221.6(STXBP1):c.79G>T (p.Glu27Ter)	"{""consequence"": [""nonsense""], ""protein_change"": ""E27*, E13*"", ""classification"": ""Pathogenic""}"
ClinVar:VCV000565622	variant	NM_001330260.2(SCN8A):c.4397A>G (p.Asn1466Ser)	"{""consequence"": [""missense variant""], ""protein_change"": ""N1466S, N1425S"", ""classification"": ""Pathogenic""}"
ClinVar:VCV000565722	variant	NM_000817.3(GAD1):c.865C>T (p.Gln289Ter)	"{""consequence"": [""nonsense""], ""protein_change"": ""Q289*"", ""classification"": ""Pathogenic""}"
ClinVar:VCV000565796	variant	NM_001330260.2(SCN8A):c.4237A>G (p.Lys1413Glu)	"{""consequence"": [""missense variant""], ""protein_change"": ""K1413E, K1372E"", ""classification"": ""Likely pathogenic""}"
ClinVar:VCV000566474	variant	NM_001032221.6(STXBP1):c.1652G>A (p.Arg551His)	"{""consequence"": [""missense variant""], ""protein_change"": ""R551H, R515H, R537H, R548H"", ""classification"": ""Pathogenic/Likely pathogenic""}"
ClinVar:VCV000567493	variant	NM_001032221.6(STXBP1):c.607C>T (p.Gln203Ter)	"{""consequence"": [""nonsense""], ""protein_change"": ""Q203*, Q189*, Q200*"", ""classification"": ""Pathogenic""}"
ClinVar:VCV000569501	variant	NM_001199107.2(TBC1D24):c.1131C>G (p.Tyr377Ter)	"{""consequence"": [""nonsense""], ""protein_change"": ""Y377*, Y371*"", ""classification"": ""Pathogenic""}"
ClinVar:VCV000569559	variant	NM_001330260.2(SCN8A):c.417G>A (p.Met139Ile)	"{""consequence"": [""missense variant""], ""protein_change"": ""M139I"", ""classification"": ""Pathogenic""}"
ClinVar:VCV000570810	variant	NM_001367721.1(CASK):c.1641_1644del (p.Thr548fs)	"{""consequence"": [""frameshift variant""], ""protein_change"": ""T542fs, T548fs"", ""classification"": ""Pathogenic/Likely pathogenic""}"
ClinVar:VCV000573250	variant	NM_001032221.6(STXBP1):c.817G>T (p.Glu273Ter)	"{""consequence"": [""nonsense"", ""intron variant""], ""protein_change"": ""E273*, E259*, E270*"", ""classification"": ""Pathogenic""}"
ClinVar:VCV000573377	variant	NM_001330260.2(SCN8A):c.4800G>A (p.Met1600Ile)	"{""consequence"": [""missense variant""], ""protein_change"": ""M1600I, M1559I"", ""classification"": ""Pathogenic/Likely pathogenic""}"
ClinVar:VCV000574400	variant	NM_001330260.2(SCN8A):c.2945C>T (p.Ala982Val)	"{""consequence"": [""missense variant""], ""protein_change"": ""A982V"", ""classification"": ""Pathogenic/Likely pathogenic""}"
ClinVar:VCV000575647	variant	NM_001367721.1(CASK):c.305A>G (p.Glu102Gly)	"{""consequence"": [""missense variant""], ""protein_change"": ""E102G"", ""classification"": ""Pathogenic/Likely pathogenic""}"
ClinVar:VCV000579748	variant	NM_001032221.6(STXBP1):c.345del (p.Phe115fs)	"{""consequence"": [""frameshift variant""], ""protein_change"": ""F115fs, F101fs, F112fs"", ""classification"": ""Pathogenic""}"
ClinVar:VCV000583850	variant	NC_000009.12:g.(?_127669878)_(127669978_?)del	"{""consequence"": [], ""protein_change"": """", ""classification"": ""Pathogenic""}"
ClinVar:VCV000587507	variant	NM_001199107.2(TBC1D24):c.346A>T (p.Lys116Ter)	"{""consequence"": [""nonsense""], ""protein_change"": ""K116*"", ""classification"": ""Pathogenic""}"
ClinVar:VCV000587865	variant	NM_001367721.1(CASK):c.1015+1G>C	"{""consequence"": [""splice donor variant""], ""protein_change"": """", ""classification"": ""Pathogenic""}"
ClinVar:VCV000589412	variant	NM_001330260.2(SCN8A):c.4189_4208del (p.Asp1397fs)	"{""consequence"": [""frameshift variant""], ""protein_change"": ""D1356fs, D1397fs"", ""classification"": ""Pathogenic""}"
ClinVar:VCV000589439	variant	NM_001330260.2(SCN8A):c.2460dup (p.Asp821Ter)	"{""consequence"": [""nonsense""], ""protein_change"": ""D821*"", ""classification"": ""Pathogenic""}"
ClinVar:VCV000589500	variant	NM_001330260.2(SCN8A):c.2023_2029dup (p.Gly677fs)	"{""consequence"": [""frameshift variant""], ""protein_change"": ""G677fs"", ""classification"": ""Pathogenic""}"
ClinVar:VCV000590278	variant	NM_005639.3(SYT1):c.908T>A (p.Met303Lys)	"{""consequence"": [""missense variant""], ""protein_change"": ""M303K, M300K"", ""classification"": ""Pathogenic/Likely pathogenic""}"
ClinVar:VCV000590279	variant	NM_005639.3(SYT1):c.911A>G (p.Asp304Gly)	"{""consequence"": [""missense variant""], ""protein_change"": ""D304G, D301G"", ""classification"": ""Pathogenic/Likely pathogenic""}"
ClinVar:VCV000590280	variant	NM_005639.3(SYT1):c.1098C>A (p.Asp366Glu)	"{""consequence"": [""missense variant""], ""protein_change"": ""D366E, D363E"", ""classification"": ""Pathogenic/Likely pathogenic""}"
ClinVar:VCV000590281	variant	NM_005639.3(SYT1):c.1113C>G (p.Asn371Lys)	"{""consequence"": [""missense variant""], ""protein_change"": ""N371K, N368K"", ""classification"": ""Pathogenic/Likely pathogenic""}"
ClinVar:VCV000590289	variant	NM_001032221.6(STXBP1):c.1557T>A (p.Tyr519Ter)	"{""consequence"": [""nonsense""], ""protein_change"": ""Y519*, Y483*, Y505*, Y516*"", ""classification"": ""Pathogenic""}"
ClinVar:VCV000592117	variant	NM_001367721.1(CASK):c.2342_2343del (p.Asp781fs)	"{""consequence"": [""frameshift variant""], ""protein_change"": ""D752fs, D781fs, D753fs, D776fs"", ""classification"": ""Likely pathogenic""}"
ClinVar:VCV000593459	variant	NM_001199107.2(TBC1D24):c.131G>A (p.Trp44Ter)	"{""consequence"": [""nonsense""], ""protein_change"": ""W44*"", ""classification"": ""Pathogenic""}"
ClinVar:VCV000595655	variant	NM_001032221.6(STXBP1):c.1454T>A (p.Ile485Asn)	"{""consequence"": [""missense variant""], ""protein_change"": ""I485N, I449N, I471N, I482N"", ""classification"": ""Likely pathogenic""}"
ClinVar:VCV000618996	variant	NM_014905.5(GLS):c.695dup (p.Asp232fs)	"{""consequence"": [""frameshift variant""], ""protein_change"": ""D232fs"", ""classification"": ""Pathogenic""}"
ClinVar:VCV000618997	variant	NM_014905.5(GLS):c.241C>T (p.Gln81Ter)	"{""consequence"": [""nonsense""], ""protein_change"": ""Q81*"", ""classification"": ""Pathogenic""}"
ClinVar:VCV000618998	variant	NM_014905.5(GLS):c.815G>A (p.Arg272Lys)	"{""consequence"": [""missense variant""], ""protein_change"": ""R272K"", ""classification"": ""Pathogenic""}"
ClinVar:VCV000619106	variant	NM_014905.5(GLS):c.1445C>G (p.Ser482Cys)	"{""consequence"": [""missense variant""], ""protein_change"": ""S482C"", ""classification"": ""Pathogenic""}"
ClinVar:VCV000619127	variant	NM_001367721.1(CASK):c.2561T>C (p.Val854Ala)	"{""consequence"": [""missense variant""], ""protein_change"": ""V849A, V825A, V854A, V826A, V848A"", ""classification"": ""Likely pathogenic""}"
ClinVar:VCV000620007	variant	NM_001032221.6(STXBP1):c.1492dup (p.His498fs)	"{""consequence"": [""frameshift variant""], ""protein_change"": ""H498fs, H462fs, H495fs, H484fs"", ""classification"": ""Pathogenic""}"
ClinVar:VCV000620297	variant	NM_001032221.6(STXBP1):c.586A>T (p.Lys196Ter)	"{""consequence"": [""nonsense""], ""protein_change"": ""K196*, K182*, K193*"", ""classification"": ""Pathogenic""}"
ClinVar:VCV000620365	variant	NM_001199107.2(TBC1D24):c.971C>A (p.Ser324Ter)	"{""consequence"": [""nonsense"", ""intron variant""], ""protein_change"": ""S324*"", ""classification"": ""Pathogenic""}"
ClinVar:VCV000620424	variant	NM_001199107.2(TBC1D24):c.442G>T (p.Glu148Ter)	"{""consequence"": [""nonsense""], ""protein_change"": ""E148*"", ""classification"": ""Pathogenic""}"
ClinVar:VCV000620472	variant	NM_001032221.6(STXBP1):c.1427C>G (p.Ser476Ter)	"{""consequence"": [""nonsense""], ""protein_change"": ""S476*, S440*, S462*, S473*"", ""classification"": ""Pathogenic""}"
ClinVar:VCV000623637	variant	NM_001330260.2(SCN8A):c.5156C>G (p.Pro1719Arg)	"{""consequence"": [""missense variant""], ""protein_change"": ""P1719R, P1678R"", ""classification"": ""Pathogenic""}"
ClinVar:VCV000623808	variant	NM_001330260.2(SCN8A):c.614C>T (p.Ala205Val)	"{""consequence"": [""missense variant""], ""protein_change"": ""A205V"", ""classification"": ""Likely pathogenic""}"
ClinVar:VCV000623809	variant	NM_001330260.2(SCN8A):c.1603A>T (p.Arg535Ter)	"{""consequence"": [""nonsense""], ""protein_change"": ""R535*"", ""classification"": ""Likely pathogenic""}"
ClinVar:VCV000624624	variant	NM_001330260.2(SCN8A):c.3652G>A (p.Glu1218Lys)	"{""consequence"": [""missense variant""], ""protein_change"": ""E1218K"", ""classification"": ""Pathogenic""}"
ClinVar:VCV000626334	variant	NM_014905.5(GLS):c.938C>T (p.Pro313Leu)	"{""consequence"": [""missense variant""], ""protein_change"": ""P313L"", ""classification"": ""Pathogenic""}"
ClinVar:VCV000626336	variant	NM_014905.5(GLS):c.923dup (p.Tyr308Ter)	"{""consequence"": [""nonsense""], ""protein_change"": ""Y308*"", ""classification"": ""Pathogenic""}"
ClinVar:VCV000632600	variant	NM_001367721.1(CASK):c.2156-1G>A	"{""consequence"": [""splice acceptor variant"", ""intron variant""], ""protein_change"": """", ""classification"": ""Likely pathogenic""}"
ClinVar:VCV000632601	variant	NM_001367721.1(CASK):c.533-2A>G	"{""consequence"": [""splice acceptor variant""], ""protein_change"": """", ""classification"": ""Pathogenic""}"
ClinVar:VCV000632602	variant	NM_001367721.1(CASK):c.2120dup (p.Tyr708fs)	"{""consequence"": [""frameshift variant""], ""protein_change"": ""Y708fs, Y679fs, Y685fs"", ""classification"": ""Pathogenic/Likely pathogenic""}"
ClinVar:VCV000633836	variant	NM_001032221.6(STXBP1):c.116_118dup (p.Arg39dup)	"{""consequence"": [""inframe_insertion""], ""protein_change"": """", ""classification"": ""Pathogenic""}"
ClinVar:VCV000638400	variant	NM_001367721.1(CASK):c.824G>A (p.Trp275Ter)	"{""consequence"": [""nonsense""], ""protein_change"": ""W275*"", ""classification"": ""Pathogenic""}"
ClinVar:VCV000642701	variant	NM_001330260.2(SCN8A):c.3944T>C (p.Val1315Ala)	"{""consequence"": [""missense variant""], ""protein_change"": ""V1315A, V1274A"", ""classification"": ""Pathogenic/Likely pathogenic""}"
ClinVar:VCV000643045	variant	NM_001330260.2(SCN8A):c.4049C>T (p.Ala1350Val)	"{""consequence"": [""missense variant""], ""protein_change"": ""A1350V, A1309V"", ""classification"": ""Pathogenic""}"
ClinVar:VCV000645039	variant	NM_001330260.2(SCN8A):c.2486_2489delinsCCATTA (p.Leu829fs)	"{""consequence"": [""frameshift variant""], ""protein_change"": ""L829fs"", ""classification"": ""Pathogenic""}"
ClinVar:VCV000649479	variant	NM_001032221.6(STXBP1):c.578G>T (p.Gly193Val)	"{""consequence"": [""missense variant""], ""protein_change"": ""G193V, G179V, G190V"", ""classification"": ""Pathogenic""}"
ClinVar:VCV000650755	variant	NM_001330260.2(SCN8A):c.2900T>G (p.Val967Gly)	"{""consequence"": [""missense variant""], ""protein_change"": ""V967G"", ""classification"": ""Likely pathogenic""}"
ClinVar:VCV000652618	variant	NM_001199107.2(TBC1D24):c.1501G>A (p.Gly501Arg)	"{""consequence"": [""missense variant""], ""protein_change"": ""G501R, G495R"", ""classification"": ""Pathogenic""}"
ClinVar:VCV000652619	variant	NM_001199107.2(TBC1D24):c.1079G>A (p.Arg360His)	"{""consequence"": [""missense variant""], ""protein_change"": ""R360H, R354H"", ""classification"": ""Likely pathogenic""}"
ClinVar:VCV000653532	variant	NC_000023.11:g.(?_41853095)_(41853247_?)del	"{""consequence"": [], ""protein_change"": """", ""classification"": ""Pathogenic""}"
ClinVar:VCV000657717	variant	NM_001330260.2(SCN8A):c.2671G>A (p.Val891Met)	"{""consequence"": [""missense variant""], ""protein_change"": ""V891M"", ""classification"": ""Pathogenic/Likely pathogenic""}"
ClinVar:VCV000658011	variant	NM_001199107.2(TBC1D24):c.983+2T>C	"{""consequence"": [""splice donor variant"", ""intron variant""], ""protein_change"": """", ""classification"": ""Likely pathogenic""}"
ClinVar:VCV000660788	variant	NM_001032221.6(STXBP1):c.664-1G>C	"{""consequence"": [""splice acceptor variant""], ""protein_change"": """", ""classification"": ""Pathogenic""}"
ClinVar:VCV000665356	variant	NM_014191.4(SCN8A):c.669G>T (p.Arg223Ser)	"{""consequence"": [""missense variant"", ""intron variant""], ""protein_change"": ""R223S"", ""classification"": ""Pathogenic/Likely pathogenic""}"
ClinVar:VCV000665574	variant	NM_001199107.2(TBC1D24):c.725G>A (p.Arg242His)	"{""consequence"": [""missense variant""], ""protein_change"": ""R242H"", ""classification"": ""Pathogenic""}"
ClinVar:VCV000665657	variant	NC_000012.12:g.(?_51684154)_(51701227_?)del	"{""consequence"": [], ""protein_change"": """", ""classification"": ""Pathogenic""}"
ClinVar:VCV000666257	variant	NM_014232.3(VAMP2):c.128_130del	"{""consequence"": [""splice acceptor variant""], ""protein_change"": """", ""classification"": ""Pathogenic""}"
ClinVar:VCV000685469	variant	GRCh37/hg19 Xp11.4(chrX:41708911-41713656)x1	"{""consequence"": [], ""protein_change"": """", ""classification"": ""Pathogenic""}"
ClinVar:VCV000689732	variant	NM_014191.4(SCN8A):c.676A>G (p.Arg226Gly)	"{""consequence"": [""missense variant"", ""intron variant""], ""protein_change"": ""R226G"", ""classification"": ""Likely pathogenic""}"
ClinVar:VCV000689734	variant	NM_014191.4(SCN8A):c.697G>A (p.Val233Ile)	"{""consequence"": [""missense variant"", ""intron variant""], ""protein_change"": ""V233I"", ""classification"": ""Likely pathogenic""}"
ClinVar:VCV000689749	variant	NM_001367721.1(CASK):c.913_914dup (p.Gly306fs)	"{""consequence"": [""frameshift variant""], ""protein_change"": ""G306fs"", ""classification"": ""Pathogenic""}"
ClinVar:VCV000691254	variant	NM_001330260.2(SCN8A):c.4892T>C (p.Ile1631Thr)	"{""consequence"": [""missense variant""], ""protein_change"": ""I1590T, I1631T"", ""classification"": ""Likely pathogenic""}"
ClinVar:VCV000691257	variant	NM_001330260.2(SCN8A):c.4501C>T (p.Gln1501Ter)	"{""consequence"": [""nonsense""], ""protein_change"": ""Q1460*, Q1501*"", ""classification"": ""Pathogenic/Likely pathogenic""}"
ClinVar:VCV000691261	variant	NM_001330260.2(SCN8A):c.2811G>T (p.Trp937Cys)	"{""consequence"": [""missense variant""], ""protein_change"": ""W937C"", ""classification"": ""Likely pathogenic""}"
ClinVar:VCV000691268	variant	NM_001032221.6(STXBP1):c.1111-10_1111-6delinsG	"{""consequence"": [""intron variant""], ""protein_change"": """", ""classification"": ""Likely pathogenic""}"
ClinVar:VCV000692305	variant	NM_001330260.2(SCN8A):c.719T>C (p.Ile240Thr)	"{""consequence"": [""missense variant""], ""protein_change"": ""I240T"", ""classification"": ""Likely pathogenic""}"
ClinVar:VCV000694309	variant	NM_001330260.2(SCN8A):c.3953A>G (p.Asn1318Ser)	"{""consequence"": [""missense variant""], ""protein_change"": ""N1277S, N1318S"", ""classification"": ""Likely pathogenic""}"
ClinVar:VCV000763582	variant	NM_001330260.2(SCN8A):c.632T>C (p.Val211Ala)	"{""consequence"": [""missense variant"", ""intron variant""], ""protein_change"": ""V211A"", ""classification"": ""Likely pathogenic""}"
ClinVar:VCV000800908	variant	NM_000817.3(GAD1):c.1402T>G (p.Trp468Gly)	"{""consequence"": [""missense variant""], ""protein_change"": ""W468G"", ""classification"": ""Likely pathogenic""}"
ClinVar:VCV000802507	variant	NM_001032221.6(STXBP1):c.236C>T (p.Pro79Leu)	"{""consequence"": [""missense variant""], ""protein_change"": ""P65L, P79L"", ""classification"": ""Likely pathogenic""}"
ClinVar:VCV000802508	variant	NM_001032221.6(STXBP1):c.241G>T (p.Glu81Ter)	"{""consequence"": [""nonsense""], ""protein_change"": ""E67*, E81*"", ""classification"": ""Pathogenic""}"
ClinVar:VCV000802509	variant	NM_001032221.6(STXBP1):c.303_305del (p.Ala102del)	"{""consequence"": [""inframe_deletion""], ""protein_change"": ""A102del, A88del"", ""classification"": ""Likely pathogenic""}"
ClinVar:VCV000802511	variant	NM_001032221.6(STXBP1):c.430-1G>A	"{""consequence"": [""splice acceptor variant""], ""protein_change"": """", ""classification"": ""Pathogenic""}"
ClinVar:VCV000802512	variant	NM_001032221.6(STXBP1):c.579-1G>A	"{""consequence"": [""splice acceptor variant""], ""protein_change"": """", ""classification"": ""Pathogenic/Likely pathogenic""}"
ClinVar:VCV000802513	variant	NM_001032221.6(STXBP1):c.862T>C (p.Trp288Arg)	"{""consequence"": [""missense variant"", ""intron variant""], ""protein_change"": ""W274R, W285R, W288R"", ""classification"": ""Likely pathogenic""}"
ClinVar:VCV000802514	variant	NM_001032221.6(STXBP1):c.1236del (p.Phe413_Leu414insTer)	"{""consequence"": [""frameshift variant""], ""protein_change"": """", ""classification"": ""Pathogenic""}"
ClinVar:VCV000802857	variant	NM_001330260.2(SCN8A):c.1228G>T (p.Val410Leu)	"{""consequence"": [""missense variant""], ""protein_change"": ""V410L"", ""classification"": ""Likely pathogenic""}"
ClinVar:VCV000802858	variant	NM_001330260.2(SCN8A):c.2641G>C (p.Val881Leu)	"{""consequence"": [""missense variant""], ""protein_change"": ""V881L"", ""classification"": ""Likely pathogenic""}"
ClinVar:VCV000802860	variant	NM_001330260.2(SCN8A):c.4883T>C (p.Leu1628Ser)	"{""consequence"": [""missense variant""], ""protein_change"": ""L1587S, L1628S"", ""classification"": ""Likely pathogenic""}"
ClinVar:VCV000803983	variant	NM_001367721.1(CASK):c.2429G>A (p.Ser810Asn)	"{""consequence"": [""missense variant""], ""protein_change"": ""S781N, S782N, S805N, S810N, S804N"", ""classification"": ""Pathogenic""}"
ClinVar:VCV000803984	variant	NM_001367721.1(CASK):c.1385_1394del (p.Pro462fs)	"{""consequence"": [""frameshift variant""], ""protein_change"": ""P462fs, P456fs"", ""classification"": ""Pathogenic""}"
ClinVar:VCV000803986	variant	NM_001367721.1(CASK):c.774_780del (p.Met258fs)	"{""consequence"": [""frameshift variant""], ""protein_change"": ""M258fs"", ""classification"": ""Pathogenic""}"
ClinVar:VCV000807505	variant	NM_001032221.6(STXBP1):c.308A>C (p.His103Pro)	"{""consequence"": [""missense variant""], ""protein_change"": ""H89P, H103P"", ""classification"": ""Likely pathogenic""}"
ClinVar:VCV000807506	variant	NM_001032221.6(STXBP1):c.1261G>T (p.Glu421Ter)	"{""consequence"": [""nonsense""], ""protein_change"": ""E418*, E407*, E421*, E385*"", ""classification"": ""Pathogenic""}"
ClinVar:VCV000807679	variant	NM_001330260.2(SCN8A):c.2546T>A (p.Leu849His)	"{""consequence"": [""missense variant""], ""protein_change"": ""L849H"", ""classification"": ""Likely pathogenic""}"
ClinVar:VCV000810489	variant	GRCh37/hg19 9q34.11(chr9:130438083-130446756)x1	"{""consequence"": [], ""protein_change"": """", ""classification"": ""Likely pathogenic""}"
ClinVar:VCV000810578	variant	NM_001367721.1(CASK):c.1466G>A (p.Arg489Gln)	"{""consequence"": [""missense variant""], ""protein_change"": ""R483Q, R489Q"", ""classification"": ""Pathogenic/Likely pathogenic""}"
ClinVar:VCV000810580	variant	NM_001367721.1(CASK):c.36C>A (p.Tyr12Ter)	"{""consequence"": [""nonsense""], ""protein_change"": ""Y12*"", ""classification"": ""Likely pathogenic""}"
ClinVar:VCV000810675	variant	NM_014232.3(VAMP2):c.223T>C (p.Ser75Pro)	"{""consequence"": [""missense variant""], ""protein_change"": ""S75P, S77P"", ""classification"": ""Pathogenic""}"
ClinVar:VCV000810676	variant	NM_014232.3(VAMP2):c.233A>C (p.Glu78Ala)	"{""consequence"": [""missense variant""], ""protein_change"": ""E78A, E80A"", ""classification"": ""Pathogenic""}"
ClinVar:VCV000810677	variant	NM_014232.3(VAMP2):c.230T>C (p.Phe77Ser)	"{""consequence"": [""missense variant""], ""protein_change"": ""F77S, F79S"", ""classification"": ""Pathogenic""}"
ClinVar:VCV000810679	variant	NM_014232.3(VAMP2):c.132CAT[1] (p.Ile45del)	"{""consequence"": [""inframe_deletion""], ""protein_change"": ""I47del, I45del"", ""classification"": ""Pathogenic""}"
ClinVar:VCV000812177	variant	NM_001032221.6(STXBP1):c.1030del (p.Tyr344fs)	"{""consequence"": [""frameshift variant""], ""protein_change"": ""Y330fs, Y344fs, Y308fs, Y341fs"", ""classification"": ""Pathogenic""}"
ClinVar:VCV000812664	variant	NM_001032221.6(STXBP1):c.1427C>A (p.Ser476Ter)	"{""consequence"": [""nonsense""], ""protein_change"": ""S440*, S462*, S473*, S476*"", ""classification"": ""Pathogenic""}"
ClinVar:VCV000812768	variant	NM_001032221.6(STXBP1):c.1216C>G (p.Arg406Gly)	"{""consequence"": [""missense variant""], ""protein_change"": ""R403G, R392G, R370G, R406G"", ""classification"": ""Likely pathogenic""}"
ClinVar:VCV000812769	variant	NM_001032221.6(STXBP1):c.1249+1G>A	"{""consequence"": [""splice donor variant""], ""protein_change"": """", ""classification"": ""Pathogenic""}"
ClinVar:VCV000812770	variant	NM_001032221.6(STXBP1):c.1359+1G>T	"{""consequence"": [""splice donor variant""], ""protein_change"": """", ""classification"": ""Pathogenic""}"
ClinVar:VCV000812774	variant	NM_001330260.2(SCN8A):c.4922T>G (p.Leu1641Arg)	"{""consequence"": [""missense variant""], ""protein_change"": ""L1600R, L1641R"", ""classification"": ""Likely pathogenic""}"
ClinVar:VCV000812925	variant	NC_000009.12:g.127681712_127692172del	"{""consequence"": [], ""protein_change"": """", ""classification"": ""Pathogenic""}"
ClinVar:VCV000812931	variant	NC_000023.11:g.41506506_41542250del	"{""consequence"": [], ""protein_change"": """", ""classification"": ""Likely pathogenic""}"
ClinVar:VCV000812932	variant	Single allele	"{""consequence"": [], ""protein_change"": """", ""classification"": ""Likely pathogenic""}"
ClinVar:VCV000812998	variant	NM_001199107.2(TBC1D24):c.901C>T (p.Gln301Ter)	"{""consequence"": [""nonsense""], ""protein_change"": ""Q301*"", ""classification"": ""Likely pathogenic""}"
ClinVar:VCV000813732	variant	NM_001367721.1(CASK):c.359A>G (p.His120Arg)	"{""consequence"": [""missense variant""], ""protein_change"": ""H120R"", ""classification"": ""Likely pathogenic""}"
ClinVar:VCV000813735	variant	NM_001330260.2(SCN8A):c.4408C>A (p.Gln1470Lys)	"{""consequence"": [""missense variant""], ""protein_change"": ""Q1470K, Q1429K"", ""classification"": ""Likely pathogenic""}"
ClinVar:VCV000813768	variant	NM_001032221.6(STXBP1):c.122T>A (p.Leu41Gln)	"{""consequence"": [""missense variant""], ""protein_change"": ""L41Q, L27Q"", ""classification"": ""Likely pathogenic""}"
ClinVar:VCV000813773	variant	NM_001330260.2(SCN8A):c.5594T>C (p.Leu1865Pro)	"{""consequence"": [""missense variant""], ""protein_change"": ""L1824P, L1865P"", ""classification"": ""Pathogenic""}"
ClinVar:VCV000813800	variant	NM_001032221.6(STXBP1):c.1461+1G>T	"{""consequence"": [""splice donor variant""], ""protein_change"": """", ""classification"": ""Pathogenic/Likely pathogenic""}"
ClinVar:VCV000813943	variant	NM_001367721.1(CASK):c.1970G>A (p.Trp657Ter)	"{""consequence"": [""nonsense""], ""protein_change"": ""W628*, W634*, W657*, W651*"", ""classification"": ""Pathogenic""}"
ClinVar:VCV000815296	variant	GRCh37/hg19 9q34.11(chr9:130363849-130455691)x1	"{""consequence"": [], ""protein_change"": """", ""classification"": ""Pathogenic""}"
ClinVar:VCV000817014	variant	NM_001032221.6(STXBP1):c.1662delinsAA (p.Tyr554Ter)	"{""consequence"": [""nonsense""], ""protein_change"": ""Y551*, Y554*, Y518*, Y540*"", ""classification"": ""Pathogenic""}"
ClinVar:VCV000817102	variant	NM_001032221.6(STXBP1):c.1383_1388delinsC (p.Lys461fs)	"{""consequence"": [""frameshift variant""], ""protein_change"": ""K447fs, K458fs, K461fs, K425fs"", ""classification"": ""Pathogenic""}"
ClinVar:VCV000817136	variant	NM_001330260.2(SCN8A):c.2827dup (p.Asp943fs)	"{""consequence"": [""frameshift variant""], ""protein_change"": ""D943fs"", ""classification"": ""Likely pathogenic""}"
ClinVar:VCV000817203	variant	NM_001367721.1(CASK):c.543_548delinsTCCTACATAAATGACGTAGGTG (p.Thr182_Pro183delinsProThrTer)	"{""consequence"": [""nonsense"", ""frameshift variant""], ""protein_change"": """", ""classification"": ""Pathogenic""}"
ClinVar:VCV000817209	variant	NM_001032221.6(STXBP1):c.1607_1608del (p.Arg536fs)	"{""consequence"": [""frameshift variant""], ""protein_change"": ""R522fs, R500fs, R533fs, R536fs"", ""classification"": ""Pathogenic""}"
ClinVar:VCV000817213	variant	NM_001032221.6(STXBP1):c.260_261del (p.Leu87fs)	"{""consequence"": [""frameshift variant""], ""protein_change"": ""L87fs, L73fs"", ""classification"": ""Pathogenic/Likely pathogenic""}"
ClinVar:VCV000817288	variant	NM_001199107.2(TBC1D24):c.1322_1323del (p.Arg441fs)	"{""consequence"": [""frameshift variant""], ""protein_change"": ""R435fs, R441fs"", ""classification"": ""Likely pathogenic""}"
ClinVar:VCV000817601	variant	NM_001032221.6(STXBP1):c.294del (p.Lys98fs)	"{""consequence"": [""frameshift variant""], ""protein_change"": ""K98fs, K84fs"", ""classification"": ""Pathogenic""}"
ClinVar:VCV000817740	variant	NM_001367721.1(CASK):c.285_288del (p.Asp95fs)	"{""consequence"": [""frameshift variant""], ""protein_change"": ""D95fs"", ""classification"": ""Pathogenic""}"
ClinVar:VCV000818067	variant	NM_001032221.6(STXBP1):c.981_987delinsTCAGCACC (p.Ser328fs)	"{""consequence"": [""frameshift variant""], ""protein_change"": ""S292fs, S328fs, S314fs, S325fs"", ""classification"": ""Pathogenic""}"
ClinVar:VCV000827636	variant	NM_001032221.6(STXBP1):c.246+2_325+14del	"{""consequence"": [""splice acceptor variant"", ""splice donor variant""], ""protein_change"": """", ""classification"": ""Pathogenic""}"
ClinVar:VCV000828098	variant	NM_005639.3(SYT1):c.1100_1102dup (p.Lys367dup)	"{""consequence"": [""inframe_insertion""], ""protein_change"": """", ""classification"": ""Likely pathogenic""}"
ClinVar:VCV000828187	variant	NM_001367721.1(CASK):c.1997dup (p.Asn666fs)	"{""consequence"": [""frameshift variant""], ""protein_change"": ""N643fs, N637fs, N666fs"", ""classification"": ""Pathogenic""}"
ClinVar:VCV000830415	variant	NC_000009.12:g.(?_127651583)_(127653816_?)del	"{""consequence"": [], ""protein_change"": """", ""classification"": ""Pathogenic""}"
ClinVar:VCV000831065	variant	NC_000009.12:g.(?_127672031)_(127676773_?)del	"{""consequence"": [], ""protein_change"": """", ""classification"": ""Likely pathogenic""}"
ClinVar:VCV000831100	variant	NC_000009.12:g.(?_127612384)_(127690877_?)del	"{""consequence"": [], ""protein_change"": """", ""classification"": ""Pathogenic""}"
ClinVar:VCV000831403	variant	NC_000009.12:g.(?_127653695)_(127676773_?)del	"{""consequence"": [], ""protein_change"": """", ""classification"": ""Pathogenic""}"
ClinVar:VCV000832745	variant	NC_000009.12:g.(?_127651583)_(127690877_?)del	"{""consequence"": [], ""protein_change"": """", ""classification"": ""Pathogenic""}"
ClinVar:VCV000836368	variant	NM_001330260.2(SCN8A):c.4948G>T (p.Ala1650Ser)	"{""consequence"": [""missense variant""], ""protein_change"": ""A1650S, A1609S"", ""classification"": ""Likely pathogenic""}"
ClinVar:VCV000836802	variant	NM_001032221.6(STXBP1):c.157G>T (p.Glu53Ter)	"{""consequence"": [""nonsense""], ""protein_change"": ""E39*, E53*"", ""classification"": ""Pathogenic""}"
ClinVar:VCV000839506	variant	NM_001330260.2(SCN8A):c.5640A>C (p.Lys1880Asn)	"{""consequence"": [""missense variant""], ""protein_change"": ""K1880N, K1839N"", ""classification"": ""Pathogenic""}"
ClinVar:VCV000844258	variant	NM_001330260.2(SCN8A):c.1106A>T (p.Gln369Leu)	"{""consequence"": [""missense variant""], ""protein_change"": ""Q369L"", ""classification"": ""Likely pathogenic""}"
ClinVar:VCV000844622	variant	NM_001199107.2(TBC1D24):c.394C>T (p.Pro132Ser)	"{""consequence"": [""missense variant""], ""protein_change"": ""P132S"", ""classification"": ""Likely pathogenic""}"
ClinVar:VCV000846660	variant	NM_001032221.6(STXBP1):c.247-1G>A	"{""consequence"": [""splice acceptor variant""], ""protein_change"": """", ""classification"": ""Pathogenic""}"
ClinVar:VCV000847491	variant	NM_001032221.6(STXBP1):c.98T>A (p.Val33Glu)	"{""consequence"": [""missense variant""], ""protein_change"": ""V19E, V33E"", ""classification"": ""Likely pathogenic""}"
ClinVar:VCV000847572	variant	NM_001330260.2(SCN8A):c.765G>T (p.Met255Ile)	"{""consequence"": [""missense variant""], ""protein_change"": ""M255I"", ""classification"": ""Likely pathogenic""}"
ClinVar:VCV000848882	variant	NM_001032221.6(STXBP1):c.1258G>T (p.Glu420Ter)	"{""consequence"": [""nonsense""], ""protein_change"": ""E384*, E406*, E417*, E420*"", ""classification"": ""Pathogenic""}"
ClinVar:VCV000852959	variant	NM_001199107.2(TBC1D24):c.1153C>T (p.Gln385Ter)	"{""consequence"": [""nonsense""], ""protein_change"": ""Q379*, Q385*"", ""classification"": ""Pathogenic""}"
ClinVar:VCV000853495	variant	NM_001032221.6(STXBP1):c.1039C>G (p.His347Asp)	"{""consequence"": [""missense variant""], ""protein_change"": ""H311D, H333D, H347D, H344D"", ""classification"": ""Likely pathogenic""}"
ClinVar:VCV000856852	variant	NM_001199107.2(TBC1D24):c.119G>A (p.Arg40His)	"{""consequence"": [""missense variant""], ""protein_change"": ""R40H"", ""classification"": ""Pathogenic/Likely pathogenic""}"
ClinVar:VCV000869447	variant	NM_001330260.2(SCN8A):c.4436T>C (p.Ile1479Thr)	"{""consequence"": [""missense variant""], ""protein_change"": ""I1479T, I1438T"", ""classification"": ""Pathogenic/Likely pathogenic""}"
ClinVar:VCV000870198	variant	NM_001330260.2(SCN8A):c.2668G>C (p.Ala890Pro)	"{""consequence"": [""missense variant""], ""protein_change"": ""A890P"", ""classification"": ""Likely pathogenic""}"
ClinVar:VCV000870200	variant	NM_001330260.2(SCN8A):c.4443_4444delinsTG (p.Met1481_Thr1482delinsIleAla)	"{""consequence"": [""missense variant""], ""protein_change"": """", ""classification"": ""Pathogenic""}"
ClinVar:VCV000870202	variant	NM_001032221.6(STXBP1):c.1588G>T (p.Glu530Ter)	"{""consequence"": [""nonsense""], ""protein_change"": ""E527*, E516*, E530*, E494*"", ""classification"": ""Pathogenic""}"
ClinVar:VCV000870204	variant	NM_001032221.6(STXBP1):c.784G>T (p.Asp262Tyr)	"{""consequence"": [""missense variant""], ""protein_change"": ""D248Y, D259Y, D262Y"", ""classification"": ""Likely pathogenic""}"
ClinVar:VCV000870910	variant	NM_001032221.6(STXBP1):c.170-1G>C	"{""consequence"": [""splice acceptor variant""], ""protein_change"": """", ""classification"": ""Pathogenic""}"
ClinVar:VCV000870911	variant	NM_001032221.6(STXBP1):c.512_513del (p.Arg171fs)	"{""consequence"": [""frameshift variant""], ""protein_change"": ""R157fs, R168fs, R171fs"", ""classification"": ""Pathogenic""}"
ClinVar:VCV000870912	variant	NM_001032221.6(STXBP1):c.704_705insGG (p.Gly236fs)	"{""consequence"": [""frameshift variant""], ""protein_change"": ""G222fs, G233fs, G236fs"", ""classification"": ""Pathogenic""}"
ClinVar:VCV000870913	variant	NM_001032221.6(STXBP1):c.906_912del (p.Glu302fs)	"{""consequence"": [""frameshift variant""], ""protein_change"": ""E299fs, E302fs, E266fs, E288fs"", ""classification"": ""Pathogenic""}"
ClinVar:VCV000870914	variant	NM_001032221.6(STXBP1):c.1017del (p.Glu340fs)	"{""consequence"": [""frameshift variant""], ""protein_change"": ""E337fs, E304fs, E326fs, E340fs"", ""classification"": ""Pathogenic""}"
ClinVar:VCV000870915	variant	NM_001032221.6(STXBP1):c.1029+1G>A	"{""consequence"": [""splice donor variant""], ""protein_change"": """", ""classification"": ""Pathogenic/Likely pathogenic""}"
ClinVar:VCV000870916	variant	NM_001032221.6(STXBP1):c.1074C>A (p.Tyr358Ter)	"{""consequence"": [""nonsense""], ""protein_change"": ""Y344*, Y322*, Y355*, Y358*"", ""classification"": ""Pathogenic""}"
ClinVar:VCV000871196	variant	NM_001367721.1(CASK):c.721C>T (p.Gln241Ter)	"{""consequence"": [""nonsense""], ""protein_change"": ""Q241*"", ""classification"": ""Pathogenic""}"
ClinVar:VCV000871264	variant	NM_001032221.6(STXBP1):c.1092del (p.Lys364fs)	"{""consequence"": [""frameshift variant""], ""protein_change"": ""K328fs, K364fs, K350fs, K361fs"", ""classification"": ""Pathogenic""}"
ClinVar:VCV000871265	variant	NM_001032221.6(STXBP1):c.1105G>A (p.Glu369Lys)	"{""consequence"": [""missense variant""], ""protein_change"": ""E333K, E369K, E355K, E366K"", ""classification"": ""Likely pathogenic""}"
ClinVar:VCV000871267	variant	NM_001032221.6(STXBP1):c.1461+5G>A	"{""consequence"": [""intron variant""], ""protein_change"": """", ""classification"": ""Pathogenic""}"
ClinVar:VCV000871268	variant	NM_001032221.6(STXBP1):c.1606del (p.Arg536fs)	"{""consequence"": [""frameshift variant""], ""protein_change"": ""R500fs, R522fs, R533fs, R536fs"", ""classification"": ""Pathogenic""}"
ClinVar:VCV000871269	variant	NM_001032221.6(STXBP1):c.1628G>A (p.Gly543Glu)	"{""consequence"": [""missense variant""], ""protein_change"": ""G507E, G540E, G543E, G529E"", ""classification"": ""Pathogenic/Likely pathogenic""}"
ClinVar:VCV000871343	variant	NM_001330260.2(SCN8A):c.752T>G (p.Leu251Arg)	"{""consequence"": [""missense variant""], ""protein_change"": ""L251R"", ""classification"": ""Pathogenic""}"
ClinVar:VCV000871344	variant	NM_001330260.2(SCN8A):c.802A>T (p.Ile268Phe)	"{""consequence"": [""missense variant""], ""protein_change"": ""I268F"", ""classification"": ""Likely pathogenic""}"
ClinVar:VCV000871345	variant	NM_001330260.2(SCN8A):c.979A>C (p.Ser327Arg)	"{""consequence"": [""missense variant""], ""protein_change"": ""S327R"", ""classification"": ""Likely pathogenic""}"
ClinVar:VCV000872827	variant	NM_001367721.1(CASK):c.1508del (p.Ile503fs)	"{""consequence"": [""frameshift variant""], ""protein_change"": ""I497fs, I503fs"", ""classification"": ""Pathogenic""}"
ClinVar:VCV000916508	variant	NM_001367721.1(CASK):c.1843-2A>T	"{""consequence"": [""splice acceptor variant""], ""protein_change"": """", ""classification"": ""Pathogenic""}"
ClinVar:VCV000916560	variant	NM_014905.5(GLS):c.1940C>T (p.Thr647Ile)	"{""consequence"": [""missense variant""], ""protein_change"": ""T647I"", ""classification"": ""Likely pathogenic""}"
ClinVar:VCV000918042	variant	NM_080552.3(SLC32A1):c.1403T>C (p.Leu468Pro)	"{""consequence"": [""missense variant""], ""protein_change"": ""L468P"", ""classification"": ""Pathogenic/Likely pathogenic""}"
ClinVar:VCV000918043	variant	NM_080552.3(SLC32A1):c.989T>C (p.Met330Thr)	"{""consequence"": [""missense variant""], ""protein_change"": ""M330T"", ""classification"": ""Pathogenic/Likely pathogenic""}"
ClinVar:VCV000929393	variant	GRCh37/hg19 12q13.13(chr12:51946335-52024220)x1	"{""consequence"": [], ""protein_change"": """", ""classification"": ""Likely pathogenic""}"
ClinVar:VCV000929460	variant	NM_014232.3(VAMP2):c.166C>T (p.Arg56Ter)	"{""consequence"": [""nonsense""], ""protein_change"": ""R56*, R58*"", ""classification"": ""Pathogenic""}"
ClinVar:VCV000929461	variant	NM_014232.3(VAMP2):c.217G>T (p.Gly73Trp)	"{""consequence"": [""missense variant""], ""protein_change"": ""G73W, G75W"", ""classification"": ""Likely pathogenic""}"
ClinVar:VCV000929462	variant	NM_014232.3(VAMP2):c.1A>G (p.Met1Val)	"{""consequence"": [""missense variant"", ""initiator_codon_variant""], ""protein_change"": ""M1V"", ""classification"": ""Pathogenic""}"
ClinVar:VCV000929463	variant	NM_014232.3(VAMP2):c.167G>T (p.Arg56Leu)	"{""consequence"": [""missense variant""], ""protein_change"": ""R56L, R58L"", ""classification"": ""Likely pathogenic""}"
ClinVar:VCV000929464	variant	NM_014232.3(VAMP2):c.337_341del (p.Tyr113fs)	"{""consequence"": [""frameshift variant""], ""protein_change"": ""Y113fs, Y115fs"", ""classification"": ""Likely pathogenic""}"
ClinVar:VCV000930337	variant	NM_001330260.2(SCN8A):c.2617G>T (p.Gly873Cys)	"{""consequence"": [""missense variant""], ""protein_change"": ""G873C"", ""classification"": ""Likely pathogenic""}"
ClinVar:VCV000930346	variant	NM_001367721.1(CASK):c.916-1G>A	"{""consequence"": [""splice acceptor variant""], ""protein_change"": """", ""classification"": ""Pathogenic""}"
ClinVar:VCV000933386	variant	NM_001032221.6(STXBP1):c.416C>A (p.Pro139Gln)	"{""consequence"": [""missense variant""], ""protein_change"": ""P125Q, P136Q, P139Q"", ""classification"": ""Pathogenic""}"
ClinVar:VCV000934328	variant	NM_001330260.2(SCN8A):c.4393G>A (p.Asp1465Asn)	"{""consequence"": [""missense variant""], ""protein_change"": ""D1424N, D1465N"", ""classification"": ""Pathogenic/Likely pathogenic""}"
ClinVar:VCV000935285	variant	NM_001330260.2(SCN8A):c.5278A>G (p.Met1760Val)	"{""consequence"": [""missense variant""], ""protein_change"": ""M1760V, M1719V"", ""classification"": ""Likely pathogenic""}"
ClinVar:VCV000943886	variant	NM_001330260.2(SCN8A):c.5458C>T (p.Arg1820Ter)	"{""consequence"": [""nonsense""], ""protein_change"": ""R1779*, R1820*"", ""classification"": ""Pathogenic/Likely pathogenic""}"
ClinVar:VCV000944145	variant	NM_001032221.6(STXBP1):c.463del (p.Ser155fs)	"{""consequence"": [""frameshift variant""], ""protein_change"": ""S155fs, S141fs, S152fs"", ""classification"": ""Pathogenic""}"
ClinVar:VCV000944674	variant	NM_001032221.6(STXBP1):c.1656C>A (p.Cys552Ter)	"{""consequence"": [""nonsense""], ""protein_change"": ""C516*, C549*, C552*, C538*"", ""classification"": ""Pathogenic""}"
ClinVar:VCV000944708	variant	NM_001330260.2(SCN8A):c.796G>A (p.Ala266Thr)	"{""consequence"": [""missense variant""], ""protein_change"": ""A266T"", ""classification"": ""Likely pathogenic""}"
ClinVar:VCV000952587	variant	NM_001032221.6(STXBP1):c.1630G>C (p.Gly544Arg)	"{""consequence"": [""missense variant""], ""protein_change"": ""G530R, G541R, G508R, G544R"", ""classification"": ""Pathogenic""}"
ClinVar:VCV000952873	variant	NM_001367721.1(CASK):c.1578del (p.Arg526fs)	"{""consequence"": [""frameshift variant""], ""protein_change"": ""R520fs, R526fs"", ""classification"": ""Pathogenic""}"
ClinVar:VCV000955041	variant	NM_001032221.6(STXBP1):c.325+2T>A	"{""consequence"": [""splice donor variant""], ""protein_change"": """", ""classification"": ""Likely pathogenic""}"
ClinVar:VCV000956913	variant	NM_001330260.2(SCN8A):c.2799G>T (p.Leu933Phe)	"{""consequence"": [""missense variant""], ""protein_change"": ""L933F"", ""classification"": ""Pathogenic""}"
ClinVar:VCV000959024	variant	NM_001032221.6(STXBP1):c.636T>A (p.Tyr212Ter)	"{""consequence"": [""nonsense""], ""protein_change"": ""Y198*, Y209*, Y212*"", ""classification"": ""Pathogenic""}"
ClinVar:VCV000960278	variant	NM_001199107.2(TBC1D24):c.680G>A (p.Arg227Gln)	"{""consequence"": [""missense variant""], ""protein_change"": ""R227Q"", ""classification"": ""Likely pathogenic""}"
ClinVar:VCV000960778	variant	NM_001032221.6(STXBP1):c.661del (p.Glu221fs)	"{""consequence"": [""frameshift variant""], ""protein_change"": ""E221fs, E218fs, E207fs"", ""classification"": ""Pathogenic""}"
ClinVar:VCV000961971	variant	NM_001032221.6(STXBP1):c.1028del (p.Lys343fs)	"{""consequence"": [""frameshift variant""], ""protein_change"": ""K340fs, K307fs, K329fs, K343fs"", ""classification"": ""Pathogenic""}"
ClinVar:VCV000964412	variant	NM_001330260.2(SCN8A):c.4880T>A (p.Ile1627Asn)	"{""consequence"": [""missense variant""], ""protein_change"": ""I1586N, I1627N"", ""classification"": ""Pathogenic/Likely pathogenic""}"
ClinVar:VCV000966106	variant	NM_001032221.6(STXBP1):c.1153dup (p.Asp385fs)	"{""consequence"": [""frameshift variant""], ""protein_change"": ""D371fs, D385fs, D382fs, D349fs"", ""classification"": ""Pathogenic""}"
ClinVar:VCV000966922	variant	NM_001032221.6(STXBP1):c.578G>C (p.Gly193Ala)	"{""consequence"": [""missense variant""], ""protein_change"": ""G193A, G179A, G190A"", ""classification"": ""Pathogenic""}"
ClinVar:VCV000970419	variant	NM_001032221.6(STXBP1):c.636T>G (p.Tyr212Ter)	"{""consequence"": [""nonsense""], ""protein_change"": ""Y198*, Y209*, Y212*"", ""classification"": ""Pathogenic""}"
ClinVar:VCV000970956	variant	NM_001032221.6(STXBP1):c.1360-2A>C	"{""consequence"": [""splice acceptor variant""], ""protein_change"": """", ""classification"": ""Likely pathogenic""}"
ClinVar:VCV000973268	variant	NM_001032221.6(STXBP1):c.1381_1390dup (p.Arg464fs)	"{""consequence"": [""frameshift variant""], ""protein_change"": ""R464fs, R428fs, R450fs, R461fs"", ""classification"": ""Pathogenic""}"
ClinVar:VCV000973279	variant	NM_001032221.6(STXBP1):c.663+1G>A	"{""consequence"": [""splice donor variant""], ""protein_change"": """", ""classification"": ""Pathogenic""}"
ClinVar:VCV000973303	variant	NM_001330260.2(SCN8A):c.5333A>G (p.Asp1778Gly)	"{""consequence"": [""missense variant""], ""protein_change"": ""D1737G, D1778G"", ""classification"": ""Likely pathogenic""}"
ClinVar:VCV000975769	variant	NM_001330260.2(SCN8A):c.2633T>C (p.Leu878Pro)	"{""consequence"": [""missense variant""], ""protein_change"": ""L878P"", ""classification"": ""Likely pathogenic""}"
ClinVar:VCV000976007	variant	NM_001367721.1(CASK):c.725G>A (p.Trp242Ter)	"{""consequence"": [""nonsense""], ""protein_change"": ""W242*"", ""classification"": ""Likely pathogenic""}"
ClinVar:VCV000976064	variant	NM_001032221.6(STXBP1):c.374_375del (p.Lys125fs)	"{""consequence"": [""frameshift variant""], ""protein_change"": ""K111fs, K122fs, K125fs"", ""classification"": ""Pathogenic""}"
ClinVar:VCV000976197	variant	NM_001330260.2(SCN8A):c.4850G>T (p.Arg1617Leu)	"{""consequence"": [""missense variant""], ""protein_change"": ""R1576L, R1617L"", ""classification"": ""Pathogenic/Likely pathogenic""}"
ClinVar:VCV000976245	variant	NM_001032221.6(STXBP1):c.1277T>G (p.Leu426Arg)	"{""consequence"": [""missense variant""], ""protein_change"": ""L390R, L412R, L423R, L426R"", ""classification"": ""Likely pathogenic""}"
ClinVar:VCV000977145	variant	NM_005639.3(SYT1):c.1098C>G (p.Asp366Glu)	"{""consequence"": [""missense variant""], ""protein_change"": ""D363E, D366E"", ""classification"": ""Pathogenic""}"
ClinVar:VCV000977227	variant	NM_001199107.2(TBC1D24):c.965+1G>A	"{""consequence"": [""splice donor variant""], ""protein_change"": """", ""classification"": ""Pathogenic""}"
ClinVar:VCV000977820	variant	NM_001367721.1(CASK):c.2039+1del	"{""consequence"": [""splice donor variant""], ""protein_change"": """", ""classification"": ""Likely pathogenic""}"
ClinVar:VCV000977902	variant	NM_001367721.1(CASK):c.1256del (p.Tyr419fs)	"{""consequence"": [""frameshift variant""], ""protein_change"": ""Y413fs, Y419fs"", ""classification"": ""Likely pathogenic""}"
ClinVar:VCV000981292	variant	NM_001367721.1(CASK):c.490G>C (p.Gly164Arg)	"{""consequence"": [""missense variant""], ""protein_change"": ""G164R"", ""classification"": ""Likely pathogenic""}"
ClinVar:VCV000981293	variant	NM_001367721.1(CASK):c.875_877del (p.Val292del)	"{""consequence"": [""inframe_indel"", ""inframe_deletion""], ""protein_change"": ""V292del"", ""classification"": ""Likely pathogenic""}"
ClinVar:VCV000981395	variant	NM_001032221.6(STXBP1):c.554A>G (p.Glu185Gly)	"{""consequence"": [""missense variant""], ""protein_change"": ""E171G, E182G, E185G"", ""classification"": ""Likely pathogenic""}"
ClinVar:VCV000981422	variant	NM_001032221.6(STXBP1):c.660_661del (p.Glu221fs)	"{""consequence"": [""frameshift variant""], ""protein_change"": ""E207fs, E218fs, E221fs"", ""classification"": ""Likely pathogenic""}"
ClinVar:VCV000982594	variant	NM_001032221.6(STXBP1):c.1630G>T (p.Gly544Cys)	"{""consequence"": [""missense variant""], ""protein_change"": ""G508C, G530C, G541C, G544C"", ""classification"": ""Pathogenic""}"
ClinVar:VCV000982943	variant	NM_001330260.2(SCN8A):c.2518C>T (p.Leu840Phe)	"{""consequence"": [""missense variant""], ""protein_change"": ""L840F"", ""classification"": ""Likely pathogenic""}"
ClinVar:VCV000984761	variant	GRCh37/hg19 9q34.11(chr9:130431762-130432190)x1	"{""consequence"": [], ""protein_change"": """", ""classification"": ""Pathogenic""}"
ClinVar:VCV000984762	variant	NM_001032221.6(STXBP1):c.663+1G>C	"{""consequence"": [""splice donor variant""], ""protein_change"": """", ""classification"": ""Pathogenic""}"
ClinVar:VCV000984824	variant	NM_001032221.6(STXBP1):c.690_692dup (p.Leu231dup)	"{""consequence"": [""inframe_insertion""], ""protein_change"": """", ""classification"": ""Likely pathogenic""}"
ClinVar:VCV000984825	variant	NM_001032221.6(STXBP1):c.125C>A (p.Ser42Tyr)	"{""consequence"": [""missense variant""], ""protein_change"": ""S28Y, S42Y"", ""classification"": ""Likely pathogenic""}"
ClinVar:VCV000984835	variant	NM_001032221.6(STXBP1):c.1574del (p.Asn525fs)	"{""consequence"": [""frameshift variant""], ""protein_change"": ""N489fs, N511fs, N522fs, N525fs"", ""classification"": ""Pathogenic""}"
ClinVar:VCV000984865	variant	NM_001032221.6(STXBP1):c.1654T>C (p.Cys552Arg)	"{""consequence"": [""missense variant""], ""protein_change"": ""C516R, C538R, C549R, C552R"", ""classification"": ""Pathogenic""}"
ClinVar:VCV000984866	variant	NM_001032221.6(STXBP1):c.875G>C (p.Arg292Pro)	"{""consequence"": [""missense variant"", ""intron variant""], ""protein_change"": ""R278P, R289P, R292P"", ""classification"": ""Likely pathogenic""}"
ClinVar:VCV000984902	variant	NM_001032221.6(STXBP1):c.1473_1475del (p.Glu491del)	"{""consequence"": [""inframe_deletion""], ""protein_change"": ""E455del, E477del, E488del, E491del"", ""classification"": ""Likely pathogenic""}"
ClinVar:VCV000984903	variant	NM_001032221.6(STXBP1):c.755T>C (p.Met252Thr)	"{""consequence"": [""missense variant""], ""protein_change"": ""M238T, M249T, M252T"", ""classification"": ""Pathogenic""}"
ClinVar:VCV000984904	variant	NM_001032221.6(STXBP1):c.1438C>T (p.Pro480Ser)	"{""consequence"": [""missense variant""], ""protein_change"": ""P444S, P466S, P477S, P480S"", ""classification"": ""Likely pathogenic""}"
ClinVar:VCV000984905	variant	NM_001032221.6(STXBP1):c.989dup (p.Met330fs)	"{""consequence"": [""frameshift variant""], ""protein_change"": ""M294fs, M316fs, M327fs, M330fs"", ""classification"": ""Pathogenic""}"
ClinVar:VCV000985619	variant	NM_001032221.6(STXBP1):c.792C>A (p.Tyr264Ter)	"{""consequence"": [""nonsense""], ""protein_change"": ""Y250*, Y261*, Y264*"", ""classification"": ""Pathogenic""}"
ClinVar:VCV000985832	variant	NM_001032221.6(STXBP1):c.136A>G (p.Lys46Glu)	"{""consequence"": [""missense variant""], ""protein_change"": ""K32E, K46E"", ""classification"": ""Likely pathogenic""}"
ClinVar:VCV000986136	variant	NM_001330260.2(SCN8A):c.4412del (p.Lys1471fs)	"{""consequence"": [""frameshift variant""], ""protein_change"": ""K1430fs, K1471fs"", ""classification"": ""Pathogenic""}"
ClinVar:VCV000986260	variant	NM_001330260.2(SCN8A):c.2921C>G (p.Ala974Gly)	"{""consequence"": [""missense variant""], ""protein_change"": ""A974G"", ""classification"": ""Likely pathogenic""}"
ClinVar:VCV000986822	variant	NM_001032221.6(STXBP1):c.785del (p.Asp262fs)	"{""consequence"": [""frameshift variant""], ""protein_change"": ""D248fs, D259fs, D262fs"", ""classification"": ""Pathogenic""}"
ClinVar:VCV000986892	variant	NM_001032221.6(STXBP1):c.1644del (p.Asn548fs)	"{""consequence"": [""frameshift variant""], ""protein_change"": ""N512fs, N534fs, N545fs, N548fs"", ""classification"": ""Pathogenic""}"
ClinVar:VCV000987121	variant	NM_001032221.6(STXBP1):c.1176del (p.Ile393fs)	"{""consequence"": [""frameshift variant""], ""protein_change"": ""I357fs, I379fs, I390fs, I393fs"", ""classification"": ""Pathogenic""}"
ClinVar:VCV000987469	variant	NM_001032221.6(STXBP1):c.1079del (p.Gly360fs)	"{""consequence"": [""frameshift variant""], ""protein_change"": ""G324fs, G346fs, G357fs, G360fs"", ""classification"": ""Pathogenic""}"
ClinVar:VCV000987471	variant	NM_001367721.1(CASK):c.37G>T (p.Glu13Ter)	"{""consequence"": [""nonsense""], ""protein_change"": ""E13*"", ""classification"": ""Pathogenic""}"
ClinVar:VCV000987472	variant	NM_001367721.1(CASK):c.1898G>A (p.Cys633Tyr)	"{""consequence"": [""missense variant""], ""protein_change"": ""C604Y, C610Y, C633Y, C627Y"", ""classification"": ""Likely pathogenic""}"
ClinVar:VCV000988956	variant	NM_000817.3(GAD1):c.1414-1G>C	"{""consequence"": [""splice acceptor variant""], ""protein_change"": """", ""classification"": ""Pathogenic""}"
ClinVar:VCV000988957	variant	NM_000817.3(GAD1):c.692AGA[1] (p.Lys232del)	"{""consequence"": [""inframe_deletion""], ""protein_change"": ""K232del"", ""classification"": ""Pathogenic""}"
ClinVar:VCV000988958	variant	NM_000817.3(GAD1):c.812_816del (p.Val271fs)	"{""consequence"": [""frameshift variant""], ""protein_change"": ""V271fs"", ""classification"": ""Pathogenic""}"
ClinVar:VCV000988959	variant	NM_000817.3(GAD1):c.1591C>T (p.Arg531Ter)	"{""consequence"": [""nonsense""], ""protein_change"": ""R531*"", ""classification"": ""Pathogenic""}"
ClinVar:VCV000989260	variant	NM_001330260.2(SCN8A):c.4007T>C (p.Ile1336Thr)	"{""consequence"": [""missense variant""], ""protein_change"": ""I1295T, I1336T"", ""classification"": ""Likely pathogenic""}"
ClinVar:VCV000989350	variant	NM_001367721.1(CASK):c.1579C>T (p.Gln527Ter)	"{""consequence"": [""nonsense""], ""protein_change"": ""Q521*, Q527*"", ""classification"": ""Pathogenic""}"
ClinVar:VCV000996681	variant	NM_001032221.6(STXBP1):c.560C>T (p.Pro187Leu)	"{""consequence"": [""missense variant""], ""protein_change"": ""P173L, P184L, P187L"", ""classification"": ""Pathogenic/Likely pathogenic""}"
ClinVar:VCV000996906	variant	NM_001330260.2(SCN8A):c.2491G>A (p.Glu831Lys)	"{""consequence"": [""missense variant""], ""protein_change"": ""E831K"", ""classification"": ""Likely pathogenic""}"
ClinVar:VCV000997678	variant	NM_001032221.6(STXBP1):c.1570A>T (p.Lys524Ter)	"{""consequence"": [""nonsense""], ""protein_change"": ""K488*, K510*, K521*, K524*"", ""classification"": ""Pathogenic""}"
ClinVar:VCV001005108	variant	NM_001330260.2(SCN8A):c.2617G>A (p.Gly873Ser)	"{""consequence"": [""missense variant""], ""protein_change"": ""G873S"", ""classification"": ""Pathogenic""}"
ClinVar:VCV001007517	variant	NM_001330260.2(SCN8A):c.2674G>A (p.Val892Met)	"{""consequence"": [""missense variant""], ""protein_change"": ""V892M"", ""classification"": ""Pathogenic""}"
ClinVar:VCV001007610	variant	NM_001330260.2(SCN8A):c.4933A>G (p.Met1645Val)	"{""consequence"": [""missense variant""], ""protein_change"": ""M1604V, M1645V"", ""classification"": ""Likely pathogenic""}"
ClinVar:VCV001009331	variant	NM_001032221.6(STXBP1):c.88G>A (p.Val30Met)	"{""consequence"": [""missense variant""], ""protein_change"": ""V16M, V30M"", ""classification"": ""Likely pathogenic""}"
ClinVar:VCV001025361	variant	NM_001032221.6(STXBP1):c.1060T>G (p.Cys354Gly)	"{""consequence"": [""missense variant""], ""protein_change"": ""C318G, C340G, C351G, C354G"", ""classification"": ""Likely pathogenic""}"
ClinVar:VCV001027456	variant	NM_001032221.6(STXBP1):c.434A>G (p.Tyr145Cys)	"{""consequence"": [""missense variant""], ""protein_change"": ""Y131C, Y142C, Y145C"", ""classification"": ""Pathogenic/Likely pathogenic""}"
ClinVar:VCV001029242	variant	NM_001199107.2(TBC1D24):c.965+2T>C	"{""consequence"": [""splice donor variant""], ""protein_change"": """", ""classification"": ""Pathogenic/Likely pathogenic""}"
ClinVar:VCV001029253	variant	NM_001330260.2(SCN8A):c.4409A>G (p.Gln1470Arg)	"{""consequence"": [""missense variant""], ""protein_change"": ""Q1429R, Q1470R"", ""classification"": ""Pathogenic/Likely pathogenic""}"
ClinVar:VCV001031807	variant	NM_001330260.2(SCN8A):c.5297T>G (p.Leu1766Arg)	"{""consequence"": [""missense variant""], ""protein_change"": ""L1725R, L1766R"", ""classification"": ""Likely pathogenic""}"
ClinVar:VCV001031970	variant	NM_001330260.2(SCN8A):c.676C>G (p.Arg226Gly)	"{""consequence"": [""missense variant"", ""intron variant""], ""protein_change"": ""R226G"", ""classification"": ""Likely pathogenic""}"
ClinVar:VCV001043511	variant	NM_001330260.2(SCN8A):c.1100T>C (p.Met367Thr)	"{""consequence"": [""missense variant""], ""protein_change"": ""M367T"", ""classification"": ""Pathogenic""}"
ClinVar:VCV001047527	variant	NM_001330260.2(SCN8A):c.1252A>G (p.Asn418Asp)	"{""consequence"": [""missense variant""], ""protein_change"": ""N418D"", ""classification"": ""Likely pathogenic""}"
ClinVar:VCV001053572	variant	NM_001330260.2(SCN8A):c.4651dup (p.Glu1551fs)	"{""consequence"": [""frameshift variant""], ""protein_change"": ""E1510fs, E1551fs"", ""classification"": ""Pathogenic""}"
ClinVar:VCV001056257	variant	NM_001330260.2(SCN8A):c.5538C>A (p.Asp1846Glu)	"{""consequence"": [""missense variant""], ""protein_change"": ""D1805E, D1846E"", ""classification"": ""Likely pathogenic""}"
ClinVar:VCV001057399	variant	NM_001330260.2(SCN8A):c.727G>T (p.Ala243Ser)	"{""consequence"": [""missense variant""], ""protein_change"": ""A243S"", ""classification"": ""Pathogenic""}"
ClinVar:VCV001058374	variant	NM_001330260.2(SCN8A):c.3664_3719dup (p.Tyr1241fs)	"{""consequence"": [""frameshift variant""], ""protein_change"": ""Y1241fs"", ""classification"": ""Pathogenic""}"
ClinVar:VCV001064621	variant	NM_001032221.6(STXBP1):c.1249G>C (p.Gly417Arg)	"{""consequence"": [""missense variant""], ""protein_change"": ""G381R, G403R, G414R, G417R"", ""classification"": ""Pathogenic""}"
ClinVar:VCV001064808	variant	NM_001330260.2(SCN8A):c.5084T>C (p.Met1695Thr)	"{""consequence"": [""missense variant""], ""protein_change"": ""M1654T, M1695T"", ""classification"": ""Likely pathogenic""}"
ClinVar:VCV001064864	variant	NM_005639.3(SYT1):c.476T>G (p.Leu159Arg)	"{""consequence"": [""missense variant""], ""protein_change"": ""L156R, L159R"", ""classification"": ""Likely pathogenic""}"
ClinVar:VCV001065623	variant	NM_001032221.6(STXBP1):c.785A>T (p.Asp262Val)	"{""consequence"": [""missense variant""], ""protein_change"": ""D248V, D259V, D262V"", ""classification"": ""Likely pathogenic""}"
ClinVar:VCV001066340	variant	NM_001199107.2(TBC1D24):c.115G>C (p.Ala39Pro)	"{""consequence"": [""missense variant""], ""protein_change"": ""A39P"", ""classification"": ""Pathogenic""}"
ClinVar:VCV001066511	variant	NM_001032221.6(STXBP1):c.218_246+22del	"{""consequence"": [""splice donor variant""], ""protein_change"": """", ""classification"": ""Likely pathogenic""}"
ClinVar:VCV001067137	variant	NM_001330260.2(SCN8A):c.5579_5599dup (p.Arg1866_Gln1867insArgGluLeuAspIleLeuArg)	"{""consequence"": [""inframe_insertion""], ""protein_change"": """", ""classification"": ""Likely pathogenic""}"
ClinVar:VCV001068386	variant	NM_014905.5(GLS):c.1072-2A>C	"{""consequence"": [""splice acceptor variant""], ""protein_change"": """", ""classification"": ""Likely pathogenic""}"
ClinVar:VCV001068482	variant	NM_001330260.2(SCN8A):c.3943G>A (p.Val1315Met)	"{""consequence"": [""missense variant""], ""protein_change"": ""V1274M, V1315M"", ""classification"": ""Pathogenic""}"
ClinVar:VCV001069951	variant	NM_001032221.6(STXBP1):c.980dup (p.Ser328fs)	"{""consequence"": [""frameshift variant""], ""protein_change"": ""S292fs, S314fs, S325fs, S328fs"", ""classification"": ""Pathogenic""}"
ClinVar:VCV001071250	variant	NM_001032221.6(STXBP1):c.1359_1360insC (p.Ser454fs)	"{""consequence"": [""frameshift variant""], ""protein_change"": ""S418fs, S440fs, S451fs, S454fs"", ""classification"": ""Pathogenic""}"
ClinVar:VCV001071661	variant	NM_001032221.6(STXBP1):c.1641_1642insC (p.Asn548fs)	"{""consequence"": [""frameshift variant""], ""protein_change"": ""N512fs, N534fs, N545fs, N548fs"", ""classification"": ""Pathogenic""}"
ClinVar:VCV001071941	variant	NM_001199107.2(TBC1D24):c.642_793del (p.Trp215fs)	"{""consequence"": [""frameshift variant""], ""protein_change"": ""W215fs"", ""classification"": ""Pathogenic""}"
ClinVar:VCV001072207	variant	NM_001199107.2(TBC1D24):c.715del (p.Val239fs)	"{""consequence"": [""frameshift variant""], ""protein_change"": ""V239fs"", ""classification"": ""Pathogenic""}"
ClinVar:VCV001076957	variant	NM_001367721.1(CASK):c.938C>G (p.Ser313Ter)	"{""consequence"": [""nonsense""], ""protein_change"": ""S313*"", ""classification"": ""Pathogenic""}"
ClinVar:VCV001098290	variant	NM_001032221.6(STXBP1):c.1110+3A>C	"{""consequence"": [""intron variant""], ""protein_change"": """", ""classification"": ""Likely pathogenic""}"
ClinVar:VCV001098394	variant	NM_001330260.2(SCN8A):c.4911T>G (p.Ile1637Met)	"{""consequence"": [""missense variant""], ""protein_change"": ""I1596M, I1637M"", ""classification"": ""Likely pathogenic""}"
ClinVar:VCV001163029	variant	NM_001032221.6(STXBP1):c.145_148del (p.Asp49fs)	"{""consequence"": [""frameshift variant""], ""protein_change"": ""D35fs, D49fs"", ""classification"": ""Pathogenic/Likely pathogenic""}"
ClinVar:VCV001163053	variant	NM_014191.4(SCN8A):c.706+1G>A	"{""consequence"": [""splice donor variant"", ""intron variant""], ""protein_change"": """", ""classification"": ""Likely pathogenic""}"
ClinVar:VCV001164029	variant	NM_001330260.2(SCN8A):c.4064del (p.Tyr1355fs)	"{""consequence"": [""frameshift variant""], ""protein_change"": ""Y1314fs, Y1355fs"", ""classification"": ""Pathogenic""}"
ClinVar:VCV001164047	variant	NM_005639.3(SYT1):c.1198C>T (p.Arg400Ter)	"{""consequence"": [""nonsense""], ""protein_change"": ""R397*, R400*"", ""classification"": ""Pathogenic""}"
ClinVar:VCV001172654	variant	NM_001367721.1(CASK):c.487T>C (p.Phe163Leu)	"{""consequence"": [""missense variant""], ""protein_change"": ""F163L"", ""classification"": ""Likely pathogenic""}"
ClinVar:VCV001174109	variant	NM_001330260.2(SCN8A):c.4264G>A (p.Ala1422Thr)	"{""consequence"": [""missense variant""], ""protein_change"": ""A1381T, A1422T"", ""classification"": ""Likely pathogenic""}"
ClinVar:VCV001175798	variant	NM_001032221.6(STXBP1):c.842T>C (p.Leu281Pro)	"{""consequence"": [""missense variant"", ""intron variant""], ""protein_change"": ""L267P, L278P, L281P"", ""classification"": ""Pathogenic/Likely pathogenic""}"
ClinVar:VCV001176941	variant	NM_001330260.2(SCN8A):c.653C>A (p.Ala218Glu)	"{""consequence"": [""missense variant"", ""intron variant""], ""protein_change"": ""A218E"", ""classification"": ""Likely pathogenic""}"
ClinVar:VCV001180515	variant	GRCh37/hg19 Xp11.4(chrX:41700325-41826061)x1	"{""consequence"": [], ""protein_change"": """", ""classification"": ""Pathogenic""}"
ClinVar:VCV001183709	variant	NM_001330260.2(SCN8A):c.5110T>A (p.Ser1704Thr)	"{""consequence"": [""missense variant""], ""protein_change"": ""S1663T, S1704T"", ""classification"": ""Likely pathogenic""}"
ClinVar:VCV001184507	variant	NM_001032221.6(STXBP1):c.1282C>T (p.Gln428Ter)	"{""consequence"": [""nonsense""], ""protein_change"": ""Q392*, Q414*, Q425*, Q428*"", ""classification"": ""Pathogenic""}"
ClinVar:VCV001184881	variant	NM_001032221.6(STXBP1):c.721T>A (p.Ser241Thr)	"{""consequence"": [""missense variant""], ""protein_change"": ""S227T, S238T, S241T"", ""classification"": ""Likely pathogenic""}"
ClinVar:VCV001184882	variant	NM_001032221.6(STXBP1):c.722C>A (p.Ser241Tyr)	"{""consequence"": [""missense variant""], ""protein_change"": ""S227Y, S238Y, S241Y"", ""classification"": ""Likely pathogenic""}"
ClinVar:VCV001188402	variant	NM_001199107.2(TBC1D24):c.1187T>A (p.Ile396Asn)	"{""consequence"": [""missense variant""], ""protein_change"": ""I390N, I396N"", ""classification"": ""Likely pathogenic""}"
ClinVar:VCV001191017	variant	NM_001330260.2(SCN8A):c.669G>C (p.Arg223Ser)	"{""consequence"": [""intron variant"", ""missense variant""], ""protein_change"": ""R223S"", ""classification"": ""Likely pathogenic""}"
ClinVar:VCV001197048	variant	NM_001330260.2(SCN8A):c.2548C>T (p.Arg850Ter)	"{""consequence"": [""nonsense""], ""protein_change"": ""R850*"", ""classification"": ""Pathogenic/Likely pathogenic""}"
ClinVar:VCV001201358	variant	NM_001032221.6(STXBP1):c.1726C>T (p.Gln576Ter)	"{""consequence"": [""nonsense"", ""3 prime UTR variant"", ""intron variant""], ""protein_change"": ""Q562*, Q573*, Q576*"", ""classification"": ""Pathogenic""}"
ClinVar:VCV001202095	variant	NM_001032221.6(STXBP1):c.616C>T (p.Gln206Ter)	"{""consequence"": [""nonsense""], ""protein_change"": ""Q192*, Q203*, Q206*"", ""classification"": ""Pathogenic""}"
ClinVar:VCV001203100	variant	NM_001199107.2(TBC1D24):c.1206+2T>C	"{""consequence"": [""splice donor variant""], ""protein_change"": """", ""classification"": ""Pathogenic""}"
ClinVar:VCV001205490	variant	NM_001367721.1(CASK):c.437G>A (p.Cys146Tyr)	"{""consequence"": [""missense variant""], ""protein_change"": ""C146Y"", ""classification"": ""Pathogenic""}"
ClinVar:VCV001212681	variant	NM_001032221.6(STXBP1):c.164T>C (p.Ile55Thr)	"{""consequence"": [""missense variant""], ""protein_change"": ""I41T, I55T"", ""classification"": ""Likely pathogenic""}"
ClinVar:VCV001212923	variant	NM_001032221.6(STXBP1):c.1655G>A (p.Cys552Tyr)	"{""consequence"": [""missense variant""], ""protein_change"": ""C516Y, C538Y, C549Y, C552Y"", ""classification"": ""Pathogenic/Likely pathogenic""}"
ClinVar:VCV001216663	variant	NM_001330260.2(SCN8A):c.4585A>G (p.Met1529Val)	"{""consequence"": [""missense variant""], ""protein_change"": ""M1488V, M1529V"", ""classification"": ""Pathogenic/Likely pathogenic""}"
ClinVar:VCV001219777	variant	NM_001330260.2(SCN8A):c.5157del (p.Asp1720fs)	"{""consequence"": [""frameshift variant""], ""protein_change"": ""D1679fs, D1720fs"", ""classification"": ""Likely pathogenic""}"
ClinVar:VCV001220318	variant	NM_001199107.2(TBC1D24):c.574C>T (p.Gln192Ter)	"{""consequence"": [""nonsense""], ""protein_change"": ""Q192*"", ""classification"": ""Likely pathogenic""}"
ClinVar:VCV001254380	variant	NM_001330260.2(SCN8A):c.3914G>C (p.Arg1305Thr)	"{""consequence"": [""missense variant"", ""intron variant""], ""protein_change"": ""R1305T"", ""classification"": ""Pathogenic""}"
ClinVar:VCV001256052	variant	NM_014905.5(GLS):c.866A>T (p.Lys289Ile)	"{""consequence"": [""missense variant""], ""protein_change"": ""K289I"", ""classification"": ""Likely pathogenic""}"
ClinVar:VCV001275769	variant	NM_001032221.6(STXBP1):c.915del (p.Ser306fs)	"{""consequence"": [""frameshift variant""], ""protein_change"": ""S270fs, S292fs, S303fs, S306fs"", ""classification"": ""Likely pathogenic""}"
ClinVar:VCV001285460	variant	NM_001330260.2(SCN8A):c.2901+1G>C	"{""consequence"": [""splice donor variant""], ""protein_change"": """", ""classification"": ""Likely pathogenic""}"
ClinVar:VCV001285486	variant	NM_001330260.2(SCN8A):c.718A>T (p.Ile240Phe)	"{""consequence"": [""missense variant""], ""protein_change"": ""I240F"", ""classification"": ""Likely pathogenic""}"
ClinVar:VCV001285578	variant	NM_001330260.2(SCN8A):c.4391T>C (p.Ile1464Thr)	"{""consequence"": [""missense variant""], ""protein_change"": ""I1423T, I1464T"", ""classification"": ""Pathogenic/Likely pathogenic""}"
ClinVar:VCV001297002	variant	NM_001032221.6(STXBP1):c.860T>C (p.Leu287Pro)	"{""consequence"": [""missense variant"", ""intron variant""], ""protein_change"": ""L273P, L284P, L287P"", ""classification"": ""Likely pathogenic""}"
ClinVar:VCV001297049	variant	NM_005639.3(SYT1):c.928G>A (p.Asp310Asn)	"{""consequence"": [""missense variant""], ""protein_change"": ""D307N, D310N"", ""classification"": ""Pathogenic/Likely pathogenic""}"
ClinVar:VCV001298369	variant	NM_001032221.6(STXBP1):c.122T>G (p.Leu41Arg)	"{""consequence"": [""missense variant""], ""protein_change"": ""L27R, L41R"", ""classification"": ""Pathogenic""}"
ClinVar:VCV001298370	variant	NM_001032221.6(STXBP1):c.1227_1229del (p.Leu410del)	"{""consequence"": [""inframe_deletion""], ""protein_change"": ""L374del, L396del, L407del, L410del"", ""classification"": ""Pathogenic""}"
ClinVar:VCV001298371	variant	NM_003165.6(STXBP1):c.664-1delG	"{""consequence"": [""splice acceptor variant""], ""protein_change"": """", ""classification"": ""Pathogenic""}"
ClinVar:VCV001298372	variant	NM_001032221.6(STXBP1):c.1457T>G (p.Met486Arg)	"{""consequence"": [""missense variant""], ""protein_change"": ""M450R, M472R, M483R, M486R"", ""classification"": ""Likely pathogenic""}"
ClinVar:VCV001298373	variant	NM_001032221.6(STXBP1):c.733C>A (p.His245Asn)	"{""consequence"": [""missense variant""], ""protein_change"": ""H231N, H242N, H245N"", ""classification"": ""Pathogenic""}"
ClinVar:VCV001298374	variant	NM_001032221.6(STXBP1):c.1493_1505del (p.His498fs)	"{""consequence"": [""frameshift variant""], ""protein_change"": ""H462fs, H484fs, H495fs, H498fs"", ""classification"": ""Likely pathogenic""}"
ClinVar:VCV001298546	variant	NM_001330260.2(SCN8A):c.4916C>T (p.Thr1639Ile)	"{""consequence"": [""missense variant""], ""protein_change"": ""T1598I, T1639I"", ""classification"": ""Likely pathogenic""}"
ClinVar:VCV001299158	variant	NM_001032221.6(STXBP1):c.963+3A>C	"{""consequence"": [""intron variant""], ""protein_change"": """", ""classification"": ""Likely pathogenic""}"
ClinVar:VCV001299183	variant	NM_001367721.1(CASK):c.588C>G (p.Tyr196Ter)	"{""consequence"": [""nonsense""], ""protein_change"": ""Y196*"", ""classification"": ""Pathogenic""}"
ClinVar:VCV001299336	variant	NM_001330260.2(SCN8A):c.2706del (p.Glu903fs)	"{""consequence"": [""frameshift variant""], ""protein_change"": ""E903fs"", ""classification"": ""Pathogenic/Likely pathogenic""}"
ClinVar:VCV001299648	variant	NM_001032221.6(STXBP1):c.993del (p.Lys332fs)	"{""consequence"": [""frameshift variant""], ""protein_change"": ""K296fs, K318fs, K329fs, K332fs"", ""classification"": ""Likely pathogenic""}"
ClinVar:VCV001309093	variant	NM_005639.3(SYT1):c.1093T>C (p.Tyr365His)	"{""consequence"": [""missense variant""], ""protein_change"": ""Y362H, Y365H"", ""classification"": ""Likely pathogenic""}"
ClinVar:VCV001318723	variant	NM_001330260.2(SCN8A):c.2916del (p.Leu973fs)	"{""consequence"": [""frameshift variant""], ""protein_change"": ""L973fs"", ""classification"": ""Pathogenic""}"
ClinVar:VCV001318747	variant	NM_001330260.2(SCN8A):c.2539C>T (p.Arg847Ter)	"{""consequence"": [""nonsense""], ""protein_change"": ""R847*"", ""classification"": ""Pathogenic/Likely pathogenic""}"
ClinVar:VCV001318887	variant	NM_001330260.2(SCN8A):c.1511_1512del (p.Leu503_Ser504insTer)	"{""consequence"": [""nonsense""], ""protein_change"": """", ""classification"": ""Pathogenic""}"
ClinVar:VCV001318918	variant	NM_001330260.2(SCN8A):c.3440del (p.Pro1147fs)	"{""consequence"": [""frameshift variant""], ""protein_change"": ""P1147fs"", ""classification"": ""Likely pathogenic""}"
ClinVar:VCV001319147	variant	NM_001367721.1(CASK):c.1424G>T (p.Ser475Ile)	"{""consequence"": [""missense variant""], ""protein_change"": ""S469I, S475I"", ""classification"": ""Likely pathogenic""}"
ClinVar:VCV001319789	variant	NM_001330260.2(SCN8A):c.2792G>A (p.Arg931Gln)	"{""consequence"": [""missense variant""], ""protein_change"": ""R931Q"", ""classification"": ""Likely pathogenic""}"
ClinVar:VCV001319790	variant	NM_001330260.2(SCN8A):c.1168T>A (p.Phe390Ile)	"{""consequence"": [""missense variant""], ""protein_change"": ""F390I"", ""classification"": ""Likely pathogenic""}"
ClinVar:VCV001320055	variant	NM_001330260.2(SCN8A):c.3995T>C (p.Leu1332Pro)	"{""consequence"": [""missense variant""], ""protein_change"": ""L1291P, L1332P"", ""classification"": ""Pathogenic/Likely pathogenic""}"
ClinVar:VCV001320078	variant	NM_001330260.2(SCN8A):c.4949C>A (p.Ala1650Asp)	"{""consequence"": [""missense variant""], ""protein_change"": ""A1609D, A1650D"", ""classification"": ""Likely pathogenic""}"
ClinVar:VCV001325767	variant	NM_001330260.2(SCN8A):c.4079C>A (p.Thr1360Asn)	"{""consequence"": [""missense variant""], ""protein_change"": ""T1319N, T1360N"", ""classification"": ""Likely pathogenic""}"
ClinVar:VCV001325768	variant	NM_001330260.2(SCN8A):c.2464G>A (p.Gly822Arg)	"{""consequence"": [""missense variant""], ""protein_change"": ""G822R"", ""classification"": ""Likely pathogenic""}"
ClinVar:VCV001325882	variant	NM_001032221.6(STXBP1):c.1392del (p.Lys465fs)	"{""consequence"": [""frameshift variant""], ""protein_change"": ""K429fs, K451fs, K462fs, K465fs"", ""classification"": ""Pathogenic""}"
ClinVar:VCV001326849	variant	NM_001367721.1(CASK):c.2155G>A (p.Val719Met)	"{""consequence"": [""missense variant""], ""protein_change"": ""D696N, D719N, V690M, V719M, V713M"", ""classification"": ""Likely pathogenic""}"
ClinVar:VCV001327513	variant	NM_000817.3(GAD1):c.1691A>G (p.Asn564Ser)	"{""consequence"": [""missense variant""], ""protein_change"": """", ""classification"": ""Pathogenic""}"
ClinVar:VCV001327514	variant	NM_000817.3(GAD1):c.639-1445del	"{""consequence"": [""frameshift variant"", ""intron variant""], ""protein_change"": ""R224fs"", ""classification"": ""Pathogenic""}"
ClinVar:VCV001327515	variant	NM_000817.3(GAD1):c.87C>G (p.Tyr29Ter)	"{""consequence"": [""nonsense""], ""protein_change"": """", ""classification"": ""Pathogenic""}"
ClinVar:VCV001327516	variant	NM_000817.3(GAD1):c.1119+1G>A	"{""consequence"": [""splice donor variant""], ""protein_change"": """", ""classification"": ""Pathogenic""}"
ClinVar:VCV001327823	variant	NM_001367721.1(CASK):c.173-1G>T	"{""consequence"": [""splice acceptor variant""], ""protein_change"": """", ""classification"": ""Likely pathogenic""}"
ClinVar:VCV001329949	variant	NM_080552.3(SLC32A1):c.806T>C (p.Leu269Pro)	"{""consequence"": [""missense variant""], ""protein_change"": ""L269P"", ""classification"": ""Likely pathogenic""}"
ClinVar:VCV001329950	variant	NM_080552.3(SLC32A1):c.965T>G (p.Phe322Cys)	"{""consequence"": [""missense variant""], ""protein_change"": ""F322C"", ""classification"": ""Likely pathogenic""}"
ClinVar:VCV001333658	variant	NM_001367721.1(CASK):c.1582+1G>A	"{""consequence"": [""splice donor variant""], ""protein_change"": """", ""classification"": ""Likely pathogenic""}"
ClinVar:VCV001333907	variant	NM_001367721.1(CASK):c.915+1G>A	"{""consequence"": [""splice donor variant""], ""protein_change"": """", ""classification"": ""Likely pathogenic""}"
ClinVar:VCV001334502	variant	NM_001330260.2(SCN8A):c.2824_2825insA (p.Trp942Ter)	"{""consequence"": [""nonsense""], ""protein_change"": ""W942*"", ""classification"": ""Likely pathogenic""}"
ClinVar:VCV001338270	variant	NM_001367721.1(CASK):c.1683dup (p.Ser562fs)	"{""consequence"": [""frameshift variant""], ""protein_change"": ""S556fs, S562fs"", ""classification"": ""Pathogenic""}"
ClinVar:VCV001338766	variant	NM_001330260.2(SCN8A):c.761T>G (p.Val254Gly)	"{""consequence"": [""missense variant""], ""protein_change"": ""V254G"", ""classification"": ""Likely pathogenic""}"
ClinVar:VCV001339566	variant	NM_001199107.2(TBC1D24):c.1652G>A (p.Trp551Ter)	"{""consequence"": [""nonsense""], ""protein_change"": ""W545*, W551*"", ""classification"": ""Likely pathogenic""}"
ClinVar:VCV001341561	variant	NM_001032221.6(STXBP1):c.898del (p.Ser300fs)	"{""consequence"": [""frameshift variant"", ""intron variant""], ""protein_change"": ""S286fs, S297fs, S300fs"", ""classification"": ""Pathogenic""}"
ClinVar:VCV001342316	variant	NM_001330260.2(SCN8A):c.2901+2T>C	"{""consequence"": [""splice donor variant""], ""protein_change"": """", ""classification"": ""Pathogenic""}"
ClinVar:VCV001342560	variant	NM_001032221.6(STXBP1):c.1043T>C (p.Leu348Pro)	"{""consequence"": [""missense variant""], ""protein_change"": ""L312P, L334P, L345P, L348P"", ""classification"": ""Likely pathogenic""}"
ClinVar:VCV001343125	variant	NM_001330260.2(SCN8A):c.1483_1484insT (p.Arg495fs)	"{""consequence"": [""frameshift variant""], ""protein_change"": ""R495fs"", ""classification"": ""Likely pathogenic""}"
ClinVar:VCV001343138	variant	NM_001367721.1(CASK):c.2317+5G>A	"{""consequence"": [""intron variant""], ""protein_change"": """", ""classification"": ""Pathogenic/Likely pathogenic""}"
ClinVar:VCV001343235	variant	NM_001367721.1(CASK):c.356+1G>T	"{""consequence"": [""splice donor variant""], ""protein_change"": """", ""classification"": ""Likely pathogenic""}"
ClinVar:VCV001345807	variant	NM_001330260.2(SCN8A):c.4423G>C (p.Gly1475Arg)	"{""consequence"": [""missense variant""], ""protein_change"": ""G1434R, G1475R"", ""classification"": ""Pathogenic""}"
ClinVar:VCV001346284	variant	NM_001330260.2(SCN8A):c.4583T>A (p.Ile1528Asn)	"{""consequence"": [""missense variant""], ""protein_change"": ""I1487N, I1528N"", ""classification"": ""Pathogenic""}"
ClinVar:VCV001346826	variant	NM_001330260.2(SCN8A):c.4613C>A (p.Thr1538Lys)	"{""consequence"": [""missense variant""], ""protein_change"": ""T1538K, T1497K"", ""classification"": ""Pathogenic""}"
ClinVar:VCV001348839	variant	NM_001032221.6(STXBP1):c.863_865delinsTGG (p.Trp288_Ile289delinsLeuVal)	"{""consequence"": [""missense variant"", ""intron variant""], ""protein_change"": """", ""classification"": ""Likely pathogenic""}"
ClinVar:VCV001354780	variant	NM_001330260.2(SCN8A):c.4568C>A (p.Ala1523Asp)	"{""consequence"": [""missense variant""], ""protein_change"": ""A1523D, A1482D"", ""classification"": ""Pathogenic""}"
ClinVar:VCV001357131	variant	NM_001199107.2(TBC1D24):c.1397del (p.Pro466fs)	"{""consequence"": [""frameshift variant""], ""protein_change"": ""P466fs, P460fs"", ""classification"": ""Pathogenic""}"
ClinVar:VCV001369893	variant	NM_001199107.2(TBC1D24):c.56del (p.Ile19fs)	"{""consequence"": [""frameshift variant""], ""protein_change"": ""I19fs"", ""classification"": ""Pathogenic""}"
ClinVar:VCV001377157	variant	NM_001330260.2(SCN8A):c.3562C>T (p.Arg1188Trp)	"{""consequence"": [""missense variant""], ""protein_change"": ""R1188W"", ""classification"": ""Likely pathogenic""}"
ClinVar:VCV001377857	variant	NM_001367721.1(CASK):c.29_30dup (p.Val11fs)	"{""consequence"": [""frameshift variant""], ""protein_change"": ""V11fs"", ""classification"": ""Pathogenic""}"
ClinVar:VCV001378399	variant	NM_001199107.2(TBC1D24):c.979A>T (p.Lys327Ter)	"{""consequence"": [""nonsense"", ""intron variant""], ""protein_change"": ""K327*"", ""classification"": ""Pathogenic""}"
ClinVar:VCV001382874	variant	NM_001032221.6(STXBP1):c.323_325+1del	"{""consequence"": [""splice donor variant""], ""protein_change"": """", ""classification"": ""Pathogenic""}"
ClinVar:VCV001385042	variant	NM_001330260.2(SCN8A):c.1226T>C (p.Val409Ala)	"{""consequence"": [""missense variant""], ""protein_change"": ""V409A"", ""classification"": ""Pathogenic/Likely pathogenic""}"
ClinVar:VCV001388120	variant	NM_001032221.6(STXBP1):c.225T>G (p.Tyr75Ter)	"{""consequence"": [""nonsense""], ""protein_change"": ""Y61*, Y75*"", ""classification"": ""Pathogenic""}"
ClinVar:VCV001393473	variant	NM_001330260.2(SCN8A):c.2364_2370+1del	"{""consequence"": [""splice donor variant""], ""protein_change"": """", ""classification"": ""Pathogenic""}"
ClinVar:VCV001397090	variant	NM_001199107.2(TBC1D24):c.1540C>T (p.Gln514Ter)	"{""consequence"": [""nonsense""], ""protein_change"": ""Q514*, Q508*"", ""classification"": ""Pathogenic""}"
ClinVar:VCV001398686	variant	NM_001032221.6(STXBP1):c.971del (p.Met324fs)	"{""consequence"": [""frameshift variant""], ""protein_change"": ""M324fs, M310fs, M288fs, M321fs"", ""classification"": ""Pathogenic""}"
ClinVar:VCV001399415	variant	NM_001330260.2(SCN8A):c.632T>G (p.Val211Gly)	"{""consequence"": [""missense variant"", ""intron variant""], ""protein_change"": ""V211G"", ""classification"": ""Pathogenic""}"
ClinVar:VCV001400645	variant	NM_001032221.6(STXBP1):c.1503T>A (p.Tyr501Ter)	"{""consequence"": [""nonsense""], ""protein_change"": ""Y487*, Y501*, Y465*, Y498*"", ""classification"": ""Pathogenic""}"
ClinVar:VCV001402576	variant	NC_000016.9:g.(?_2546150)_(2550959_?)del	"{""consequence"": [], ""protein_change"": """", ""classification"": ""Pathogenic""}"
ClinVar:VCV001403332	variant	NM_001032221.6(STXBP1):c.663+5G>A	"{""consequence"": [""intron variant""], ""protein_change"": """", ""classification"": ""Pathogenic""}"
ClinVar:VCV001413674	variant	NM_001032221.6(STXBP1):c.1359+3A>C	"{""consequence"": [""intron variant""], ""protein_change"": """", ""classification"": ""Pathogenic""}"
ClinVar:VCV001414886	variant	NM_001330260.2(SCN8A):c.4586dup (p.Met1529fs)	"{""consequence"": [""frameshift variant""], ""protein_change"": ""M1488fs, M1529fs"", ""classification"": ""Pathogenic""}"
ClinVar:VCV001426285	variant	NM_001330260.2(SCN8A):c.1087T>G (p.Leu363Val)	"{""consequence"": [""missense variant""], ""protein_change"": ""L363V"", ""classification"": ""Likely pathogenic""}"
ClinVar:VCV001435255	variant	NM_001032221.6(STXBP1):c.325+4A>T	"{""consequence"": [""intron variant""], ""protein_change"": """", ""classification"": ""Pathogenic""}"
ClinVar:VCV001439030	variant	NM_001330260.2(SCN8A):c.4122_4123del (p.Glu1375fs)	"{""consequence"": [""frameshift variant""], ""protein_change"": ""E1334fs, E1375fs"", ""classification"": ""Pathogenic""}"
ClinVar:VCV001440705	variant	NM_001367721.1(CASK):c.2138T>A (p.Leu713Ter)	"{""consequence"": [""nonsense""], ""protein_change"": ""L690*, L684*, L713*, L707*"", ""classification"": ""Pathogenic""}"
ClinVar:VCV001448037	variant	NM_001330260.2(SCN8A):c.4605_4606del (p.Met1536fs)	"{""consequence"": [""frameshift variant""], ""protein_change"": ""M1536fs, M1495fs"", ""classification"": ""Pathogenic""}"
ClinVar:VCV001448441	variant	NM_001032221.6(STXBP1):c.1092dup (p.Leu365fs)	"{""consequence"": [""frameshift variant""], ""protein_change"": ""L351fs, L362fs, L329fs, L365fs"", ""classification"": ""Pathogenic""}"
ClinVar:VCV001451981	variant	NM_001199107.2(TBC1D24):c.1141dup (p.Arg381fs)	"{""consequence"": [""frameshift variant""], ""protein_change"": ""R375fs, R381fs"", ""classification"": ""Pathogenic""}"
ClinVar:VCV001453163	variant	NC_000009.11:g.(?_130374683)_(130416095_?)del	"{""consequence"": [], ""protein_change"": """", ""classification"": ""Pathogenic""}"
ClinVar:VCV001453222	variant	NM_001367721.1(CASK):c.1652_1655dup (p.Gln553fs)	"{""consequence"": [""frameshift variant""], ""protein_change"": ""Q553fs, Q547fs"", ""classification"": ""Pathogenic""}"
ClinVar:VCV001453407	variant	NM_001199107.2(TBC1D24):c.636G>A (p.Trp212Ter)	"{""consequence"": [""nonsense""], ""protein_change"": ""W212*"", ""classification"": ""Pathogenic""}"
ClinVar:VCV001453697	variant	NM_001032221.6(STXBP1):c.920_921del (p.Leu307fs)	"{""consequence"": [""frameshift variant""], ""protein_change"": ""L271fs, L293fs, L304fs, L307fs"", ""classification"": ""Pathogenic""}"
ClinVar:VCV001454627	variant	NC_000009.12:g.127660030_127660059del	"{""consequence"": [], ""protein_change"": """", ""classification"": ""Pathogenic""}"
ClinVar:VCV001456194	variant	NM_001330260.2(SCN8A):c.4245G>A (p.Trp1415Ter)	"{""consequence"": [""nonsense""], ""protein_change"": ""W1374*, W1415*"", ""classification"": ""Pathogenic""}"
ClinVar:VCV001456242	variant	NC_000009.12:g.127669899del	"{""consequence"": [], ""protein_change"": """", ""classification"": ""Pathogenic""}"
ClinVar:VCV001456664	variant	NM_001199107.2(TBC1D24):c.752del (p.Phe251fs)	"{""consequence"": [""frameshift variant""], ""protein_change"": ""F251fs"", ""classification"": ""Pathogenic""}"
ClinVar:VCV001457463	variant	NM_001032221.6(STXBP1):c.175G>A (p.Glu59Lys)	"{""consequence"": [""missense variant""], ""protein_change"": ""E45K, E59K"", ""classification"": ""Pathogenic""}"
ClinVar:VCV001459471	variant	NM_001199107.2(TBC1D24):c.806del (p.Ile269fs)	"{""consequence"": [""frameshift variant""], ""protein_change"": ""I269fs"", ""classification"": ""Pathogenic""}"
ClinVar:VCV001460075	variant	NM_001032221.6(STXBP1):c.520del (p.Glu174fs)	"{""consequence"": [""frameshift variant""], ""protein_change"": ""E160fs, E174fs, E171fs"", ""classification"": ""Pathogenic""}"
ClinVar:VCV001460206	variant	NM_001367721.1(CASK):c.2040-2A>G	"{""consequence"": [""splice acceptor variant""], ""protein_change"": """", ""classification"": ""Pathogenic""}"
ClinVar:VCV001465027	variant	NM_001330260.2(SCN8A):c.424A>G (p.Ile142Val)	"{""consequence"": [""missense variant""], ""protein_change"": ""I142V"", ""classification"": ""Pathogenic/Likely pathogenic""}"
ClinVar:VCV001472032	variant	NM_001330260.2(SCN8A):c.3967G>T (p.Ala1323Ser)	"{""consequence"": [""missense variant""], ""protein_change"": ""A1323S, A1282S"", ""classification"": ""Pathogenic/Likely pathogenic""}"
ClinVar:VCV001473155	variant	NM_001199107.2(TBC1D24):c.706G>A (p.Gly236Ser)	"{""consequence"": [""missense variant""], ""protein_change"": ""G236S"", ""classification"": ""Pathogenic""}"
ClinVar:VCV001473691	variant	NM_001367721.1(CASK):c.2237-2A>G	"{""consequence"": [""splice acceptor variant""], ""protein_change"": """", ""classification"": ""Likely pathogenic""}"
ClinVar:VCV001475067	variant	NM_001032221.6(STXBP1):c.1627G>C (p.Gly543Arg)	"{""consequence"": [""missense variant""], ""protein_change"": ""G507R, G540R, G543R, G529R"", ""classification"": ""Pathogenic""}"
ClinVar:VCV001482151	variant	NM_001330260.2(SCN8A):c.4487G>A (p.Gly1496Asp)	"{""consequence"": [""missense variant""], ""protein_change"": ""G1455D, G1496D"", ""classification"": ""Pathogenic""}"
ClinVar:VCV001487855	variant	NM_003165.6(STXBP1):c.1809G>T (p.Glu603Asp)	"{""consequence"": [""missense variant"", ""intron variant""], ""protein_change"": ""E603D, E567D, E589D"", ""classification"": ""Likely pathogenic""}"
ClinVar:VCV001491768	variant	NM_001330260.2(SCN8A):c.3942+1G>T	"{""consequence"": [""splice donor variant"", ""intron variant""], ""protein_change"": """", ""classification"": ""Likely pathogenic""}"
ClinVar:VCV001497566	variant	NM_001032221.6(STXBP1):c.167C>G (p.Thr56Arg)	"{""consequence"": [""missense variant""], ""protein_change"": ""T56R, T42R"", ""classification"": ""Pathogenic""}"
ClinVar:VCV001504766	variant	NM_001330260.2(SCN8A):c.3250A>G (p.Met1084Val)	"{""consequence"": [""missense variant""], ""protein_change"": ""M1084V"", ""classification"": ""Likely pathogenic""}"
ClinVar:VCV001505439	variant	NM_001330260.2(SCN8A):c.5605A>G (p.Met1869Val)	"{""consequence"": [""missense variant""], ""protein_change"": ""M1869V, M1828V"", ""classification"": ""Likely pathogenic""}"
ClinVar:VCV001512107	variant	NM_001032221.6(STXBP1):c.328T>C (p.Cys110Arg)	"{""consequence"": [""missense variant"", ""intron variant""], ""protein_change"": ""C96R, C110R"", ""classification"": ""Likely pathogenic""}"
ClinVar:VCV001512442	variant	NM_001199107.2(TBC1D24):c.983+1G>C	"{""consequence"": [""splice donor variant"", ""intron variant""], ""protein_change"": """", ""classification"": ""Likely pathogenic""}"
ClinVar:VCV001514484	variant	NM_001330260.2(SCN8A):c.828C>A (p.Asn276Lys)	"{""consequence"": [""missense variant""], ""protein_change"": ""N276K"", ""classification"": ""Likely pathogenic""}"
ClinVar:VCV001514764	variant	NM_001330260.2(SCN8A):c.1201T>C (p.Tyr401His)	"{""consequence"": [""missense variant""], ""protein_change"": ""Y401H"", ""classification"": ""Likely pathogenic""}"
ClinVar:VCV001515093	variant	NM_001330260.2(SCN8A):c.4384G>A (p.Val1462Ile)	"{""consequence"": [""missense variant""], ""protein_change"": ""V1462I, V1421I"", ""classification"": ""Pathogenic/Likely pathogenic""}"
ClinVar:VCV001517295	variant	NM_001199107.2(TBC1D24):c.1303-2A>G	"{""consequence"": [""splice acceptor variant""], ""protein_change"": """", ""classification"": ""Likely pathogenic""}"
ClinVar:VCV001526059	variant	NM_014905.5(GLS):c.1460dup (p.Ile488fs)	"{""consequence"": [""frameshift variant""], ""protein_change"": ""I488fs"", ""classification"": ""Pathogenic""}"
ClinVar:VCV001526183	variant	NM_001330260.2(SCN8A):c.2548C>G (p.Arg850Gly)	"{""consequence"": [""missense variant""], ""protein_change"": ""R850G"", ""classification"": ""Pathogenic/Likely pathogenic""}"
ClinVar:VCV001676383	variant	NM_001367721.1(CASK):c.1972C>T (p.Gln658Ter)	"{""consequence"": [""nonsense""], ""protein_change"": ""Q629*, Q635*, Q658*, Q652*"", ""classification"": ""Pathogenic""}"
ClinVar:VCV001676875	variant	NM_001330260.2(SCN8A):c.5156dup (p.Pro1719_Asp1720insTer)	"{""consequence"": [""frameshift variant""], ""protein_change"": """", ""classification"": ""Likely pathogenic""}"
ClinVar:VCV001677247	variant	NM_001032221.6(STXBP1):c.963+2T>C	"{""consequence"": [""splice donor variant""], ""protein_change"": """", ""classification"": ""Pathogenic""}"
ClinVar:VCV001677950	variant	NM_001330260.2(SCN8A):c.4849C>T (p.Arg1617Ter)	"{""consequence"": [""nonsense""], ""protein_change"": ""R1576*, R1617*"", ""classification"": ""Likely pathogenic""}"
ClinVar:VCV001685436	variant	NM_001330260.2(SCN8A):c.4937T>C (p.Met1646Thr)	"{""consequence"": [""missense variant""], ""protein_change"": ""M1605T, M1646T"", ""classification"": ""Likely pathogenic""}"
ClinVar:VCV001686171	variant	NM_001330260.2(SCN8A):c.2693del (p.Gly898fs)	"{""consequence"": [""frameshift variant""], ""protein_change"": ""G898fs"", ""classification"": ""Pathogenic""}"
ClinVar:VCV001686172	variant	NM_001330260.2(SCN8A):c.4876C>T (p.Arg1626Cys)	"{""consequence"": [""missense variant""], ""protein_change"": ""R1585C, R1626C"", ""classification"": ""Pathogenic/Likely pathogenic""}"
ClinVar:VCV001686236	variant	NM_001032221.6(STXBP1):c.795-2A>C	"{""consequence"": [""splice acceptor variant"", ""intron variant""], ""protein_change"": """", ""classification"": ""Pathogenic""}"
ClinVar:VCV001686237	variant	NM_001032221.6(STXBP1):c.1108C>T (p.Gln370Ter)	"{""consequence"": [""nonsense""], ""protein_change"": ""Q334*, Q356*, Q367*, Q370*"", ""classification"": ""Pathogenic""}"
ClinVar:VCV001686243	variant	NM_005639.3(SYT1):c.926C>T (p.Ser309Phe)	"{""consequence"": [""missense variant""], ""protein_change"": ""S306F, S309F"", ""classification"": ""Pathogenic/Likely pathogenic""}"
ClinVar:VCV001687308	variant	NM_001367721.1(CASK):c.506T>G (p.Leu169Ter)	"{""consequence"": [""nonsense""], ""protein_change"": ""L169*"", ""classification"": ""Likely pathogenic""}"
ClinVar:VCV001690348	variant	NM_001199107.2(TBC1D24):c.535dup (p.Ser179fs)	"{""consequence"": [""frameshift variant""], ""protein_change"": ""S179fs"", ""classification"": ""Pathogenic""}"
ClinVar:VCV001691863	variant	NM_001032221.6(STXBP1):c.1672delinsAACGGAAAGTGGGAGGTGGGAGG (p.Gln558fs)	"{""consequence"": [""frameshift variant""], ""protein_change"": ""Q522fs, Q544fs, Q555fs, Q558fs"", ""classification"": ""Pathogenic""}"
ClinVar:VCV001692990	variant	NM_001367721.1(CASK):c.825G>A (p.Trp275Ter)	"{""consequence"": [""nonsense""], ""protein_change"": ""W275*"", ""classification"": ""Pathogenic""}"
ClinVar:VCV001699023	variant	NM_001032221.6(STXBP1):c.795-1G>A	"{""consequence"": [""splice acceptor variant"", ""intron variant""], ""protein_change"": """", ""classification"": ""Pathogenic""}"
ClinVar:VCV001699202	variant	NM_001330260.2(SCN8A):c.971G>A (p.Cys324Tyr)	"{""consequence"": [""missense variant""], ""protein_change"": ""C324Y"", ""classification"": ""Pathogenic/Likely pathogenic""}"
ClinVar:VCV001699292	variant	NM_001367721.1(CASK):c.2039+1G>A	"{""consequence"": [""splice donor variant""], ""protein_change"": """", ""classification"": ""Pathogenic""}"
ClinVar:VCV001700412	variant	NM_001330260.2(SCN8A):c.3922T>C (p.Ser1308Pro)	"{""consequence"": [""missense variant"", ""intron variant""], ""protein_change"": ""S1308P"", ""classification"": ""Pathogenic""}"
ClinVar:VCV001701580	variant	NM_001032221.6(STXBP1):c.536T>A (p.Leu179His)	"{""consequence"": [""missense variant""], ""protein_change"": ""L165H, L176H, L179H"", ""classification"": ""Likely pathogenic""}"
ClinVar:VCV001701837	variant	NM_001330260.2(SCN8A):c.736C>T (p.Gln246Ter)	"{""consequence"": [""nonsense""], ""protein_change"": ""Q246*"", ""classification"": ""Likely pathogenic""}"
ClinVar:VCV001701858	variant	NM_001367721.1(CASK):c.2252_2253del (p.Gly751fs)	"{""consequence"": [""frameshift variant""], ""protein_change"": ""G722fs, G723fs, G746fs, G751fs"", ""classification"": ""Pathogenic""}"
ClinVar:VCV001702816	variant	NM_001032221.6(STXBP1):c.1462-2A>G	"{""consequence"": [""splice acceptor variant""], ""protein_change"": """", ""classification"": ""Pathogenic""}"
ClinVar:VCV001703489	variant	NM_001032221.6(STXBP1):c.82T>G (p.Trp28Gly)	"{""consequence"": [""missense variant""], ""protein_change"": ""W14G, W28G"", ""classification"": ""Pathogenic""}"
ClinVar:VCV001704956	variant	NM_001032221.6(STXBP1):c.889G>T (p.Ala297Ser)	"{""consequence"": [""missense variant"", ""intron variant""], ""protein_change"": ""A283S, A294S, A297S"", ""classification"": ""Likely pathogenic""}"
ClinVar:VCV001705448	variant	NM_005639.3(SYT1):c.1101_1103dup (p.Lys367_Ile368insMet)	"{""consequence"": [""inframe_insertion""], ""protein_change"": """", ""classification"": ""Likely pathogenic""}"
ClinVar:VCV001705649	variant	NM_001367721.1(CASK):c.1510del (p.Thr504fs)	"{""consequence"": [""frameshift variant""], ""protein_change"": ""T498fs, T504fs"", ""classification"": ""Likely pathogenic""}"
ClinVar:VCV001705830	variant	NM_001330260.2(SCN8A):c.4399T>G (p.Phe1467Val)	"{""consequence"": [""missense variant""], ""protein_change"": ""F1426V, F1467V"", ""classification"": ""Likely pathogenic""}"
ClinVar:VCV001707506	variant	NM_001330260.2(SCN8A):c.3942+1387_4135del	"{""consequence"": [""splice acceptor variant""], ""protein_change"": """", ""classification"": ""Likely pathogenic""}"
ClinVar:VCV001707714	variant	NC_000023.10:g.(?_41387096)_(41396627_?)del	"{""consequence"": [], ""protein_change"": """", ""classification"": ""Pathogenic""}"
ClinVar:VCV001708503	variant	NM_001032221.6(STXBP1):c.579-1G>C	"{""consequence"": [""splice acceptor variant""], ""protein_change"": """", ""classification"": ""Pathogenic""}"
ClinVar:VCV001709375	variant	NM_005639.3(SYT1):c.920G>A (p.Gly307Asp)	"{""consequence"": [""missense variant""], ""protein_change"": ""G304D, G307D"", ""classification"": ""Likely pathogenic""}"
ClinVar:VCV001709566	variant	NM_001032221.6(STXBP1):c.1359+5G>C	"{""consequence"": [""intron variant""], ""protein_change"": """", ""classification"": ""Likely pathogenic""}"
ClinVar:VCV001721320	variant	NM_001330260.2(SCN8A):c.2675T>C (p.Val892Ala)	"{""consequence"": [""missense variant""], ""protein_change"": ""V892A"", ""classification"": ""Pathogenic/Likely pathogenic""}"
ClinVar:VCV001721655	variant	NM_001330260.2(SCN8A):c.3988G>A (p.Val1330Met)	"{""consequence"": [""missense variant""], ""protein_change"": ""V1289M, V1330M"", ""classification"": ""Pathogenic""}"
ClinVar:VCV001732348	variant	NM_001199107.2(TBC1D24):c.352del (p.Leu118fs)	"{""consequence"": [""frameshift variant""], ""protein_change"": ""L118fs"", ""classification"": ""Pathogenic""}"
ClinVar:VCV001737351	variant	NM_001199107.2(TBC1D24):c.404del (p.Pro135fs)	"{""consequence"": [""frameshift variant""], ""protein_change"": ""P135fs"", ""classification"": ""Pathogenic""}"
ClinVar:VCV001769478	variant	NM_001032221.6(STXBP1):c.1304del (p.Glu435fs)	"{""consequence"": [""frameshift variant""], ""protein_change"": ""E435fs, E421fs, E399fs, E432fs"", ""classification"": ""Pathogenic""}"
ClinVar:VCV001772191	variant	NM_001032221.6(STXBP1):c.1419C>A (p.Tyr473Ter)	"{""consequence"": [""nonsense""], ""protein_change"": ""Y459*, Y470*, Y473*, Y437*"", ""classification"": ""Pathogenic""}"
ClinVar:VCV001784171	variant	NM_001367721.1(CASK):c.1A>G (p.Met1Val)	"{""consequence"": [""missense variant"", ""initiator_codon_variant""], ""protein_change"": ""M1V"", ""classification"": ""Pathogenic""}"
ClinVar:VCV001787036	variant	NM_001330260.2(SCN8A):c.2169G>A (p.Trp723Ter)	"{""consequence"": [""nonsense""], ""protein_change"": ""W723*"", ""classification"": ""Pathogenic""}"
ClinVar:VCV001799561	variant	NM_001032221.6(STXBP1):c.1336C>T (p.Leu446Phe)	"{""consequence"": [""missense variant""], ""protein_change"": ""L410F, L432F, L443F"", ""classification"": ""Pathogenic""}"
ClinVar:VCV001801498	variant	NM_001032221.6(STXBP1):c.1110+2T>G	"{""consequence"": [""splice donor variant""], ""protein_change"": """", ""classification"": ""Pathogenic/Likely pathogenic""}"
ClinVar:VCV001802551	variant	NM_001330260.2(SCN8A):c.2734T>G (p.Cys912Gly)	"{""consequence"": [""missense variant""], ""protein_change"": ""C912G"", ""classification"": ""Likely pathogenic""}"
ClinVar:VCV001803064	variant	NM_001330260.2(SCN8A):c.2934C>A (p.Ser978Arg)	"{""consequence"": [""missense variant""], ""protein_change"": ""S978R"", ""classification"": ""Likely pathogenic""}"
ClinVar:VCV001803066	variant	NM_001330260.2(SCN8A):c.778T>G (p.Phe260Val)	"{""consequence"": [""missense variant""], ""protein_change"": ""F260V"", ""classification"": ""Likely pathogenic""}"
ClinVar:VCV001803067	variant	NM_001330260.2(SCN8A):c.4871T>G (p.Ile1624Ser)	"{""consequence"": [""missense variant""], ""protein_change"": ""I1583S, I1624S"", ""classification"": ""Likely pathogenic""}"
ClinVar:VCV001803077	variant	NM_001032221.6(STXBP1):c.701A>G (p.Asp234Gly)	"{""consequence"": [""missense variant""], ""protein_change"": ""D220G, D231G, D234G"", ""classification"": ""Likely pathogenic""}"
ClinVar:VCV001803078	variant	NM_001032221.6(STXBP1):c.1657G>C (p.Ala553Pro)	"{""consequence"": [""missense variant""], ""protein_change"": ""A517P, A539P, A550P, A553P"", ""classification"": ""Likely pathogenic""}"
ClinVar:VCV001803079	variant	NM_001032221.6(STXBP1):c.620A>G (p.Asp207Gly)	"{""consequence"": [""missense variant""], ""protein_change"": ""D193G, D204G, D207G"", ""classification"": ""Likely pathogenic""}"
ClinVar:VCV001803080	variant	NM_001032221.6(STXBP1):c.748C>G (p.Gln250Glu)	"{""consequence"": [""missense variant""], ""protein_change"": ""Q236E, Q247E, Q250E"", ""classification"": ""Likely pathogenic""}"
ClinVar:VCV001803081	variant	NM_001032221.6(STXBP1):c.1030-2A>G	"{""consequence"": [""splice acceptor variant""], ""protein_change"": """", ""classification"": ""Pathogenic/Likely pathogenic""}"
ClinVar:VCV001803976	variant	NM_000817.3(GAD1):c.1370G>A (p.Arg457His)	"{""consequence"": [""missense variant""], ""protein_change"": ""R457H"", ""classification"": ""Likely pathogenic""}"
ClinVar:VCV001804044	variant	NM_001330260.2(SCN8A):c.844_845del (p.Val282fs)	"{""consequence"": [""frameshift variant""], ""protein_change"": ""V282fs"", ""classification"": ""Likely pathogenic""}"
ClinVar:VCV001804158	variant	NM_001032221.6(STXBP1):c.690_697delinsT (p.Leu231fs)	"{""consequence"": [""frameshift variant""], ""protein_change"": ""L217fs, L228fs, L231fs"", ""classification"": ""Likely pathogenic""}"
ClinVar:VCV001805441	variant	NM_001032221.6(STXBP1):c.1462-2A>C	"{""consequence"": [""splice acceptor variant""], ""protein_change"": """", ""classification"": ""Pathogenic""}"
ClinVar:VCV001805469	variant	NM_001032221.6(STXBP1):c.386_393delinsATCTGA (p.Thr129fs)	"{""consequence"": [""frameshift variant""], ""protein_change"": ""T115fs, T126fs, T129fs"", ""classification"": ""Pathogenic""}"
ClinVar:VCV001810253	variant	NM_001032221.6(STXBP1):c.1315A>T (p.Ile439Phe)	"{""consequence"": [""missense variant""], ""protein_change"": ""I403F, I425F, I436F, I439F"", ""classification"": ""Likely pathogenic""}"
ClinVar:VCV001878431	variant	NM_005639.3(SYT1):c.551T>C (p.Val184Ala)	"{""consequence"": [""missense variant""], ""protein_change"": ""V181A, V184A"", ""classification"": ""Likely pathogenic""}"
ClinVar:VCV001879237	variant	NM_001330260.2(SCN8A):c.4683_4686del (p.Phe1561fs)	"{""consequence"": [""frameshift variant""], ""protein_change"": ""F1520fs, F1561fs"", ""classification"": ""Pathogenic""}"
ClinVar:VCV001895387	variant	NM_001330260.2(SCN8A):c.536del (p.Ala179fs)	"{""consequence"": [""frameshift variant""], ""protein_change"": ""A179fs"", ""classification"": ""Likely pathogenic""}"
ClinVar:VCV001895463	variant	NM_014191.4(SCN8A):c.668G>C (p.Arg223Thr)	"{""consequence"": [""missense variant"", ""intron variant""], ""protein_change"": ""R223T"", ""classification"": ""Likely pathogenic""}"
ClinVar:VCV001966628	variant	NM_001199107.2(TBC1D24):c.1505dup (p.Ser503fs)	"{""consequence"": [""frameshift variant""], ""protein_change"": ""S497fs, S503fs"", ""classification"": ""Pathogenic/Likely pathogenic""}"
ClinVar:VCV001970211	variant	NM_001199107.2(TBC1D24):c.668_669delinsAA (p.Cys223Ter)	"{""consequence"": [""nonsense""], ""protein_change"": ""C223*"", ""classification"": ""Pathogenic""}"
ClinVar:VCV001992424	variant	NM_003660.4(PPFIA3):c.2717C>T (p.Ser906Leu)	"{""consequence"": [""missense variant"", ""non-coding transcript variant""], ""protein_change"": ""S906L"", ""classification"": ""Pathogenic/Likely pathogenic""}"
ClinVar:VCV001992425	variant	NM_003660.4(PPFIA3):c.3307del (p.Glu1103fs)	"{""consequence"": [""frameshift variant"", ""non-coding transcript variant""], ""protein_change"": ""E1103fs"", ""classification"": ""Likely pathogenic""}"
ClinVar:VCV001995692	variant	NM_001032221.6(STXBP1):c.910_917del (p.Thr304fs)	"{""consequence"": [""frameshift variant""], ""protein_change"": ""T268fs, T301fs, T304fs, T290fs"", ""classification"": ""Pathogenic""}"
ClinVar:VCV001997152	variant	NM_001330260.2(SCN8A):c.2942G>T (p.Ser981Ile)	"{""consequence"": [""missense variant""], ""protein_change"": ""S981I"", ""classification"": ""Pathogenic""}"
ClinVar:VCV002001117	variant	NM_001330260.2(SCN8A):c.4934T>G (p.Met1645Arg)	"{""consequence"": [""missense variant""], ""protein_change"": ""M1604R, M1645R"", ""classification"": ""Pathogenic""}"
ClinVar:VCV002007067	variant	NM_001032221.6(STXBP1):c.1702+2T>G	"{""consequence"": [""splice donor variant""], ""protein_change"": """", ""classification"": ""Pathogenic""}"
ClinVar:VCV002008823	variant	NM_001330260.2(SCN8A):c.5816C>T (p.Pro1939Leu)	"{""consequence"": [""missense variant""], ""protein_change"": ""P1939L, P1898L"", ""classification"": ""Likely pathogenic""}"
ClinVar:VCV002021368	variant	NM_001032221.6(STXBP1):c.1011C>G (p.Tyr337Ter)	"{""consequence"": [""nonsense""], ""protein_change"": ""Y301*, Y334*, Y337*, Y323*"", ""classification"": ""Pathogenic""}"
ClinVar:VCV002029854	variant	NM_001032221.6(STXBP1):c.1702+2T>C	"{""consequence"": [""splice donor variant""], ""protein_change"": """", ""classification"": ""Pathogenic""}"
ClinVar:VCV002032711	variant	NM_001032221.6(STXBP1):c.1354dup (p.Thr452fs)	"{""consequence"": [""frameshift variant""], ""protein_change"": ""T416fs, T438fs, T449fs, T452fs"", ""classification"": ""Pathogenic""}"
ClinVar:VCV002035641	variant	NM_001199107.2(TBC1D24):c.1574del (p.Gly525fs)	"{""consequence"": [""frameshift variant""], ""protein_change"": ""G519fs, G525fs"", ""classification"": ""Pathogenic""}"
ClinVar:VCV002053773	variant	NM_001032221.6(STXBP1):c.148_149del (p.Ile50fs)	"{""consequence"": [""frameshift variant""], ""protein_change"": ""I36fs, I50fs"", ""classification"": ""Pathogenic""}"
ClinVar:VCV002055230	variant	NM_001032221.6(STXBP1):c.1568_1569insAGTACCCA (p.His523fs)	"{""consequence"": [""frameshift variant""], ""protein_change"": ""H509fs, H487fs, H523fs, H520fs"", ""classification"": ""Pathogenic""}"
ClinVar:VCV002055422	variant	NM_001032221.6(STXBP1):c.1702G>C (p.Gly568Arg)	"{""consequence"": [""missense variant""], ""protein_change"": ""G568R, G565R, G532R, G554R, V568L"", ""classification"": ""Pathogenic""}"
ClinVar:VCV002060555	variant	NM_001032221.6(STXBP1):c.663+2T>C	"{""consequence"": [""splice donor variant""], ""protein_change"": """", ""classification"": ""Pathogenic""}"
ClinVar:VCV002094661	variant	NM_001032221.6(STXBP1):c.1074C>G (p.Tyr358Ter)	"{""consequence"": [""nonsense""], ""protein_change"": ""Y344*, Y322*, Y358*, Y355*"", ""classification"": ""Pathogenic""}"
ClinVar:VCV002096989	variant	NM_001032221.6(STXBP1):c.903-69_905del	"{""consequence"": [""splice acceptor variant""], ""protein_change"": """", ""classification"": ""Pathogenic""}"
ClinVar:VCV002101079	variant	NM_001032221.6(STXBP1):c.1067dup (p.His357fs)	"{""consequence"": [""frameshift variant""], ""protein_change"": ""H354fs, H357fs, H343fs, H321fs"", ""classification"": ""Pathogenic""}"
ClinVar:VCV002101220	variant	NM_001199107.2(TBC1D24):c.1402_1409dup (p.Ser472fs)	"{""consequence"": [""frameshift variant""], ""protein_change"": ""S466fs, S472fs"", ""classification"": ""Pathogenic/Likely pathogenic""}"
ClinVar:VCV002106005	variant	NM_001032221.6(STXBP1):c.912_915del (p.Arg305fs)	"{""consequence"": [""frameshift variant""], ""protein_change"": ""R269fs, R291fs, R302fs, R305fs"", ""classification"": ""Pathogenic""}"
ClinVar:VCV002112939	variant	NM_001330260.2(SCN8A):c.828C>G (p.Asn276Lys)	"{""consequence"": [""missense variant""], ""protein_change"": ""N276K"", ""classification"": ""Likely pathogenic""}"
ClinVar:VCV002116337	variant	NM_001032221.6(STXBP1):c.1316T>A (p.Ile439Asn)	"{""consequence"": [""missense variant""], ""protein_change"": ""I436N, I403N, I425N, I439N"", ""classification"": ""Likely pathogenic""}"
ClinVar:VCV002120788	variant	NM_001367721.1(CASK):c.457_461del (p.Glu153fs)	"{""consequence"": [""frameshift variant""], ""protein_change"": ""E153fs"", ""classification"": ""Pathogenic""}"
ClinVar:VCV002121170	variant	NM_001199107.2(TBC1D24):c.1488del (p.Met497fs)	"{""consequence"": [""frameshift variant""], ""protein_change"": ""M491fs, M497fs"", ""classification"": ""Pathogenic""}"
ClinVar:VCV002121448	variant	NM_001367721.1(CASK):c.608G>A (p.Trp203Ter)	"{""consequence"": [""nonsense""], ""protein_change"": ""W203*"", ""classification"": ""Pathogenic""}"
ClinVar:VCV002127078	variant	NM_001199107.2(TBC1D24):c.270_286del (p.Pro91fs)	"{""consequence"": [""frameshift variant""], ""protein_change"": ""P91fs"", ""classification"": ""Pathogenic""}"
ClinVar:VCV002129007	variant	NM_001330260.2(SCN8A):c.2266G>A (p.Asp756Asn)	"{""consequence"": [""missense variant""], ""protein_change"": ""D756N"", ""classification"": ""Pathogenic/Likely pathogenic""}"
ClinVar:VCV002129735	variant	NM_000817.3(GAD1):c.548-2A>C	"{""consequence"": [""splice acceptor variant""], ""protein_change"": """", ""classification"": ""Likely pathogenic""}"
ClinVar:VCV002136813	variant	NM_001032221.6(STXBP1):c.429+1G>A	"{""consequence"": [""splice donor variant""], ""protein_change"": """", ""classification"": ""Pathogenic""}"
ClinVar:VCV002136814	variant	NM_001032221.6(STXBP1):c.1110+1G>A	"{""consequence"": [""splice donor variant""], ""protein_change"": """", ""classification"": ""Likely pathogenic""}"
ClinVar:VCV002162152	variant	NM_001199107.2(TBC1D24):c.1499C>G (p.Ala500Gly)	"{""consequence"": [""missense variant""], ""protein_change"": ""A494G, A500G"", ""classification"": ""Likely pathogenic""}"
ClinVar:VCV002163597	variant	NM_001199107.2(TBC1D24):c.132G>A (p.Trp44Ter)	"{""consequence"": [""nonsense""], ""protein_change"": ""W44*"", ""classification"": ""Pathogenic""}"
ClinVar:VCV002231762	variant	NM_001330260.2(SCN8A):c.1228G>A (p.Val410Met)	"{""consequence"": [""missense variant""], ""protein_change"": ""V410M"", ""classification"": ""Likely pathogenic""}"
ClinVar:VCV002424643	variant	NC_000009.11:g.(?_130438083)_(130439032_?)del	"{""consequence"": [], ""protein_change"": """", ""classification"": ""Pathogenic""}"
ClinVar:VCV002424644	variant	NC_000009.11:g.(?_130413862)_(130439052_?)del	"{""consequence"": [], ""protein_change"": """", ""classification"": ""Pathogenic""}"
ClinVar:VCV002424645	variant	NC_000009.11:g.(?_130441808)_(130444802_?)del	"{""consequence"": [], ""protein_change"": """", ""classification"": ""Pathogenic""}"
ClinVar:VCV002424724	variant	NC_000023.10:g.(?_41428901)_(41429019_?)del	"{""consequence"": [], ""protein_change"": """", ""classification"": ""Pathogenic""}"
ClinVar:VCV002424725	variant	NC_000023.10:g.(?_41712348)_(41782241_?)del	"{""consequence"": [], ""protein_change"": """", ""classification"": ""Pathogenic""}"
ClinVar:VCV002424726	variant	NC_000023.10:g.(?_41412952)_(41429019_?)del	"{""consequence"": [], ""protein_change"": """", ""classification"": ""Pathogenic""}"
ClinVar:VCV002424727	variant	NC_000023.10:g.(?_41401924)_(41416373_?)del	"{""consequence"": [], ""protein_change"": """", ""classification"": ""Pathogenic""}"
ClinVar:VCV002424728	variant	NC_000023.10:g.(?_41598617)_(41604874_?)del	"{""consequence"": [], ""protein_change"": """", ""classification"": ""Pathogenic""}"
ClinVar:VCV002429366	variant	NM_003660.4(PPFIA3):c.1675C>T (p.Arg559Trp)	"{""consequence"": [""missense variant"", ""non-coding transcript variant""], ""protein_change"": ""R559W"", ""classification"": ""Likely pathogenic""}"
ClinVar:VCV002429367	variant	NM_003660.4(PPFIA3):c.1285C>T (p.Arg429Trp)	"{""consequence"": [""missense variant"", ""non-coding transcript variant""], ""protein_change"": ""R429W"", ""classification"": ""Likely pathogenic""}"
ClinVar:VCV002429368	variant	NM_003660.4(PPFIA3):c.2350C>T (p.Arg784Trp)	"{""consequence"": [""missense variant"", ""non-coding transcript variant""], ""protein_change"": ""R784W"", ""classification"": ""Pathogenic""}"
ClinVar:VCV002429864	variant	NM_001367721.1(CASK):c.497C>A (p.Ala166Asp)	"{""consequence"": [""missense variant""], ""protein_change"": ""A166D"", ""classification"": ""Pathogenic""}"
ClinVar:VCV002429865	variant	NM_001367721.1(CASK):c.794_796delinsAG (p.Ile265fs)	"{""consequence"": [""frameshift variant""], ""protein_change"": ""I265fs"", ""classification"": ""Pathogenic""}"
ClinVar:VCV002430186	variant	NM_003660.4(PPFIA3):c.1243C>T (p.Arg415Trp)	"{""consequence"": [""missense variant"", ""non-coding transcript variant""], ""protein_change"": ""R415W"", ""classification"": ""Pathogenic/Likely pathogenic""}"
ClinVar:VCV002430187	variant	NM_003660.4(PPFIA3):c.1638G>T (p.Trp546Cys)	"{""consequence"": [""missense variant"", ""non-coding transcript variant""], ""protein_change"": ""W546C"", ""classification"": ""Likely pathogenic""}"
ClinVar:VCV002430194	variant	NM_001032221.6(STXBP1):c.103_119del (p.Gln35fs)	"{""consequence"": [""frameshift variant""], ""protein_change"": ""Q21fs, Q35fs"", ""classification"": ""Pathogenic""}"
ClinVar:VCV002430619	variant	NM_001330260.2(SCN8A):c.5636C>T (p.Ser1879Phe)	"{""consequence"": [""missense variant""], ""protein_change"": ""S1838F, S1879F"", ""classification"": ""Likely pathogenic""}"
ClinVar:VCV002431222	variant	NM_001367721.1(CASK):c.2521-6A>G	"{""consequence"": [""intron variant""], ""protein_change"": """", ""classification"": ""Pathogenic""}"
ClinVar:VCV002434011	variant	NM_001032221.6(STXBP1):c.107T>A (p.Leu36Ter)	"{""consequence"": [""nonsense""], ""protein_change"": ""L22*, L36*"", ""classification"": ""Likely pathogenic""}"
ClinVar:VCV002434089	variant	NM_001199107.2(TBC1D24):c.1101del (p.Leu368fs)	"{""consequence"": [""frameshift variant""], ""protein_change"": ""L362fs, L368fs"", ""classification"": ""Likely pathogenic""}"
ClinVar:VCV002438847	variant	NM_001367721.1(CASK):c.1565dup (p.Met523fs)	"{""consequence"": [""frameshift variant""], ""protein_change"": ""M517fs, M523fs"", ""classification"": ""Likely pathogenic""}"
ClinVar:VCV002440527	variant	NM_014905.5(GLS):c.338_339dup (p.Ala114fs)	"{""consequence"": [""frameshift variant""], ""protein_change"": ""A114fs"", ""classification"": ""Likely pathogenic""}"
ClinVar:VCV002441639	variant	NM_001367721.1(CASK):c.589G>T (p.Gly197Ter)	"{""consequence"": [""nonsense""], ""protein_change"": ""G197*"", ""classification"": ""Pathogenic""}"
ClinVar:VCV002442359	variant	NM_001032221.6(STXBP1):c.1495_1496dup (p.Pro500fs)	"{""consequence"": [""frameshift variant""], ""protein_change"": ""P464fs, P486fs, P497fs, P500fs"", ""classification"": ""Pathogenic""}"
ClinVar:VCV002443088	variant	NM_001367721.1(CASK):c.1155+1G>T	"{""consequence"": [""splice donor variant""], ""protein_change"": """", ""classification"": ""Likely pathogenic""}"
ClinVar:VCV002444005	variant	NM_003660.4(PPFIA3):c.1492C>T (p.Arg498Trp)	"{""consequence"": [""missense variant"", ""non-coding transcript variant""], ""protein_change"": ""R498W"", ""classification"": ""Likely pathogenic""}"
ClinVar:VCV002444142	variant	NM_001367721.1(CASK):c.2169A>G (p.Leu723=)	"{""consequence"": [""synonymous variant"", ""splice acceptor variant""], ""protein_change"": """", ""classification"": ""Likely pathogenic""}"
ClinVar:VCV002444343	variant	NM_001367721.1(CASK):c.1583-1G>T	"{""consequence"": [""splice acceptor variant""], ""protein_change"": """", ""classification"": ""Likely pathogenic""}"
ClinVar:VCV002446196	variant	NM_001367721.1(CASK):c.1015+1G>A	"{""consequence"": [""splice donor variant""], ""protein_change"": """", ""classification"": ""Pathogenic""}"
ClinVar:VCV002498299	variant	NM_004758.4(TSPOAP1):c.1567C>T (p.Gln523Ter)	"{""consequence"": [""nonsense""], ""protein_change"": ""Q463*, Q523*"", ""classification"": ""Pathogenic""}"
ClinVar:VCV002499295	variant	NM_001330260.2(SCN8A):c.811C>T (p.Gln271Ter)	"{""consequence"": [""nonsense""], ""protein_change"": ""Q271*"", ""classification"": ""Pathogenic""}"
ClinVar:VCV002499548	variant	NM_001330260.2(SCN8A):c.5284A>C (p.Ile1762Leu)	"{""consequence"": [""missense variant""], ""protein_change"": ""I1721L, I1762L"", ""classification"": ""Pathogenic/Likely pathogenic""}"
ClinVar:VCV002499609	variant	NM_001032221.6(STXBP1):c.1533_1543del (p.Thr512fs)	"{""consequence"": [""frameshift variant""], ""protein_change"": ""T476fs, T498fs, T509fs, T512fs"", ""classification"": ""Likely pathogenic""}"
ClinVar:VCV002500264	variant	NM_014905.5(GLS):c.1270T>C (p.Cys424Arg)	"{""consequence"": [""missense variant""], ""protein_change"": ""C424R"", ""classification"": ""Likely pathogenic""}"
ClinVar:VCV002501091	variant	NM_000817.3(GAD1):c.1297G>T (p.Gly433Ter)	"{""consequence"": [""nonsense""], ""protein_change"": ""G433*"", ""classification"": ""Likely pathogenic""}"
ClinVar:VCV002501688	variant	NM_001330260.2(SCN8A):c.4841C>A (p.Thr1614Asn)	"{""consequence"": [""missense variant""], ""protein_change"": ""T1573N, T1614N"", ""classification"": ""Likely pathogenic""}"
ClinVar:VCV002504970	variant	NM_005639.3(SYT1):c.1115A>G (p.Asp372Gly)	"{""consequence"": [""missense variant""], ""protein_change"": ""D369G, D372G"", ""classification"": ""Pathogenic""}"
ClinVar:VCV002505544	variant	NM_001032221.6(STXBP1):c.1481_1487del (p.Leu494fs)	"{""consequence"": [""frameshift variant""], ""protein_change"": ""L458fs, L480fs, L491fs, L494fs"", ""classification"": ""Pathogenic""}"
ClinVar:VCV002505887	variant	NM_001330260.2(SCN8A):c.3739A>T (p.Met1247Leu)	"{""consequence"": [""missense variant""], ""protein_change"": ""M1247L"", ""classification"": ""Likely pathogenic""}"
ClinVar:VCV002506011	variant	NM_001367721.1(CASK):c.278+2_278+3del	"{""consequence"": [""splice donor variant""], ""protein_change"": """", ""classification"": ""Pathogenic""}"
ClinVar:VCV002506584	variant	NM_001367721.1(CASK):c.1811del (p.Leu604fs)	"{""consequence"": [""frameshift variant""], ""protein_change"": ""L575fs, L581fs, L598fs, L604fs"", ""classification"": ""Pathogenic""}"
ClinVar:VCV002570697	variant	NM_001032221.6(STXBP1):c.451_454del (p.Asp151fs)	"{""consequence"": [""frameshift variant""], ""protein_change"": ""D137fs, D151fs, D148fs"", ""classification"": ""Likely pathogenic""}"
ClinVar:VCV002572216	variant	NM_001330260.2(SCN8A):c.4044G>C (p.Leu1348Phe)	"{""consequence"": [""missense variant""], ""protein_change"": ""L1307F, L1348F"", ""classification"": ""Likely pathogenic""}"
ClinVar:VCV002572743	variant	NM_001330260.2(SCN8A):c.1214T>G (p.Leu405Trp)	"{""consequence"": [""missense variant""], ""protein_change"": ""L405W"", ""classification"": ""Likely pathogenic""}"
ClinVar:VCV002573030	variant	NM_001330260.2(SCN8A):c.4017dup (p.Ile1340fs)	"{""consequence"": [""frameshift variant""], ""protein_change"": ""I1299fs, I1340fs"", ""classification"": ""Likely pathogenic""}"
ClinVar:VCV002573201	variant	NM_001032221.6(STXBP1):c.947_962del (p.Met316fs)	"{""consequence"": [""frameshift variant""], ""protein_change"": ""M280fs, M302fs, M313fs, M316fs"", ""classification"": ""Likely pathogenic""}"
ClinVar:VCV002573500	variant	NC_000009.11:g.(130420731_130422308)_(130428576_130430358)del	"{""consequence"": [], ""protein_change"": """", ""classification"": ""Pathogenic""}"
ClinVar:VCV002574147	variant	NM_001032221.6(STXBP1):c.325+1G>A	"{""consequence"": [""splice donor variant""], ""protein_change"": """", ""classification"": ""Pathogenic""}"
ClinVar:VCV002574617	variant	NM_004758.4(TSPOAP1):c.2449_2450inv (p.Gln817Ter)	"{""consequence"": [""nonsense""], ""protein_change"": ""Q817*, Q757*"", ""classification"": ""Pathogenic""}"
ClinVar:VCV002575977	variant	NM_004758.4(TSPOAP1):c.2277del (p.Ser759fs)	"{""consequence"": [""frameshift variant""], ""protein_change"": ""S699fs, S759fs"", ""classification"": ""Pathogenic""}"
ClinVar:VCV002576604	variant	NM_001032221.6(STXBP1):c.1454T>C (p.Ile485Thr)	"{""consequence"": [""missense variant""], ""protein_change"": ""I449T, I471T, I482T, I485T"", ""classification"": ""Pathogenic""}"
ClinVar:VCV002576771	variant	NM_001330260.2(SCN8A):c.396-1C>T	"{""consequence"": [""splice acceptor variant""], ""protein_change"": """", ""classification"": ""Likely pathogenic""}"
ClinVar:VCV002576971	variant	NM_001330260.2(SCN8A):c.737A>G (p.Gln246Arg)	"{""consequence"": [""missense variant""], ""protein_change"": ""Q246R"", ""classification"": ""Likely pathogenic""}"
ClinVar:VCV002578022	variant	NM_001330260.2(SCN8A):c.1238C>A (p.Ala413Asp)	"{""consequence"": [""missense variant""], ""protein_change"": ""A413D"", ""classification"": ""Likely pathogenic""}"
ClinVar:VCV002580660	variant	NM_001367721.1(CASK):c.1469del (p.Leu490fs)	"{""consequence"": [""frameshift variant""], ""protein_change"": ""L484fs, L490fs"", ""classification"": ""Pathogenic""}"
ClinVar:VCV002582326	variant	NM_001367721.1(CASK):c.1690_1691del (p.Thr564fs)	"{""consequence"": [""frameshift variant""], ""protein_change"": ""T558fs, T564fs"", ""classification"": ""Likely pathogenic""}"
ClinVar:VCV002582519	variant	NM_001330260.2(SCN8A):c.2935_2936delinsAA (p.Ser979Asn)	"{""consequence"": [""missense variant""], ""protein_change"": ""S979N"", ""classification"": ""Likely pathogenic""}"
ClinVar:VCV002582700	variant	NM_003660.4(PPFIA3):c.943G>T (p.Ala315Ser)	"{""consequence"": [""missense variant"", ""non-coding transcript variant""], ""protein_change"": ""A315S"", ""classification"": ""Likely pathogenic""}"
ClinVar:VCV002583123	variant	NM_003660.4(PPFIA3):c.2609T>A (p.Ile870Asn)	"{""consequence"": [""missense variant"", ""non-coding transcript variant""], ""protein_change"": ""I870N"", ""classification"": ""Likely pathogenic""}"
ClinVar:VCV002584351	variant	NM_001032221.6(STXBP1):c.1661A>C (p.Tyr554Ser)	"{""consequence"": [""missense variant""], ""protein_change"": ""Y518S, Y540S, Y551S, Y554S"", ""classification"": ""Likely pathogenic""}"
ClinVar:VCV002584400	variant	NM_001330260.2(SCN8A):c.2812A>T (p.Ile938Phe)	"{""consequence"": [""missense variant""], ""protein_change"": ""I938F"", ""classification"": ""Likely pathogenic""}"
ClinVar:VCV002585235	variant	NM_001367721.1(CASK):c.1999G>T (p.Gly667Ter)	"{""consequence"": [""nonsense""], ""protein_change"": ""G638*, G644*, G661*, G667*"", ""classification"": ""Likely pathogenic""}"
ClinVar:VCV002585547	variant	NM_001032221.6(STXBP1):c.429+2T>G	"{""consequence"": [""splice donor variant""], ""protein_change"": """", ""classification"": ""Likely pathogenic""}"
ClinVar:VCV002626912	variant	NM_001367721.1(CASK):c.2080C>T (p.Gln694Ter)	"{""consequence"": [""nonsense""], ""protein_change"": ""Q665*, Q671*, Q688*, Q694*"", ""classification"": ""Pathogenic""}"
ClinVar:VCV002627813	variant	NM_001330260.2(SCN8A):c.2683C>G (p.Gln895Glu)	"{""consequence"": [""missense variant""], ""protein_change"": ""Q895E"", ""classification"": ""Likely pathogenic""}"
ClinVar:VCV002627865	variant	NM_001330260.2(SCN8A):c.755C>G (p.Ser252Ter)	"{""consequence"": [""nonsense""], ""protein_change"": ""S252*"", ""classification"": ""Pathogenic""}"
ClinVar:VCV002627876	variant	NM_001367721.1(CASK):c.38_39del (p.Glu13fs)	"{""consequence"": [""frameshift variant""], ""protein_change"": ""E13fs"", ""classification"": ""Pathogenic""}"
ClinVar:VCV002630033	variant	NM_001367721.1(CASK):c.2440del (p.Ala814fs)	"{""consequence"": [""frameshift variant""], ""protein_change"": ""A785fs, A786fs, A808fs, A809fs, A814fs"", ""classification"": ""Likely pathogenic""}"
ClinVar:VCV002630945	variant	NM_001199107.2(TBC1D24):c.1302+1G>T	"{""consequence"": [""splice donor variant""], ""protein_change"": """", ""classification"": ""Likely pathogenic""}"
ClinVar:VCV002632769	variant	NM_001367721.1(CASK):c.1668+5G>A	"{""consequence"": [""intron variant""], ""protein_change"": """", ""classification"": ""Likely pathogenic""}"
ClinVar:VCV002633506	variant	NM_001330260.2(SCN8A):c.751C>G (p.Leu251Val)	"{""consequence"": [""missense variant""], ""protein_change"": ""L251V"", ""classification"": ""Likely pathogenic""}"
ClinVar:VCV002635125	variant	NM_001032221.6(STXBP1):c.1216C>A (p.Arg406Ser)	"{""consequence"": [""missense variant""], ""protein_change"": ""R370S, R392S, R403S, R406S"", ""classification"": ""Likely pathogenic""}"
ClinVar:VCV002663291	variant	NM_001330260.2(SCN8A):c.4465T>C (p.Tyr1489His)	"{""consequence"": [""missense variant""], ""protein_change"": ""Y1448H, Y1489H"", ""classification"": ""Likely pathogenic""}"
ClinVar:VCV002663924	variant	NM_003660.4(PPFIA3):c.2706dup (p.Ser903fs)	"{""consequence"": [""frameshift variant"", ""non-coding transcript variant""], ""protein_change"": ""S903fs"", ""classification"": ""Pathogenic""}"
ClinVar:VCV002664477	variant	NM_001032221.6(STXBP1):c.1390C>G (p.Arg464Gly)	"{""consequence"": [""missense variant""], ""protein_change"": ""R428G, R450G, R461G, R464G"", ""classification"": ""Likely pathogenic""}"
ClinVar:VCV002664985	variant	NM_001330260.2(SCN8A):c.4125_4126del (p.Glu1375_Cys1376insTer)	"{""consequence"": [""frameshift variant""], ""protein_change"": """", ""classification"": ""Likely pathogenic""}"
ClinVar:VCV002671713	variant	NM_001032221.6(STXBP1):c.1662C>G (p.Tyr554Ter)	"{""consequence"": [""nonsense""], ""protein_change"": ""Y518*, Y540*, Y551*, Y554*"", ""classification"": ""Likely pathogenic""}"
ClinVar:VCV002683924	variant	NM_001032221.6(STXBP1):c.325+5G>A	"{""consequence"": [""intron variant""], ""protein_change"": """", ""classification"": ""Pathogenic""}"
ClinVar:VCV002687749	variant	NM_001330260.2(SCN8A):c.4460A>T (p.Lys1487Met)	"{""consequence"": [""missense variant""], ""protein_change"": ""K1446M, K1487M"", ""classification"": ""Likely pathogenic""}"
ClinVar:VCV002690491	variant	NM_001330260.2(SCN8A):c.4408C>G (p.Gln1470Glu)	"{""consequence"": [""missense variant""], ""protein_change"": ""Q1429E, Q1470E"", ""classification"": ""Pathogenic""}"
ClinVar:VCV002693125	variant	NM_001032221.6(STXBP1):c.754A>G (p.Met252Val)	"{""consequence"": [""missense variant""], ""protein_change"": ""M249V, M252V, M238V"", ""classification"": ""Likely pathogenic""}"
ClinVar:VCV002697063	variant	NM_001367721.1(CASK):c.1189C>T (p.Gln397Ter)	"{""consequence"": [""nonsense""], ""protein_change"": ""Q391*, Q397*"", ""classification"": ""Pathogenic""}"
ClinVar:VCV002702457	variant	NM_001330260.2(SCN8A):c.929-2A>G	"{""consequence"": [""splice acceptor variant""], ""protein_change"": """", ""classification"": ""Pathogenic""}"
ClinVar:VCV002706369	variant	NM_001032221.6(STXBP1):c.969del (p.Met324fs)	"{""consequence"": [""frameshift variant""], ""protein_change"": ""M321fs, M324fs, M310fs, M288fs"", ""classification"": ""Pathogenic""}"
ClinVar:VCV002707574	variant	NM_001330260.2(SCN8A):c.1498C>T (p.Gln500Ter)	"{""consequence"": [""nonsense""], ""protein_change"": ""Q500*"", ""classification"": ""Pathogenic""}"
ClinVar:VCV002735862	variant	NM_001330260.2(SCN8A):c.4889T>C (p.Leu1630Pro)	"{""consequence"": [""missense variant""], ""protein_change"": ""L1630P, L1589P"", ""classification"": ""Pathogenic""}"
ClinVar:VCV002743423	variant	NM_001330260.2(SCN8A):c.1101G>C (p.Met367Ile)	"{""consequence"": [""missense variant""], ""protein_change"": ""M367I"", ""classification"": ""Likely pathogenic""}"
ClinVar:VCV002763139	variant	NM_001367721.1(CASK):c.1315-1G>A	"{""consequence"": [""splice acceptor variant""], ""protein_change"": """", ""classification"": ""Pathogenic/Likely pathogenic""}"
ClinVar:VCV002766603	variant	NM_001032221.6(STXBP1):c.1305_1312dup (p.Glu438fs)	"{""consequence"": [""frameshift variant""], ""protein_change"": ""E435fs, E438fs, E424fs, E402fs"", ""classification"": ""Pathogenic""}"
ClinVar:VCV002780249	variant	NM_001330260.2(SCN8A):c.2791C>T (p.Arg931Ter)	"{""consequence"": [""nonsense""], ""protein_change"": ""R931*"", ""classification"": ""Pathogenic""}"
ClinVar:VCV002810214	variant	NM_001330260.2(SCN8A):c.5633C>G (p.Pro1878Arg)	"{""consequence"": [""missense variant""], ""protein_change"": ""P1837R, P1878R"", ""classification"": ""Pathogenic""}"
ClinVar:VCV002812823	variant	NM_001330260.2(SCN8A):c.2617G>C (p.Gly873Arg)	"{""consequence"": [""missense variant""], ""protein_change"": ""G873R"", ""classification"": ""Pathogenic""}"
ClinVar:VCV002815824	variant	NM_001367721.1(CASK):c.532+2T>C	"{""consequence"": [""splice donor variant""], ""protein_change"": """", ""classification"": ""Likely pathogenic""}"
ClinVar:VCV002819322	variant	NM_001032221.6(STXBP1):c.903-2A>G	"{""consequence"": [""splice acceptor variant""], ""protein_change"": """", ""classification"": ""Pathogenic""}"
ClinVar:VCV002820766	variant	NM_001330260.2(SCN8A):c.2534C>G (p.Ser845Cys)	"{""consequence"": [""missense variant""], ""protein_change"": ""S845C"", ""classification"": ""Likely pathogenic""}"
ClinVar:VCV002822114	variant	NM_001032221.6(STXBP1):c.84dup (p.Lys29fs)	"{""consequence"": [""frameshift variant""], ""protein_change"": ""K15fs, K29fs"", ""classification"": ""Pathogenic""}"
ClinVar:VCV002822576	variant	NM_001032221.6(STXBP1):c.78_79dup (p.Glu27fs)	"{""consequence"": [""frameshift variant""], ""protein_change"": ""E13fs, E27fs"", ""classification"": ""Pathogenic""}"
ClinVar:VCV002825850	variant	NM_001032221.6(STXBP1):c.1250-2A>G	"{""consequence"": [""splice acceptor variant""], ""protein_change"": """", ""classification"": ""Likely pathogenic""}"
ClinVar:VCV002828198	variant	NM_001330260.2(SCN8A):c.4935G>T (p.Met1645Ile)	"{""consequence"": [""missense variant""], ""protein_change"": ""M1645I, M1604I"", ""classification"": ""Likely pathogenic""}"
ClinVar:VCV002831124	variant	NM_001330260.2(SCN8A):c.1222G>T (p.Ala408Ser)	"{""consequence"": [""missense variant""], ""protein_change"": ""A408S"", ""classification"": ""Likely pathogenic""}"
ClinVar:VCV002831357	variant	NM_001330260.2(SCN8A):c.4438T>G (p.Phe1480Val)	"{""consequence"": [""missense variant""], ""protein_change"": ""F1480V, F1439V"", ""classification"": ""Pathogenic""}"
ClinVar:VCV002834882	variant	NM_001032221.6(STXBP1):c.749A>G (p.Gln250Arg)	"{""consequence"": [""missense variant""], ""protein_change"": ""Q247R, Q236R, Q250R"", ""classification"": ""Pathogenic/Likely pathogenic""}"
ClinVar:VCV002839267	variant	NM_001330260.2(SCN8A):c.4948G>C (p.Ala1650Pro)	"{""consequence"": [""missense variant""], ""protein_change"": ""A1609P, A1650P"", ""classification"": ""Likely pathogenic""}"
ClinVar:VCV002839546	variant	NM_001330260.2(SCN8A):c.4304_4305del (p.Glu1435fs)	"{""consequence"": [""frameshift variant""], ""protein_change"": ""E1435fs, E1394fs"", ""classification"": ""Pathogenic""}"
ClinVar:VCV002840571	variant	NM_001367721.1(CASK):c.1663del (p.Met555fs)	"{""consequence"": [""frameshift variant""], ""protein_change"": ""M549fs, M555fs"", ""classification"": ""Pathogenic""}"
ClinVar:VCV002851717	variant	NM_001330260.2(SCN8A):c.4445C>A (p.Thr1482Asn)	"{""consequence"": [""missense variant""], ""protein_change"": ""T1441N, T1482N"", ""classification"": ""Pathogenic/Likely pathogenic""}"
ClinVar:VCV002852598	variant	NM_001330260.2(SCN8A):c.4880T>C (p.Ile1627Thr)	"{""consequence"": [""missense variant""], ""protein_change"": ""I1586T, I1627T"", ""classification"": ""Likely pathogenic""}"
ClinVar:VCV002855249	variant	NM_001032221.6(STXBP1):c.1461+1G>A	"{""consequence"": [""splice donor variant""], ""protein_change"": """", ""classification"": ""Pathogenic""}"
ClinVar:VCV002856219	variant	NM_001032221.6(STXBP1):c.1457T>C (p.Met486Thr)	"{""consequence"": [""missense variant""], ""protein_change"": ""M472T, M486T, M450T, M483T"", ""classification"": ""Pathogenic""}"
ClinVar:VCV002856716	variant	NM_001032221.6(STXBP1):c.457_458del (p.Phe153fs)	"{""consequence"": [""frameshift variant""], ""protein_change"": ""F150fs, F153fs, F139fs"", ""classification"": ""Pathogenic""}"
ClinVar:VCV002862850	variant	NM_001032221.6(STXBP1):c.223T>C (p.Tyr75His)	"{""consequence"": [""missense variant""], ""protein_change"": ""Y61H, Y75H"", ""classification"": ""Pathogenic""}"
ClinVar:VCV002865484	variant	NM_001330260.2(SCN8A):c.4377C>G (p.Phe1459Leu)	"{""consequence"": [""missense variant""], ""protein_change"": ""F1459L, F1418L"", ""classification"": ""Pathogenic""}"
ClinVar:VCV002907393	variant	NM_001032221.6(STXBP1):c.88-1G>A	"{""consequence"": [""splice acceptor variant""], ""protein_change"": """", ""classification"": ""Pathogenic""}"
ClinVar:VCV002907429	variant	NM_001330260.2(SCN8A):c.4398C>G (p.Asn1466Lys)	"{""consequence"": [""missense variant""], ""protein_change"": ""N1425K, N1466K"", ""classification"": ""Pathogenic""}"
ClinVar:VCV002920664	variant	NM_001367721.1(CASK):c.704_708delATAAG (p.Lys236fs)	"{""consequence"": [""frameshift variant""], ""protein_change"": ""K236fs"", ""classification"": ""Pathogenic""}"
ClinVar:VCV002920666	variant	NC_000023.11:g.(41853228_41922929)(41923555_?)del	"{""consequence"": [], ""protein_change"": """", ""classification"": ""Pathogenic""}"
ClinVar:VCV002923945	variant	NM_001199107.2(TBC1D24):c.965+1G>T	"{""consequence"": [""splice donor variant""], ""protein_change"": """", ""classification"": ""Likely pathogenic""}"
ClinVar:VCV002938575	variant	NM_001199107.2(TBC1D24):c.1078del (p.Arg360fs)	"{""consequence"": [""frameshift variant""], ""protein_change"": ""R360fs, R354fs"", ""classification"": ""Pathogenic""}"
ClinVar:VCV002942773	variant	NM_001199107.2(TBC1D24):c.309dup (p.Tyr104fs)	"{""consequence"": [""frameshift variant""], ""protein_change"": ""Y104fs"", ""classification"": ""Pathogenic""}"
ClinVar:VCV002943158	variant	NM_001199107.2(TBC1D24):c.540C>A (p.Cys180Ter)	"{""consequence"": [""nonsense""], ""protein_change"": ""C180*"", ""classification"": ""Pathogenic""}"
ClinVar:VCV002948198	variant	NM_001199107.2(TBC1D24):c.1306C>T (p.Gln436Ter)	"{""consequence"": [""nonsense""], ""protein_change"": ""Q430*, Q436*"", ""classification"": ""Pathogenic""}"
ClinVar:VCV002948398	variant	NM_001199107.2(TBC1D24):c.337dup (p.Ala113fs)	"{""consequence"": [""frameshift variant""], ""protein_change"": ""A113fs"", ""classification"": ""Pathogenic""}"
ClinVar:VCV002950183	variant	NM_001199107.2(TBC1D24):c.1384G>T (p.Glu462Ter)	"{""consequence"": [""nonsense""], ""protein_change"": ""E462*, E456*"", ""classification"": ""Pathogenic""}"
ClinVar:VCV003024544	variant	NM_003660.4(PPFIA3):c.586_587del (p.Leu196fs)	"{""consequence"": [""frameshift variant"", ""non-coding transcript variant""], ""protein_change"": ""L196fs"", ""classification"": ""Pathogenic""}"
ClinVar:VCV003061937	variant	NM_001199107.2(TBC1D24):c.1525+1del	"{""consequence"": [""splice donor variant""], ""protein_change"": """", ""classification"": ""Pathogenic""}"
ClinVar:VCV003062309	variant	NM_001367721.1(CASK):c.173-1G>A	"{""consequence"": [""splice acceptor variant""], ""protein_change"": """", ""classification"": ""Likely pathogenic""}"
ClinVar:VCV003063576	variant	NM_001330260.2(SCN8A):c.2507A>T (p.Asp836Val)	"{""consequence"": [""missense variant""], ""protein_change"": ""D836V"", ""classification"": ""Likely pathogenic""}"
ClinVar:VCV003063993	variant	NM_001330260.2(SCN8A):c.2642_2643insACCA (p.Leu882fs)	"{""consequence"": [""frameshift variant""], ""protein_change"": ""L882fs"", ""classification"": ""Pathogenic""}"
ClinVar:VCV003064670	variant	NM_080552.3(SLC32A1):c.806T>A (p.Leu269Gln)	"{""consequence"": [""missense variant""], ""protein_change"": ""L269Q"", ""classification"": ""Pathogenic""}"
ClinVar:VCV003064894	variant	NM_000817.3(GAD1):c.703_706del (p.Arg234_Glu235insTer)	"{""consequence"": [""nonsense""], ""protein_change"": """", ""classification"": ""Likely pathogenic""}"
ClinVar:VCV003066208	variant	NM_001032221.6(STXBP1):c.1547+2T>G	"{""consequence"": [""splice donor variant""], ""protein_change"": """", ""classification"": ""Likely pathogenic""}"
ClinVar:VCV003067598	variant	NM_001330260.2(SCN8A):c.4394A>G (p.Asp1465Gly)	"{""consequence"": [""missense variant""], ""protein_change"": ""D1424G, D1465G"", ""classification"": ""Likely pathogenic""}"
ClinVar:VCV003067813	variant	GRCh37/hg19 9q34.11(chr9:130374683-130374719)x1	"{""consequence"": [], ""protein_change"": """", ""classification"": ""Pathogenic""}"
ClinVar:VCV003068465	variant	NM_001032221.6(STXBP1):c.830_831delinsC (p.Lys277fs)	"{""consequence"": [""frameshift variant"", ""intron variant""], ""protein_change"": ""K263fs, K274fs, K277fs"", ""classification"": ""Pathogenic""}"
ClinVar:VCV003068556	variant	NM_014232.3(VAMP2):c.226C>T (p.Gln76Ter)	"{""consequence"": [""nonsense""], ""protein_change"": ""Q76*, Q78*"", ""classification"": ""Likely pathogenic""}"
ClinVar:VCV003075664	variant	NM_001367721.1(CASK):c.1843-1G>A	"{""consequence"": [""splice acceptor variant""], ""protein_change"": """", ""classification"": ""Pathogenic""}"
ClinVar:VCV003158573	variant	NM_001330260.2(SCN8A):c.1402del (p.Glu468fs)	"{""consequence"": [""frameshift variant""], ""protein_change"": ""E468fs"", ""classification"": ""Pathogenic""}"
ClinVar:VCV003235156	variant	NM_001032221.6(STXBP1):c.1018G>T (p.Glu340Ter)	"{""consequence"": [""nonsense""], ""protein_change"": ""E304*, E326*, E337*, E340*"", ""classification"": ""Pathogenic""}"
ClinVar:VCV003235701	variant	NM_001330260.2(SCN8A):c.445A>G (p.Met149Val)	"{""consequence"": [""missense variant""], ""protein_change"": ""M149V"", ""classification"": ""Pathogenic/Likely pathogenic""}"
ClinVar:VCV003236709	variant	NM_001032221.6(STXBP1):c.614_615del (p.Ile205fs)	"{""consequence"": [""frameshift variant""], ""protein_change"": ""I191fs, I202fs, I205fs"", ""classification"": ""Pathogenic""}"
ClinVar:VCV003238793	variant	NM_001330260.2(SCN8A):c.677G>C (p.Arg226Pro)	"{""consequence"": [""missense variant"", ""intron variant""], ""protein_change"": ""R226P"", ""classification"": ""Likely pathogenic""}"
ClinVar:VCV003238817	variant	NM_001330260.2(SCN8A):c.4442T>A (p.Met1481Lys)	"{""consequence"": [""missense variant""], ""protein_change"": ""M1481K, M1440K"", ""classification"": ""Likely pathogenic""}"
ClinVar:VCV003239378	variant	NM_001330260.2(SCN8A):c.3552G>A (p.Trp1184Ter)	"{""consequence"": [""nonsense""], ""protein_change"": ""W1184*"", ""classification"": ""Pathogenic/Likely pathogenic""}"
ClinVar:VCV003239445	variant	NM_001032221.6(STXBP1):c.1124del (p.Gly375fs)	"{""consequence"": [""frameshift variant""], ""protein_change"": ""G339fs, G361fs, G372fs, G375fs"", ""classification"": ""Pathogenic""}"
ClinVar:VCV003245120	variant	NC_000009.11:g.(?_130374683)_(130374739_?)del	"{""consequence"": [], ""protein_change"": """", ""classification"": ""Pathogenic""}"
ClinVar:VCV003245121	variant	NC_000009.11:g.(?_130415974)_(130416095_?)del	"{""consequence"": [], ""protein_change"": """", ""classification"": ""Pathogenic""}"
ClinVar:VCV003245122	variant	NC_000009.11:g.(?_130432157)_(130435560_?)del	"{""consequence"": [], ""protein_change"": """", ""classification"": ""Pathogenic""}"
ClinVar:VCV003245123	variant	NC_000009.11:g.(?_130444665)_(130446756_?)del	"{""consequence"": [], ""protein_change"": """", ""classification"": ""Pathogenic""}"
ClinVar:VCV003245125	variant	NC_000009.11:g.(?_130425464)_(130432257_?)del	"{""consequence"": [], ""protein_change"": """", ""classification"": ""Pathogenic""}"
ClinVar:VCV003245306	variant	NC_000023.10:g.(?_41646411)_(41646556_?)del	"{""consequence"": [], ""protein_change"": """", ""classification"": ""Pathogenic""}"
ClinVar:VCV003245373	variant	NC_000023.10:g.(?_41412952)_(41530803_?)dup	"{""consequence"": [], ""protein_change"": """", ""classification"": ""Likely pathogenic""}"
ClinVar:VCV003252044	variant	NM_001199107.2(TBC1D24):c.2T>C (p.Met1Thr)	"{""consequence"": [""missense variant"", ""initiator_codon_variant""], ""protein_change"": ""M1T"", ""classification"": ""Likely pathogenic""}"
ClinVar:VCV003254723	variant	NM_001367721.1(CASK):c.464C>T (p.Ser155Leu)	"{""consequence"": [""missense variant""], ""protein_change"": ""S155L"", ""classification"": ""Likely pathogenic""}"
ClinVar:VCV003254875	variant	NM_001330260.2(SCN8A):c.5282A>G (p.Tyr1761Cys)	"{""consequence"": [""missense variant""], ""protein_change"": ""Y1720C, Y1761C"", ""classification"": ""Pathogenic""}"
ClinVar:VCV003254918	variant	NM_001032221.6(STXBP1):c.92T>C (p.Leu31Pro)	"{""consequence"": [""missense variant""], ""protein_change"": ""L17P, L31P"", ""classification"": ""Likely pathogenic""}"
ClinVar:VCV003256791	variant	NM_001199107.2(TBC1D24):c.857T>C (p.Leu286Pro)	"{""consequence"": [""missense variant""], ""protein_change"": ""L286P"", ""classification"": ""Likely pathogenic""}"
ClinVar:VCV003257619	variant	NM_001199107.2(TBC1D24):c.910C>T (p.Gln304Ter)	"{""consequence"": [""nonsense""], ""protein_change"": ""Q304*"", ""classification"": ""Pathogenic""}"
ClinVar:VCV003337560	variant	NM_001330260.2(SCN8A):c.2396A>G (p.Glu799Gly)	"{""consequence"": [""missense variant""], ""protein_change"": ""E799G"", ""classification"": ""Likely pathogenic""}"
ClinVar:VCV003337639	variant	NM_001032221.6(STXBP1):c.1252A>T (p.Ile418Phe)	"{""consequence"": [""missense variant""], ""protein_change"": ""I382F, I404F, I415F, I418F"", ""classification"": ""Likely pathogenic""}"
ClinVar:VCV003338999	variant	NM_001032221.6(STXBP1):c.478del (p.His160fs)	"{""consequence"": [""frameshift variant""], ""protein_change"": ""H146fs, H157fs, H160fs"", ""classification"": ""Pathogenic""}"
ClinVar:VCV003340911	variant	NM_001330260.2(SCN8A):c.4672A>G (p.Asn1558Asp)	"{""consequence"": [""missense variant""], ""protein_change"": ""N1517D, N1558D"", ""classification"": ""Likely pathogenic""}"
ClinVar:VCV003341966	variant	NM_001032221.6(STXBP1):c.1022T>C (p.Leu341Pro)	"{""consequence"": [""missense variant""], ""protein_change"": ""L305P, L327P, L338P, L341P"", ""classification"": ""Likely pathogenic""}"
ClinVar:VCV003342372	variant	NM_001032221.6(STXBP1):c.863G>A (p.Trp288Ter)	"{""consequence"": [""nonsense"", ""intron variant""], ""protein_change"": ""W274*, W285*, W288*"", ""classification"": ""Pathogenic""}"
ClinVar:VCV003342471	variant	NM_003660.4(PPFIA3):c.281_285del (p.Glu94fs)	"{""consequence"": [""frameshift variant"", ""non-coding transcript variant""], ""protein_change"": ""E94fs"", ""classification"": ""Likely pathogenic""}"
ClinVar:VCV003344041	variant	NM_001330260.2(SCN8A):c.782G>T (p.Cys261Phe)	"{""consequence"": [""missense variant""], ""protein_change"": ""C261F"", ""classification"": ""Likely pathogenic""}"
ClinVar:VCV003352028	variant	NM_001330260.2(SCN8A):c.1225G>C (p.Val409Leu)	"{""consequence"": [""missense variant""], ""protein_change"": ""V409L"", ""classification"": ""Likely pathogenic""}"
ClinVar:VCV003358970	variant	NM_001032221.6(STXBP1):c.1557T>G (p.Tyr519Ter)	"{""consequence"": [""nonsense""], ""protein_change"": ""Y483*, Y505*, Y516*, Y519*"", ""classification"": ""Pathogenic""}"
ClinVar:VCV003359013	variant	NM_001330260.2(SCN8A):c.2857T>C (p.Cys953Arg)	"{""consequence"": [""missense variant""], ""protein_change"": ""C953R"", ""classification"": ""Likely pathogenic""}"
ClinVar:VCV003359076	variant	NM_001330260.2(SCN8A):c.4963G>A (p.Gly1655Ser)	"{""consequence"": [""missense variant""], ""protein_change"": ""G1614S, G1655S"", ""classification"": ""Likely pathogenic""}"
ClinVar:VCV003359106	variant	NM_001330260.2(SCN8A):c.323C>T (p.Ala108Val)	"{""consequence"": [""missense variant""], ""protein_change"": ""A108V"", ""classification"": ""Likely pathogenic""}"
ClinVar:VCV003363855	variant	NM_001330260.2(SCN8A):c.643A>G (p.Asn215Asp)	"{""consequence"": [""missense variant"", ""intron variant""], ""protein_change"": ""N215D"", ""classification"": ""Likely pathogenic""}"
ClinVar:VCV003364564	variant	NM_014905.5(GLS):c.671_681del (p.Phe224fs)	"{""consequence"": [""frameshift variant""], ""protein_change"": ""F224fs"", ""classification"": ""Pathogenic""}"
ClinVar:VCV003365638	variant	NM_080552.3(SLC32A1):c.272C>G (p.Ala91Gly)	"{""consequence"": [""missense variant""], ""protein_change"": ""A91G"", ""classification"": ""Likely pathogenic""}"
ClinVar:VCV003366192	variant	NM_001330260.2(SCN8A):c.3916G>A (p.Ala1306Thr)	"{""consequence"": [""missense variant"", ""intron variant""], ""protein_change"": ""A1306T"", ""classification"": ""Likely pathogenic""}"
ClinVar:VCV003366943	variant	NM_001032221.6(STXBP1):c.103C>T (p.Gln35Ter)	"{""consequence"": [""nonsense""], ""protein_change"": ""Q21*, Q35*"", ""classification"": ""Pathogenic""}"
ClinVar:VCV003366977	variant	NM_001032221.6(STXBP1):c.236del (p.Pro79fs)	"{""consequence"": [""frameshift variant""], ""protein_change"": ""P65fs, P79fs"", ""classification"": ""Pathogenic""}"
ClinVar:VCV003366996	variant	NM_001032221.6(STXBP1):c.1428dup (p.Arg477fs)	"{""consequence"": [""frameshift variant""], ""protein_change"": ""R441fs, R463fs, R474fs, R477fs"", ""classification"": ""Likely pathogenic""}"
ClinVar:VCV003369138	variant	NM_003660.4(PPFIA3):c.241-1G>A	"{""consequence"": [""splice acceptor variant""], ""protein_change"": """", ""classification"": ""Likely pathogenic""}"
ClinVar:VCV003370500	variant	NM_001330260.2(SCN8A):c.4784T>C (p.Leu1595Pro)	"{""consequence"": [""missense variant""], ""protein_change"": ""L1554P, L1595P"", ""classification"": ""Likely pathogenic""}"
ClinVar:VCV003375736	variant	NM_001330260.2(SCN8A):c.677G>A (p.Arg226Gln)	"{""consequence"": [""missense variant"", ""intron variant""], ""protein_change"": ""R226Q"", ""classification"": ""Likely pathogenic""}"
ClinVar:VCV003375774	variant	NM_001330260.2(SCN8A):c.4774G>T (p.Val1592Leu)	"{""consequence"": [""missense variant""], ""protein_change"": ""V1551L, V1592L"", ""classification"": ""Pathogenic/Likely pathogenic""}"
ClinVar:VCV003376284	variant	NM_001367721.1(CASK):c.2236+1G>C	"{""consequence"": [""splice donor variant""], ""protein_change"": """", ""classification"": ""Likely pathogenic""}"
ClinVar:VCV003377217	variant	NM_001330260.2(SCN8A):c.4674C>A (p.Asn1558Lys)	"{""consequence"": [""missense variant""], ""protein_change"": ""N1517K, N1558K"", ""classification"": ""Likely pathogenic""}"
ClinVar:VCV003377237	variant	NM_005639.3(SYT1):c.911A>T (p.Asp304Val)	"{""consequence"": [""missense variant""], ""protein_change"": ""D301V, D304V"", ""classification"": ""Likely pathogenic""}"
ClinVar:VCV003378401	variant	NM_001330260.2(SCN8A):c.1723C>T (p.Arg575Ter)	"{""consequence"": [""nonsense""], ""protein_change"": ""R575*"", ""classification"": ""Likely pathogenic""}"
ClinVar:VCV003382844	variant	NM_005639.3(SYT1):c.931C>T (p.Pro311Ser)	"{""consequence"": [""missense variant""], ""protein_change"": ""P308S, P311S"", ""classification"": ""Likely pathogenic""}"
ClinVar:VCV003387775	variant	NM_001032221.6(STXBP1):c.550_552del (p.Lys184del)	"{""consequence"": [], ""protein_change"": ""K170del, K181del, K184del"", ""classification"": ""Likely pathogenic""}"
ClinVar:VCV003390945	variant	NM_001330260.2(SCN8A):c.596T>G (p.Phe199Cys)	"{""consequence"": [""missense variant""], ""protein_change"": ""F199C"", ""classification"": ""Pathogenic""}"
ClinVar:VCV003391176	variant	NM_001032221.6(STXBP1):c.326-1G>C	"{""consequence"": [""splice acceptor variant"", ""intron variant""], ""protein_change"": """", ""classification"": ""Likely pathogenic""}"
ClinVar:VCV003391489	variant	NM_001330260.2(SCN8A):c.2570C>A (p.Ser857Tyr)	"{""consequence"": [""missense variant""], ""protein_change"": ""S857Y"", ""classification"": ""Pathogenic""}"
ClinVar:VCV003392605	variant	NM_001330260.2(SCN8A):c.691A>C (p.Ile231Leu)	"{""consequence"": [""missense variant"", ""intron variant""], ""protein_change"": ""I231L"", ""classification"": ""Likely pathogenic""}"
ClinVar:VCV003393446	variant	NM_001330260.2(SCN8A):c.842G>A (p.Cys281Tyr)	"{""consequence"": [""missense variant""], ""protein_change"": ""C281Y"", ""classification"": ""Likely pathogenic""}"
ClinVar:VCV003393534	variant	NM_001032221.6(STXBP1):c.269A>G (p.Asp90Gly)	"{""consequence"": [""missense variant""], ""protein_change"": ""D76G, D90G"", ""classification"": ""Likely pathogenic""}"
ClinVar:VCV003520672	variant	NM_014905.5(GLS):c.1709G>A (p.Arg570Gln)	"{""consequence"": [""missense variant""], ""protein_change"": ""R570Q"", ""classification"": ""Likely pathogenic""}"
ClinVar:VCV003572563	variant	NM_003660.4(PPFIA3):c.2332C>T (p.Arg778Ter)	"{""consequence"": [""nonsense"", ""non-coding transcript variant""], ""protein_change"": ""R778*"", ""classification"": ""Pathogenic""}"
ClinVar:VCV003572965	variant	NM_001367721.1(CASK):c.291del (p.Asp98fs)	"{""consequence"": [""frameshift variant""], ""protein_change"": ""D98fs"", ""classification"": ""Pathogenic""}"
ClinVar:VCV003584960	variant	NM_000817.3(GAD1):c.719C>G (p.Ser240Ter)	"{""consequence"": [""nonsense""], ""protein_change"": ""S240*"", ""classification"": ""Likely pathogenic""}"
ClinVar:VCV003600649	variant	NM_001330260.2(SCN8A):c.431C>G (p.Thr144Ser)	"{""consequence"": [""missense variant""], ""protein_change"": ""T144S"", ""classification"": ""Likely pathogenic""}"
ClinVar:VCV003601004	variant	NM_014905.5(GLS):c.1382A>T (p.His461Leu)	"{""consequence"": [""missense variant""], ""protein_change"": ""H461L"", ""classification"": ""Pathogenic""}"
ClinVar:VCV003601864	variant	NM_001199107.2(TBC1D24):c.1207-1G>C	"{""consequence"": [""splice acceptor variant""], ""protein_change"": """", ""classification"": ""Likely pathogenic""}"
ClinVar:VCV003601865	variant	NM_001199107.2(TBC1D24):c.1505del (p.Gly502fs)	"{""consequence"": [""frameshift variant""], ""protein_change"": ""G496fs, G502fs"", ""classification"": ""Likely pathogenic""}"
ClinVar:VCV003601866	variant	NM_001199107.2(TBC1D24):c.1526G>C (p.Gly509Ala)	"{""consequence"": [""missense variant""], ""protein_change"": ""G503A, G509A"", ""classification"": ""Likely pathogenic""}"
ClinVar:VCV003601867	variant	NM_001199107.2(TBC1D24):c.76G>T (p.Glu26Ter)	"{""consequence"": [""nonsense""], ""protein_change"": ""E26*"", ""classification"": ""Pathogenic""}"
ClinVar:VCV003602909	variant	NM_001330260.2(SCN8A):c.4419+1_4419+4del	"{""consequence"": [""splice donor variant""], ""protein_change"": """", ""classification"": ""Pathogenic""}"
ClinVar:VCV003635183	variant	NM_001330260.2(SCN8A):c.1202A>C (p.Tyr401Ser)	"{""consequence"": [""missense variant""], ""protein_change"": ""Y401S"", ""classification"": ""Likely pathogenic""}"
ClinVar:VCV003635206	variant	NM_001330260.2(SCN8A):c.4424G>C (p.Gly1475Ala)	"{""consequence"": [""missense variant""], ""protein_change"": ""G1434A, G1475A"", ""classification"": ""Likely pathogenic""}"
ClinVar:VCV003635209	variant	NM_001330260.2(SCN8A):c.4863G>C (p.Leu1621Phe)	"{""consequence"": [""missense variant""], ""protein_change"": ""L1621F, L1580F"", ""classification"": ""Pathogenic""}"
ClinVar:VCV003635210	variant	NM_001330260.2(SCN8A):c.4893C>G (p.Ile1631Met)	"{""consequence"": [""missense variant""], ""protein_change"": ""I1631M, I1590M"", ""classification"": ""Pathogenic""}"
ClinVar:VCV003639255	variant	NM_001330260.2(SCN8A):c.1967del (p.Gly656fs)	"{""consequence"": [""frameshift variant""], ""protein_change"": ""G656fs"", ""classification"": ""Pathogenic""}"
ClinVar:VCV003643400	variant	NM_001032221.6(STXBP1):c.87+5G>A	"{""consequence"": [""intron variant""], ""protein_change"": """", ""classification"": ""Pathogenic""}"
ClinVar:VCV003644942	variant	NM_001367721.1(CASK):c.1072del (p.His358fs)	"{""consequence"": [""frameshift variant""], ""protein_change"": ""H352fs, H358fs"", ""classification"": ""Pathogenic""}"
ClinVar:VCV003645694	variant	NM_001367721.1(CASK):c.2059A>G (p.Met687Val)	"{""consequence"": [""missense variant""], ""protein_change"": ""M664V, M687V, M658V, M681V"", ""classification"": ""Likely pathogenic""}"
ClinVar:VCV003656575	variant	NM_001330260.2(SCN8A):c.3350C>A (p.Ser1117Ter)	"{""consequence"": [""nonsense""], ""protein_change"": ""S1117*"", ""classification"": ""Pathogenic""}"
ClinVar:VCV003677082	variant	NM_001032221.6(STXBP1):c.751G>C (p.Ala251Pro)	"{""consequence"": [""missense variant""], ""protein_change"": ""A248P, A237P, A251P"", ""classification"": ""Pathogenic""}"
ClinVar:VCV003720906	variant	NM_001032221.6(STXBP1):c.1672del (p.Gln558fs)	"{""consequence"": [""frameshift variant""], ""protein_change"": ""Q522fs, Q555fs, Q544fs, Q558fs"", ""classification"": ""Pathogenic""}"
ClinVar:VCV003725179	variant	NM_001032221.6(STXBP1):c.1593C>G (p.Tyr531Ter)	"{""consequence"": [""nonsense""], ""protein_change"": ""Y495*, Y528*, Y517*, Y531*"", ""classification"": ""Pathogenic""}"
ClinVar:VCV003728554	variant	NM_001330260.2(SCN8A):c.3925C>T (p.Arg1309Ter)	"{""consequence"": [""nonsense"", ""intron variant""], ""protein_change"": ""R1309*"", ""classification"": ""Pathogenic/Likely pathogenic""}"
ClinVar:VCV003753121	variant	NM_001199107.2(TBC1D24):c.445dup (p.Ala149fs)	"{""consequence"": [""frameshift variant""], ""protein_change"": ""A149fs"", ""classification"": ""Pathogenic""}"
ClinVar:VCV003756846	variant	NM_001199107.2(TBC1D24):c.1235G>A (p.Trp412Ter)	"{""consequence"": [""nonsense""], ""protein_change"": ""W406*, W412*"", ""classification"": ""Pathogenic""}"
ClinVar:VCV003759338	variant	NM_001199107.2(TBC1D24):c.1384del (p.Glu462fs)	"{""consequence"": [""frameshift variant""], ""protein_change"": ""E456fs, E462fs"", ""classification"": ""Pathogenic""}"
ClinVar:VCV003764159	variant	NM_001330260.2(SCN8A):c.3926G>T (p.Arg1309Leu)	"{""consequence"": [""missense variant"", ""intron variant""], ""protein_change"": ""R1309L"", ""classification"": ""Pathogenic""}"
ClinVar:VCV003764230	variant	NM_003660.4(PPFIA3):c.2374del (p.Thr792fs)	"{""consequence"": [""frameshift variant"", ""non-coding transcript variant""], ""protein_change"": ""T792fs"", ""classification"": ""Likely pathogenic""}"
ClinVar:VCV003769824	variant	NM_001032221.6(STXBP1):c.712G>C (p.Asp238His)	"{""consequence"": [""missense variant""], ""protein_change"": ""D224H, D235H, D238H"", ""classification"": ""Pathogenic""}"
ClinVar:VCV003770212	variant	NM_001330260.2(SCN8A):c.2942G>C (p.Ser981Thr)	"{""consequence"": [""missense variant""], ""protein_change"": ""S981T"", ""classification"": ""Likely pathogenic""}"
ClinVar:VCV003775072	variant	NM_001330260.2(SCN8A):c.3792G>A (p.Trp1264Ter)	"{""consequence"": [""nonsense""], ""protein_change"": ""W1264*"", ""classification"": ""Likely pathogenic""}"
ClinVar:VCV003775645	variant	NM_001330260.2(SCN8A):c.4469A>G (p.Asn1490Ser)	"{""consequence"": [""missense variant""], ""protein_change"": ""N1449S, N1490S"", ""classification"": ""Likely pathogenic""}"
ClinVar:VCV003775820	variant	NM_001330260.2(SCN8A):c.1229_1232dup (p.Met412fs)	"{""consequence"": [""frameshift variant""], ""protein_change"": ""M412fs"", ""classification"": ""Likely pathogenic""}"
ClinVar:VCV003778455	variant	NM_001330260.2(SCN8A):c.786_799del (p.Ser263fs)	"{""consequence"": [""frameshift variant""], ""protein_change"": ""S263fs"", ""classification"": ""Pathogenic""}"
ClinVar:VCV003778759	variant	NM_005639.3(SYT1):c.935A>G (p.Tyr312Cys)	"{""consequence"": [""missense variant""], ""protein_change"": ""Y309C, Y312C"", ""classification"": ""Likely pathogenic""}"
ClinVar:VCV003793258	variant	NM_001330260.2(SCN8A):c.506A>G (p.Tyr169Cys)	"{""consequence"": [""missense variant""], ""protein_change"": ""Y169C"", ""classification"": ""Likely pathogenic""}"
ClinVar:VCV003893314	variant	NM_001330260.2(SCN8A):c.752T>C (p.Leu251Pro)	"{""consequence"": [""missense variant""], ""protein_change"": ""L251P"", ""classification"": ""Pathogenic""}"
ClinVar:VCV003895616	variant	NM_001199107.2(TBC1D24):c.984-1G>C	"{""consequence"": [""splice acceptor variant""], ""protein_change"": """", ""classification"": ""Likely pathogenic""}"
ClinVar:VCV003897546	variant	NM_001032221.6(STXBP1):c.707G>T (p.Gly236Val)	"{""consequence"": [""missense variant""], ""protein_change"": ""G222V, G233V, G236V"", ""classification"": ""Likely pathogenic""}"
ClinVar:VCV003897553	variant	NM_001032221.6(STXBP1):c.260T>A (p.Leu87His)	"{""consequence"": [""missense variant""], ""protein_change"": ""L73H, L87H"", ""classification"": ""Likely pathogenic""}"
ClinVar:VCV003897604	variant	NM_005639.3(SYT1):c.724G>A (p.Gly242Arg)	"{""consequence"": [""missense variant""], ""protein_change"": ""G239R, G242R"", ""classification"": ""Likely pathogenic""}"
ClinVar:VCV003897633	variant	NM_001330260.2(SCN8A):c.5555_5557del (p.Thr1852del)	"{""consequence"": [], ""protein_change"": ""T1811del, T1852del"", ""classification"": ""Likely pathogenic""}"
ClinVar:VCV003897719	variant	NM_001330260.2(SCN8A):c.2641G>T (p.Val881Leu)	"{""consequence"": [""missense variant""], ""protein_change"": ""V881L"", ""classification"": ""Likely pathogenic""}"
ClinVar:VCV003897877	variant	NM_001367721.1(CASK):c.2262_2263del (p.Ile755fs)	"{""consequence"": [""frameshift variant""], ""protein_change"": ""I726fs, I727fs, I749fs, I750fs, I755fs"", ""classification"": ""Likely pathogenic""}"
ClinVar:VCV003900179	variant	NM_014905.5(GLS):c.1609G>C (p.Ala537Pro)	"{""consequence"": [""missense variant""], ""protein_change"": ""A537P"", ""classification"": ""Likely pathogenic""}"
ClinVar:VCV003901164	variant	NM_001032221.6(STXBP1):c.1061G>T (p.Cys354Phe)	"{""consequence"": [""missense variant""], ""protein_change"": ""C318F, C340F, C351F, C354F"", ""classification"": ""Likely pathogenic""}"
ClinVar:VCV003906353	variant	NM_001330260.2(SCN8A):c.2903_2916del (p.Val968fs)	"{""consequence"": [""frameshift variant""], ""protein_change"": ""V968fs"", ""classification"": ""Pathogenic""}"
ClinVar:VCV003906519	variant	NM_001330260.2(SCN8A):c.4958A>T (p.Asn1653Ile)	"{""consequence"": [""missense variant""], ""protein_change"": ""N1612I, N1653I"", ""classification"": ""Likely pathogenic""}"
ClinVar:VCV003911256	variant	NM_001032221.6(STXBP1):c.112del (p.Ser37_Met38insTer)	"{""consequence"": [""nonsense""], ""protein_change"": """", ""classification"": ""Likely pathogenic""}"
ClinVar:VCV003911734	variant	NM_001330260.2(SCN8A):c.1788_1795del (p.Arg597fs)	"{""consequence"": [""frameshift variant""], ""protein_change"": ""R597fs"", ""classification"": ""Likely pathogenic""}"
ClinVar:VCV003951000	variant	NM_001330260.2(SCN8A):c.2347_2365del (p.His783fs)	"{""consequence"": [""frameshift variant""], ""protein_change"": ""H783fs"", ""classification"": ""Pathogenic""}"
ClinVar:VCV003951001	variant	NM_001330260.2(SCN8A):c.1870dup (p.Ser624fs)	"{""consequence"": [""frameshift variant""], ""protein_change"": ""S624fs"", ""classification"": ""Pathogenic""}"
ClinVar:VCV003963722	variant	NM_001032221.6(STXBP1):c.578+49A>G	"{""consequence"": [""intron variant""], ""protein_change"": """", ""classification"": ""Likely pathogenic""}"
ClinVar:VCV004055786	variant	NM_014232.3(VAMP2):c.197G>C (p.Arg66Pro)	"{""consequence"": [""missense variant""], ""protein_change"": ""R68P, R66P"", ""classification"": ""Pathogenic""}"
ClinVar:VCV004056319	variant	NM_001330260.2(SCN8A):c.2363_2370+1del	"{""consequence"": [""splice donor variant""], ""protein_change"": """", ""classification"": ""Pathogenic""}"
ClinVar:VCV004056325	variant	NM_001330260.2(SCN8A):c.2858G>A (p.Cys953Tyr)	"{""consequence"": [""missense variant""], ""protein_change"": ""C953Y"", ""classification"": ""Likely pathogenic""}"
ClinVar:VCV004056382	variant	NM_001367721.1(CASK):c.556dup (p.Met186fs)	"{""consequence"": [""frameshift variant""], ""protein_change"": ""M186fs"", ""classification"": ""Pathogenic""}"
ClinVar:VCV004056851	variant	NM_001330260.2(SCN8A):c.2525T>C (p.Val842Ala)	"{""consequence"": [""missense variant""], ""protein_change"": ""V842A"", ""classification"": ""Likely pathogenic""}"
ClinVar:VCV004056866	variant	NM_001330260.2(SCN8A):c.3819+2T>C	"{""consequence"": [""splice donor variant""], ""protein_change"": """", ""classification"": ""Likely pathogenic""}"
ClinVar:VCV004070522	variant	NM_004758.4(TSPOAP1):c.3172dup (p.Arg1058fs)	"{""consequence"": [""frameshift variant""], ""protein_change"": ""R1058fs, R998fs"", ""classification"": ""Likely pathogenic""}"
ClinVar:VCV004071002	variant	NM_001367721.1(CASK):c.173-2331_278+1542del	"{""consequence"": [""splice acceptor variant"", ""splice donor variant""], ""protein_change"": """", ""classification"": ""Pathogenic""}"
ClinVar:VCV004072008	variant	NM_001032221.6(STXBP1):c.1518del (p.Ser507fs)	"{""consequence"": [""frameshift variant""], ""protein_change"": ""S471fs, S493fs, S504fs, S507fs"", ""classification"": ""Pathogenic""}"
ClinVar:VCV004072125	variant	NM_001367721.1(CASK):c.184G>A (p.Glu62Lys)	"{""consequence"": [""missense variant""], ""protein_change"": ""E62K"", ""classification"": ""Likely pathogenic""}"
ClinVar:VCV004073673	variant	NM_001330260.2(SCN8A):c.4935G>A (p.Met1645Ile)	"{""consequence"": [""missense variant""], ""protein_change"": ""M1604I, M1645I"", ""classification"": ""Pathogenic""}"
ClinVar:VCV004075081	variant	NM_001032221.6(STXBP1):c.193A>T (p.Arg65Ter)	"{""consequence"": [""nonsense""], ""protein_change"": ""R51*, R65*"", ""classification"": ""Likely pathogenic""}"
ClinVar:VCV004075082	variant	NM_001032221.6(STXBP1):c.974_991del (p.Arg325_Met330del)	"{""consequence"": [], ""protein_change"": """", ""classification"": ""Likely pathogenic""}"
ClinVar:VCV004076227	variant	NM_001032221.6(STXBP1):c.1249+1G>T	"{""consequence"": [""splice donor variant""], ""protein_change"": """", ""classification"": ""Pathogenic""}"
ClinVar:VCV004081876	variant	NM_001330260.2(SCN8A):c.730del (p.Ala243_Leu244insTer)	"{""consequence"": [""nonsense""], ""protein_change"": """", ""classification"": ""Pathogenic""}"
ClinVar:VCV004081895	variant	NM_001032221.6(STXBP1):c.1249G>A (p.Gly417Ser)	"{""consequence"": [""missense variant""], ""protein_change"": ""G381S, G403S, G414S, G417S"", ""classification"": ""Likely pathogenic""}"
ClinVar:VCV004082354	variant	NM_001032221.6(STXBP1):c.296A>G (p.Tyr99Cys)	"{""consequence"": [""missense variant""], ""protein_change"": ""Y85C, Y99C"", ""classification"": ""Likely pathogenic""}"
ClinVar:VCV004082617	variant	NM_001330260.2(SCN8A):c.5054T>A (p.Met1685Lys)	"{""consequence"": [""missense variant""], ""protein_change"": ""M1644K, M1685K"", ""classification"": ""Likely pathogenic""}"
ClinVar:VCV004083413	variant	NM_001330260.2(SCN8A):c.3601G>A (p.Glu1201Lys)	"{""consequence"": [""missense variant""], ""protein_change"": ""E1201K"", ""classification"": ""Pathogenic""}"
ClinVar:VCV004086070	variant	NM_001032221.6(STXBP1):c.901C>T (p.Gln301Ter)	"{""consequence"": [""nonsense"", ""intron variant""], ""protein_change"": ""Q287*, Q298*, Q301*"", ""classification"": ""Pathogenic""}"
ClinVar:VCV004086453	variant	NM_001330260.2(SCN8A):c.692T>C (p.Ile231Thr)	"{""consequence"": [""missense variant"", ""intron variant""], ""protein_change"": ""I231T"", ""classification"": ""Pathogenic""}"
ClinVar:VCV004087720	variant	NM_001367721.1(CASK):c.708+2T>G	"{""consequence"": [""splice donor variant""], ""protein_change"": """", ""classification"": ""Pathogenic""}"
ClinVar:VCV004277481	variant	NM_001032221.6(STXBP1):c.1109A>C (p.Gln370Pro)	"{""consequence"": [""missense variant""], ""protein_change"": ""Q334P, Q356P, Q367P, Q370P"", ""classification"": ""Pathogenic""}"
ClinVar:VCV004277482	variant	NM_001032221.6(STXBP1):c.553_555del (p.Glu185del)	"{""consequence"": [], ""protein_change"": ""E171del, E182del, E185del"", ""classification"": ""Likely pathogenic""}"
ClinVar:VCV004277912	variant	NM_001330260.2(SCN8A):c.1079T>C (p.Phe360Ser)	"{""consequence"": [""missense variant""], ""protein_change"": ""F360S"", ""classification"": ""Likely pathogenic""}"
ClinVar:VCV004281986	variant	NM_003660.4(PPFIA3):c.2945G>A (p.Arg982Gln)	"{""consequence"": [""missense variant"", ""non-coding transcript variant""], ""protein_change"": ""R982Q"", ""classification"": ""Likely pathogenic""}"
ClinVar:VCV004282385	variant	NM_001367721.1(CASK):c.1231G>T (p.Glu411Ter)	"{""consequence"": [""nonsense""], ""protein_change"": ""E405*, E411*"", ""classification"": ""Pathogenic""}"
ClinVar:VCV004291098	variant	NM_001330260.2(SCN8A):c.3946G>A (p.Val1316Met)	"{""consequence"": [""missense variant""], ""protein_change"": ""V1275M, V1316M"", ""classification"": ""Likely pathogenic""}"
ClinVar:VCV004291118	variant	NM_001367721.1:c.1156-4408_1503+2676dup	"{""consequence"": [], ""protein_change"": """", ""classification"": ""Likely pathogenic""}"
ClinVar:VCV004291786	variant	NM_001032221.6(STXBP1):c.125C>G (p.Ser42Cys)	"{""consequence"": [""missense variant""], ""protein_change"": ""S28C, S42C"", ""classification"": ""Likely pathogenic""}"
ClinVar:VCV004291837	variant	NM_001367721.1(CASK):c.1234-1G>C	"{""consequence"": [""splice acceptor variant""], ""protein_change"": """", ""classification"": ""Likely pathogenic""}"
ClinVar:VCV004291884	variant	NM_001032221.6(STXBP1):c.578+3A>T	"{""consequence"": [""intron variant""], ""protein_change"": """", ""classification"": ""Likely pathogenic""}"
ClinVar:VCV004292416	variant	NM_001330260.2(SCN8A):c.5290A>G (p.Ile1764Val)	"{""consequence"": [""missense variant""], ""protein_change"": ""I1723V, I1764V"", ""classification"": ""Likely pathogenic""}"
ClinVar:VCV004292841	variant	NM_001032221.6(STXBP1):c.1420C>T (p.Gln474Ter)	"{""consequence"": [""nonsense""], ""protein_change"": ""Q438*, Q460*, Q471*, Q474*"", ""classification"": ""Pathogenic""}"
ClinVar:VCV004293383	variant	NM_001330260.2(SCN8A):c.5383T>C (p.Phe1795Leu)	"{""consequence"": [""missense variant""], ""protein_change"": ""F1754L, F1795L"", ""classification"": ""Likely pathogenic""}"
ClinVar:VCV004293410	variant	NM_001330260.2(SCN8A):c.3968C>A (p.Ala1323Asp)	"{""consequence"": [""missense variant""], ""protein_change"": ""A1282D, A1323D"", ""classification"": ""Likely pathogenic""}"
ClinVar:VCV004294530	variant	NM_001032221.6(STXBP1):c.1630G>A (p.Gly544Ser)	"{""consequence"": [""missense variant""], ""protein_change"": ""G508S, G530S, G544S, G541S"", ""classification"": ""Likely pathogenic""}"
ClinVar:VCV004489342	variant	NM_001367721.1(CASK):c.1807-1G>T	"{""consequence"": [""splice acceptor variant""], ""protein_change"": """", ""classification"": ""Likely pathogenic""}"
ClinVar:VCV004489349	variant	NM_001367721.1(CASK):c.1737+2T>A	"{""consequence"": [""splice donor variant""], ""protein_change"": """", ""classification"": ""Pathogenic""}"
ClinVar:VCV004526558	variant	NM_014191.4(SCN8A):c.644A>G (p.Asn215Ser)	"{""consequence"": [""missense variant"", ""intron variant""], ""protein_change"": ""N215S"", ""classification"": ""Likely pathogenic""}"
ClinVar:VCV004527033	variant	NM_001032221.6(STXBP1):c.890C>T (p.Ala297Val)	"{""consequence"": [""missense variant"", ""intron variant""], ""protein_change"": ""A283V, A294V, A297V"", ""classification"": ""Likely pathogenic""}"
ClinVar:VCV004528278	variant	NM_001330260.2(SCN8A):c.4214C>A (p.Ala1405Asp)	"{""consequence"": [""missense variant""], ""protein_change"": ""A1364D, A1405D"", ""classification"": ""Likely pathogenic""}"
ClinVar:VCV004528294	variant	NM_001032221.6(STXBP1):c.963G>T (p.Lys321Asn)	"{""consequence"": [""missense variant""], ""protein_change"": ""K285N, K307N, K318N, K321N"", ""classification"": ""Pathogenic""}"
ClinVar:VCV004528360	variant	NM_014232.3(VAMP2):c.148G>A (p.Val50Met)	"{""consequence"": [""missense variant""], ""protein_change"": ""V50M, V52M"", ""classification"": ""Likely pathogenic""}"
ClinVar:VCV004528921	variant	NM_000817.3(GAD1):c.611G>A (p.Trp204Ter)	"{""consequence"": [""nonsense""], ""protein_change"": ""W204*"", ""classification"": ""Likely pathogenic""}"
ClinVar:VCV004531271	variant	NM_001367721.1(CASK):c.1838del (p.Arg613fs)	"{""consequence"": [""frameshift variant""], ""protein_change"": ""R584fs, R590fs, R607fs, R613fs"", ""classification"": ""Likely pathogenic""}"
ClinVar:VCV004532115	variant	NM_001032221.6(STXBP1):c.392delinsAT (p.Thr131fs)	"{""consequence"": [""frameshift variant""], ""protein_change"": ""T117fs, T128fs, T131fs"", ""classification"": ""Pathogenic""}"
ClinVar:VCV004533283	variant	NM_001367721.1(CASK):c.612del (p.Cys205fs)	"{""consequence"": [""frameshift variant""], ""protein_change"": ""C205fs"", ""classification"": ""Likely pathogenic""}"
ClinVar:VCV004536239	variant	NM_001032221.6(STXBP1):c.1548-2A>G	"{""consequence"": [""splice acceptor variant""], ""protein_change"": """", ""classification"": ""Pathogenic""}"
ClinVar:VCV004681338	variant	NM_001330260.2(SCN8A):c.5590A>T (p.Ile1864Phe)	"{""consequence"": [""missense variant""], ""protein_change"": ""I1823F, I1864F"", ""classification"": ""Likely pathogenic""}"
ClinVar:VCV004683079	variant	NM_000817.3(GAD1):c.87C>A (p.Tyr29Ter)	"{""consequence"": [""nonsense""], ""protein_change"": ""Y29*"", ""classification"": ""Pathogenic""}"
ClinVar:VCV004683110	variant	NM_001330260.2(SCN8A):c.1135-1G>A	"{""consequence"": [""splice acceptor variant""], ""protein_change"": """", ""classification"": ""Likely pathogenic""}"
ClinVar:VCV004683118	variant	NM_001330260.2(SCN8A):c.2112del (p.Thr705fs)	"{""consequence"": [""frameshift variant""], ""protein_change"": ""T705fs"", ""classification"": ""Likely pathogenic""}"
ClinVar:VCV004685081	variant	NM_001330260.2(SCN8A):c.5304C>A (p.Asn1768Lys)	"{""consequence"": [""missense variant""], ""protein_change"": ""N1727K, N1768K"", ""classification"": ""Likely pathogenic""}"
ClinVar:VCV004685498	variant	NM_001330260.2(SCN8A):c.2540G>C (p.Arg847Pro)	"{""consequence"": [""missense variant""], ""protein_change"": ""R847P"", ""classification"": ""Pathogenic""}"
ClinVar:VCV004686867	variant	NM_001330260.2(SCN8A):c.3926G>C (p.Arg1309Pro)	"{""consequence"": [""missense variant"", ""intron variant""], ""protein_change"": ""R1309P"", ""classification"": ""Pathogenic""}"
ClinVar:VCV004688643	variant	NM_001032221.6(STXBP1):c.795-2A>G	"{""consequence"": [""splice acceptor variant"", ""intron variant""], ""protein_change"": """", ""classification"": ""Pathogenic""}"
ClinVar:VCV004690235	variant	NC_000023.11:g.41772635_41895004del	"{""consequence"": [], ""protein_change"": """", ""classification"": ""Likely pathogenic""}"
ClinVar:VCV004690245	variant	NM_001367721.1(CASK):c.665_666delinsT (p.Thr222fs)	"{""consequence"": [""frameshift variant""], ""protein_change"": ""T222fs"", ""classification"": ""Likely pathogenic""}"
ClinVar:VCV004690246	variant	NM_001367721.1(CASK):c.1315-4_1315-1dup	"{""consequence"": [""splice acceptor variant""], ""protein_change"": """", ""classification"": ""Likely pathogenic""}"
ClinVar:VCV004709697	variant	NM_003165.6(STXBP1):c.1720A>C (p.Thr574Pro)	"{""consequence"": [""missense variant"", ""intron variant""], ""protein_change"": ""T538P, T560P, T574P"", ""classification"": ""Pathogenic""}"
ClinVar:VCV004710756	variant	NM_001032221.6(STXBP1):c.214G>T (p.Glu72Ter)	"{""consequence"": [""nonsense""], ""protein_change"": ""E58*, E72*"", ""classification"": ""Pathogenic""}"
ClinVar:VCV004711088	variant	NM_001330260.2(SCN8A):c.2826_2827dup (p.Asp943fs)	"{""consequence"": [""frameshift variant""], ""protein_change"": ""D943fs"", ""classification"": ""Pathogenic""}"
ClinVar:VCV004715720	variant	NM_001367721.1(CASK):c.2448T>G (p.Tyr816Ter)	"{""consequence"": [""nonsense""], ""protein_change"": ""Y787*, Y788*, Y811*, Y810*, Y816*"", ""classification"": ""Pathogenic""}"
ClinVar:VCV004723833	variant	NM_001367721.1(CASK):c.430-1G>A	"{""consequence"": [""splice acceptor variant""], ""protein_change"": """", ""classification"": ""Likely pathogenic""}"
ClinVar:VCV004725966	variant	NM_000817.3(GAD1):c.1264-350_1289delinsGAGGTATCCAGCACATCCTGGCTG	"{""consequence"": [""splice acceptor variant""], ""protein_change"": """", ""classification"": ""Likely pathogenic""}"
ClinVar:VCV004728952	variant	NM_001367721.1(CASK):c.2451_2458dup (p.Leu820fs)	"{""consequence"": [""frameshift variant""], ""protein_change"": ""L815fs, L820fs, L814fs, L791fs, L792fs"", ""classification"": ""Pathogenic""}"
ClinVar:VCV004731744	variant	NM_001330260.2(SCN8A):c.614+1G>C	"{""consequence"": [""splice donor variant""], ""protein_change"": """", ""classification"": ""Likely pathogenic""}"
ClinVar:VCV004734403	variant	NM_001367721.1(CASK):c.828dup (p.Lys277Ter)	"{""consequence"": [""nonsense""], ""protein_change"": ""K277*"", ""classification"": ""Pathogenic""}"
ClinVar:VCV004739097	variant	NM_001330260.2(SCN8A):c.5632C>T (p.Pro1878Ser)	"{""consequence"": [""missense variant""], ""protein_change"": ""P1878S, P1837S"", ""classification"": ""Likely pathogenic""}"
ClinVar:VCV004750144	variant	NM_001330260.2(SCN8A):c.667A>G (p.Arg223Gly)	"{""consequence"": [""missense variant"", ""intron variant""], ""protein_change"": ""R223G"", ""classification"": ""Pathogenic""}"
ClinVar:VCV004755391	variant	NM_001367721.1(CASK):c.512dup (p.Ser172fs)	"{""consequence"": [""frameshift variant""], ""protein_change"": ""S172fs"", ""classification"": ""Likely pathogenic""}"
ClinVar:VCV004755408	variant	NM_001367721.1(CASK):c.477del (p.Lys159fs)	"{""consequence"": [""frameshift variant""], ""protein_change"": ""K159fs"", ""classification"": ""Likely pathogenic""}"
ClinVar:VCV004755409	variant	NM_001367721.1(CASK):c.2313_2317del (p.Pro772fs)	"{""consequence"": [""frameshift variant""], ""protein_change"": ""P743fs, P744fs, P766fs, P767fs, P772fs"", ""classification"": ""Likely pathogenic""}"
ClinVar:VCV004755410	variant	NM_001367721.1(CASK):c.1944del (p.Ile649fs)	"{""consequence"": [""frameshift variant""], ""protein_change"": ""I620fs, I626fs, I643fs, I649fs"", ""classification"": ""Likely pathogenic""}"
ClinVar:VCV004759222	variant	NM_001367721.1(CASK):c.396C>A (p.Cys132Ter)	"{""consequence"": [""nonsense""], ""protein_change"": ""C132*"", ""classification"": ""Likely pathogenic""}"
ClinVar:VCV004759348	variant	NM_001367721.1(CASK):c.559dup (p.Ala187fs)	"{""consequence"": [""frameshift variant""], ""protein_change"": ""A187fs"", ""classification"": ""Likely pathogenic""}"
ClinVar:VCV004795756	variant	NM_014905.5(GLS):c.637C>T (p.Gln213Ter)	"{""consequence"": [""nonsense""], ""protein_change"": ""Q213*"", ""classification"": ""Likely pathogenic""}"
ClinVar:VCV004795944	variant	NM_001367721.1(CASK):c.916-2A>T	"{""consequence"": [""splice acceptor variant""], ""protein_change"": """", ""classification"": ""Likely pathogenic""}"
ClinVar:VCV004801270	variant	NM_001330260.2(SCN8A):c.1103C>T (p.Thr368Ile)	"{""consequence"": [""missense variant""], ""protein_change"": ""T368I"", ""classification"": ""Likely pathogenic""}"
ClinVar:VCV004801272	variant	NM_001330260.2(SCN8A):c.1124T>C (p.Leu375Ser)	"{""consequence"": [""missense variant""], ""protein_change"": ""L375S"", ""classification"": ""Pathogenic""}"
ClinVar:VCV004801286	variant	NM_001330260.2(SCN8A):c.4612A>G (p.Thr1538Ala)	"{""consequence"": [""missense variant""], ""protein_change"": ""T1497A, T1538A"", ""classification"": ""Likely pathogenic""}"
ClinVar:VCV004801820	variant	NM_001032221.6(STXBP1):c.194G>T (p.Arg65Ile)	"{""consequence"": [""missense variant""], ""protein_change"": ""R51I, R65I"", ""classification"": ""Pathogenic""}"
ClinVar:VCV004801824	variant	NM_001032221.6(STXBP1):c.1217G>C (p.Arg406Pro)	"{""consequence"": [""missense variant""], ""protein_change"": ""R370P, R392P, R403P, R406P"", ""classification"": ""Likely pathogenic""}"
ClinVar:VCV004801829	variant	NM_001032221.6(STXBP1):c.1649T>G (p.Met550Arg)	"{""consequence"": [""missense variant""], ""protein_change"": ""M514R, M536R, M547R, M550R"", ""classification"": ""Pathogenic""}"
ClinVar:VCV004812133	variant	NM_001330260.2(SCN8A):c.4859G>C (p.Arg1620Pro)	"{""consequence"": [""missense variant""], ""protein_change"": ""R1579P, R1620P"", ""classification"": ""Pathogenic""}"
ClinVar:VCV004812382	variant	NM_001199107.2(TBC1D24):c.937C>T (p.Gln313Ter)	"{""consequence"": [""nonsense""], ""protein_change"": ""Q313*"", ""classification"": ""Pathogenic""}"
ClinVar:VCV004812516	variant	NM_001199107.2(TBC1D24):c.1198C>T (p.Gln400Ter)	"{""consequence"": [""nonsense""], ""protein_change"": ""Q394*, Q400*"", ""classification"": ""Pathogenic""}"
ClinVar:VCV004812606	variant	NM_001199107.2(TBC1D24):c.400del (p.Leu134fs)	"{""consequence"": [""frameshift variant""], ""protein_change"": ""L134fs"", ""classification"": ""Pathogenic""}"
ClinVar:VCV004812900	variant	NM_014905.5(GLS):c.386+2T>C	"{""consequence"": [""splice donor variant""], ""protein_change"": """", ""classification"": ""Likely pathogenic""}"
ClinVar:VCV004813220	variant	NM_001032221.6(STXBP1):c.1743del (p.Thr581_Leu582insTer)	"{""consequence"": [""frameshift variant"", ""3 prime UTR variant"", ""intron variant""], ""protein_change"": """", ""classification"": ""Likely pathogenic""}"
ClinVar:VCV004813319	variant	NM_005639.3(SYT1):c.352_810+1del	"{""consequence"": [""splice acceptor variant"", ""splice donor variant""], ""protein_change"": """", ""classification"": ""Likely pathogenic""}"
ClinVar:VCV004813972	variant	GRCh37/hg19 12q21.2(chr12:79685787-79693331)x1	"{""consequence"": [], ""protein_change"": """", ""classification"": ""Likely pathogenic""}"
ClinVar:VCV004814213	variant	NM_001367721.1(CASK):c.1504-2_1504-1del	"{""consequence"": [""splice acceptor variant""], ""protein_change"": """", ""classification"": ""Likely pathogenic""}"
ClinVar:VCV004819275	variant	Single allele	"{""consequence"": [], ""protein_change"": """", ""classification"": ""Likely pathogenic""}"
ClinVar:VCV004819533	variant	NM_001032221.6(STXBP1):c.169+5G>A	"{""consequence"": [""intron variant""], ""protein_change"": """", ""classification"": ""Pathogenic""}"
ClinVar:VCV004820078	variant	NM_001032221.6(STXBP1):c.722C>T (p.Ser241Phe)	"{""consequence"": [""missense variant""], ""protein_change"": ""S227F, S238F, S241F"", ""classification"": ""Likely pathogenic""}"
ClinVar:VCV004820176	variant	NM_001367721.1(CASK):c.173-1145_278+7387del	"{""consequence"": [""splice acceptor variant"", ""splice donor variant""], ""protein_change"": """", ""classification"": ""Likely pathogenic""}"
ClinVar:VCV004820633	variant	NM_001330260.2(SCN8A):c.3943-1G>A	"{""consequence"": [""splice acceptor variant""], ""protein_change"": """", ""classification"": ""Likely pathogenic""}"
ClinVar:VCV004822516	variant	NM_001367721.1(CASK):c.2160del (p.Phe720fs)	"{""consequence"": [""frameshift variant"", ""intron variant""], ""protein_change"": ""F691fs, F714fs, F720fs"", ""classification"": ""Likely pathogenic""}"
ClinVar:VCV004840022	variant	NM_001330260.2(SCN8A):c.1242T>G (p.Tyr414Ter)	"{""consequence"": [""nonsense""], ""protein_change"": ""Y414*"", ""classification"": ""Pathogenic""}"
ClinVar:VCV004840838	variant	NM_001330260.2(SCN8A):c.1202A>G (p.Tyr401Cys)	"{""consequence"": [""missense variant""], ""protein_change"": ""Y401C"", ""classification"": ""Pathogenic""}"
ClinVar:VCV004849373	variant	NM_004758.4(TSPOAP1):c.5134_5141dup (p.Glu1715fs)	"{""consequence"": [""frameshift variant""], ""protein_change"": ""E1655fs, E1715fs"", ""classification"": ""Likely pathogenic""}"
ClinVar:VCV004849577	variant	NM_001032221.6(STXBP1):c.170-1G>A	"{""consequence"": [""splice acceptor variant""], ""protein_change"": """", ""classification"": ""Likely pathogenic""}"
ClinVar:VCV004850030	variant	NM_001199107.2(TBC1D24):c.61del (p.Asp21fs)	"{""consequence"": [""frameshift variant""], ""protein_change"": ""D21fs"", ""classification"": ""Likely pathogenic""}"
ClinVar:VCV004850190	variant	NM_001330260.2(SCN8A):c.2575C>T (p.Pro859Ser)	"{""consequence"": [""missense variant""], ""protein_change"": ""P859S"", ""classification"": ""Likely pathogenic""}"
ClinVar:VCV004850191	variant	NM_001330260.2(SCN8A):c.4911dup (p.Arg1638fs)	"{""consequence"": [""frameshift variant""], ""protein_change"": ""R1597fs, R1638fs"", ""classification"": ""Likely pathogenic""}"
ClinVar:VCV004850703	variant	NM_004758.4(TSPOAP1):c.1090C>T (p.Arg364Ter)	"{""consequence"": [""nonsense""], ""protein_change"": ""R304*, R364*"", ""classification"": ""Likely pathogenic""}"
ClinVar:VCV004852193	variant	NM_014905.5(GLS):c.1645C>T (p.Gln549Ter)	"{""consequence"": [""nonsense""], ""protein_change"": ""Q549*"", ""classification"": ""Pathogenic""}"
ClinVar:VCV004852513	variant	NM_001032221.6(STXBP1):c.1547+1G>A	"{""consequence"": [""splice donor variant""], ""protein_change"": """", ""classification"": ""Likely pathogenic""}"
ClinVar:VCV004852878	variant	NM_001330260.2(SCN8A):c.4502A>G (p.Gln1501Arg)	"{""consequence"": [""missense variant""], ""protein_change"": ""Q1460R, Q1501R"", ""classification"": ""Likely pathogenic""}"
ClinVar:VCV004854753	variant	NM_001367721.1(CASK):c.59+5G>A	"{""consequence"": [""intron variant""], ""protein_change"": """", ""classification"": ""Likely pathogenic""}"
ClinVar:VCV004854873	variant	NM_001367721.1(CASK):c.1233+1G>T	"{""consequence"": [""splice donor variant""], ""protein_change"": """", ""classification"": ""Likely pathogenic""}"
ClinVar:VCV004854974	variant	NM_001032221.6(STXBP1):c.257del (p.Ser86fs)	"{""consequence"": [""frameshift variant""], ""protein_change"": ""S72fs, S86fs"", ""classification"": ""Likely pathogenic""}"
ClinVar:VCV004854991	variant	NM_001330260.2(SCN8A):c.4282-1G>A	"{""consequence"": [""splice acceptor variant""], ""protein_change"": """", ""classification"": ""Likely pathogenic""}"
ClinVar:VCV004855099	variant	NM_001367721.1(CASK):c.984dup (p.Pro329fs)	"{""consequence"": [""frameshift variant""], ""protein_change"": ""P329fs"", ""classification"": ""Likely pathogenic""}"
ClinVar:VCV004855563	variant	NM_001330260.2(SCN8A):c.2549G>T (p.Arg850Leu)	"{""consequence"": [""missense variant""], ""protein_change"": ""R850L"", ""classification"": ""Likely pathogenic""}"
ClinVar:VCV004856066	variant	NM_005639.3(SYT1):c.930T>A (p.Asp310Glu)	"{""consequence"": [""missense variant""], ""protein_change"": ""D307E, D310E"", ""classification"": ""Pathogenic""}"
ClinVar:VCV004856827	variant	NM_001367721.1(CASK):c.556del (p.Met186fs)	"{""consequence"": [""frameshift variant""], ""protein_change"": ""M186fs"", ""classification"": ""Likely pathogenic""}"
ClinVar:VCV004864180	variant	NM_001330260.2(SCN8A):c.4876C>G (p.Arg1626Gly)	"{""consequence"": [""missense variant""], ""protein_change"": ""R1585G, R1626G"", ""classification"": ""Likely pathogenic""}"
ClinVar:VCV004864181	variant	NM_001330260.2(SCN8A):c.714G>C (p.Lys238Asn)	"{""consequence"": [""missense variant""], ""protein_change"": ""K238N"", ""classification"": ""Likely pathogenic""}"
ClinVar:VCV004871762	variant	NM_001330260.2(SCN8A):c.5615G>C (p.Arg1872Pro)	"{""consequence"": [""missense variant""], ""protein_change"": ""R1831P, R1872P"", ""classification"": ""Likely pathogenic""}"
ClinVar:VCV004874832	variant	NM_001032221.6(STXBP1):c.736G>C (p.Glu246Gln)	"{""consequence"": [""missense variant""], ""protein_change"": ""E232Q, E243Q, E246Q"", ""classification"": ""Likely pathogenic""}"
ClinVar:VCV004875630	variant	NM_003660.4(PPFIA3):c.1258del (p.Glu420fs)	"{""consequence"": [""frameshift variant"", ""non-coding transcript variant""], ""protein_change"": ""E420fs"", ""classification"": ""Likely pathogenic""}"
ClinVar:VCV004876701	variant	NM_001330260.2(SCN8A):c.1067T>A (p.Phe356Tyr)	"{""consequence"": [""missense variant""], ""protein_change"": ""F356Y"", ""classification"": ""Likely pathogenic""}"
ClinVar:VCV004879779	variant	NM_001367721.1(CASK):c.796A>G (p.Thr266Ala)	"{""consequence"": [""missense variant""], ""protein_change"": ""T266A"", ""classification"": ""Likely pathogenic""}"
ClinVar:VCV004879780	variant	NM_001367721.1(CASK):c.356+1G>C	"{""consequence"": [""splice donor variant""], ""protein_change"": """", ""classification"": ""Pathogenic""}"
ClinVar:VCV004879832	variant	NM_014191.4(SCN8A):c.669G>C (p.Arg223Ser)	"{""consequence"": [""intron variant"", ""missense variant""], ""protein_change"": ""R223S"", ""classification"": ""Likely pathogenic""}"
ClinVar:VCV004881607	variant	NM_001032221.6(STXBP1):c.1206T>G (p.Tyr402Ter)	"{""consequence"": [""nonsense""], ""protein_change"": ""Y366*, Y388*, Y399*, Y402*"", ""classification"": ""Pathogenic/Likely pathogenic""}"
ClinVar:VCV004885767	variant	NM_001367721.1(CASK):c.1295T>G (p.Leu432Ter)	"{""consequence"": [""nonsense""], ""protein_change"": ""L426*, L432*"", ""classification"": ""Likely pathogenic""}"
ClinVar:VCV004886801	variant	GRCh38/hg38 Xp11.4(chrX:41530454-41538463)x1	"{""consequence"": [], ""protein_change"": """", ""classification"": ""Pathogenic""}"
ClinVar:VCV004886846	variant	NM_001330260.2(SCN8A):c.3827_3846del (p.Leu1276fs)	"{""consequence"": [""frameshift variant"", ""intron variant""], ""protein_change"": ""L1276fs"", ""classification"": ""Likely pathogenic""}"
ClinVar:VCV004888367	variant	NM_001367721.1(CASK):c.2581_2584del (p.Thr861fs)	"{""consequence"": [""frameshift variant""], ""protein_change"": ""T832fs, T833fs, T855fs, T856fs, T861fs"", ""classification"": ""Likely pathogenic""}"
ClinVar:VCV004890765	variant	NM_001367721.1(CASK):c.2119C>T (p.Gln707Ter)	"{""consequence"": [""nonsense""], ""protein_change"": ""Q678*, Q684*, Q701*, Q707*"", ""classification"": ""Likely pathogenic""}"
ClinVar:VCV004890782	variant	NM_001032221.6(STXBP1):c.937del (p.Ser313fs)	"{""consequence"": [""frameshift variant""], ""protein_change"": ""S277fs, S299fs, S310fs, S313fs"", ""classification"": ""Likely pathogenic""}"
ClinVar:VCV004890915	variant	NM_014905.5(GLS):c.1713-9C>G	"{""consequence"": [""intron variant""], ""protein_change"": """", ""classification"": ""Pathogenic""}"
ClinVar:VCV004891524	variant	NM_001330260.2(SCN8A):c.4161C>G (p.Ile1387Met)	"{""consequence"": [""missense variant""], ""protein_change"": ""I1346M, I1387M"", ""classification"": ""Likely pathogenic""}"
ClinVar:VCV004904528	variant	NM_001032221.6(STXBP1):c.353del (p.Leu118fs)	"{""consequence"": [""frameshift variant""], ""protein_change"": ""L118fs, L104fs, L115fs"", ""classification"": ""Likely pathogenic""}"
ClinVar:VCV004904529	variant	NM_001032221.6(STXBP1):c.413T>C (p.Leu138Pro)	"{""consequence"": [""missense variant""], ""protein_change"": ""L135P, L124P, L138P"", ""classification"": ""Likely pathogenic""}"
ClinVar:VCV004904530	variant	NM_001032221.6(STXBP1):c.429+1G>T	"{""consequence"": [""splice donor variant""], ""protein_change"": """", ""classification"": ""Pathogenic""}"
ClinVar:VCV004904531	variant	NM_001032221.6(STXBP1):c.558C>G (p.Tyr186Ter)	"{""consequence"": [""nonsense""], ""protein_change"": ""Y172*, Y186*, Y183*"", ""classification"": ""Likely pathogenic""}"
ClinVar:VCV004904533	variant	NM_001032221.6(STXBP1):c.734A>T (p.His245Leu)	"{""consequence"": [""missense variant""], ""protein_change"": ""H231L, H245L, H242L"", ""classification"": ""Likely pathogenic""}"
ClinVar:VCV004904534	variant	NM_001032221.6(STXBP1):c.751G>A (p.Ala251Thr)	"{""consequence"": [""missense variant""], ""protein_change"": ""A248T, A251T, A237T"", ""classification"": ""Likely pathogenic""}"
ClinVar:VCV004904538	variant	NM_001032221.6(STXBP1):c.1005_1012del (p.Gln336fs)	"{""consequence"": [""frameshift variant""], ""protein_change"": ""Q300fs, Q322fs, Q336fs, Q333fs"", ""classification"": ""Likely pathogenic""}"
ClinVar:VCV004904542	variant	NM_001032221.6(STXBP1):c.1426_1427del (p.Ser476fs)	"{""consequence"": [""frameshift variant""], ""protein_change"": ""S462fs, S476fs, S440fs, S473fs"", ""classification"": ""Pathogenic""}"
ClinVar:VCV004904543	variant	NM_001032221.6(STXBP1):c.1494_1495del (p.His498fs)	"{""consequence"": [""frameshift variant""], ""protein_change"": ""H462fs, H484fs, H495fs, H498fs"", ""classification"": ""Likely pathogenic""}"
ClinVar:VCV004904545	variant	NM_001032221.6(STXBP1):c.1547+2T>C	"{""consequence"": [""splice donor variant""], ""protein_change"": """", ""classification"": ""Likely pathogenic""}"
ClinVar:VCV004904546	variant	NM_001032221.6(STXBP1):c.1628_1635del (p.Gly543fs)	"{""consequence"": [""frameshift variant""], ""protein_change"": ""G543fs, G507fs, G529fs, G540fs"", ""classification"": ""Likely pathogenic""}"
ClinVar:VCV004904548	variant	NM_001032221.6(STXBP1):c.1655G>T (p.Cys552Phe)	"{""consequence"": [""missense variant""], ""protein_change"": ""C552F, C538F, C516F, C549F"", ""classification"": ""Likely pathogenic""}"
ClinVar:VCV004904550	variant	NM_003165.6(STXBP1):c.1710del (p.His571fs)	"{""consequence"": [""frameshift variant"", ""intron variant""], ""protein_change"": ""H535fs, H557fs, H571fs"", ""classification"": ""Likely pathogenic""}"
ClinVar:VCV004916823	variant	NM_001330260.2(SCN8A):c.309_310del (p.Phe104fs)	"{""consequence"": [""frameshift variant""], ""protein_change"": ""F104fs"", ""classification"": ""Likely pathogenic""}"
ClinVar:VCV004916824	variant	NM_001330260.2(SCN8A):c.415A>T (p.Met139Leu)	"{""consequence"": [""missense variant""], ""protein_change"": ""M139L"", ""classification"": ""Likely pathogenic""}"
ClinVar:VCV004916830	variant	NM_001330260.2(SCN8A):c.994C>T (p.Gln332Ter)	"{""consequence"": [""nonsense""], ""protein_change"": ""Q332*"", ""classification"": ""Likely pathogenic""}"
ClinVar:VCV004916831	variant	NM_001330260.2(SCN8A):c.1234A>C (p.Met412Leu)	"{""consequence"": [""missense variant""], ""protein_change"": ""M412L"", ""classification"": ""Likely pathogenic""}"
ClinVar:VCV004916844	variant	NM_001330260.2(SCN8A):c.2543T>C (p.Leu848Ser)	"{""consequence"": [""missense variant""], ""protein_change"": ""L848S"", ""classification"": ""Likely pathogenic""}"
ClinVar:VCV004916846	variant	NM_001330260.2(SCN8A):c.2764T>C (p.Phe922Leu)	"{""consequence"": [""missense variant""], ""protein_change"": ""F922L"", ""classification"": ""Likely pathogenic""}"
ClinVar:VCV004916856	variant	NM_001330260.2(SCN8A):c.3976T>C (p.Ser1326Pro)	"{""consequence"": [""missense variant""], ""protein_change"": ""S1285P, S1326P"", ""classification"": ""Likely pathogenic""}"
ClinVar:VCV004916858	variant	NM_001330260.2(SCN8A):c.4231A>G (p.Thr1411Ala)	"{""consequence"": [""missense variant""], ""protein_change"": ""T1370A, T1411A"", ""classification"": ""Likely pathogenic""}"
ClinVar:VCV004916861	variant	NM_001330260.2(SCN8A):c.4444A>C (p.Thr1482Pro)	"{""consequence"": [""missense variant""], ""protein_change"": ""T1482P, T1441P"", ""classification"": ""Likely pathogenic""}"
ClinVar:VCV004916868	variant	NM_001330260.2(SCN8A):c.5190T>A (p.Ser1730Arg)	"{""consequence"": [""missense variant""], ""protein_change"": ""S1730R, S1689R"", ""classification"": ""Likely pathogenic""}"
ClinVar:VCV004917664	variant	NM_005639.3(SYT1):c.902AGA[1] (p.Lys302del)	"{""consequence"": [], ""protein_change"": ""K302del, K299del"", ""classification"": ""Likely pathogenic""}"
ClinVar:VCV004917666	variant	NM_005639.3(SYT1):c.1096G>A (p.Asp366Asn)	"{""consequence"": [""missense variant""], ""protein_change"": ""D363N, D366N"", ""classification"": ""Likely pathogenic""}"
ClinVar:VCV004928131	variant	NM_001199107.2(TBC1D24):c.166C>T (p.Gln56Ter)	"{""consequence"": [""nonsense""], ""protein_change"": ""Q56*"", ""classification"": ""Likely pathogenic""}"
ClinVar:VCV004928140	variant	NM_001199107.2(TBC1D24):c.1214G>A (p.Gly405Asp)	"{""consequence"": [""missense variant""], ""protein_change"": ""G399D, G405D"", ""classification"": ""Likely pathogenic""}"
ClinVar:VCV004933594	variant	NM_014232.3(VAMP2):c.2+2T>C	"{""consequence"": [""5 prime UTR variant"", ""splice donor variant""], ""protein_change"": """", ""classification"": ""Likely pathogenic""}"
ClinVar:VCV004943304	variant	NM_003660.4(PPFIA3):c.1637G>A (p.Trp546Ter)	"{""consequence"": [""nonsense"", ""non-coding transcript variant""], ""protein_change"": ""W546*"", ""classification"": ""Likely pathogenic""}"
ClinVar:VCV004950058	variant	NM_001367721.1(CASK):c.2518C>T (p.Gln840Ter)	"{""consequence"": [""nonsense""], ""protein_change"": ""Q811*, Q835*, Q840*, Q834*, Q812*"", ""classification"": ""Likely pathogenic""}"
ClinVar:VCV004950066	variant	NM_001367721.1(CASK):c.1663dup (p.Met555fs)	"{""consequence"": [""frameshift variant""], ""protein_change"": ""M549fs, M555fs"", ""classification"": ""Likely pathogenic""}"
ClinVar:VCV004950067	variant	NM_001367721.1(CASK):c.1559del (p.His520fs)	"{""consequence"": [""frameshift variant""], ""protein_change"": ""H514fs, H520fs"", ""classification"": ""Likely pathogenic""}"
ClinVar:VCV004950070	variant	NM_001367721.1(CASK):c.1177_1178del (p.Lys393fs)	"{""consequence"": [""frameshift variant""], ""protein_change"": ""K393fs, K387fs"", ""classification"": ""Likely pathogenic""}"
ClinVar:VCV004950077	variant	NM_001367721.1(CASK):c.709-1G>A	"{""consequence"": [""splice acceptor variant""], ""protein_change"": """", ""classification"": ""Likely pathogenic""}"
ClinVar:VCV004950080	variant	NM_001367721.1(CASK):c.410_411del (p.Ile137fs)	"{""consequence"": [""frameshift variant""], ""protein_change"": ""I137fs"", ""classification"": ""Likely pathogenic""}"
ClinVar:VCV004974528	variant	NM_001032221.6(STXBP1):c.170-3_325+2del	"{""consequence"": [""splice acceptor variant"", ""splice donor variant""], ""protein_change"": """", ""classification"": ""Likely pathogenic""}"
ClinVar:VCV004975122	variant	NM_001367721.1(CASK):c.1840C>T (p.Gln614Ter)	"{""consequence"": [""nonsense""], ""protein_change"": ""Q585*, Q591*, Q608*, Q614*"", ""classification"": ""Pathogenic""}"
ClinVar:VCV004975160	variant	NM_001330260.2(SCN8A):c.5114C>A (p.Ala1705Asp)	"{""consequence"": [""missense variant""], ""protein_change"": ""A1664D, A1705D"", ""classification"": ""Likely pathogenic""}"
HGNC:10596	gene	SCN8A	{}
HGNC:11018	gene	SLC32A1	{}
HGNC:11444	gene	STXBP1	{}
HGNC:11509	gene	SYT1	{}
HGNC:12643	gene	VAMP2	{}
HGNC:1497	gene	CASK	{}
HGNC:16831	gene	TSPOAP1	{}
HGNC:2309	gene	CPLX1	{}
HGNC:29203	gene	TBC1D24	{}
HGNC:4092	gene	GAD1	{}
HGNC:4331	gene	GLS	{}
HGNC:9247	gene	PPFIA3	{}
MECH:loss_of_function	mechanism	loss of function (protein missing or reduced)	{}
MECH:missense_driven	mechanism	missense-driven (altered protein: gain of function or dominant negative possible)	{}
