id	type	name	attributes
PERSON:abramov_debra	researcher	Debra Abramov	"{""identity"": ""surname + first name; not verified across sources""}"
PERSON:abu-amara_hasan	researcher	Hasan Abu-Amara	"{""identity"": ""surname + first name; not verified across sources""}"
PERSON:acuna_claudio	researcher	Claudio Acuna	"{""identity"": ""surname + first name; not verified across sources""}"
PERSON:agostini_massimiliano	researcher	Massimiliano Agostini	"{""identity"": ""surname + first name; not verified across sources""}"
PERSON:ainsworth_richard	researcher	Richard I Ainsworth	"{""identity"": ""surname + first name; not verified across sources""}"
PERSON:akbarian_schahram	researcher	Schahram Akbarian	"{""identity"": ""surname + first name; not verified across sources""}"
PERSON:albrecht_jan	researcher	Jan Albrecht	"{""identity"": ""surname + first name; not verified across sources""}"
PERSON:alowaysi_maryam	researcher	Maryam Alowaysi	"{""identity"": ""surname + first name; not verified across sources""}"
PERSON:alsayegh_khaled	researcher	Khaled Alsayegh	"{""identity"": ""surname + first name; not verified across sources""}"
PERSON:andreyeva_aksana	researcher	Aksana Andreyeva	"{""identity"": ""surname + first name; not verified across sources""}"
PERSON:appavu_brian	researcher	Brian Appavu	"{""identity"": ""surname + first name; not verified across sources""}"
PERSON:arnaud-arnould_mary	researcher	Mary Arnaud-Arnould	"{""identity"": ""surname + first name; not verified across sources""}"
PERSON:atasu_burcu	researcher	Burcu Atasu	"{""identity"": ""surname + first name; not verified across sources""}"
PERSON:auburger_georg	researcher	Georg Auburger	"{""identity"": ""surname + first name; not verified across sources""}"
PERSON:azaiez_hela	researcher	Hela Azaiez	"{""identity"": ""surname + first name; not verified across sources""}"
PERSON:baba_akira	researcher	Akira Baba	"{""identity"": ""surname + first name; not verified across sources""}"
PERSON:baguma-nibasheka_mark	researcher	Mark Baguma-Nibasheka	"{""identity"": ""surname + first name; not verified across sources""}"
PERSON:baker_kate	researcher	Kate Baker	"{""identity"": ""surname + first name; not verified across sources""}"
PERSON:balestrini_simona	researcher	Simona Balestrini	"{""identity"": ""surname + first name; not verified across sources""}"
PERSON:banks_gareth	researcher	Gareth T Banks	"{""identity"": ""surname + first name; not verified across sources""}"
PERSON:battaglia_domenica	researcher	Domenica Battaglia	"{""identity"": ""surname + first name; not verified across sources""}"
PERSON:beauregard-lacroix_eliane	researcher	Eliane Beauregard-Lacroix	"{""identity"": ""surname + first name; not verified across sources""}"
PERSON:becker_martin	researcher	Martin Becker	"{""identity"": ""surname + first name; not verified across sources""}"
PERSON:benevento_marco	researcher	Marco Benevento	"{""identity"": ""surname + first name; not verified across sources""}"
PERSON:berkovic_samuel	researcher	Samuel F Berkovic	"{""identity"": ""surname + first name; not verified across sources""}"
PERSON:bi_yujie	researcher	Yujie Bi	"{""identity"": ""surname + first name; not verified across sources""}"
PERSON:bisulli_francesca	researcher	Francesca Bisulli	"{""identity"": ""surname + first name; not verified across sources""}"
PERSON:bizzozzero-hiriart_marianne	researcher	Marianne Bizzozzero-Hiriart	"{""identity"": ""surname + first name; not verified across sources""}"
PERSON:blaise_micka	researcher	Mickaël Blaise	"{""identity"": ""surname + first name; not verified across sources""}"
PERSON:bond_allison	researcher	Allison M Bond	"{""identity"": ""surname + first name; not verified across sources""}"
PERSON:bosmans_frank	researcher	Frank Bosmans	"{""identity"": ""surname + first name; not verified across sources""}"
PERSON:botella_miguel	researcher	Miguel A Botella	"{""identity"": ""surname + first name; not verified across sources""}"
PERSON:bradberry_mazdak	researcher	Mazdak M Bradberry	"{""identity"": ""surname + first name; not verified across sources""}"
PERSON:brown_madalyn	researcher	Madalyn N Brown	"{""identity"": ""surname + first name; not verified across sources""}"
PERSON:brugger_melanie	researcher	Melanie Brugger	"{""identity"": ""surname + first name; not verified across sources""}"
PERSON:brunet_theresa	researcher	Theresa Brunet	"{""identity"": ""surname + first name; not verified across sources""}"
PERSON:brunger_axel	researcher	Axel T Brunger	"{""identity"": ""surname + first name; not verified across sources""}"
PERSON:brunklaus_andreas	researcher	Andreas Brunklaus	"{""identity"": ""surname + first name; not verified across sources""}"
PERSON:bruns_dieter	researcher	Dieter Bruns	"{""identity"": ""surname + first name; not verified across sources""}"
PERSON:bu_fan	researcher	Fan Bu	"{""identity"": ""surname + first name; not verified across sources""}"
PERSON:burr_jacqueline	researcher	Jacqueline Burré	"{""identity"": ""surname + first name; not verified across sources""}"
PERSON:cali_elisa	researcher	Elisa Cali	"{""identity"": ""surname + first name; not verified across sources""}"
PERSON:campeau_philippe	researcher	Philippe M Campeau	"{""identity"": ""surname + first name; not verified across sources""}"
PERSON:campos-sandoval_jos	researcher	José A Campos-Sandoval	"{""identity"": ""surname + first name; not verified across sources""}"
PERSON:cardoso_carlos	researcher	Carlos Cardoso	"{""identity"": ""surname + first name; not verified across sources""}"
PERSON:carecchio_miryam	researcher	Miryam Carecchio	"{""identity"": ""surname + first name; not verified across sources""}"
PERSON:carney_paul	researcher	Paul R Carney	"{""identity"": ""surname + first name; not verified across sources""}"
PERSON:carvill_gemma	researcher	Gemma L Carvill	"{""identity"": ""surname + first name; not verified across sources""}"
PERSON:cesaroni_carlo	researcher	Carlo Alberto Cesaroni	"{""identity"": ""surname + first name; not verified across sources""}"
PERSON:cha_seung	researcher	Seung-Kuy Cha	"{""identity"": ""surname + first name; not verified across sources""}"
PERSON:chai_jianbo	researcher	Jianbo Chai	"{""identity"": ""surname + first name; not verified across sources""}"
PERSON:chanaday_natali	researcher	Natali L Chanaday	"{""identity"": ""surname + first name; not verified across sources""}"
PERSON:chang_shuwen	researcher	Shuwen Chang	"{""identity"": ""surname + first name; not verified across sources""}"
PERSON:chao_hsiao	researcher	Hsiao-Tuan Chao	"{""identity"": ""surname + first name; not verified across sources""}"
PERSON:chapman_edwin	researcher	Edwin R Chapman	"{""identity"": ""surname + first name; not verified across sources""}"
PERSON:chen_chong	researcher	Chong Chen	"{""identity"": ""surname + first name; not verified across sources""}"
PERSON:chen_kejian	researcher	Kejian Chen	"{""identity"": ""surname + first name; not verified across sources""}"
PERSON:chen_lei	researcher	Lei Chen	"{""identity"": ""surname + first name; not verified across sources""}"
PERSON:chen_rui	researcher	Rui Chen	"{""identity"": ""surname + first name; not verified across sources""}"
PERSON:cilio_maria	researcher	Maria Roberta Cilio	"{""identity"": ""surname + first name; not verified across sources""}"
PERSON:coppola_giangennaro	researcher	Giangennaro Coppola	"{""identity"": ""surname + first name; not verified across sources""}"
PERSON:cornet_marie	researcher	Marie-Coralie Cornet	"{""identity"": ""surname + first name; not verified across sources""}"
PERSON:corr-a_thiago	researcher	Thiago Corrêa	"{""identity"": ""surname + first name; not verified across sources""}"
PERSON:cotter_devyn	researcher	Devyn Cotter	"{""identity"": ""surname + first name; not verified across sources""}"
PERSON:cowell_rita	researcher	Rita M Cowell	"{""identity"": ""surname + first name; not verified across sources""}"
PERSON:cupertino_renata	researcher	Renata Basso Cupertino	"{""identity"": ""surname + first name; not verified across sources""}"
PERSON:curatolo_paolo	researcher	Paolo Curatolo	"{""identity"": ""surname + first name; not verified across sources""}"
PERSON:d-adamo_maria	researcher	Maria C D'Adamo	"{""identity"": ""surname + first name; not verified across sources""}"
PERSON:da-silva_bruna	researcher	Bruna S da Silva	"{""identity"": ""surname + first name; not verified across sources""}"
PERSON:dahl_hans	researcher	Hans A Dahl	"{""identity"": ""surname + first name; not verified across sources""}"
PERSON:dai_hanhao	researcher	Hanhao Dai	"{""identity"": ""surname + first name; not verified across sources""}"
PERSON:de-filippo_maria	researcher	Maria Rosaria De Filippo	"{""identity"": ""surname + first name; not verified across sources""}"
PERSON:de-jong_arthur	researcher	Arthur P H de Jong	"{""identity"": ""surname + first name; not verified across sources""}"
PERSON:delanty_norman	researcher	Norman Delanty	"{""identity"": ""surname + first name; not verified across sources""}"
PERSON:delisi_lynn	researcher	Lynn E DeLisi	"{""identity"": ""surname + first name; not verified across sources""}"
PERSON:dhar_debjyoti	researcher	Debjyoti Dhar	"{""identity"": ""surname + first name; not verified across sources""}"
PERSON:dhara_madhurima	researcher	Madhurima Dhara	"{""identity"": ""surname + first name; not verified across sources""}"
PERSON:di-rosa_gabriella	researcher	Gabriella Di Rosa	"{""identity"": ""surname + first name; not verified across sources""}"
PERSON:diao_jiajie	researcher	Jiajie Diao	"{""identity"": ""surname + first name; not verified across sources""}"
PERSON:ding_jiangwei	researcher	Jiangwei Ding	"{""identity"": ""surname + first name; not verified across sources""}"
PERSON:donnan_alice	researcher	Alice M Donnan	"{""identity"": ""surname + first name; not verified across sources""}"
PERSON:drew_cheney	researcher	Cheney J G Drew	"{""identity"": ""surname + first name; not verified across sources""}"
PERSON:dutta_debayan	researcher	Debayan Dutta	"{""identity"": ""surname + first name; not verified across sources""}"
PERSON:egan_jan	researcher	Jan B Egan	"{""identity"": ""surname + first name; not verified across sources""}"
PERSON:eichler_evan	researcher	Evan E Eichler	"{""identity"": ""surname + first name; not verified across sources""}"
PERSON:er-al_derya	researcher	Derya Erçal	"{""identity"": ""surname + first name; not verified across sources""}"
PERSON:falace_antonio	researcher	Antonio Falace	"{""identity"": ""surname + first name; not verified across sources""}"
PERSON:fassio_anna	researcher	Anna Fassio	"{""identity"": ""surname + first name; not verified across sources""}"
PERSON:feiguin_fabian	researcher	Fabian Feiguin	"{""identity"": ""surname + first name; not verified across sources""}"
PERSON:fernandes_ana	researcher	Ana Clara Fernandes	"{""identity"": ""surname + first name; not verified across sources""}"
PERSON:filippini_francesca	researcher	Francesca Filippini	"{""identity"": ""surname + first name; not verified across sources""}"
PERSON:finelli_matt	researcher	Mattéa J Finelli	"{""identity"": ""surname + first name; not verified across sources""}"
PERSON:friedman_thomas	researcher	Thomas B Friedman	"{""identity"": ""surname + first name; not verified across sources""}"
PERSON:fujihara_kazuyuki	researcher	Kazuyuki Fujihara	"{""identity"": ""surname + first name; not verified across sources""}"
PERSON:fusco_carlo	researcher	Carlo Fusco	"{""identity"": ""surname + first name; not verified across sources""}"
PERSON:g-rsoy_semra	researcher	Semra Gürsoy	"{""identity"": ""surname + first name; not verified across sources""}"
PERSON:gaisano_herbert	researcher	Herbert Y Gaisano	"{""identity"": ""surname + first name; not verified across sources""}"
PERSON:galer_peter	researcher	Peter D Galer	"{""identity"": ""surname + first name; not verified across sources""}"
PERSON:galli_thierry	researcher	Thierry Galli	"{""identity"": ""surname + first name; not verified across sources""}"
PERSON:gan_jing	researcher	Jing Gan	"{""identity"": ""surname + first name; not verified across sources""}"
PERSON:ge_shunnan	researcher	Shunnan Ge	"{""identity"": ""surname + first name; not verified across sources""}"
PERSON:giacomini_thea	researcher	Thea Giacomini	"{""identity"": ""surname + first name; not verified across sources""}"
PERSON:gibbs_brendan	researcher	Brendan J Gibbs	"{""identity"": ""surname + first name; not verified across sources""}"
PERSON:gispert_suzana	researcher	Suzana Gispert	"{""identity"": ""surname + first name; not verified across sources""}"
PERSON:glynn_dervila	researcher	Dervila Glynn	"{""identity"": ""surname + first name; not verified across sources""}"
PERSON:gong_liang	researcher	Liang-Wei Gong	"{""identity"": ""surname + first name; not verified across sources""}"
PERSON:gorman_kathleen	researcher	Kathleen M Gorman	"{""identity"": ""surname + first name; not verified across sources""}"
PERSON:goswami_moloy	researcher	Moloy T Goswami	"{""identity"": ""surname + first name; not verified across sources""}"
PERSON:goulding_martyn	researcher	Martyn Goulding	"{""identity"": ""surname + first name; not verified across sources""}"
PERSON:groblewski_guy	researcher	Guy E Groblewski	"{""identity"": ""surname + first name; not verified across sources""}"
PERSON:grosso-jasutkar_hilary	researcher	Hilary Grosso Jasutkar	"{""identity"": ""surname + first name; not verified across sources""}"
PERSON:gu_lei	researcher	Lei Gu	"{""identity"": ""surname + first name; not verified across sources""}"
PERSON:hammer_michael	researcher	Michael F Hammer	"{""identity"": ""surname + first name; not verified across sources""}"
PERSON:harkany_tibor	researcher	Tibor Harkany	"{""identity"": ""surname + first name; not verified across sources""}"
PERSON:harvey_susan	researcher	Susan Harvey	"{""identity"": ""surname + first name; not verified across sources""}"
PERSON:hasani_elida	researcher	Elida Hasani	"{""identity"": ""surname + first name; not verified across sources""}"
PERSON:helbig_ingo	researcher	Ingo Helbig	"{""identity"": ""surname + first name; not verified across sources""}"
PERSON:heron_sarah	researcher	Sarah E Heron	"{""identity"": ""surname + first name; not verified across sources""}"
PERSON:hill_sophie	researcher	Sophie F Hill	"{""identity"": ""surname + first name; not verified across sources""}"
PERSON:holla_vikram	researcher	Vikram V Holla	"{""identity"": ""surname + first name; not verified across sources""}"
PERSON:hollinger_kristen	researcher	Kristen R Hollinger	"{""identity"": ""surname + first name; not verified across sources""}"
PERSON:hook_paul	researcher	Paul W Hook	"{""identity"": ""surname + first name; not verified across sources""}"
PERSON:houlden_henry	researcher	Henry Houlden	"{""identity"": ""surname + first name; not verified across sources""}"
PERSON:hsueh_yi	researcher	Yi-Ping Hsueh	"{""identity"": ""surname + first name; not verified across sources""}"
PERSON:hu_zhitao	researcher	Zhitao Hu	"{""identity"": ""surname + first name; not verified across sources""}"
PERSON:huang_guo	researcher	Guo-Dong Huang	"{""identity"": ""surname + first name; not verified across sources""}"
PERSON:huang_hsien	researcher	Hsien-Sung Huang	"{""identity"": ""surname + first name; not verified across sources""}"
PERSON:huang_zhen	researcher	Zhen-Zhen Huang	"{""identity"": ""surname + first name; not verified across sources""}"
PERSON:ikezu_tsuneya	researcher	Tsuneya Ikezu	"{""identity"": ""surname + first name; not verified across sources""}"
PERSON:jamra_rami	researcher	Rami Jamra	"{""identity"": ""surname + first name; not verified across sources""}"
PERSON:jeong_hyeonsoo	researcher	Hyeonsoo Jeong	"{""identity"": ""surname + first name; not verified across sources""}"
PERSON:johannesen_katrine	researcher	Katrine M Johannesen	"{""identity"": ""surname + first name; not verified across sources""}"
PERSON:john_abinayah	researcher	Abinayah John	"{""identity"": ""surname + first name; not verified across sources""}"
PERSON:johnson_michael	researcher	Michael R Johnson	"{""identity"": ""surname + first name; not verified across sources""}"
PERSON:jonas_peter	researcher	Peter Jonas	"{""identity"": ""surname + first name; not verified across sources""}"
PERSON:kablar_boris	researcher	Boris Kablar	"{""identity"": ""surname + first name; not verified across sources""}"
PERSON:kalyana-sundaram_ramalingam	researcher	Ramalingam Venkat Kalyana Sundaram	"{""identity"": ""surname + first name; not verified across sources""}"
PERSON:kamate_mahesh	researcher	Mahesh Kamate	"{""identity"": ""surname + first name; not verified across sources""}"
PERSON:kang_tong	researcher	Tong Ho Kang	"{""identity"": ""surname + first name; not verified across sources""}"
PERSON:kannan_rangaramanujam	researcher	Rangaramanujam M Kannan	"{""identity"": ""surname + first name; not verified across sources""}"
PERSON:karaca_ender	researcher	Ender Karaca	"{""identity"": ""surname + first name; not verified across sources""}"
PERSON:kavalali_ege	researcher	Ege T Kavalali	"{""identity"": ""surname + first name; not verified across sources""}"
PERSON:kessi_miriam	researcher	Miriam Kessi	"{""identity"": ""surname + first name; not verified across sources""}"
PERSON:key_jana	researcher	Jana Key	"{""identity"": ""surname + first name; not verified across sources""}"
PERSON:khoury_elizabeth	researcher	Elizabeth Smith Khoury	"{""identity"": ""surname + first name; not verified across sources""}"
PERSON:kielar_catherine	researcher	Catherine Kielar	"{""identity"": ""surname + first name; not verified across sources""}"
PERSON:kilpel-inen_tuomas	researcher	Tuomas O Kilpeläinen	"{""identity"": ""surname + first name; not verified across sources""}"
PERSON:kim_ji	researcher	Ji-Hee Kim	"{""identity"": ""surname + first name; not verified across sources""}"
PERSON:klopstock_thomas	researcher	Thomas Klopstock	"{""identity"": ""surname + first name; not verified across sources""}"
PERSON:kohtz_jhumku	researcher	Jhumku D Kohtz	"{""identity"": ""surname + first name; not verified across sources""}"
PERSON:kolata_stefan	researcher	Stefan M Kolata	"{""identity"": ""surname + first name; not verified across sources""}"
PERSON:krishnakumar_shyam	researcher	Shyam S Krishnakumar	"{""identity"": ""surname + first name; not verified across sources""}"
PERSON:kumar_hrishikesh	researcher	Hrishikesh Kumar	"{""identity"": ""surname + first name; not verified across sources""}"
PERSON:kurian_manju	researcher	Manju A Kurian	"{""identity"": ""surname + first name; not verified across sources""}"
PERSON:kutsche_kerstin	researcher	Kerstin Kutsche	"{""identity"": ""surname + first name; not verified across sources""}"
PERSON:labouesse_marie	researcher	Marie Anaïs Labouesse	"{""identity"": ""surname + first name; not verified across sources""}"
PERSON:laconte_leslie	researcher	Leslie LaConte	"{""identity"": ""surname + first name; not verified across sources""}"
PERSON:lahut_suna	researcher	Suna Lahut	"{""identity"": ""surname + first name; not verified across sources""}"
PERSON:lal_dennis	researcher	Dennis Lal	"{""identity"": ""surname + first name; not verified across sources""}"
PERSON:lanoue_vanessa	researcher	Vanessa Lanoue	"{""identity"": ""surname + first name; not verified across sources""}"
PERSON:lee_chop	researcher	Chop Yan Lee	"{""identity"": ""surname + first name; not verified across sources""}"
PERSON:lee_hsiu	researcher	Hsiu-Fen Lee	"{""identity"": ""surname + first name; not verified across sources""}"
PERSON:lee_pa	researcher	Pa Reum Lee	"{""identity"": ""surname + first name; not verified across sources""}"
PERSON:lemke_johannes	researcher	Johannes R Lemke	"{""identity"": ""surname + first name; not verified across sources""}"
PERSON:lenihan_joan	researcher	Joan A Lenihan	"{""identity"": ""surname + first name; not verified across sources""}"
PERSON:lett_tristram	researcher	Tristram A Lett	"{""identity"": ""surname + first name; not verified across sources""}"
PERSON:leuzzi_vincenzo	researcher	Vincenzo Leuzzi	"{""identity"": ""surname + first name; not verified across sources""}"
PERSON:li_baomin	researcher	Baomin Li	"{""identity"": ""surname + first name; not verified across sources""}"
PERSON:li_kevin	researcher	Kevin J Li	"{""identity"": ""surname + first name; not verified across sources""}"
PERSON:li_lei	researcher	Lei Li	"{""identity"": ""surname + first name; not verified across sources""}"
PERSON:li_na	researcher	Na Li	"{""identity"": ""surname + first name; not verified across sources""}"
PERSON:li_pei	researcher	Pei Li	"{""identity"": ""surname + first name; not verified across sources""}"
PERSON:liang_chen	researcher	Chen Liang	"{""identity"": ""surname + first name; not verified across sources""}"
PERSON:lima_manuela	researcher	Manuela Lima	"{""identity"": ""surname + first name; not verified across sources""}"
PERSON:lin_liling	researcher	Liling Lin	"{""identity"": ""surname + first name; not verified across sources""}"
PERSON:lindy_amanda	researcher	Amanda S Lindy	"{""identity"": ""surname + first name; not verified across sources""}"
PERSON:liskiewicz_arkadiusz	researcher	Arkadiusz Liskiewicz	"{""identity"": ""surname + first name; not verified across sources""}"
PERSON:liu_jing	researcher	Jing Liu	"{""identity"": ""surname + first name; not verified across sources""}"
PERSON:liu_zhihui	researcher	Zhihui Liu	"{""identity"": ""surname + first name; not verified across sources""}"
PERSON:lohmann_ebba	researcher	Ebba Lohmann	"{""identity"": ""surname + first name; not verified across sources""}"
PERSON:loos_ruth	researcher	Ruth J F Loos	"{""identity"": ""surname + first name; not verified across sources""}"
PERSON:lou_xiaochu	researcher	Xiaochu Lou	"{""identity"": ""surname + first name; not verified across sources""}"
PERSON:loussouarn_anna	researcher	Anna Loussouarn	"{""identity"": ""surname + first name; not verified across sources""}"
PERSON:lozano_reymundo	researcher	Reymundo Lozano	"{""identity"": ""surname + first name; not verified across sources""}"
PERSON:lu_weihong	researcher	Weihong Lu	"{""identity"": ""surname + first name; not verified across sources""}"
PERSON:lucas_elizabeth	researcher	Elizabeth K Lucas	"{""identity"": ""surname + first name; not verified across sources""}"
PERSON:luck_katja	researcher	Katja Luck	"{""identity"": ""surname + first name; not verified across sources""}"
PERSON:luo_rong	researcher	Rong Luo	"{""identity"": ""surname + first name; not verified across sources""}"
PERSON:lupski_james	researcher	James R Lupski	"{""identity"": ""surname + first name; not verified across sources""}"
PERSON:lux-lantos_victoria	researcher	Victoria Lux-Lantos	"{""identity"": ""surname + first name; not verified across sources""}"
PERSON:lynch_david	researcher	David S Lynch	"{""identity"": ""surname + first name; not verified across sources""}"
PERSON:m-ller_rikke	researcher	Rikke S Møller	"{""identity"": ""surname + first name; not verified across sources""}"
PERSON:m-ller_timo	researcher	Timo D Müller	"{""identity"": ""surname + first name; not verified across sources""}"
PERSON:m-rquez_javier	researcher	Javier Márquez	"{""identity"": ""surname + first name; not verified across sources""}"
PERSON:ma_panpan	researcher	Panpan Ma	"{""identity"": ""surname + first name; not verified across sources""}"
PERSON:ma_yinan	researcher	Yinan Ma	"{""identity"": ""surname + first name; not verified across sources""}"
PERSON:maciag_thomas	researcher	Thomas Maciag	"{""identity"": ""surname + first name; not verified across sources""}"
PERSON:mackenzie-gray-scott_connie	researcher	Connie Mackenzie-Gray Scott	"{""identity"": ""surname + first name; not verified across sources""}"
PERSON:majewski_jacek	researcher	Jacek Majewski	"{""identity"": ""surname + first name; not verified across sources""}"
PERSON:malm_tarja	researcher	Tarja Malm	"{""identity"": ""surname + first name; not verified across sources""}"
PERSON:marie_suely	researcher	Suely Kazue Nagahashi Marie	"{""identity"": ""surname + first name; not verified across sources""}"
PERSON:martinez-lopez_jesus	researcher	Jesus E Martinez-Lopez	"{""identity"": ""surname + first name; not verified across sources""}"
PERSON:mastrangelo_mario	researcher	Mario Mastrangelo	"{""identity"": ""surname + first name; not verified across sources""}"
PERSON:mccallion_andrew	researcher	Andrew S McCallion	"{""identity"": ""surname + first name; not verified across sources""}"
PERSON:mccrimmon_colin	researcher	Colin M McCrimmon	"{""identity"": ""surname + first name; not verified across sources""}"
PERSON:mcknight_dianalee	researcher	Dianalee A McKnight	"{""identity"": ""surname + first name; not verified across sources""}"
PERSON:mefford_heather	researcher	Heather C Mefford	"{""identity"": ""surname + first name; not verified across sources""}"
PERSON:meisler_miriam	researcher	Miriam H Meisler	"{""identity"": ""surname + first name; not verified across sources""}"
PERSON:mencacci_niccol	researcher	Niccolò E Mencacci	"{""identity"": ""surname + first name; not verified across sources""}"
PERSON:mercimek-mahmutoglu_saadet	researcher	Saadet Mercimek-Mahmutoglu	"{""identity"": ""surname + first name; not verified across sources""}"
PERSON:messenger_scott	researcher	Scott W Messenger	"{""identity"": ""surname + first name; not verified across sources""}"
PERSON:meunier_frederic	researcher	Frederic A Meunier	"{""identity"": ""surname + first name; not verified across sources""}"
PERSON:meyer_urs	researcher	Urs Meyer	"{""identity"": ""surname + first name; not verified across sources""}"
PERSON:mignot_cyril	researcher	Cyril Mignot	"{""identity"": ""surname + first name; not verified across sources""}"
PERSON:mitchell_amanda	researcher	Amanda C Mitchell	"{""identity"": ""surname + first name; not verified across sources""}"
PERSON:mitta_nandini	researcher	Nandini Mitta	"{""identity"": ""surname + first name; not verified across sources""}"
PERSON:miyata_shigeo	researcher	Shigeo Miyata	"{""identity"": ""surname + first name; not verified across sources""}"
PERSON:moog_ute	researcher	Ute Moog	"{""identity"": ""surname + first name; not verified across sources""}"
PERSON:moreira-franco_yollanda	researcher	Yollanda E Moreira Franco	"{""identity"": ""surname + first name; not verified across sources""}"
PERSON:mori_takuma	researcher	Takuma Mori	"{""identity"": ""surname + first name; not verified across sources""}"
PERSON:moss_tom	researcher	Tom Moss	"{""identity"": ""surname + first name; not verified across sources""}"
PERSON:mota_nina	researcher	Nina Roth Mota	"{""identity"": ""surname + first name; not verified across sources""}"
PERSON:mukherjee_konark	researcher	Konark Mukherjee	"{""identity"": ""surname + first name; not verified across sources""}"
PERSON:myers_kenneth	researcher	Kenneth A Myers	"{""identity"": ""surname + first name; not verified across sources""}"
PERSON:nakajiri_tomoshi	researcher	Tomoshi Nakajiri	"{""identity"": ""surname + first name; not verified across sources""}"
PERSON:nakazawa_kazu	researcher	Kazu Nakazawa	"{""identity"": ""surname + first name; not verified across sources""}"
PERSON:neligan_aidan	researcher	Aidan Neligan	"{""identity"": ""surname + first name; not verified across sources""}"
PERSON:neuray_caroline	researcher	Caroline Neuray	"{""identity"": ""surname + first name; not verified across sources""}"
PERSON:ngoh_adeline	researcher	Adeline Ngoh	"{""identity"": ""surname + first name; not verified across sources""}"
PERSON:nolan_patrick	researcher	Patrick M Nolan	"{""identity"": ""surname + first name; not verified across sources""}"
PERSON:o-dak_monika	researcher	Monika Ołdak	"{""identity"": ""surname + first name; not verified across sources""}"
PERSON:oh_seog	researcher	Seog Bae Oh	"{""identity"": ""surname + first name; not verified across sources""}"
PERSON:oleksyk_taras	researcher	Taras K Oleksyk	"{""identity"": ""surname + first name; not verified across sources""}"
PERSON:oliver_peter	researcher	Peter L Oliver	"{""identity"": ""surname + first name; not verified across sources""}"
PERSON:ozi-b-o_dominika	researcher	Dominika Oziębło	"{""identity"": ""surname + first name; not verified across sources""}"
PERSON:pal_pramod	researcher	Pramod Kumar Pal	"{""identity"": ""surname + first name; not verified across sources""}"
PERSON:pan_tianhui	researcher	Tianhui Pan	"{""identity"": ""surname + first name; not verified across sources""}"
PERSON:parisotto_daniel	researcher	Daniel Parisotto	"{""identity"": ""surname + first name; not verified across sources""}"
PERSON:park_yongsoo	researcher	Yongsoo Park	"{""identity"": ""surname + first name; not verified across sources""}"
PERSON:paul_maimuna	researcher	Maimuna S Paul	"{""identity"": ""surname + first name; not verified across sources""}"
PERSON:pelttari_liisa	researcher	Liisa M Pelttari	"{""identity"": ""surname + first name; not verified across sources""}"
PERSON:pillai_andrea	researcher	Andrea Pillai	"{""identity"": ""surname + first name; not verified across sources""}"
PERSON:piri_natik	researcher	Natik Piri	"{""identity"": ""surname + first name; not verified across sources""}"
PERSON:pisciotta_livia	researcher	Livia Pisciotta	"{""identity"": ""surname + first name; not verified across sources""}"
PERSON:pla_ramon	researcher	Ramon Pla	"{""identity"": ""surname + first name; not verified across sources""}"
PERSON:platzer_konrad	researcher	Konrad Platzer	"{""identity"": ""surname + first name; not verified across sources""}"
PERSON:polanski_witold	researcher	Witold H Polanski	"{""identity"": ""surname + first name; not verified across sources""}"
PERSON:pons-vizcarra_maria	researcher	Maria Pons-Vizcarra	"{""identity"": ""surname + first name; not verified across sources""}"
PERSON:preston_todd	researcher	Todd W Preston	"{""identity"": ""surname + first name; not verified across sources""}"
PERSON:prudovsky_igor	researcher	Igor Prudovsky	"{""identity"": ""surname + first name; not verified across sources""}"
PERSON:puelles_eduardo	researcher	Eduardo Puelles	"{""identity"": ""surname + first name; not verified across sources""}"
PERSON:qu_xiusheng	researcher	Xiusheng Qu	"{""identity"": ""surname + first name; not verified across sources""}"
PERSON:qu_yikun	researcher	Yikun Qu	"{""identity"": ""surname + first name; not verified across sources""}"
PERSON:raposo_mafalda	researcher	Mafalda Raposo	"{""identity"": ""surname + first name; not verified across sources""}"
PERSON:redler_silke	researcher	Silke Redler	"{""identity"": ""surname + first name; not verified across sources""}"
PERSON:rehman_atteeq	researcher	Atteeq U Rehman	"{""identity"": ""surname + first name; not verified across sources""}"
PERSON:riganti_loredana	researcher	Loredana Riganti	"{""identity"": ""surname + first name; not verified across sources""}"
PERSON:riggins_gregory	researcher	Gregory J Riggins	"{""identity"": ""surname + first name; not verified across sources""}"
PERSON:riggs_edith	researcher	Edith Riggs	"{""identity"": ""surname + first name; not verified across sources""}"
PERSON:rizo_josep	researcher	Josep Rizo	"{""identity"": ""surname + first name; not verified across sources""}"
PERSON:rodriguez-zas_sandra	researcher	Sandra L Rodriguez-Zas	"{""identity"": ""surname + first name; not verified across sources""}"
PERSON:rodriguez_isabel	researcher	Isabel Rodriguez	"{""identity"": ""surname + first name; not verified across sources""}"
PERSON:romano_giulia	researcher	Giulia Romano	"{""identity"": ""surname + first name; not verified across sources""}"
PERSON:roullet_jean	researcher	Jean-Baptiste Roullet	"{""identity"": ""surname + first name; not verified across sources""}"
PERSON:rovaris_diego	researcher	Diego L Rovaris	"{""identity"": ""surname + first name; not verified across sources""}"
PERSON:rubenstein_john	researcher	John L R Rubenstein	"{""identity"": ""surname + first name; not verified across sources""}"
PERSON:rumping_lynne	researcher	Lynne Rumping	"{""identity"": ""surname + first name; not verified across sources""}"
PERSON:ryu_je	researcher	Je-Kyung Ryu	"{""identity"": ""surname + first name; not verified across sources""}"
PERSON:s-dhof_thomas	researcher	Thomas C Südhof	"{""identity"": ""surname + first name; not verified across sources""}"
PERSON:s-llner_thomas	researcher	Thomas H Söllner	"{""identity"": ""surname + first name; not verified across sources""}"
PERSON:sahly_ahmed	researcher	Ahmed N Sahly	"{""identity"": ""surname + first name; not verified across sources""}"
PERSON:samanta_debopam	researcher	Debopam Samanta	"{""identity"": ""surname + first name; not verified across sources""}"
PERSON:samarasinghe_ranmal	researcher	Ranmal A Samarasinghe	"{""identity"": ""surname + first name; not verified across sources""}"
PERSON:scala_marcello	researcher	Marcello Scala	"{""identity"": ""surname + first name; not verified across sources""}"
PERSON:schachner_melitta	researcher	Melitta Schachner	"{""identity"": ""surname + first name; not verified across sources""}"
PERSON:schapire_arnaldo	researcher	Arnaldo L Schapire	"{""identity"": ""surname + first name; not verified across sources""}"
PERSON:scheffer_ingrid	researcher	Ingrid E Scheffer	"{""identity"": ""surname + first name; not verified across sources""}"
PERSON:schreiber_john	researcher	John M Schreiber	"{""identity"": ""surname + first name; not verified across sources""}"
PERSON:shchubelka_khrystyna	researcher	Khrystyna Shchubelka	"{""identity"": ""surname + first name; not verified across sources""}"
PERSON:shelby_elena	researcher	Elena Silvia Shelby	"{""identity"": ""surname + first name; not verified across sources""}"
PERSON:shi_yuhui	researcher	Yuhui Shi	"{""identity"": ""surname + first name; not verified across sources""}"
PERSON:shin_ok	researcher	Ok-Ho Shin	"{""identity"": ""surname + first name; not verified across sources""}"
PERSON:shin_yeon	researcher	Yeon-Kyun Shin	"{""identity"": ""surname + first name; not verified across sources""}"
PERSON:shiraishi_yuto	researcher	Yuto Shiraishi	"{""identity"": ""surname + first name; not verified across sources""}"
PERSON:siegert_sandra	researcher	Sandra Siegert	"{""identity"": ""surname + first name; not verified across sources""}"
PERSON:simmons_roxanne	researcher	Roxanne L Simmons	"{""identity"": ""surname + first name; not verified across sources""}"
PERSON:singh_yajuvinder	researcher	Yajuvinder Singh	"{""identity"": ""surname + first name; not verified across sources""}"
PERSON:sisodiya_sanjay	researcher	Sanjay M Sisodiya	"{""identity"": ""surname + first name; not verified across sources""}"
PERSON:skuladottir_astros	researcher	Astros Th Skuladottir	"{""identity"": ""surname + first name; not verified across sources""}"
PERSON:slusher_barbara	researcher	Barbara S Slusher	"{""identity"": ""surname + first name; not verified across sources""}"
PERSON:smith_jennifer	researcher	Jennifer A Smith	"{""identity"": ""surname + first name; not verified across sources""}"
PERSON:smith_karen	researcher	Karen Müller Smith	"{""identity"": ""surname + first name; not verified across sources""}"
PERSON:smith_richard	researcher	Richard J H Smith	"{""identity"": ""surname + first name; not verified across sources""}"
PERSON:snyder_hannah	researcher	Hannah E Snyder	"{""identity"": ""surname + first name; not verified across sources""}"
PERSON:song_chao	researcher	Chao Song	"{""identity"": ""surname + first name; not verified across sources""}"
PERSON:sourbier_carole	researcher	Carole Sourbier	"{""identity"": ""surname + first name; not verified across sources""}"
PERSON:specchio_nicola	researcher	Nicola Specchio	"{""identity"": ""surname + first name; not verified across sources""}"
PERSON:spoto_giulia	researcher	Giulia Spoto	"{""identity"": ""surname + first name; not verified across sources""}"
PERSON:stamberger_hannah	researcher	Hannah Stamberger	"{""identity"": ""surname + first name; not verified across sources""}"
PERSON:stanley_kate	researcher	Kate Stanley	"{""identity"": ""surname + first name; not verified across sources""}"
PERSON:steel_dora	researcher	Dora Steel	"{""identity"": ""surname + first name; not verified across sources""}"
PERSON:stefansson_kari	researcher	Kari Stefansson	"{""identity"": ""surname + first name; not verified across sources""}"
PERSON:sun_tao	researcher	Tao Sun	"{""identity"": ""surname + first name; not verified across sources""}"
PERSON:symonds_joseph	researcher	Joseph D Symonds	"{""identity"": ""surname + first name; not verified across sources""}"
PERSON:szeliga_monika	researcher	Monika Szeliga	"{""identity"": ""surname + first name; not verified across sources""}"
PERSON:tabarean_iustin	researcher	Iustin V Tabarean	"{""identity"": ""surname + first name; not verified across sources""}"
PERSON:tabuchi_katsuhiko	researcher	Katsuhiko Tabuchi	"{""identity"": ""surname + first name; not verified across sources""}"
PERSON:talwar_dinesh	researcher	Dinesh Talwar	"{""identity"": ""surname + first name; not verified across sources""}"
PERSON:tammimies_kristiina	researcher	Kristiina Tammimies	"{""identity"": ""surname + first name; not verified across sources""}"
PERSON:tang_bor	researcher	Bor L Tang	"{""identity"": ""surname + first name; not verified across sources""}"
PERSON:taschenberger_holger	researcher	Holger Taschenberger	"{""identity"": ""surname + first name; not verified across sources""}"
PERSON:tashiro_kosuke	researcher	Kosuke Tashiro	"{""identity"": ""surname + first name; not verified across sources""}"
PERSON:tayoun_abou	researcher	Abou Ahmad N Tayoun	"{""identity"": ""surname + first name; not verified across sources""}"
PERSON:thanuja_basavanagowda	researcher	Basavanagowda Thanuja	"{""identity"": ""surname + first name; not verified across sources""}"
PERSON:thomas_sanjeev	researcher	Sanjeev V Thomas	"{""identity"": ""surname + first name; not verified across sources""}"
PERSON:tremblay_michel	researcher	Michel G Tremblay	"{""identity"": ""surname + first name; not verified across sources""}"
PERSON:trevelyan_andrew	researcher	Andrew J Trevelyan	"{""identity"": ""surname + first name; not verified across sources""}"
PERSON:trivisano_marina	researcher	Marina Trivisano	"{""identity"": ""surname + first name; not verified across sources""}"
PERSON:troester_matthew	researcher	Matthew Troester	"{""identity"": ""surname + first name; not verified across sources""}"
PERSON:tsai_chi	researcher	Chi-Ren Tsai	"{""identity"": ""surname + first name; not verified across sources""}"
PERSON:tsai_li	researcher	Li-Huei Tsai	"{""identity"": ""surname + first name; not verified across sources""}"
PERSON:tsuda_makoto	researcher	Makoto Tsuda	"{""identity"": ""surname + first name; not verified across sources""}"
PERSON:uthamacumaran_abicumaran	researcher	Abicumaran Uthamacumaran	"{""identity"": ""surname + first name; not verified across sources""}"
PERSON:vaccarino_flora	researcher	Flora M Vaccarino	"{""identity"": ""surname + first name; not verified across sources""}"
PERSON:van-hasselt_peter	researcher	Peter M van Hasselt	"{""identity"": ""surname + first name; not verified across sources""}"
PERSON:van-karnebeek_clara	researcher	Clara D M van Karnebeek	"{""identity"": ""surname + first name; not verified across sources""}"
PERSON:van-kuilenburg_andr	researcher	André B P van Kuilenburg	"{""identity"": ""surname + first name; not verified across sources""}"
PERSON:varga_kelly	researcher	Kelly Varga	"{""identity"": ""surname + first name; not verified across sources""}"
PERSON:velletri_tania	researcher	Tania Velletri	"{""identity"": ""surname + first name; not verified across sources""}"
PERSON:verderio_claudia	researcher	Claudia Verderio	"{""identity"": ""surname + first name; not verified across sources""}"
PERSON:verhage_matthijs	researcher	Matthijs Verhage	"{""identity"": ""surname + first name; not verified across sources""}"
PERSON:verstreken_patrik	researcher	Patrik Verstreken	"{""identity"": ""surname + first name; not verified across sources""}"
PERSON:viswanathan_sindhu	researcher	Sindhu Viswanathan	"{""identity"": ""surname + first name; not verified across sources""}"
PERSON:voglmaier_susan	researcher	Susan M Voglmaier	"{""identity"": ""surname + first name; not verified across sources""}"
PERSON:voineskos_aristotle	researcher	Aristotle N Voineskos	"{""identity"": ""surname + first name; not verified across sources""}"
PERSON:wang_qiu	researcher	Qiu-Wen Wang	"{""identity"": ""surname + first name; not verified across sources""}"
PERSON:wang_tianyun	researcher	Tianyun Wang	"{""identity"": ""surname + first name; not verified across sources""}"
PERSON:wang_ting	researcher	Ting-Hua Wang	"{""identity"": ""surname + first name; not verified across sources""}"
PERSON:wang_wei	researcher	Wei Wang	"{""identity"": ""surname + first name; not verified across sources""}"
PERSON:wang_xin	researcher	Xin Wang	"{""identity"": ""surname + first name; not verified across sources""}"
PERSON:weckhuysen_sarah	researcher	Sarah Weckhuysen	"{""identity"": ""surname + first name; not verified across sources""}"
PERSON:whitney_robyn	researcher	Robyn Whitney	"{""identity"": ""surname + first name; not verified across sources""}"
PERSON:wieczorek_dagmar	researcher	Dagmar Wieczorek	"{""identity"": ""surname + first name; not verified across sources""}"
PERSON:wojcik_sonja	researcher	Sonja M Wojcik	"{""identity"": ""surname + first name; not verified across sources""}"
PERSON:wu_xiandeng	researcher	Xiandeng Wu	"{""identity"": ""surname + first name; not verified across sources""}"
PERSON:wubben_thomas	researcher	Thomas J Wubben	"{""identity"": ""surname + first name; not verified across sources""}"
PERSON:xian_julie	researcher	Julie Xian	"{""identity"": ""surname + first name; not verified across sources""}"
PERSON:xin_wen	researcher	Wen-Jun Xin	"{""identity"": ""surname + first name; not verified across sources""}"
PERSON:xu_yang	researcher	Yang Xu	"{""identity"": ""surname + first name; not verified across sources""}"
PERSON:xue_mingshan	researcher	Mingshan Xue	"{""identity"": ""surname + first name; not verified across sources""}"
PERSON:yamamoto_ai	researcher	Ai Yamamoto	"{""identity"": ""surname + first name; not verified across sources""}"
PERSON:yamashita_alex	researcher	Alex Shimura Yamashita	"{""identity"": ""surname + first name; not verified across sources""}"
PERSON:yan_zhen	researcher	Zhen Yan	"{""identity"": ""surname + first name; not verified across sources""}"
PERSON:yanagawa_yuchio	researcher	Yuchio Yanagawa	"{""identity"": ""surname + first name; not verified across sources""}"
PERSON:yang_jie	researcher	Jie Yang	"{""identity"": ""surname + first name; not verified across sources""}"
PERSON:yang_tengfei	researcher	Tengfei Yang	"{""identity"": ""surname + first name; not verified across sources""}"
PERSON:yao_jun	researcher	Jun Yao	"{""identity"": ""surname + first name; not verified across sources""}"
PERSON:yao_li	researcher	Li-Hua Yao	"{""identity"": ""surname + first name; not verified across sources""}"
PERSON:yin_fei	researcher	Fei Yin	"{""identity"": ""surname + first name; not verified across sources""}"
PERSON:yoshinaga_harumi	researcher	Harumi Yoshinaga	"{""identity"": ""surname + first name; not verified across sources""}"
PERSON:young_paul	researcher	Paul W Young	"{""identity"": ""surname + first name; not verified across sources""}"
PERSON:yu_wenxi	researcher	Wenxi Yu	"{""identity"": ""surname + first name; not verified across sources""}"
PERSON:zanetti_maria	researcher	Maria N Zanetti	"{""identity"": ""surname + first name; not verified across sources""}"
PERSON:zhang_chen	researcher	Chen Zhang	"{""identity"": ""surname + first name; not verified across sources""}"
PERSON:zhang_chuan	researcher	Chuan Zhang	"{""identity"": ""surname + first name; not verified across sources""}"
PERSON:zhang_hao	researcher	Hao Zhang	"{""identity"": ""surname + first name; not verified across sources""}"
PERSON:zhang_mingjie	researcher	Mingjie Zhang	"{""identity"": ""surname + first name; not verified across sources""}"
PERSON:zhang_na	researcher	Na Zhang	"{""identity"": ""surname + first name; not verified across sources""}"
PERSON:zhang_xia	researcher	Xia Zhang	"{""identity"": ""surname + first name; not verified across sources""}"
PERSON:zhang_yongli	researcher	Yongli Zhang	"{""identity"": ""surname + first name; not verified across sources""}"
PERSON:zhao_cunyou	researcher	Cunyou Zhao	"{""identity"": ""surname + first name; not verified across sources""}"
PERSON:zheng_xiaotong	researcher	Xiaotong Zheng	"{""identity"": ""surname + first name; not verified across sources""}"
PERSON:zhu_dan	researcher	Dan Zhu	"{""identity"": ""surname + first name; not verified across sources""}"
PERSON:zhu_wusheng	researcher	Wusheng Zhu	"{""identity"": ""surname + first name; not verified across sources""}"
PERSON:zhu_yongliang	researcher	Yongliang Zhu	"{""identity"": ""surname + first name; not verified across sources""}"
PERSON:zhu_yongsheng	researcher	Yongsheng Zhu	"{""identity"": ""surname + first name; not verified across sources""}"
PERSON:zollino_marcella	researcher	Marcella Zollino	"{""identity"": ""surname + first name; not verified across sources""}"
PMID:12135982	paper	The intracellular translocation of the components of the fibroblast growth factor 1 release complex precedes their assembly prior to export.	"{""year"": ""2002"", ""journal"": ""J Cell Biol"", ""publication_types"": [""Journal Article"", ""Research Support, U.S. Gov't, P.H.S.""], ""is_review"": false}"
PMID:15700048	paper	The neurodevelopmental model of schizophrenia: update 2005.	"{""year"": ""2005"", ""journal"": ""Mol Psychiatry"", ""publication_types"": [""Journal Article"", ""Review""], ""is_review"": true}"
PMID:16000319	paper	Profound ataxia in complexin I knockout mice masks a complex phenotype that includes exploratory and habituation deficits.	"{""year"": ""2005"", ""journal"": ""Hum Mol Genet"", ""publication_types"": [""Comparative Study"", ""Journal Article""], ""is_review"": false}"
PMID:16759710	paper	Molecular and cellular mechanisms of altered GAD1/GAD67 expression in schizophrenia and related disorders.	"{""year"": ""2006"", ""journal"": ""Brain Res Rev"", ""publication_types"": [""Journal Article"", ""Research Support, N.I.H., Extramural"", ""Review""], ""is_review"": true}"
PMID:17166926	paper	Lhx1 and Lhx5 maintain the inhibitory-neurotransmitter status of interneurons in the dorsal spinal cord.	"{""year"": ""2007"", ""journal"": ""Development"", ""publication_types"": [""Journal Article"", ""Research Support, N.I.H., Extramural"", ""Research Support, Non-U.S. Gov't""], ""is_review"": false}"
PMID:17188502	paper	Early motor development is abnormal in complexin 1 knockout mice.	"{""year"": ""2007"", ""journal"": ""Neurobiol Dis"", ""publication_types"": [""Journal Article""], ""is_review"": false}"
PMID:17652102	paper	Complexin 1 knockout mice exhibit marked deficits in social behaviours but appear to be cognitively normal.	"{""year"": ""2007"", ""journal"": ""Hum Mol Genet"", ""publication_types"": [""Journal Article"", ""Research Support, Non-U.S. Gov't""], ""is_review"": false}"
PMID:19424768	paper	Cerebellum-related characteristics of Scn8a-mutant mice.	"{""year"": ""2009"", ""journal"": ""Cerebellum"", ""publication_types"": [""Journal Article"", ""Research Support, N.I.H., Extramural"", ""Research Support, Non-U.S. Gov't"", ""Review""], ""is_review"": true}"
PMID:19620975	paper	Balanced gene regulation by an embryonic brain ncRNA is critical for adult hippocampal GABA circuitry.	"{""year"": ""2009"", ""journal"": ""Nat Neurosci"", ""publication_types"": [""Journal Article"", ""Research Support, N.I.H., Extramural"", ""Research Support, Non-U.S. Gov't""], ""is_review"": false}"
PMID:19819752	paper	Plasma membrane repair in plants.	"{""year"": ""2009"", ""journal"": ""Trends Plant Sci"", ""publication_types"": [""Journal Article"", ""Research Support, Non-U.S. Gov't"", ""Review""], ""is_review"": true}"
PMID:19847910	paper	Calcium/calmodulin-dependent serine protein kinase and mental retardation.	"{""year"": ""2009"", ""journal"": ""Ann Neurol"", ""publication_types"": [""Journal Article"", ""Research Support, Non-U.S. Gov't"", ""Review""], ""is_review"": true}"
PMID:20595373	paper	Neuroradiologic features of CASK mutations.	"{""year"": ""2010"", ""journal"": ""AJNR Am J Neuroradiol"", ""publication_types"": [""Journal Article"", ""Research Support, Non-U.S. Gov't""], ""is_review"": false}"
PMID:20711454	paper	CHL1 is a selective organizer of the presynaptic machinery chaperoning the SNARE complex.	"{""year"": ""2010"", ""journal"": ""PLoS One"", ""publication_types"": [""Journal Article"", ""Research Support, Non-U.S. Gov't""], ""is_review"": false}"
PMID:20798282	paper	Alpha-synuclein promotes SNARE-complex assembly in vivo and in vitro.	"{""year"": ""2010"", ""journal"": ""Science"", ""publication_types"": [""Journal Article"", ""Research Support, Non-U.S. Gov't""], ""is_review"": false}"
PMID:20824061	paper	Structural and mutational analysis of functional differentiation between synaptotagmins-1 and -7.	"{""year"": ""2010"", ""journal"": ""PLoS One"", ""publication_types"": [""Journal Article"", ""Research Support, N.I.H., Extramural"", ""Research Support, Non-U.S. Gov't""], ""is_review"": false}"
PMID:22196487	paper	Genes of early-onset epileptic encephalopathies: from genotype to phenotype.	"{""year"": ""2012"", ""journal"": ""Pediatr Neurol"", ""publication_types"": [""Journal Article"", ""Review""], ""is_review"": true}"
PMID:22393426	paper	Tensor-based morphometry and stereology reveal brain pathology in the complexin1 knockout mouse.	"{""year"": ""2012"", ""journal"": ""PLoS One"", ""publication_types"": [""Journal Article"", ""Research Support, Non-U.S. Gov't""], ""is_review"": false}"
PMID:22423098	paper	Synaptotagmin 1 is necessary for the Ca2+ dependence of clathrin-mediated endocytosis.	"{""year"": ""2012"", ""journal"": ""J Neurosci"", ""publication_types"": [""Comparative Study"", ""Journal Article"", ""Research Support, Non-U.S. Gov't""], ""is_review"": false}"
PMID:23638301	paper	Native α-synuclein induces clustering of synaptic-vesicle mimics via binding to phospholipids and synaptobrevin-2/VAMP2.	"{""year"": ""2013"", ""journal"": ""Elife"", ""publication_types"": [""Journal Article"", ""Research Support, N.I.H., Extramural"", ""Research Support, Non-U.S. Gov't""], ""is_review"": false}"
PMID:23708187	paper	Targeted resequencing in epileptic encephalopathies identifies de novo mutations in CHD2 and SYNGAP1.	"{""year"": ""2013"", ""journal"": ""Nat Genet"", ""publication_types"": [""Journal Article"", ""Research Support, N.I.H., Extramural"", ""Research Support, Non-U.S. Gov't""], ""is_review"": false}"
PMID:23863172	paper	Structural constraints and functional divergences in CASK evolution.	"{""year"": ""2013"", ""journal"": ""Biochem Soc Trans"", ""publication_types"": [""Journal Article"", ""Review""], ""is_review"": true}"
PMID:24121663	paper	GLS2 is transcriptionally regulated by p73 and contributes to neuronal differentiation.	"{""year"": ""2013"", ""journal"": ""Cell Cycle"", ""publication_types"": [""Journal Article"", ""Research Support, Non-U.S. Gov't""], ""is_review"": false}"
PMID:24291220	paper	The genetic basis of DOORS syndrome: an exome-sequencing study.	"{""year"": ""2014"", ""journal"": ""Lancet Neurol"", ""publication_types"": [""Journal Article"", ""Multicenter Study"", ""Research Support, N.I.H., Extramural"", ""Research Support, Non-U.S. Gov't""], ""is_review"": false}"
PMID:24315024	paper	Lack of pathogenic mutations in six patients with MMPSI.	"{""year"": ""2014"", ""journal"": ""Epilepsy Res"", ""publication_types"": [""Journal Article"", ""Research Support, Non-U.S. Gov't""], ""is_review"": false}"
PMID:24387994	paper	Mutations in TBC1D24, a gene associated with epilepsy, also cause nonsyndromic deafness DFNB86.	"{""year"": ""2014"", ""journal"": ""Am J Hum Genet"", ""publication_types"": [""Journal Article"", ""Research Support, N.I.H., Extramural"", ""Research Support, Non-U.S. Gov't""], ""is_review"": false}"
PMID:24469796	paper	TBC1D24 regulates neuronal migration and maturation through modulation of the ARF6-dependent pathway.	"{""year"": ""2014"", ""journal"": ""Proc Natl Acad Sci U S A"", ""publication_types"": [""Journal Article"", ""Research Support, Non-U.S. Gov't""], ""is_review"": false}"
PMID:24505276	paper	Whole genome analyses of a well-differentiated liposarcoma reveals novel SYT1 and DDR2 rearrangements.	"{""year"": ""2014"", ""journal"": ""PLoS One"", ""publication_types"": [""Clinical Trial"", ""Journal Article"", ""Research Support, N.I.H., Extramural"", ""Research Support, Non-U.S. Gov't""], ""is_review"": false}"
PMID:24505460	paper	Identification and glycerol-induced correction of misfolding mutations in the X-linked mental retardation gene CASK.	"{""year"": ""2014"", ""journal"": ""PLoS One"", ""publication_types"": [""Journal Article""], ""is_review"": false}"
PMID:24532794	paper	An extended helical conformation in domain 3a of Munc18-1 provides a template for SNARE (soluble N-ethylmaleimide-sensitive factor attachment protein receptor) complex assembly.	"{""year"": ""2014"", ""journal"": ""J Biol Chem"", ""publication_types"": [""Journal Article"", ""Research Support, Non-U.S. Gov't""], ""is_review"": false}"
PMID:24692137	paper	Exocytosis and synaptic vesicle function.	"{""year"": ""2014"", ""journal"": ""Compr Physiol"", ""publication_types"": [""Journal Article"", ""Research Support, Non-U.S. Gov't"", ""Review""], ""is_review"": true}"
PMID:24729539	paper	TBC1D24 mutation causes autosomal-dominant nonsyndromic hearing loss.	"{""year"": ""2014"", ""journal"": ""Hum Mutat"", ""publication_types"": [""Journal Article"", ""Research Support, N.I.H., Extramural""], ""is_review"": false}"
PMID:24738919	paper	Unusual 4p16.3 deletions suggest an additional chromosome region for the Wolf-Hirschhorn syndrome-associated seizures disorder.	"{""year"": ""2014"", ""journal"": ""Epilepsia"", ""publication_types"": [""Journal Article"", ""Research Support, Non-U.S. Gov't""], ""is_review"": false}"
PMID:24742357	paper	Ca²⁺-regulated secretory granule exocytosis in pancreatic and parotid acinar cells.	"{""year"": ""2014"", ""journal"": ""Cell Calcium"", ""publication_types"": [""Journal Article"", ""Research Support, N.I.H., Extramural"", ""Research Support, Non-U.S. Gov't"", ""Research Support, U.S. Gov't, Non-P.H.S."", ""Review""], ""is_review"": true}"
PMID:25112678	paper	Complexin-1 and Foxp1 Expression Changes Are Novel Brain Effects of Alpha-Synuclein Pathology.	"{""year"": ""2015"", ""journal"": ""Mol Neurobiol"", ""publication_types"": [""Journal Article"", ""Research Support, Non-U.S. Gov't""], ""is_review"": false}"
PMID:25116473	paper	Fgfr1 inactivation in the mouse telencephalon results in impaired maturation of interneurons expressing parvalbumin.	"{""year"": ""2014"", ""journal"": ""PLoS One"", ""publication_types"": [""Journal Article"", ""Research Support, N.I.H., Extramural"", ""Research Support, Non-U.S. Gov't""], ""is_review"": false}"
PMID:25339750	paper	PGC-1α provides a transcriptional framework for synchronous neurotransmitter release from parvalbumin-positive interneurons.	"{""year"": ""2014"", ""journal"": ""J Neurosci"", ""publication_types"": [""Journal Article"", ""Research Support, N.I.H., Extramural"", ""Research Support, Non-U.S. Gov't""], ""is_review"": false}"
PMID:25422373	paper	Reduced synaptic vesicle protein degradation at lysosomes curbs TBC1D24/sky-induced neurodegeneration.	"{""year"": ""2014"", ""journal"": ""J Cell Biol"", ""publication_types"": [""Journal Article"", ""Research Support, Non-U.S. Gov't""], ""is_review"": false}"
PMID:25458568	paper	Transcriptional regulation of GAD1 GABA synthesis gene in the prefrontal cortex of subjects with schizophrenia.	"{""year"": ""2015"", ""journal"": ""Schizophr Res"", ""publication_types"": [""Journal Article"", ""Research Support, N.I.H., Extramural"", ""Research Support, Non-U.S. Gov't"", ""Review""], ""is_review"": true}"
PMID:25529918	paper	Opposing roles of glutaminase isoforms in determining glioblastoma cell phenotype.	"{""year"": ""2015"", ""journal"": ""Neurochem Int"", ""publication_types"": [""Journal Article"", ""Review""], ""is_review"": true}"
PMID:25642194	paper	Novel phenotype associated with a mutation in the KCNA1(Kv1.1) gene.	"{""year"": ""2014"", ""journal"": ""Front Physiol"", ""publication_types"": [""Journal Article""], ""is_review"": false}"
PMID:25698939	paper	Red nucleus and rubrospinal tract disorganization in the absence of Pou4f1.	"{""year"": ""2015"", ""journal"": ""Front Neuroanat"", ""publication_types"": [""Journal Article""], ""is_review"": false}"
PMID:25765806	paper	Late-onset epileptic spasms in a female patient with a CASK mutation.	"{""year"": ""2015"", ""journal"": ""Brain Dev"", ""publication_types"": [""Case Reports"", ""Journal Article"", ""Research Support, Non-U.S. Gov't"", ""Review""], ""is_review"": true}"
PMID:25818041	paper	Diagnostic yield of genetic testing in epileptic encephalopathy in childhood.	"{""year"": ""2015"", ""journal"": ""Epilepsia"", ""publication_types"": [""Journal Article""], ""is_review"": false}"
PMID:25837287	paper	Glutaminases in brain: Multiple isoforms for many purposes.	"{""year"": ""2015"", ""journal"": ""Neurochem Int"", ""publication_types"": [""Journal Article"", ""Research Support, Non-U.S. Gov't"", ""Review""], ""is_review"": true}"
PMID:25880019	paper	A genetic variant in the promoter of phosphate-activated glutaminase is associated with hepatic encephalopathy.	"{""year"": ""2015"", ""journal"": ""J Intern Med"", ""publication_types"": [""Journal Article""], ""is_review"": false}"
PMID:25886057	paper	Phenotypic and molecular insights into CASK-related disorders in males.	"{""year"": ""2015"", ""journal"": ""Orphanet J Rare Dis"", ""publication_types"": [""Journal Article"", ""Research Support, Non-U.S. Gov't""], ""is_review"": false}"
PMID:26005852	paper	The schizophrenia risk gene product miR-137 alters presynaptic plasticity.	"{""year"": ""2015"", ""journal"": ""Nat Neurosci"", ""publication_types"": [""Journal Article"", ""Research Support, N.I.H., Extramural"", ""Research Support, Non-U.S. Gov't""], ""is_review"": false}"
PMID:26019341	paper	Complexin stabilizes newly primed synaptic vesicles and prevents their premature fusion at the mouse calyx of held synapse.	"{""year"": ""2015"", ""journal"": ""J Neurosci"", ""publication_types"": [""Journal Article"", ""Research Support, Non-U.S. Gov't""], ""is_review"": false}"
PMID:26258493	paper	Downregulation of GLS2 in glioblastoma cells is related to DNA hypermethylation but not to the p53 status.	"{""year"": ""2016"", ""journal"": ""Mol Carcinog"", ""publication_types"": [""Journal Article"", ""Research Support, Non-U.S. Gov't""], ""is_review"": false}"
PMID:26271793	paper	Diagnostic Approach to Genetic Causes of Early-Onset Epileptic Encephalopathy.	"{""year"": ""2016"", ""journal"": ""J Child Neurol"", ""publication_types"": [""Journal Article"", ""Review""], ""is_review"": true}"
PMID:26539891	paper	Genes that Affect Brain Structure and Function Identified by Rare Variant Analyses of Mendelian Neurologic Disease.	"{""year"": ""2015"", ""journal"": ""Neuron"", ""publication_types"": [""Journal Article"", ""Research Support, N.I.H., Extramural""], ""is_review"": false}"
PMID:26575259	paper	Maternal immune activation induces GAD1 and GAD2 promoter remodeling in the offspring prefrontal cortex.	"{""year"": ""2015"", ""journal"": ""Epigenetics"", ""publication_types"": [""Journal Article"", ""Research Support, N.I.H., Extramural"", ""Research Support, Non-U.S. Gov't""], ""is_review"": false}"
PMID:26822489	paper	Prefrontal White Matter Structure Mediates the Influence of GAD1 on Working Memory.	"{""year"": ""2016"", ""journal"": ""Neuropsychopharmacology"", ""publication_types"": [""Journal Article"", ""Research Support, Non-U.S. Gov't""], ""is_review"": false}"
PMID:26833098	paper	Genome-wide meta-analysis uncovers novel loci influencing circulating leptin levels.	"{""year"": ""2016"", ""journal"": ""Nat Commun"", ""publication_types"": [""Journal Article"", ""Research Support, N.I.H., Extramural"", ""Research Support, N.I.H., Intramural"", ""Research Support, Non-U.S. Gov't""], ""is_review"": false}"
PMID:26856328	paper	SNARE complex in developmental psychiatry: neurotransmitter exocytosis and beyond.	"{""year"": ""2016"", ""journal"": ""J Neural Transm (Vienna)"", ""publication_types"": [""Journal Article"", ""Review"", ""Research Support, Non-U.S. Gov't""], ""is_review"": true}"
PMID:26865513	paper	STXBP1 encephalopathy: A neurodevelopmental disorder including epilepsy.	"{""year"": ""2016"", ""journal"": ""Neurology"", ""publication_types"": [""Journal Article"", ""Research Support, Non-U.S. Gov't"", ""Review""], ""is_review"": true}"
PMID:26892388	paper	Role of skeletal muscle in motor neuron development.	"{""year"": ""2016"", ""journal"": ""Histol Histopathol"", ""publication_types"": [""Journal Article"", ""Review""], ""is_review"": true}"
PMID:27091977	paper	Phosphorylation of synaptotagmin-1 controls a post-priming step in PKC-dependent presynaptic plasticity.	"{""year"": ""2016"", ""journal"": ""Proc Natl Acad Sci U S A"", ""publication_types"": [""Journal Article"", ""Research Support, Non-U.S. Gov't""], ""is_review"": false}"
PMID:27098703	paper	Sphingosine-1-Phosphate (S1P) Impacts Presynaptic Functions by Regulating Synapsin I Localization in the Presynaptic Compartment.	"{""year"": ""2016"", ""journal"": ""J Neurosci"", ""publication_types"": [""Journal Article"", ""Research Support, Non-U.S. Gov't""], ""is_review"": false}"
PMID:27259978	paper	Unresolved questions regarding human hereditary deafness.	"{""year"": ""2017"", ""journal"": ""Oral Dis"", ""publication_types"": [""Journal Article"", ""Review""], ""is_review"": true}"
PMID:27270488	paper	SCN8A encephalopathy: Research progress and prospects.	"{""year"": ""2016"", ""journal"": ""Epilepsia"", ""publication_types"": [""Journal Article"", ""Research Support, N.I.H., Extramural"", ""Research Support, Non-U.S. Gov't""], ""is_review"": false}"
PMID:27277808	paper	mir-500-Mediated GAD67 Downregulation Contributes to Neuropathic Pain.	"{""year"": ""2016"", ""journal"": ""J Neurosci"", ""publication_types"": [""Journal Article"", ""Research Support, Non-U.S. Gov't""], ""is_review"": false}"
PMID:27281533	paper	TBC1D24 genotype-phenotype correlation: Epilepsies and other neurologic features.	"{""year"": ""2016"", ""journal"": ""Neurology"", ""publication_types"": [""Journal Article""], ""is_review"": false}"
PMID:27399837	paper	Loss of all 3 Extended Synaptotagmins does not affect normal mouse development, viability or fertility.	"{""year"": ""2016"", ""journal"": ""Cell Cycle"", ""publication_types"": [""Journal Article""], ""is_review"": false}"
PMID:27434670	paper	Ring-like oligomers of Synaptotagmins and related C2 domain proteins.	"{""year"": ""2016"", ""journal"": ""Elife"", ""publication_types"": [""Journal Article"", ""Research Support, N.I.H., Extramural""], ""is_review"": false}"
PMID:27502353	paper	Electroclinical phenotypes and outcomes in TBC1D24-related epilepsy.	"{""year"": ""2016"", ""journal"": ""Epileptic Disord"", ""publication_types"": [""Case Reports"", ""Journal Article""], ""is_review"": false}"
PMID:27541164	paper	Clinical intrafamilial variability in lethal familial neonatal seizure disorder caused by TBC1D24 mutations.	"{""year"": ""2016"", ""journal"": ""Am J Med Genet A"", ""publication_types"": [""Journal Article""], ""is_review"": false}"
PMID:27781027	paper	Understanding Genotypes and Phenotypes in Epileptic Encephalopathies.	"{""year"": ""2016"", ""journal"": ""Mol Syndromol"", ""publication_types"": [""Review"", ""Journal Article""], ""is_review"": true}"
PMID:27781031	paper	Gene Panel Testing in Epileptic Encephalopathies and Familial Epilepsies.	"{""year"": ""2016"", ""journal"": ""Mol Syndromol"", ""publication_types"": [""Journal Article""], ""is_review"": false}"
PMID:27824329	paper	De novo genic mutations among a Chinese autism spectrum disorder cohort.	"{""year"": ""2016"", ""journal"": ""Nat Commun"", ""publication_types"": [""Journal Article"", ""Research Support, N.I.H., Extramural"", ""Research Support, Non-U.S. Gov't""], ""is_review"": false}"
PMID:27889896	paper	Decreased Anxiety-Related Behaviour but Apparently Unperturbed NUMB Function in Ligand of NUMB Protein-X (LNX) 1/2 Double Knockout Mice.	"{""year"": ""2017"", ""journal"": ""Mol Neurobiol"", ""publication_types"": [""Journal Article""], ""is_review"": false}"
PMID:28099850	paper	Synaptotagmin 2 Is the Fast Ca2+ Sensor at a Central Inhibitory Synapse.	"{""year"": ""2017"", ""journal"": ""Cell Rep"", ""publication_types"": [""Journal Article""], ""is_review"": false}"
PMID:28108469	paper	Blood RNA biomarkers in prodromal PARK4 and rapid eye movement sleep behavior disorder show role of complexin 1 loss for risk of Parkinson's disease.	"{""year"": ""2017"", ""journal"": ""Dis Model Mech"", ""publication_types"": [""Journal Article"", ""Research Support, Non-U.S. Gov't""], ""is_review"": false}"
PMID:28115395	paper	Syntaxin 2 Acts as Inhibitory SNARE for Insulin Granule Exocytosis.	"{""year"": ""2017"", ""journal"": ""Diabetes"", ""publication_types"": [""Journal Article""], ""is_review"": false}"
PMID:28212175	paper	Advances in epilepsy gene discovery and implications for epilepsy diagnosis and treatment.	"{""year"": ""2017"", ""journal"": ""Curr Opin Neurol"", ""publication_types"": [""Journal Article"", ""Review""], ""is_review"": true}"
PMID:28242442	paper	Genetic biomarkers of posttraumatic epilepsy: A systematic review.	"{""year"": ""2017"", ""journal"": ""Seizure"", ""publication_types"": [""Journal Article"", ""Systematic Review""], ""is_review"": false}"
PMID:28422131	paper	Variants in CPLX1 in two families with autosomal-recessive severe infantile myoclonic epilepsy and ID.	"{""year"": ""2017"", ""journal"": ""Eur J Hum Genet"", ""publication_types"": [""Journal Article"", ""Research Support, Non-U.S. Gov't""], ""is_review"": false}"
PMID:28428906	paper	TBC1D24 Mutations in a Sibship with Multifocal Polymyoclonus.	"{""year"": ""2017"", ""journal"": ""Tremor Other Hyperkinet Mov (N Y)"", ""publication_types"": [""Journal Article""], ""is_review"": false}"
PMID:28495859	paper	α-Synuclein may cross-bridge v-SNARE and acidic phospholipids to facilitate SNARE-dependent vesicle docking.	"{""year"": ""2017"", ""journal"": ""Biochem J"", ""publication_types"": [""Comparative Study"", ""Journal Article"", ""Research Support, Non-U.S. Gov't"", ""Research Support, N.I.H., Extramural""], ""is_review"": false}"
PMID:28707022	paper	TLDc proteins: new players in the oxidative stress response and neurological disease.	"{""year"": ""2017"", ""journal"": ""Mamm Genome"", ""publication_types"": [""Journal Article"", ""Review""], ""is_review"": true}"
PMID:28880996	paper	Dravet syndrome and its mimics: Beyond SCN1A.	"{""year"": ""2017"", ""journal"": ""Epilepsia"", ""publication_types"": [""Journal Article"", ""Review""], ""is_review"": true}"
PMID:29028947	paper	Dlx1 and Dlx2 Promote Interneuron GABA Synthesis, Synaptogenesis, and Dendritogenesis.	"{""year"": ""2018"", ""journal"": ""Cereb Cortex"", ""publication_types"": [""Journal Article"", ""Research Support, N.I.H., Extramural"", ""Research Support, Non-U.S. Gov't"", ""Research Support, U.S. Gov't, Non-P.H.S.""], ""is_review"": false}"
PMID:29067402	paper	Optic Nerve Hypoplasia Is a Pervasive Subcortical Pathology of Visual System in Neonates.	"{""year"": ""2017"", ""journal"": ""Invest Ophthalmol Vis Sci"", ""publication_types"": [""Journal Article"", ""Research Support, N.I.H., Extramural""], ""is_review"": false}"
PMID:29086067	paper	Emerging Monogenic Complex Hyperkinetic Disorders.	"{""year"": ""2017"", ""journal"": ""Curr Neurol Neurosci Rep"", ""publication_types"": [""Journal Article"", ""Review""], ""is_review"": true}"
PMID:29118371	paper	Genetic association analysis of microRNA137 and its target complex 1 with schizophrenia in Han Chinese.	"{""year"": ""2017"", ""journal"": ""Sci Rep"", ""publication_types"": [""Journal Article"", ""Research Support, Non-U.S. Gov't""], ""is_review"": false}"
PMID:29362511	paper	Neuropsychiatric Phenotypes Produced by GABA Reduction in Mouse Cortex and Hippocampus.	"{""year"": ""2018"", ""journal"": ""Neuropsychopharmacology"", ""publication_types"": [""Journal Article"", ""Research Support, N.I.H., Extramural"", ""Research Support, N.I.H., Intramural""], ""is_review"": false}"
PMID:29426806	paper	Neonatal epilepsies: Clinical management.	"{""year"": ""2018"", ""journal"": ""Semin Fetal Neonatal Med"", ""publication_types"": [""Journal Article"", ""Review""], ""is_review"": true}"
PMID:29468182	paper	GLS loss of function causes autosomal recessive spastic ataxia and optic atrophy.	"{""year"": ""2018"", ""journal"": ""Ann Clin Transl Neurol"", ""publication_types"": [""Journal Article""], ""is_review"": false}"
PMID:29499164	paper	Single-Cell RNA-Seq of Mouse Dopaminergic Neurons Informs Candidate Gene Selection for Sporadic Parkinson Disease.	"{""year"": ""2018"", ""journal"": ""Am J Hum Genet"", ""publication_types"": [""Journal Article"", ""Research Support, N.I.H., Extramural"", ""Research Support, Non-U.S. Gov't""], ""is_review"": false}"
PMID:29634983	paper	Peripheral GABAA receptor-mediated signaling facilitates persistent inflammatory hypersensitivity.	"{""year"": ""2018"", ""journal"": ""Neuropharmacology"", ""publication_types"": [""Journal Article"", ""Research Support, Non-U.S. Gov't""], ""is_review"": false}"
PMID:29655203	paper	Diagnostic outcomes for genetic testing of 70 genes in 8565 patients with epilepsy and neurodevelopmental disorders.	"{""year"": ""2018"", ""journal"": ""Epilepsia"", ""publication_types"": [""Journal Article""], ""is_review"": false}"
PMID:29760174	paper	SNT-1 Functions as the Ca2+ Sensor for Tonic and Evoked Neurotransmitter Release in Caenorhabditis Elegans.	"{""year"": ""2018"", ""journal"": ""J Neurosci"", ""publication_types"": [""Journal Article"", ""Research Support, Non-U.S. Gov't""], ""is_review"": false}"
PMID:29848620	paper	Bayesian Networks Predict Neuronal Transdifferentiation.	"{""year"": ""2018"", ""journal"": ""G3 (Bethesda)"", ""publication_types"": [""Journal Article""], ""is_review"": false}"
PMID:29893377	paper	Downregulation of TBC1 Domain Family Member 24 (BC1D24) Inhibits Breast Carcinoma Growth via IGF1R/PI3K/AKT Pathway.	"{""year"": ""2018"", ""journal"": ""Med Sci Monit"", ""publication_types"": [""Journal Article""], ""is_review"": false}"
PMID:29985178	paper	Clozapine pharmacogenomics: a review of efficacy, pharmacokinetics, and agranulocytosis.	"{""year"": ""2018"", ""journal"": ""Curr Opin Psychiatry"", ""publication_types"": [""Journal Article"", ""Review""], ""is_review"": true}"
PMID:30001398	paper	Downregulation of splicing regulator RBFOX1 compromises visual depth perception.	"{""year"": ""2018"", ""journal"": ""PLoS One"", ""publication_types"": [""Journal Article"", ""Research Support, N.I.H., Extramural"", ""Research Support, Non-U.S. Gov't""], ""is_review"": false}"
PMID:30004579	paper	Models of synaptotagmin-1 to trigger Ca2+ -dependent vesicle fusion.	"{""year"": ""2018"", ""journal"": ""FEBS Lett"", ""publication_types"": [""Journal Article"", ""Research Support, Non-U.S. Gov't"", ""Review""], ""is_review"": true}"
PMID:30107533	paper	SYT1-associated neurodevelopmental disorder: a case series.	"{""year"": ""2018"", ""journal"": ""Brain"", ""publication_types"": [""Case Reports"", ""Journal Article"", ""Research Support, N.I.H., Extramural"", ""Research Support, Non-U.S. Gov't""], ""is_review"": false}"
PMID:30185235	paper	Novel and de novo mutations in pediatric refractory epilepsy.	"{""year"": ""2018"", ""journal"": ""Mol Brain"", ""publication_types"": [""Journal Article"", ""Research Support, Non-U.S. Gov't""], ""is_review"": false}"
PMID:30239721	paper	GLS hyperactivity causes glutamate excess, infantile cataract and profound developmental delay.	"{""year"": ""2019"", ""journal"": ""Hum Mol Genet"", ""publication_types"": [""Journal Article"", ""Research Support, Non-U.S. Gov't""], ""is_review"": false}"
PMID:30335140	paper	The epilepsy-associated protein TBC1D24 is required for normal development, survival and vesicle trafficking in mammalian neurons.	"{""year"": ""2019"", ""journal"": ""Hum Mol Genet"", ""publication_types"": [""Journal Article"", ""Research Support, Non-U.S. Gov't""], ""is_review"": false}"
PMID:30575854	paper	Identification of a Loss-of-Function Mutation in the Context of Glutaminase Deficiency and Neonatal Epileptic Encephalopathy.	"{""year"": ""2019"", ""journal"": ""JAMA Neurol"", ""publication_types"": [""Journal Article""], ""is_review"": false}"
PMID:30618656	paper	Gene Network Dysregulation in the Trigeminal Ganglia and Nucleus Accumbens of a Model of Chronic Migraine-Associated Hyperalgesia.	"{""year"": ""2018"", ""journal"": ""Front Syst Neurosci"", ""publication_types"": [""Journal Article""], ""is_review"": false}"
PMID:30968951	paper	The spectrum of intermediate SCN8A-related epilepsy.	"{""year"": ""2019"", ""journal"": ""Epilepsia"", ""publication_types"": [""Journal Article""], ""is_review"": false}"
PMID:30970188	paper	Glutaminase Deficiency Caused by Short Tandem Repeat Expansion in GLS.	"{""year"": ""2019"", ""journal"": ""N Engl J Med"", ""publication_types"": [""Case Reports"", ""Journal Article"", ""Research Support, Non-U.S. Gov't""], ""is_review"": false}"
PMID:31059723	paper	The association between SYT1-rs2251214 and cocaine use disorder further supports its role in psychiatry.	"{""year"": ""2019"", ""journal"": ""Prog Neuropsychopharmacol Biol Psychiatry"", ""publication_types"": [""Journal Article"", ""Research Support, Non-U.S. Gov't""], ""is_review"": false}"
PMID:31077350	paper	Parental mosaicism in epilepsies due to alleged de novo variants.	"{""year"": ""2019"", ""journal"": ""Epilepsia"", ""publication_types"": [""Journal Article"", ""Research Support, Non-U.S. Gov't""], ""is_review"": false}"
PMID:31221716	paper	STXBP1 encephalopathy: Connecting neurodevelopmental disorders with α-synucleinopathies?	"{""year"": ""2019"", ""journal"": ""Neurology"", ""publication_types"": [""Journal Article"", ""Research Support, Non-U.S. Gov't"", ""Review""], ""is_review"": true}"
PMID:31294445	paper	Loss of Cln5 leads to altered Gad1 expression and deficits in interneuron development in mice.	"{""year"": ""2019"", ""journal"": ""Hum Mol Genet"", ""publication_types"": [""Journal Article"", ""Research Support, Non-U.S. Gov't""], ""is_review"": false}"
PMID:31393404	paper	Mapping the knowledge structure and trends of epilepsy genetics over the past decade: A co-word analysis based on medical subject headings terms.	"{""year"": ""2019"", ""journal"": ""Medicine (Baltimore)"", ""publication_types"": [""Journal Article"", ""Systematic Review""], ""is_review"": false}"
PMID:31587282	paper	Phosphatidylserine is critical for vesicle fission during clathrin-mediated endocytosis.	"{""year"": ""2020"", ""journal"": ""J Neurochem"", ""publication_types"": [""Journal Article"", ""Research Support, N.I.H., Extramural""], ""is_review"": false}"
PMID:31719162	paper	MUNC18-1 regulates the submembrane F-actin network, independently of syntaxin1 targeting, via hydrophobicity in β-sheet 10.	"{""year"": ""2019"", ""journal"": ""J Cell Sci"", ""publication_types"": [""Journal Article"", ""Research Support, Non-U.S. Gov't""], ""is_review"": false}"
PMID:31804603	paper	Proteasome inhibition disrupts the metabolism of fumarate hydratase- deficient tumors by downregulating p62 and c-Myc.	"{""year"": ""2019"", ""journal"": ""Sci Rep"", ""publication_types"": [""Journal Article"", ""Research Support, N.I.H., Intramural"", ""Research Support, U.S. Gov't, P.H.S.""], ""is_review"": false}"
PMID:31866536	paper	GAD1 but not GAD2 polymorphisms are associated with heroin addiction phenotypes.	"{""year"": ""2020"", ""journal"": ""Neurosci Lett"", ""publication_types"": [""Journal Article"", ""Research Support, Non-U.S. Gov't""], ""is_review"": false}"
PMID:31875236	paper	Complexin I knockout rats exhibit a complex neurobehavioral phenotype including profound ataxia and marked deficits in lifespan.	"{""year"": ""2020"", ""journal"": ""Pflugers Arch"", ""publication_types"": [""Journal Article"", ""Research Support, Non-U.S. Gov't""], ""is_review"": false}"
PMID:31903135	paper	ANKRD22, a novel tumor microenvironment-induced mitochondrial protein promotes metabolic reprogramming of colorectal cancer cells.	"{""year"": ""2020"", ""journal"": ""Theranostics"", ""publication_types"": [""Journal Article"", ""Research Support, Non-U.S. Gov't""], ""is_review"": false}"
PMID:31904118	paper	SCN8A encephalopathy: Mechanisms and models.	"{""year"": ""2019"", ""journal"": ""Epilepsia"", ""publication_types"": [""Journal Article"", ""Research Support, N.I.H., Extramural"", ""Research Support, Non-U.S. Gov't"", ""Review""], ""is_review"": true}"
PMID:32090326	paper	Biological concepts in human sodium channel epilepsies and their relevance in clinical practice.	"{""year"": ""2020"", ""journal"": ""Epilepsia"", ""publication_types"": [""Journal Article"", ""Research Support, Non-U.S. Gov't""], ""is_review"": false}"
PMID:32286880	paper	GABAergic input through GABAB receptors is necessary during a perinatal window to shape gene expression of factors critical to reproduction such as Kiss1.	"{""year"": ""2020"", ""journal"": ""Am J Physiol Endocrinol Metab"", ""publication_types"": [""Journal Article"", ""Research Support, Non-U.S. Gov't""], ""is_review"": false}"
PMID:32348748	paper	Structural Basis for the High-Affinity Interaction between CASK and Mint1.	"{""year"": ""2020"", ""journal"": ""Structure"", ""publication_types"": [""Journal Article"", ""Research Support, Non-U.S. Gov't""], ""is_review"": false}"
PMID:32362337	paper	Molecular Basis for Synaptotagmin-1-Associated Neurodevelopmental Disorder.	"{""year"": ""2020"", ""journal"": ""Neuron"", ""publication_types"": [""Journal Article"", ""Research Support, N.I.H., Extramural"", ""Research Support, Non-U.S. Gov't""], ""is_review"": false}"
PMID:32391794	paper	Synergistic actions of v-SNARE transmembrane domains and membrane-curvature modifying lipids in neurotransmitter release.	"{""year"": ""2020"", ""journal"": ""Elife"", ""publication_types"": [""Journal Article"", ""Research Support, Non-U.S. Gov't""], ""is_review"": false}"
PMID:32483415	paper	Dendrimer-conjugated glutaminase inhibitor selectively targets microglial glutaminase in a mouse model of Rett syndrome.	"{""year"": ""2020"", ""journal"": ""Theranostics"", ""publication_types"": [""Journal Article"", ""Research Support, N.I.H., Extramural"", ""Research Support, Non-U.S. Gov't""], ""is_review"": false}"
PMID:32593896	paper	Genotype-phenotype correlates of infantile-onset developmental & epileptic encephalopathy syndromes in South India: A single centre experience.	"{""year"": ""2020"", ""journal"": ""Epilepsy Res"", ""publication_types"": [""Journal Article"", ""Observational Study"", ""Research Support, Non-U.S. Gov't""], ""is_review"": false}"
PMID:32643187	paper	STXBP1 encephalopathies: Clinical spectrum, disease mechanisms, and therapeutic strategies.	"{""year"": ""2021"", ""journal"": ""J Neurochem"", ""publication_types"": [""Journal Article"", ""Research Support, N.I.H., Extramural"", ""Review""], ""is_review"": true}"
PMID:32657892	paper	Recent genetic advances in early-onset dystonia.	"{""year"": ""2020"", ""journal"": ""Curr Opin Neurol"", ""publication_types"": [""Journal Article"", ""Research Support, Non-U.S. Gov't"", ""Review""], ""is_review"": true}"
PMID:32675407	paper	Glutamine Antagonist JHU-083 Normalizes Aberrant Hippocampal Glutaminase Activity and Improves Cognition in APOE4 Mice.	"{""year"": ""2020"", ""journal"": ""J Alzheimers Dis"", ""publication_types"": [""Journal Article"", ""Research Support, N.I.H., Extramural""], ""is_review"": false}"
PMID:32705143	paper	Early-infantile onset epilepsy and developmental delay caused by bi-allelic GAD1 variants.	"{""year"": ""2020"", ""journal"": ""Brain"", ""publication_types"": [""Journal Article"", ""Research Support, Non-U.S. Gov't""], ""is_review"": false}"
PMID:32738165	paper	The neurodevelopmental spectrum of synaptic vesicle cycling disorders.	"{""year"": ""2021"", ""journal"": ""J Neurochem"", ""publication_types"": [""Journal Article"", ""Research Support, Non-U.S. Gov't"", ""Review""], ""is_review"": true}"
PMID:32851175	paper	Forward genetics identifies a novel sleep mutant with sleep state inertia and REM sleep deficits.	"{""year"": ""2020"", ""journal"": ""Sci Adv"", ""publication_types"": [""Journal Article"", ""Research Support, Non-U.S. Gov't""], ""is_review"": false}"
PMID:32853554	paper	Semantic Similarity Analysis Reveals Robust Gene-Disease Relationships in Developmental and Epileptic Encephalopathies.	"{""year"": ""2020"", ""journal"": ""Am J Hum Genet"", ""publication_types"": [""Journal Article"", ""Research Support, N.I.H., Extramural"", ""Research Support, Non-U.S. Gov't""], ""is_review"": false}"
PMID:32873933	paper	DOORS syndrome and a recurrent truncating ATP6V1B2 variant.	"{""year"": ""2021"", ""journal"": ""Genet Med"", ""publication_types"": [""Journal Article"", ""Research Support, Non-U.S. Gov't""], ""is_review"": false}"
PMID:32906212	paper	Overcoming presynaptic effects of VAMP2 mutations with 4-aminopyridine treatment.	"{""year"": ""2020"", ""journal"": ""Hum Mutat"", ""publication_types"": [""Journal Article"", ""Research Support, N.I.H., Extramural"", ""Research Support, Non-U.S. Gov't""], ""is_review"": false}"
PMID:32929080	paper	Presynaptic dysfunction in CASK-related neurodevelopmental disorders.	"{""year"": ""2020"", ""journal"": ""Transl Psychiatry"", ""publication_types"": [""Journal Article"", ""Research Support, Non-U.S. Gov't""], ""is_review"": false}"
PMID:32959907	paper	SNAREs and developmental disorders.	"{""year"": ""2021"", ""journal"": ""J Cell Physiol"", ""publication_types"": [""Journal Article"", ""Review""], ""is_review"": true}"
PMID:33059718	paper	"A machine learning analysis of a ""normal-like"" IDH-WT diffuse glioma transcriptomic subgroup associated with prolonged survival reveals novel immune and neurotransmitter-related actionable targets."	"{""year"": ""2020"", ""journal"": ""BMC Med"", ""publication_types"": [""Journal Article"", ""Research Support, Non-U.S. Gov't""], ""is_review"": false}"
PMID:33111641	paper	Ischemia-induced upregulation of autophagy preludes dysfunctional lysosomal storage and associated synaptic impairments in neurons.	"{""year"": ""2021"", ""journal"": ""Autophagy"", ""publication_types"": [""Journal Article"", ""Research Support, Non-U.S. Gov't""], ""is_review"": false}"
PMID:33176815	paper	Clinical and genetic characteristics and prenatal diagnosis of patients presented GDD/ID with rare monogenic causes.	"{""year"": ""2020"", ""journal"": ""Orphanet J Rare Dis"", ""publication_types"": [""Journal Article""], ""is_review"": false}"
PMID:33204597	paper	Cellular and molecular outcomes of glutamine supplementation in the brain of succinic semialdehyde dehydrogenase-deficient mice.	"{""year"": ""2020"", ""journal"": ""JIMD Rep"", ""publication_types"": [""Journal Article""], ""is_review"": false}"
PMID:33222163	paper	Munc13 binds and recruits SNAP25 to chaperone SNARE complex assembly.	"{""year"": ""2021"", ""journal"": ""FEBS Lett"", ""publication_types"": [""Journal Article"", ""Research Support, N.I.H., Extramural""], ""is_review"": false}"
PMID:33293518	paper	CRISPR/Cas9-engineered Gad1 elimination in rats leads to complex behavioral changes: implications for schizophrenia.	"{""year"": ""2020"", ""journal"": ""Transl Psychiatry"", ""publication_types"": [""Journal Article"", ""Research Support, Non-U.S. Gov't""], ""is_review"": false}"
PMID:33325157	paper	Genetic deletion of the 67-kDa isoform of glutamate decarboxylase alters conditioned fear behavior in rats.	"{""year"": ""2021"", ""journal"": ""FEBS Open Bio"", ""publication_types"": [""Journal Article"", ""Research Support, Non-U.S. Gov't""], ""is_review"": false}"
PMID:33413507	paper	Global knockdown of glutamate decarboxylase 67 elicits emotional abnormality in mice.	"{""year"": ""2021"", ""journal"": ""Mol Brain"", ""publication_types"": [""Journal Article"", ""Research Support, Non-U.S. Gov't""], ""is_review"": false}"
PMID:33529962	paper	Cassane diterpenoid derivative induces apoptosis in IDH1 mutant glioma cells through the inhibition of glutaminase in vitro and in vivo.	"{""year"": ""2021"", ""journal"": ""Phytomedicine"", ""publication_types"": [""Journal Article""], ""is_review"": false}"
PMID:33531663	paper	Sodium channelopathies in neurodevelopmental disorders.	"{""year"": ""2021"", ""journal"": ""Nat Rev Neurosci"", ""publication_types"": [""Journal Article"", ""Research Support, N.I.H., Extramural"", ""Review""], ""is_review"": true}"
PMID:33539324	paper	Biallelic variants in TSPOAP1, encoding the active-zone protein RIMBP1, cause autosomal recessive dystonia.	"{""year"": ""2021"", ""journal"": ""J Clin Invest"", ""publication_types"": [""Journal Article"", ""Research Support, N.I.H., Extramural"", ""Research Support, Non-U.S. Gov't""], ""is_review"": false}"
PMID:33619613	paper	Function of Drosophila Synaptotagmins in membrane trafficking at synapses.	"{""year"": ""2021"", ""journal"": ""Cell Mol Life Sci"", ""publication_types"": [""Journal Article"", ""Review""], ""is_review"": true}"
PMID:33640666	paper	CASK related disorder: Epilepsy and developmental outcome.	"{""year"": ""2021"", ""journal"": ""Eur J Paediatr Neurol"", ""publication_types"": [""Journal Article""], ""is_review"": false}"
PMID:33681764	paper	The glutamine antagonist prodrug JHU-083 slows malignant glioma growth and disrupts mTOR signaling.	"{""year"": ""2021"", ""journal"": ""Neurooncol Adv"", ""publication_types"": [""Journal Article""], ""is_review"": false}"
PMID:33726812	paper	α1A-adrenaline receptors in dorsal horn inhibitory neurons have an inhibitory role in the regulation of chloroquine-induced itch in mice.	"{""year"": ""2021"", ""journal"": ""Mol Brain"", ""publication_types"": [""Journal Article"", ""Research Support, Non-U.S. Gov't""], ""is_review"": false}"
PMID:33741238	paper	Risk of SUDEP during infancy.	"{""year"": ""2022"", ""journal"": ""Epilepsy Behav"", ""publication_types"": [""Journal Article"", ""Review""], ""is_review"": true}"
PMID:33901312	paper	Homozygous SCN1B variants causing early infantile epileptic encephalopathy 52 affect voltage-gated sodium channel function.	"{""year"": ""2021"", ""journal"": ""Epilepsia"", ""publication_types"": [""Journal Article"", ""Research Support, N.I.H., Extramural"", ""Research Support, Non-U.S. Gov't""], ""is_review"": false}"
PMID:33910646	paper	Glutaminolysis dynamics during astrocytoma progression correlates with tumor aggressiveness.	"{""year"": ""2021"", ""journal"": ""Cancer Metab"", ""publication_types"": [""Journal Article""], ""is_review"": false}"
PMID:33986365	paper	TBC1D24 emerges as an important contributor to progressive postlingual dominant hearing loss.	"{""year"": ""2021"", ""journal"": ""Sci Rep"", ""publication_types"": [""Journal Article"", ""Research Support, Non-U.S. Gov't""], ""is_review"": false}"
PMID:34038384	paper	Association of SLC32A1 Missense Variants With Genetic Epilepsy With Febrile Seizures Plus.	"{""year"": ""2021"", ""journal"": ""Neurology"", ""publication_types"": [""Journal Article"", ""Research Support, Non-U.S. Gov't""], ""is_review"": false}"
PMID:34177764	paper	Paroxysmal Movement Disorders.	"{""year"": ""2021"", ""journal"": ""Front Neurol"", ""publication_types"": [""Journal Article"", ""Review""], ""is_review"": true}"
PMID:34191540	paper	Synaptobrevin-2 dependent regulation of single synaptic vesicle endocytosis.	"{""year"": ""2021"", ""journal"": ""Mol Biol Cell"", ""publication_types"": [""Journal Article"", ""Research Support, N.I.H., Extramural"", ""Research Support, Non-U.S. Gov't""], ""is_review"": false}"
PMID:34221169	paper	New VOUS in CASK Gene Correlating with the MICPCH Phenotype.	"{""year"": ""2021"", ""journal"": ""Maedica (Bucur)"", ""publication_types"": [""Editorial""], ""is_review"": false}"
PMID:34228711	paper	Synaptotagmin-7-mediated activation of spontaneous NMDAR currents is disrupted in bipolar disorder susceptibility variants.	"{""year"": ""2021"", ""journal"": ""PLoS Biol"", ""publication_types"": [""Journal Article"", ""Research Support, Non-U.S. Gov't""], ""is_review"": false}"
PMID:34341188	paper	Crystal structure of the TLDc domain of human NCOA7-AS.	"{""year"": ""2021"", ""journal"": ""Acta Crystallogr F Struct Biol Commun"", ""publication_types"": [""Journal Article""], ""is_review"": false}"
PMID:34353676	paper	SCN8A Epilepsy, Developmental Encephalopathy, and Related Disorders.	"{""year"": ""2021"", ""journal"": ""Pediatr Neurol"", ""publication_types"": [""Journal Article"", ""Review""], ""is_review"": true}"
PMID:34392114	paper	Tremor-like subcortical myoclonus in STXBP1 encephalopathy.	"{""year"": ""2021"", ""journal"": ""Eur J Paediatr Neurol"", ""publication_types"": [""Journal Article""], ""is_review"": false}"
PMID:34412058	paper	Antisense Oligonucleotide Therapy for Neurodevelopmental Disorders.	"{""year"": ""2021"", ""journal"": ""Dev Neurosci"", ""publication_types"": [""Journal Article"", ""Research Support, N.I.H., Extramural"", ""Review""], ""is_review"": true}"
PMID:34431999	paper	Genotype-phenotype correlations in SCN8A-related disorders reveal prognostic and therapeutic implications.	"{""year"": ""2022"", ""journal"": ""Brain"", ""publication_types"": [""Journal Article"", ""Research Support, N.I.H., Extramural"", ""Research Support, Non-U.S. Gov't""], ""is_review"": false}"
PMID:34548578	paper	TDP-43 regulates GAD1 mRNA splicing and GABA signaling in Drosophila CNS.	"{""year"": ""2021"", ""journal"": ""Sci Rep"", ""publication_types"": [""Journal Article""], ""is_review"": false}"
PMID:34569149	paper	"Genomic analysis of ""microphenotypes"" in epilepsy."	"{""year"": ""2022"", ""journal"": ""Am J Med Genet A"", ""publication_types"": [""Journal Article"", ""Research Support, Non-U.S. Gov't""], ""is_review"": false}"
PMID:34679360	paper	Neonatal Seizures: An Overview of Genetic Causes and Treatment Options.	"{""year"": ""2021"", ""journal"": ""Brain Sci"", ""publication_types"": [""Journal Article"", ""Review""], ""is_review"": true}"
PMID:34764278	paper	Insulin-activated store-operated Ca2+ entry via Orai1 induces podocyte actin remodeling and causes proteinuria.	"{""year"": ""2021"", ""journal"": ""Nat Commun"", ""publication_types"": [""Journal Article"", ""Research Support, N.I.H., Intramural"", ""Research Support, Non-U.S. Gov't""], ""is_review"": false}"
PMID:34773737	paper	SUDEP risk and autonomic dysfunction in genetic epilepsies.	"{""year"": ""2022"", ""journal"": ""Auton Neurosci"", ""publication_types"": [""Journal Article"", ""Research Support, Non-U.S. Gov't"", ""Review""], ""is_review"": true}"
PMID:34788174	paper	PV-specific loss of the transcriptional coactivator PGC-1α slows down the evolution of epileptic activity in an acute ictogenic model.	"{""year"": ""2022"", ""journal"": ""J Neurophysiol"", ""publication_types"": [""Journal Article"", ""Research Support, Non-U.S. Gov't""], ""is_review"": false}"
PMID:35095745	paper	Epileptic Phenotypes Associated With SNAREs and Related Synaptic Vesicle Exocytosis Machinery.	"{""year"": ""2021"", ""journal"": ""Front Neurol"", ""publication_types"": [""Journal Article"", ""Review""], ""is_review"": true}"
PMID:35149262	paper	Intrafamilial phenotypic variability in TBC1D24-TLDc homozygous pathogenic variant-related developmental and epileptic encephalopathy.	"{""year"": ""2022"", ""journal"": ""Clin Neurol Neurosurg"", ""publication_types"": [""Journal Article""], ""is_review"": false}"
PMID:35190816	paper	Assessing the landscape of STXBP1-related disorders in 534 individuals.	"{""year"": ""2022"", ""journal"": ""Brain"", ""publication_types"": [""Journal Article"", ""Research Support, N.I.H., Extramural"", ""Research Support, Non-U.S. Gov't""], ""is_review"": false}"
PMID:35278209	paper	Distinct Epileptogenic Mechanisms Associated with Seizures in Wolf-Hirschhorn Syndrome.	"{""year"": ""2022"", ""journal"": ""Mol Neurobiol"", ""publication_types"": [""Journal Article""], ""is_review"": false}"
PMID:35359639	paper	Do All Roads Lead to Rome? Genes Causing Dravet Syndrome and Dravet Syndrome-Like Phenotypes.	"{""year"": ""2022"", ""journal"": ""Front Neurol"", ""publication_types"": [""Systematic Review"", ""Journal Article""], ""is_review"": false}"
PMID:35464160	paper	Prdm12 regulates inhibitory neuron differentiation in mouse embryonal carcinoma cells.	"{""year"": ""2022"", ""journal"": ""Cytotechnology"", ""publication_types"": [""Journal Article""], ""is_review"": false}"
PMID:35621027	paper	Up-regulation of cell division cycle 20 expression alters the morphology of neuronal dendritic spines in the nucleus accumbens by promoting FMRP ubiquitination.	"{""year"": ""2022"", ""journal"": ""J Neurochem"", ""publication_types"": [""Journal Article""], ""is_review"": false}"
PMID:35851549	paper	Natural History Study of STXBP1-Developmental and Epileptic Encephalopathy Into Adulthood.	"{""year"": ""2022"", ""journal"": ""Neurology"", ""publication_types"": [""Journal Article"", ""Observational Study"", ""Research Support, N.I.H., Extramural"", ""Research Support, Non-U.S. Gov't""], ""is_review"": false}"
PMID:36071823	paper	Chronic atrazine exposure increases the expression of genes associated with GABAergic and glutamatergic systems in the brain of male albino rat.	"{""year"": ""2022"", ""journal"": ""Front Toxicol"", ""publication_types"": [""Journal Article""], ""is_review"": false}"
PMID:36073542	paper	De Novo Missense Variants in SLC32A1 Cause a Developmental and Epileptic Encephalopathy Due to Impaired GABAergic Neurotransmission.	"{""year"": ""2022"", ""journal"": ""Ann Neurol"", ""publication_types"": [""Journal Article"", ""Research Support, Non-U.S. Gov't""], ""is_review"": false}"
PMID:36211978	paper	Attention-deficit/hyperactive disorder updates.	"{""year"": ""2022"", ""journal"": ""Front Mol Neurosci"", ""publication_types"": [""Journal Article"", ""Review""], ""is_review"": true}"
PMID:36291375	paper	SYT1-Associated Neurodevelopmental Disorder: A Narrative Review.	"{""year"": ""2022"", ""journal"": ""Children (Basel)"", ""publication_types"": [""Journal Article"", ""Review""], ""is_review"": true}"
PMID:36454760	paper	A dynamic template complex mediates Munc18-chaperoned SNARE assembly.	"{""year"": ""2022"", ""journal"": ""Proc Natl Acad Sci U S A"", ""publication_types"": [""Journal Article"", ""Research Support, N.I.H., Extramural""], ""is_review"": false}"
PMID:36626425	paper	Bioinformatics and systems biology approaches to identify the effects of COVID-19 on neurodegenerative diseases: A review.	"{""year"": ""2022"", ""journal"": ""Medicine (Baltimore)"", ""publication_types"": [""Review"", ""Journal Article""], ""is_review"": true}"
PMID:36750385	paper	Rates of Status Epilepticus and Sudden Unexplained Death in Epilepsy in People With Genetic Developmental and Epileptic Encephalopathies.	"{""year"": ""2023"", ""journal"": ""Neurology"", ""publication_types"": [""Journal Article"", ""Research Support, Non-U.S. Gov't""], ""is_review"": false}"
PMID:36905628	paper	Secretion of VGF relies on the interplay between LRRK2 and post-Golgi v-SNAREs.	"{""year"": ""2023"", ""journal"": ""Cell Rep"", ""publication_types"": [""Journal Article"", ""Research Support, Non-U.S. Gov't""], ""is_review"": false}"
PMID:37034625	paper	Rare variants in PPFIA3 cause delayed development, intellectual disability, autism, and epilepsy.	"{""year"": ""2023"", ""journal"": ""medRxiv"", ""publication_types"": [""Preprint"", ""Journal Article""], ""is_review"": false}"
PMID:37071051	paper	Blood transcriptome sequencing identifies biomarkers able to track disease stages in spinocerebellar ataxia type 3.	"{""year"": ""2023"", ""journal"": ""Brain"", ""publication_types"": [""Journal Article"", ""Research Support, Non-U.S. Gov't""], ""is_review"": false}"
PMID:37628707	paper	Diverse Clinical Phenotypes of CASK-Related Disorders and Multiple Functional Domains of CASK Protein.	"{""year"": ""2023"", ""journal"": ""Genes (Basel)"", ""publication_types"": [""Journal Article"", ""Review"", ""Research Support, Non-U.S. Gov't""], ""is_review"": true}"
PMID:37850637	paper	Deep Brain Stimulation in a Patient with TSPOAP1-Biallelic Variant of Autosomal-Recessive Dystonia.	"{""year"": ""2023"", ""journal"": ""Mov Disord"", ""publication_types"": [""Case Reports"", ""Letter""], ""is_review"": false}"
PMID:37946085	paper	Glucose-dependent insulinotropic polypeptide regulates body weight and food intake via GABAergic neurons in mice.	"{""year"": ""2023"", ""journal"": ""Nat Metab"", ""publication_types"": [""Journal Article"", ""Research Support, Non-U.S. Gov't""], ""is_review"": false}"
PMID:38058756	paper	Expanding Phenotype of SYT1-Related Neurodevelopmental Disorder: Case Report and Literature Review.	"{""year"": ""2023"", ""journal"": ""Mol Syndromol"", ""publication_types"": [""Journal Article""], ""is_review"": false}"
PMID:38110787	paper	Generation of iPSC lines (KAIMRCi003A, KAIMRCi003B) from a Saudi patient with Dravet syndrome carrying homozygous mutation in the CPLX1 gene and heterozygous mutation in SCN9A.	"{""year"": ""2024"", ""journal"": ""Hum Cell"", ""publication_types"": [""Journal Article""], ""is_review"": false}"
PMID:38181735	paper	A syndromic neurodevelopmental disorder caused by rare variants in PPFIA3.	"{""year"": ""2024"", ""journal"": ""Am J Hum Genet"", ""publication_types"": [""Journal Article"", ""Research Support, Non-U.S. Gov't"", ""Research Support, N.I.H., Extramural""], ""is_review"": false}"
PMID:38219528	paper	Clinical and genetic profile of patients with dystonia: An experience from a tertiary neurology center from India.	"{""year"": ""2024"", ""journal"": ""Parkinsonism Relat Disord"", ""publication_types"": [""Journal Article"", ""Research Support, Non-U.S. Gov't""], ""is_review"": false}"
PMID:38225382	paper	Systematic discovery of protein interaction interfaces using AlphaFold and experimental validation.	"{""year"": ""2024"", ""journal"": ""Mol Syst Biol"", ""publication_types"": [""Journal Article""], ""is_review"": false}"
PMID:38293024	paper	Region-based analysis with functional annotation identifies genes associated with cognitive function in South Asians from India.	"{""year"": ""2024"", ""journal"": ""medRxiv"", ""publication_types"": [""Journal Article"", ""Preprint""], ""is_review"": false}"
PMID:38458754	paper	Dissecting genetic architecture of rare dystonia: genetic, molecular and clinical insights.	"{""year"": ""2024"", ""journal"": ""J Med Genet"", ""publication_types"": [""Journal Article"", ""Research Support, Non-U.S. Gov't""], ""is_review"": false}"
PMID:38508193	paper	A syndromic neurodevelopmental disorder caused by rare variants in PPFIA3.	"{""year"": ""2024"", ""journal"": ""Am J Hum Genet"", ""publication_types"": [""Published Erratum""], ""is_review"": false}"
PMID:38538787	paper	A brainstem-hypothalamus neuronal circuit reduces feeding upon heat exposure.	"{""year"": ""2024"", ""journal"": ""Nature"", ""publication_types"": [""Journal Article"", ""Research Support, Non-U.S. Gov't"", ""Research Support, N.I.H., Extramural""], ""is_review"": false}"
PMID:38539105	paper	Genetic determinants of global developmental delay and intellectual disability in Ukrainian children.	"{""year"": ""2024"", ""journal"": ""J Neurodev Disord"", ""publication_types"": [""Journal Article"", ""Research Support, Non-U.S. Gov't""], ""is_review"": false}"
PMID:38540325	paper	Genetic Advancements in Infantile Epileptic Spasms Syndrome and Opportunities for Precision Medicine.	"{""year"": ""2024"", ""journal"": ""Genes (Basel)"", ""publication_types"": [""Journal Article"", ""Review""], ""is_review"": true}"
PMID:38671141	paper	GWAS meta-analysis reveals key risk loci in essential tremor pathogenesis.	"{""year"": ""2024"", ""journal"": ""Commun Biol"", ""publication_types"": [""Journal Article"", ""Meta-Analysis"", ""Research Support, Non-U.S. Gov't"", ""Research Support, N.I.H., Extramural""], ""is_review"": false}"
PMID:38723631	paper	A syndromic neurodevelopmental disorder caused by rare variants in PPFIA3.	"{""year"": ""2024"", ""journal"": ""Am J Hum Genet"", ""publication_types"": [""Published Erratum""], ""is_review"": false}"
PMID:38860500	paper	Mutation spectrum of hearing loss patients in Northwest China: Identification of 20 novel variants.	"{""year"": ""2024"", ""journal"": ""Mol Genet Genomic Med"", ""publication_types"": [""Editorial""], ""is_review"": false}"
PMID:38949671	paper	Adult-onset deactivation of autophagy leads to loss of synapse homeostasis and cognitive impairment, with implications for alzheimer disease.	"{""year"": ""2024"", ""journal"": ""Autophagy"", ""publication_types"": [""Journal Article"", ""Research Support, N.I.H., Extramural""], ""is_review"": false}"
PMID:39096015	paper	Solving the Etiology of Developmental and Epileptic Encephalopathy with Spike-Wave Activation in Sleep (D/EE-SWAS).	"{""year"": ""2024"", ""journal"": ""Ann Neurol"", ""publication_types"": [""Journal Article"", ""Research Support, N.I.H., Extramural"", ""Research Support, Non-U.S. Gov't""], ""is_review"": false}"
PMID:39149469	paper	Region-based analysis with functional annotation identifies genes associated with cognitive function in South Asians from India.	"{""year"": ""2024"", ""journal"": ""Res Sq"", ""publication_types"": [""Journal Article"", ""Preprint""], ""is_review"": false}"
PMID:39203853	paper	Effects of Castanopsis echinocarpa on Sensorineural Hearing Loss via Neuronal Gene Regulation.	"{""year"": ""2024"", ""journal"": ""Nutrients"", ""publication_types"": [""Journal Article""], ""is_review"": false}"
PMID:39207910	paper	Opposing actions of co-released GABA and neurotensin on the activity of preoptic neurons and on body temperature.	"{""year"": ""2024"", ""journal"": ""Elife"", ""publication_types"": [""Journal Article""], ""is_review"": false}"
PMID:39288524	paper	Manganese exposure leads to depressive-like behavior through disruption of the Gln-Glu-GABA metabolic cycle.	"{""year"": ""2024"", ""journal"": ""J Hazard Mater"", ""publication_types"": [""Journal Article"", ""Research Support, Non-U.S. Gov't""], ""is_review"": false}"
PMID:39567494	paper	IL-1β promotes glutamate excitotoxicity: indications for the link between inflammatory and synaptic vesicle cycle in Ménière's disease.	"{""year"": ""2024"", ""journal"": ""Cell Death Discov"", ""publication_types"": [""Journal Article""], ""is_review"": false}"
PMID:39675068	paper	Sarcopenic obesity is attenuated by E-syt1 inhibition via improving skeletal muscle mitochondrial function.	"{""year"": ""2025"", ""journal"": ""Redox Biol"", ""publication_types"": [""Journal Article"", ""Research Support, Non-U.S. Gov't""], ""is_review"": false}"
PMID:39985505	paper	The epilepsy-autism phenotype associated with developmental and epileptic encephalopathies: New mechanism-based therapeutic options.	"{""year"": ""2025"", ""journal"": ""Epilepsia"", ""publication_types"": [""Journal Article"", ""Review""], ""is_review"": true}"
PMID:40088508	paper	Genetic Epilepsies With Onset in Infancy and Toddlerhood: A Prospective Single-Center Study in India.	"{""year"": ""2025"", ""journal"": ""Pediatr Neurol"", ""publication_types"": [""Journal Article""], ""is_review"": false}"
PMID:40381457	paper	Current and Emerging Precision Therapies for Developmental and Epileptic Encephalopathies.	"{""year"": ""2025"", ""journal"": ""Pediatr Neurol"", ""publication_types"": [""Journal Article"", ""Review""], ""is_review"": true}"
PMID:40396212	paper	Glutamine catabolism supports amino acid biosynthesis and suppresses the integrated stress response to promote photoreceptor survival.	"{""year"": ""2025"", ""journal"": ""Elife"", ""publication_types"": [""Journal Article""], ""is_review"": false}"
PMID:40492195	paper	Cognitive and Synaptic Impairment Induced by Deficiency of Autism Risk Gene Smarcc2 and its Rescue by Histone Deacetylase Inhibition.	"{""year"": ""2025"", ""journal"": ""bioRxiv"", ""publication_types"": [""Journal Article"", ""Preprint""], ""is_review"": false}"
PMID:40565532	paper	Region-Based Analysis with Functional Annotation Identifies Genes Associated with Cognitive Function in South Asians from India.	"{""year"": ""2025"", ""journal"": ""Genes (Basel)"", ""publication_types"": [""Journal Article""], ""is_review"": false}"
PMID:40812515	paper	The glutaminase inhibitor JHU-083 mitigates cognitive dysfunction in a mouse model of post-traumatic stress disorder.	"{""year"": ""2025"", ""journal"": ""Neuropharmacology"", ""publication_types"": [""Journal Article""], ""is_review"": false}"
PMID:40925365	paper	Cortical versus hippocampal network dysfunction in a human brain assembloid model of epilepsy and intellectual disability.	"{""year"": ""2025"", ""journal"": ""Cell Rep"", ""publication_types"": [""Journal Article""], ""is_review"": false}"
PMID:41044885	paper	De Novo Variants in PPFIA2 in Individuals With Neurodevelopmental Disorders.	"{""year"": ""2026"", ""journal"": ""Am J Med Genet A"", ""publication_types"": [""Journal Article""], ""is_review"": false}"
PMID:41188235	paper	Gain of Alternative Allele Expression of LINC02449 at rs149707223 in Schizophrenia and Bipolar Disorder: Inducing Synaptic Transmission and Behavioral Deficits in Mice.	"{""year"": ""2025"", ""journal"": ""Nat Commun"", ""publication_types"": [""Journal Article""], ""is_review"": false}"
PMID:41278630	paper	Proteomic characterization of neuronal extracellular vesicle interactomes in Alzheimer's disease mouse model through TurboID-based proximity labeling.	"{""year"": ""2025"", ""journal"": ""bioRxiv"", ""publication_types"": [""Journal Article"", ""Preprint""], ""is_review"": false}"
PMID:41371074	paper	Expanding the genotypic and phenotypic spectrum of DYT-TSPOAP1: First report from India.	"{""year"": ""2026"", ""journal"": ""Parkinsonism Relat Disord"", ""publication_types"": [""Case Reports"", ""Journal Article"", ""Video-Audio Media""], ""is_review"": false}"
PMID:41469740	paper	Cellular reprogramming of H3K27M pediatric high-grade glioma to neuron-like state.	"{""year"": ""2025"", ""journal"": ""Acta Neuropathol Commun"", ""publication_types"": [""Journal Article""], ""is_review"": false}"
PMID:42027086	paper	A Novel Homozygous TSPOAP1 Variant in an Indian Patient Causing Childhood-Onset Generalized Dystonia with Cerebellar Atrophy.	"{""year"": ""2026"", ""journal"": ""Mov Disord Clin Pract"", ""publication_types"": [""Case Reports"", ""Journal Article""], ""is_review"": false}"
PMID:42041567	paper	Astro-Versus Microglia-Enriched Transcriptomes from Aged Atxn2-CAG100-Knockin Mice Suggest Underlying Pathology of RNA Processing at Ribosomes, and Possibly at U-Bodies.	"{""year"": ""2026"", ""journal"": ""Cells"", ""publication_types"": [""Journal Article""], ""is_review"": false}"
PMID:42308736	paper	The causative mutation for muffs and beard phenotype correlates with gene expression profile in chicken embryonic brains: an RNA-seq analysis.	"{""year"": ""2026"", ""journal"": ""Poult Sci"", ""publication_types"": [""Journal Article""], ""is_review"": false}"
PMID:8900203	paper	Overall lack of regulated secretion in a PC12 variant cell clone.	"{""year"": ""1996"", ""journal"": ""J Biol Chem"", ""publication_types"": [""Journal Article"", ""Research Support, Non-U.S. Gov't""], ""is_review"": false}"
