edge_id	subject	predicate	object	source	source_id	source_url	retrieved_date	evidence_type	evidence_code	confidence	quote	contradicted_by	attributes
PUB000001	PMID:34221169	mentions_gene	HGNC:1497	PubMed	34221169	https://pubmed.ncbi.nlm.nih.gov/34221169/	2026-10-04	observed			New VOUS in CASK Gene Correlating with the MICPCH Phenotype.		{}
PUB000002	PERSON:shelby_elena	authored	PMID:34221169	PubMed	34221169	https://pubmed.ncbi.nlm.nih.gov/34221169/	2026-10-04	observed			Elena Silvia Shelby		"{""position"": ""first author"", ""affiliation"": ""\""Dr. Nicolae Robanescu\"" National Clinical Center for Children's Neurorecovery, Bucharest, Romania."", ""year"": ""2021""}"
PUB000003	PERSON:pelttari_liisa	authored	PMID:34221169	PubMed	34221169	https://pubmed.ncbi.nlm.nih.gov/34221169/	2026-10-04	observed			Liisa M Pelttari		"{""position"": ""last author"", ""affiliation"": ""Blueprint Genetics, Espoo, Finland."", ""year"": ""2021""}"
PUB000004	PMID:33640666	mentions_gene	HGNC:1497	PubMed	33640666	https://pubmed.ncbi.nlm.nih.gov/33640666/	2026-10-04	observed			CASK related disorder: Epilepsy and developmental outcome.		{}
PUB000005	PERSON:giacomini_thea	authored	PMID:33640666	PubMed	33640666	https://pubmed.ncbi.nlm.nih.gov/33640666/	2026-10-04	observed			Thea Giacomini		"{""position"": ""first author"", ""affiliation"": ""Department of Neurosciences, Rehabilitation, Ophthalmology, Genetics and Maternal and Child Health, University of Genoa, Genova, Italy; Unit of Child Neuropsychiatry, Department of Medical and Surgical Neuroscience and Rehabilitation, IRCCS Istituto Giannina Gaslini, Genova, Italy."", ""year"": ""2021""}"
PUB000006	PERSON:pisciotta_livia	authored	PMID:33640666	PubMed	33640666	https://pubmed.ncbi.nlm.nih.gov/33640666/	2026-10-04	observed			Livia Pisciotta		"{""position"": ""last author"", ""affiliation"": ""Department of Neurosciences, Rehabilitation, Ophthalmology, Genetics and Maternal and Child Health, University of Genoa, Genova, Italy; Unit of Child Neuropsychiatry, ASST Fatebenefratelli Sacco, Milano, Italy."", ""year"": ""2021""}"
PUB000007	PMID:32929080	mentions_gene	HGNC:1497	PubMed	32929080	https://pubmed.ncbi.nlm.nih.gov/32929080/	2026-10-04	observed			Presynaptic dysfunction in CASK-related neurodevelopmental disorders.		{}
PUB000008	PERSON:becker_martin	authored	PMID:32929080	PubMed	32929080	https://pubmed.ncbi.nlm.nih.gov/32929080/	2026-10-04	observed			Martin Becker		"{""position"": ""first author"", ""affiliation"": ""Center of Neurodevelopmental Disorders (KIND), Division of Neuropsychiatry, Department of Women's and Children's Health, Karolinska Institutet, and Center for Psychiatry Research, Region Stockholm, Sweden."", ""year"": ""2020""}"
PUB000009	PERSON:tammimies_kristiina	authored	PMID:32929080	PubMed	32929080	https://pubmed.ncbi.nlm.nih.gov/32929080/	2026-10-04	observed			Kristiina Tammimies		"{""position"": ""last author"", ""affiliation"": ""Center of Neurodevelopmental Disorders (KIND), Division of Neuropsychiatry, Department of Women's and Children's Health, Karolinska Institutet, and Center for Psychiatry Research, Region Stockholm, Sweden. kristiina.tammimies@ki.se."", ""year"": ""2020""}"
PUB000010	PMID:20595373	mentions_gene	HGNC:1497	PubMed	20595373	https://pubmed.ncbi.nlm.nih.gov/20595373/	2026-10-04	observed			Neuroradiologic features of CASK mutations.		{}
PUB000011	PMID:37628707	mentions_gene	HGNC:1497	PubMed	37628707	https://pubmed.ncbi.nlm.nih.gov/37628707/	2026-10-04	observed			Diverse Clinical Phenotypes of CASK-Related Disorders and Multiple Functional Domains of CASK Protein.		{}
PUB000012	PERSON:mori_takuma	authored	PMID:37628707	PubMed	37628707	https://pubmed.ncbi.nlm.nih.gov/37628707/	2026-10-04	observed			Takuma Mori		"{""position"": ""first author"", ""affiliation"": ""Department of Neuroinnovation, Institute for Biomedical Sciences, Interdisciplinary Cluster for Cutting Edge Research, Shinshu University, Matsumoto 390-8621, Japan."", ""year"": ""2023""}"
PUB000013	PERSON:tabuchi_katsuhiko	authored	PMID:37628707	PubMed	37628707	https://pubmed.ncbi.nlm.nih.gov/37628707/	2026-10-04	observed			Katsuhiko Tabuchi		"{""position"": ""last author"", ""affiliation"": ""Department of Neuroinnovation, Institute for Biomedical Sciences, Interdisciplinary Cluster for Cutting Edge Research, Shinshu University, Matsumoto 390-8621, Japan."", ""year"": ""2023""}"
PUB000014	PMID:23863172	mentions_gene	HGNC:1497	PubMed	23863172	https://pubmed.ncbi.nlm.nih.gov/23863172/	2026-10-04	observed			Mutations in the CASK gene in humans result in phenotypes that range from intellectual disability to lethality.		{}
PUB000015	PERSON:laconte_leslie	authored	PMID:23863172	PubMed	23863172	https://pubmed.ncbi.nlm.nih.gov/23863172/	2026-10-04	observed			Leslie LaConte		"{""position"": ""first author"", ""affiliation"": ""VTCRI (Virginia Tech Carilion Research Institute), 2 Riverside Circle, Roanoke, VA 24016, USA."", ""year"": ""2013""}"
PUB000016	PERSON:mukherjee_konark	authored	PMID:23863172	PubMed	23863172	https://pubmed.ncbi.nlm.nih.gov/23863172/	2026-10-04	observed			Konark Mukherjee		"{""position"": ""last author"", ""affiliation"": """", ""year"": ""2013""}"
PUB000017	PMID:25765806	mentions_gene	HGNC:1497	PubMed	25765806	https://pubmed.ncbi.nlm.nih.gov/25765806/	2026-10-04	observed			Late-onset epileptic spasms in a female patient with a CASK mutation.		{}
PUB000018	PERSON:nakajiri_tomoshi	authored	PMID:25765806	PubMed	25765806	https://pubmed.ncbi.nlm.nih.gov/25765806/	2026-10-04	observed			Tomoshi Nakajiri		"{""position"": ""first author"", ""affiliation"": ""Department of Child Neurology, Okayama University Graduate School of Medicine, Dentistry and Pharmaceutical Sciences and Okayama University Hospital, Okayama, Japan; Department of Pediatrics, Kakogawa West City Hospital, Kakogawa, Japan."", ""year"": ""2015""}"
PUB000019	PERSON:yoshinaga_harumi	authored	PMID:25765806	PubMed	25765806	https://pubmed.ncbi.nlm.nih.gov/25765806/	2026-10-04	observed			Harumi Yoshinaga		"{""position"": ""last author"", ""affiliation"": ""Department of Child Neurology, Okayama University Graduate School of Medicine, Dentistry and Pharmaceutical Sciences and Okayama University Hospital, Okayama, Japan."", ""year"": ""2015""}"
PUB000020	PMID:25886057	mentions_gene	HGNC:1497	PubMed	25886057	https://pubmed.ncbi.nlm.nih.gov/25886057/	2026-10-04	observed			Phenotypic and molecular insights into CASK-related disorders in males.		{}
PUB000021	PERSON:moog_ute	authored	PMID:25886057	PubMed	25886057	https://pubmed.ncbi.nlm.nih.gov/25886057/	2026-10-04	observed			Ute Moog		"{""position"": ""first author"", ""affiliation"": ""Institute of Human Genetics, Heidelberg University, Heidelberg, Germany. ute.moog@med.uni-heidelberg.de."", ""year"": ""2015""}"
PUB000022	PERSON:kutsche_kerstin	authored	PMID:25886057	PubMed	25886057	https://pubmed.ncbi.nlm.nih.gov/25886057/	2026-10-04	observed			Kerstin Kutsche		"{""position"": ""last author"", ""affiliation"": ""Institute of Human Genetics, University Medical Center Hamburg-Eppendorf, Martinistraße 52, 20246, Hamburg, Germany. kkutsche@uke.de."", ""year"": ""2015""}"
PUB000023	PMID:32348748	mentions_gene	HGNC:1497	PubMed	32348748	https://pubmed.ncbi.nlm.nih.gov/32348748/	2026-10-04	observed			The CASK/Mint1 complex structure provides mechanistic explanations for several CASK mutations identified in patients with brain disorders and cancers.		{}
PUB000024	PERSON:wu_xiandeng	authored	PMID:32348748	PubMed	32348748	https://pubmed.ncbi.nlm.nih.gov/32348748/	2026-10-04	observed			Xiandeng Wu		"{""position"": ""first author"", ""affiliation"": ""Division of Life Science, State Key Laboratory of Molecular Neuroscience, Hong Kong University of Science and Technology, Clear Water Bay, Kowloon, Hong Kong, China."", ""year"": ""2020""}"
PUB000025	PERSON:zhang_mingjie	authored	PMID:32348748	PubMed	32348748	https://pubmed.ncbi.nlm.nih.gov/32348748/	2026-10-04	observed			Mingjie Zhang		"{""position"": ""last author"", ""affiliation"": ""Division of Life Science, State Key Laboratory of Molecular Neuroscience, Hong Kong University of Science and Technology, Clear Water Bay, Kowloon, Hong Kong, China; Center of Systems Biology and Human Health, Hong Kong University of Science and Technology, Clear Water Bay, Kowloon, Hong Kong, China"", ""year"": ""2020""}"
PUB000026	PMID:24505460	mentions_gene	HGNC:1497	PubMed	24505460	https://pubmed.ncbi.nlm.nih.gov/24505460/	2026-10-04	observed			Finally, we developed a simple high-throughput imaging assay to measure the misfolding propensity of the CASK mutants in situ.		{}
PUB000027	PERSON:laconte_leslie	authored	PMID:24505460	PubMed	24505460	https://pubmed.ncbi.nlm.nih.gov/24505460/	2026-10-04	observed			Leslie E W LaConte		"{""position"": ""first author"", ""affiliation"": ""Virginia Tech Carilion Research Institute, Virginia Tech, Roanoke, Virginia, United States of America."", ""year"": ""2014""}"
PUB000028	PERSON:mukherjee_konark	authored	PMID:24505460	PubMed	24505460	https://pubmed.ncbi.nlm.nih.gov/24505460/	2026-10-04	observed			Konark Mukherjee		"{""position"": ""last author"", ""affiliation"": ""Virginia Tech Carilion Research Institute, Virginia Tech, Roanoke, Virginia, United States of America ; Department of Biological Sciences, Virginia Tech, Blacksburg, Virginia, United States of America."", ""year"": ""2014""}"
PUB000029	PMID:29067402	mentions_gene	HGNC:1497	PubMed	29067402	https://pubmed.ncbi.nlm.nih.gov/29067402/	2026-10-04	observed			METHODS: Based on the robust linkage between X-linked CASK haploinsufficiency and clinically diagnosed ONH, we hypothesized that heterozygous deletion of CASK (CASK(+/-)) in rodents will produce an optic nerve pathology closely recapitulating ONH.		{}
PUB000030	PERSON:liang_chen	authored	PMID:29067402	PubMed	29067402	https://pubmed.ncbi.nlm.nih.gov/29067402/	2026-10-04	observed			Chen Liang		"{""position"": ""first author"", ""affiliation"": ""Developmental and Translational Neurobiology Center, Virginia Tech Carilion Research Institute, Roanoke, Virginia, United States."", ""year"": ""2017""}"
PUB000031	PERSON:mukherjee_konark	authored	PMID:29067402	PubMed	29067402	https://pubmed.ncbi.nlm.nih.gov/29067402/	2026-10-04	observed			Konark Mukherjee		"{""position"": ""last author"", ""affiliation"": ""Developmental and Translational Neurobiology Center, Virginia Tech Carilion Research Institute, Roanoke, Virginia, United States."", ""year"": ""2017""}"
PUB000032	PMID:19847910	mentions_gene	HGNC:1497	PubMed	19847910	https://pubmed.ncbi.nlm.nih.gov/19847910/	2026-10-04	observed			Insertional mutations or targeted disruption of the CASK gene in mice results in neonatal lethality, indicating an important role for CASK in development.		{}
PUB000033	PERSON:hsueh_yi	authored	PMID:19847910	PubMed	19847910	https://pubmed.ncbi.nlm.nih.gov/19847910/	2026-10-04	observed			Yi-Ping Hsueh		"{""position"": ""first author"", ""affiliation"": ""Institute of Molecular Biology, Academia Sinica, Taipei, Taiwan. yph@gate.sinica.edu.tw"", ""year"": ""2009""}"
PUB000034	PERSON:hsueh_yi	authored	PMID:19847910	PubMed	19847910	https://pubmed.ncbi.nlm.nih.gov/19847910/	2026-10-04	observed			Yi-Ping Hsueh		"{""position"": ""last author"", ""affiliation"": ""Institute of Molecular Biology, Academia Sinica, Taipei, Taiwan. yph@gate.sinica.edu.tw"", ""year"": ""2009""}"
PUB000035	PMID:26539891	mentions_gene	HGNC:2309	PubMed	26539891	https://pubmed.ncbi.nlm.nih.gov/26539891/	2026-10-04	observed			Among the candidate genes identified, we found PRUNE, VARS, and DHX37 in multiple families and homozygous loss-of-function variants in AGBL2, SLC18A2, SMARCA1, UBQLN1, and CPLX1.		{}
PUB000036	PERSON:karaca_ender	authored	PMID:26539891	PubMed	26539891	https://pubmed.ncbi.nlm.nih.gov/26539891/	2026-10-04	observed			Ender Karaca		"{""position"": ""first author"", ""affiliation"": ""Department of Molecular and Human Genetics, Baylor College of Medicine, Houston, TX 77030, USA."", ""year"": ""2015""}"
PUB000037	PERSON:lupski_james	authored	PMID:26539891	PubMed	26539891	https://pubmed.ncbi.nlm.nih.gov/26539891/	2026-10-04	observed			James R Lupski		"{""position"": ""last author"", ""affiliation"": ""Department of Molecular and Human Genetics, Baylor College of Medicine, Houston, TX 77030, USA; Human Genome Sequencing Center, Baylor College of Medicine, Houston, TX 77030, USA; Department of Pediatrics, Baylor College of Medicine, Houston, TX 77030, USA; Texas Children's Hospital, Houston, TX 770"", ""year"": ""2015""}"
PUB000038	PMID:28422131	mentions_gene	HGNC:2309	PubMed	28422131	https://pubmed.ncbi.nlm.nih.gov/28422131/	2026-10-04	observed			Variants in CPLX1 in two families with autosomal-recessive severe infantile myoclonic epilepsy and ID.		{}
PUB000039	PERSON:redler_silke	authored	PMID:28422131	PubMed	28422131	https://pubmed.ncbi.nlm.nih.gov/28422131/	2026-10-04	observed			Silke Redler		"{""position"": ""first author"", ""affiliation"": ""Heinrich-Heine-University, Medical Faculty, Institute of Human Genetics, Düsseldorf, Germany."", ""year"": ""2017""}"
PUB000040	PERSON:wieczorek_dagmar	authored	PMID:28422131	PubMed	28422131	https://pubmed.ncbi.nlm.nih.gov/28422131/	2026-10-04	observed			Dagmar Wieczorek		"{""position"": ""last author"", ""affiliation"": ""Heinrich-Heine-University, Medical Faculty, Institute of Human Genetics, Düsseldorf, Germany."", ""year"": ""2017""}"
PUB000041	PMID:17188502	mentions_gene	HGNC:2309	PubMed	17188502	https://pubmed.ncbi.nlm.nih.gov/17188502/	2026-10-04	observed			Adult complexin 1 knockout (Cplx1(-/-)) mice are severely ataxic and show deficits in exploration and emotional reactivity.		{}
PUB000042	PERSON:glynn_dervila	authored	PMID:17188502	PubMed	17188502	https://pubmed.ncbi.nlm.nih.gov/17188502/	2026-10-04	observed			Dervila Glynn		"{""position"": ""first author"", ""affiliation"": ""Department of Pharmacology, University of Cambridge, Tennis Court Road, Cambridge CB2 1PD, UK."", ""year"": ""2007""}"
PUB000043	PMID:29499164	mentions_gene	HGNC:2309	PubMed	29499164	https://pubmed.ncbi.nlm.nih.gov/29499164/	2026-10-04	observed			As proof of principle, we confirm that the nigrostriatal pathway is compromised in Cplx1-null mice.		{}
PUB000044	PERSON:hook_paul	authored	PMID:29499164	PubMed	29499164	https://pubmed.ncbi.nlm.nih.gov/29499164/	2026-10-04	observed			Paul W Hook		"{""position"": ""first author"", ""affiliation"": ""McKusick-Nathans Institute of Genetic Medicine, Johns Hopkins University School of Medicine, Baltimore, MD 21205, USA."", ""year"": ""2018""}"
PUB000045	PERSON:mccallion_andrew	authored	PMID:29499164	PubMed	29499164	https://pubmed.ncbi.nlm.nih.gov/29499164/	2026-10-04	observed			Andrew S McCallion		"{""position"": ""last author"", ""affiliation"": ""McKusick-Nathans Institute of Genetic Medicine, Johns Hopkins University School of Medicine, Baltimore, MD 21205, USA; Department of Comparative and Molecular Pathobiology, Johns Hopkins University School of Medicine, Baltimore, MD 21205, USA; Department of Medicine, Johns Hopkins University School "", ""year"": ""2018""}"
PUB000046	PMID:17652102	mentions_gene	HGNC:2309	PubMed	17652102	https://pubmed.ncbi.nlm.nih.gov/17652102/	2026-10-04	observed			Abnormal expression of complexin 1 (Cplx1) is seen in several neurodegenerative and psychiatric disorders in which disturbed social behaviour is commonplace.		{}
PUB000047	PERSON:drew_cheney	authored	PMID:17652102	PubMed	17652102	https://pubmed.ncbi.nlm.nih.gov/17652102/	2026-10-04	observed			Cheney J G Drew		"{""position"": ""first author"", ""affiliation"": ""Department of Pharmacology, University fo Cambridge, UK."", ""year"": ""2007""}"
PUB000048	PMID:22393426	mentions_gene	HGNC:2309	PubMed	22393426	https://pubmed.ncbi.nlm.nih.gov/22393426/	2026-10-04	observed			Cplx1 knockout mice (Cplx1(-/-)) have the earliest known onset of ataxia seen in a mouse model, although hitherto no histopathology has been described in these mice.		{}
PUB000049	PERSON:kielar_catherine	authored	PMID:22393426	PubMed	22393426	https://pubmed.ncbi.nlm.nih.gov/22393426/	2026-10-04	observed			Catherine Kielar		"{""position"": ""first author"", ""affiliation"": ""Department of Pharmacology, University of Cambridge, Cambridge, United Kingdom."", ""year"": ""2012""}"
PUB000050	PMID:29118371	mentions_gene	HGNC:2309	PubMed	29118371	https://pubmed.ncbi.nlm.nih.gov/29118371/	2026-10-04	observed			MIR137 dysfunction results in downregulation of presynaptic target gene complexin 1 (CPLX1) and impairs synaptic plasticity in the hippocampus.		{}
PUB000051	PERSON:lu_weihong	authored	PMID:29118371	PubMed	29118371	https://pubmed.ncbi.nlm.nih.gov/29118371/	2026-10-04	observed			Weihong Lu		"{""position"": ""first author"", ""affiliation"": ""Schizophrenia Program, Shanghai Mental Health Center, Shanghai Jiao Tong University School of Medicine, Shanghai, China."", ""year"": ""2017""}"
PUB000052	PERSON:zhang_chen	authored	PMID:29118371	PubMed	29118371	https://pubmed.ncbi.nlm.nih.gov/29118371/	2026-10-04	observed			Chen Zhang		"{""position"": ""last author"", ""affiliation"": ""Schizophrenia Program, Shanghai Mental Health Center, Shanghai Jiao Tong University School of Medicine, Shanghai, China. zhangchen645@gmail.com."", ""year"": ""2017""}"
PUB000053	PMID:31875236	mentions_gene	HGNC:2309	PubMed	31875236	https://pubmed.ncbi.nlm.nih.gov/31875236/	2026-10-04	observed			Complexin I (CPLX1), a presynaptic small molecule protein, forms SNARE complex in the central nervous system involved in the anchoring, pre-excitation, and fusion of axonal end vesicles.		{}
PUB000054	PERSON:xu_yang	authored	PMID:31875236	PubMed	31875236	https://pubmed.ncbi.nlm.nih.gov/31875236/	2026-10-04	observed			Yang Xu		"{""position"": ""first author"", ""affiliation"": ""Institute of Neurological Disease, Department of Anesthesiology, Translational Neuroscience Center, West China Hospital, Sichuan University & The Research Units of West China, Chinese Academy of Medical Sciences, Chengdu, 610041, China."", ""year"": ""2020""}"
PUB000055	PERSON:wang_ting	authored	PMID:31875236	PubMed	31875236	https://pubmed.ncbi.nlm.nih.gov/31875236/	2026-10-04	observed			Ting-Hua Wang		"{""position"": ""last author"", ""affiliation"": ""Institute of Neurological Disease, Department of Anesthesiology, Translational Neuroscience Center, West China Hospital, Sichuan University & The Research Units of West China, Chinese Academy of Medical Sciences, Chengdu, 610041, China. wangtinghua@vip.163.com."", ""year"": ""2020""}"
PUB000056	PMID:26005852	mentions_gene	HGNC:2309	PubMed	26005852	https://pubmed.ncbi.nlm.nih.gov/26005852/	2026-10-04	observed			microRNA-137 gain of function caused downregulation of the presynaptic target genes complexin-1 (Cplx1), Nsf and synaptotagmin-1 (Syt1), leading to impaired vesicle release.		{}
PUB000057	PERSON:siegert_sandra	authored	PMID:26005852	PubMed	26005852	https://pubmed.ncbi.nlm.nih.gov/26005852/	2026-10-04	observed			Sandra Siegert		"{""position"": ""first author"", ""affiliation"": ""1] Picower Institute for Learning and Memory, Massachusetts Institute of Technology (MIT), Cambridge, Massachusetts, USA. [2] Department of Brain and Cognitive Sciences, MIT, Cambridge, Massachusetts, USA."", ""year"": ""2015""}"
PUB000058	PERSON:tsai_li	authored	PMID:26005852	PubMed	26005852	https://pubmed.ncbi.nlm.nih.gov/26005852/	2026-10-04	observed			Li-Huei Tsai		"{""position"": ""last author"", ""affiliation"": ""1] Picower Institute for Learning and Memory, Massachusetts Institute of Technology (MIT), Cambridge, Massachusetts, USA. [2] Department of Brain and Cognitive Sciences, MIT, Cambridge, Massachusetts, USA. [3] Broad Institute of MIT and Harvard, Cambridge, Massachusetts, USA."", ""year"": ""2015""}"
PUB000059	PMID:25698939	mentions_gene	HGNC:2309	PubMed	25698939	https://pubmed.ncbi.nlm.nih.gov/25698939/	2026-10-04	observed			Cplx1 and Npas1, expressed in the RN, are transcription factors involved in neurotransmitter release, neuronal maturation and motor function processes among others.		{}
PUB000060	PERSON:martinez-lopez_jesus	authored	PMID:25698939	PubMed	25698939	https://pubmed.ncbi.nlm.nih.gov/25698939/	2026-10-04	observed			Jesus E Martinez-Lopez		"{""position"": ""first author"", ""affiliation"": ""Instituto de Neurociencias de Alicante, Universidad Miguel Hernandez, Consejo Superior de Investigaciones Científicas (UMH-CSIC) San Juan de Alicante, Alicante, Spain."", ""year"": ""2015""}"
PUB000061	PERSON:puelles_eduardo	authored	PMID:25698939	PubMed	25698939	https://pubmed.ncbi.nlm.nih.gov/25698939/	2026-10-04	observed			Eduardo Puelles		"{""position"": ""last author"", ""affiliation"": ""Instituto de Neurociencias de Alicante, Universidad Miguel Hernandez, Consejo Superior de Investigaciones Científicas (UMH-CSIC) San Juan de Alicante, Alicante, Spain."", ""year"": ""2015""}"
PUB000062	PMID:25339750	mentions_gene	HGNC:2309	PubMed	25339750	https://pubmed.ncbi.nlm.nih.gov/25339750/	2026-10-04	observed			We observed bidirectional regulation of novel PGC-1α-dependent transcripts spanning synaptic [synaptotagmin 2 (Syt2) and complexin 1 (Cplx1)], structural [neurofilament heavy chain (Nefh)], and metabolic [neutral cholesterol ester hydrolase 1 (Nceh1), adenylate kinase 1 (Ak1), inositol polyphosphate		{}
PUB000063	PERSON:lucas_elizabeth	authored	PMID:25339750	PubMed	25339750	https://pubmed.ncbi.nlm.nih.gov/25339750/	2026-10-04	observed			Elizabeth K Lucas		"{""position"": ""first author"", ""affiliation"": ""Departments of Psychiatry and Behavioral Neurobiology."", ""year"": ""2014""}"
PUB000064	PERSON:cowell_rita	authored	PMID:25339750	PubMed	25339750	https://pubmed.ncbi.nlm.nih.gov/25339750/	2026-10-04	observed			Rita M Cowell		"{""position"": ""last author"", ""affiliation"": ""Departments of Psychiatry and Behavioral Neurobiology, rcowell@uab.edu."", ""year"": ""2014""}"
PUB000065	PMID:16000319	mentions_gene	HGNC:2309	PubMed	16000319	https://pubmed.ncbi.nlm.nih.gov/16000319/	2026-10-04	observed			Here, we characterize the behavioural phenotype of Cplx1 knockout (Cplx1-/-) mice.		{}
PUB000066	PERSON:glynn_dervila	authored	PMID:16000319	PubMed	16000319	https://pubmed.ncbi.nlm.nih.gov/16000319/	2026-10-04	observed			Dervila Glynn		"{""position"": ""first author"", ""affiliation"": ""Department of Pharmacology, University of Cambridge, UK."", ""year"": ""2005""}"
PUB000067	PMID:25112678	mentions_gene	HGNC:2309	PubMed	25112678	https://pubmed.ncbi.nlm.nih.gov/25112678/	2026-10-04	observed			In particular complexin-1 (Cplx1), Rabl2a and 14-3-3epsilon (Ywhae) downregulation, as well as upregulation of the midbrain-specific factor forkhead box P1 (Foxp1) and of Rabgef1, were interesting as early mRNA level effects of alpha-synuclein triggered pathology.		{}
PUB000068	PERSON:gispert_suzana	authored	PMID:25112678	PubMed	25112678	https://pubmed.ncbi.nlm.nih.gov/25112678/	2026-10-04	observed			Suzana Gispert		"{""position"": ""first author"", ""affiliation"": ""Exp. Neurology, Goethe University Medical School, Building 89, Theodor Stern Kai 7, 60590, Frankfurt am Main, Germany."", ""year"": ""2015""}"
PUB000069	PERSON:auburger_georg	authored	PMID:25112678	PubMed	25112678	https://pubmed.ncbi.nlm.nih.gov/25112678/	2026-10-04	observed			Georg Auburger		"{""position"": ""last author"", ""affiliation"": """", ""year"": ""2015""}"
PUB000070	PMID:28108469	mentions_gene	HGNC:2309	PubMed	28108469	https://pubmed.ncbi.nlm.nih.gov/28108469/	2026-10-04	observed			Downregulation of complexin 1 (CPLX1) mRNA was correlated with genotype, but the expression of other Parkinson's disease genes was not.		{}
PUB000071	PERSON:lahut_suna	authored	PMID:28108469	PubMed	28108469	https://pubmed.ncbi.nlm.nih.gov/28108469/	2026-10-04	observed			Suna Lahut		"{""position"": ""first author"", ""affiliation"": ""Experimental Neurology, Goethe University Medical School, Frankfurt/Main 60590, Germany."", ""year"": ""2017""}"
PUB000072	PERSON:auburger_georg	authored	PMID:28108469	PubMed	28108469	https://pubmed.ncbi.nlm.nih.gov/28108469/	2026-10-04	observed			Georg Auburger		"{""position"": ""last author"", ""affiliation"": ""Experimental Neurology, Goethe University Medical School, Frankfurt/Main 60590, Germany auburger@em.uni-frankfurt.de."", ""year"": ""2017""}"
PUB000073	PMID:35278209	mentions_gene	HGNC:2309	PubMed	35278209	https://pubmed.ncbi.nlm.nih.gov/35278209/	2026-10-04	observed			The proximity among the previous reported haploinsufficient candidate genes (PIGG, CPLX1, CTBP1, LETM1) and disease genes associated with epilepsy suggests not just one, but different impaired mechanisms in cellular networks responsible for the balance of neuronal activity in WHS patients, from whic		{}
PUB000074	PERSON:corr-a_thiago	authored	PMID:35278209	PubMed	35278209	https://pubmed.ncbi.nlm.nih.gov/35278209/	2026-10-04	observed			Thiago Corrêa		"{""position"": ""first author"", ""affiliation"": ""Genetics Department, Institute of Biosciences, Federal University of Rio Grande Do Sul, Porto Alegre, Brazil. thiagocorrea@ufrgs.br."", ""year"": ""2022""}"
PUB000075	PMID:24738919	mentions_gene	HGNC:2309	PubMed	24738919	https://pubmed.ncbi.nlm.nih.gov/24738919/	2026-10-04	observed			Real-time polymerase chain reaction (RT-PCR) on messanger RNA (mRNA) of LETM1 and CPLX1.		{}
PUB000076	PERSON:zollino_marcella	authored	PMID:24738919	PubMed	24738919	https://pubmed.ncbi.nlm.nih.gov/24738919/	2026-10-04	observed			Marcella Zollino		"{""position"": ""first author"", ""affiliation"": ""Institute of Medical Genetics, Catholic University, University Hospital A. Gemelli, Roma, Italy."", ""year"": ""2014""}"
PUB000077	PERSON:battaglia_domenica	authored	PMID:24738919	PubMed	24738919	https://pubmed.ncbi.nlm.nih.gov/24738919/	2026-10-04	observed			Domenica Battaglia		"{""position"": ""last author"", ""affiliation"": """", ""year"": ""2014""}"
PUB000078	PMID:41188235	mentions_gene	HGNC:2309	PubMed	41188235	https://pubmed.ncbi.nlm.nih.gov/41188235/	2026-10-04	observed			These phenotypes were associated with enhanced excitatory transmission within the mPFC-NAc circuit, mediated by the synaptic regulator CPLX1.		{}
PUB000079	PERSON:yang_tengfei	authored	PMID:41188235	PubMed	41188235	https://pubmed.ncbi.nlm.nih.gov/41188235/	2026-10-04	observed			Tengfei Yang		"{""position"": ""first author"", ""affiliation"": ""Key Laboratory of Mental Health of the Ministry of Education, Guangdong-Hong Kong-Macao Greater Bay Area Center for Brain Science and Brain-Inspired Intelligence, Guangdong-Hong Kong Joint Laboratory for Psychiatric Disorders, Guangdong Province Key Laboratory of Psychiatric Disorders, Guangdong Bas"", ""year"": ""2025""}"
PUB000080	PERSON:zhao_cunyou	authored	PMID:41188235	PubMed	41188235	https://pubmed.ncbi.nlm.nih.gov/41188235/	2026-10-04	observed			Cunyou Zhao		"{""position"": ""last author"", ""affiliation"": ""Key Laboratory of Mental Health of the Ministry of Education, Guangdong-Hong Kong-Macao Greater Bay Area Center for Brain Science and Brain-Inspired Intelligence, Guangdong-Hong Kong Joint Laboratory for Psychiatric Disorders, Guangdong Province Key Laboratory of Psychiatric Disorders, Guangdong Bas"", ""year"": ""2025""}"
PUB000081	PMID:26019341	mentions_gene	HGNC:2309	PubMed	26019341	https://pubmed.ncbi.nlm.nih.gov/26019341/	2026-10-04	observed			We therefore studied consequences of genetic ablation of Cplx1 in the mouse calyx of Held synapse, and discovered a developmentally exacerbating phenotype of reduced spontaneous and evoked transmission but excessive asynchronous release after stimulation, compatible with combined facilitating and cl		{}
PUB000082	PERSON:chang_shuwen	authored	PMID:26019341	PubMed	26019341	https://pubmed.ncbi.nlm.nih.gov/26019341/	2026-10-04	observed			Shuwen Chang		"{""position"": ""first author"", ""affiliation"": ""Department of Membrane Biophysics, Max Planck Institute for Biophysical Chemistry, 37077 Göttingen, Germany."", ""year"": ""2015""}"
PUB000083	PERSON:taschenberger_holger	authored	PMID:26019341	PubMed	26019341	https://pubmed.ncbi.nlm.nih.gov/26019341/	2026-10-04	observed			Holger Taschenberger		"{""position"": ""last author"", ""affiliation"": ""Department of Membrane Biophysics, Max Planck Institute for Biophysical Chemistry, 37077 Göttingen, Germany, Department of Molecular Neurobiology, Max Planck Institute of Experimental Medicine, 37075 Göttingen, Germany, and DFG-Research Center for Nanoscale Microscopy and Molecular Physiology of the"", ""year"": ""2015""}"
PUB000084	PMID:38110787	mentions_gene	HGNC:2309	PubMed	38110787	https://pubmed.ncbi.nlm.nih.gov/38110787/	2026-10-04	observed			Generation of iPSC lines (KAIMRCi003A, KAIMRCi003B) from a Saudi patient with Dravet syndrome carrying homozygous mutation in the CPLX1 gene and heterozygous mutation in SCN9A.		{}
PUB000085	PERSON:alowaysi_maryam	authored	PMID:38110787	PubMed	38110787	https://pubmed.ncbi.nlm.nih.gov/38110787/	2026-10-04	observed			Maryam Alowaysi		"{""position"": ""first author"", ""affiliation"": ""King Abdullah International Medical Research Center (KAIMRC), King Abdulaziz Medical City, King Saud Bin Abdulaziz University for Health Sciences, Jeddah, Saudi Arabia."", ""year"": ""2024""}"
PUB000086	PERSON:alsayegh_khaled	authored	PMID:38110787	PubMed	38110787	https://pubmed.ncbi.nlm.nih.gov/38110787/	2026-10-04	observed			Khaled Alsayegh		"{""position"": ""last author"", ""affiliation"": ""King Abdullah International Medical Research Center (KAIMRC), King Abdulaziz Medical City, King Saud Bin Abdulaziz University for Health Sciences, Jeddah, Saudi Arabia. alsayeghkn@Kaimrc.edu.sa."", ""year"": ""2024""}"
PUB000087	PMID:38671141	mentions_gene	HGNC:2309	PubMed	38671141	https://pubmed.ncbi.nlm.nih.gov/38671141/	2026-10-04	observed			Evaluating mRNA expression, splicing, plasma protein levels, and coding effects, we highlight seven putative causal genes at these loci, including CA3 and CPLX1.		{}
PUB000088	PERSON:skuladottir_astros	authored	PMID:38671141	PubMed	38671141	https://pubmed.ncbi.nlm.nih.gov/38671141/	2026-10-04	observed			Astros Th Skuladottir		"{""position"": ""first author"", ""affiliation"": ""deCODE genetics/Amgen Inc., Reykjavik, Iceland. astros.skuladottir@decode.is."", ""year"": ""2024""}"
PUB000089	PERSON:stefansson_kari	authored	PMID:38671141	PubMed	38671141	https://pubmed.ncbi.nlm.nih.gov/38671141/	2026-10-04	observed			Kari Stefansson		"{""position"": ""last author"", ""affiliation"": ""deCODE genetics/Amgen Inc., Reykjavik, Iceland. kstefans@decode.is."", ""year"": ""2024""}"
PUB000090	PMID:34788174	mentions_gene	HGNC:2309	PubMed	34788174	https://pubmed.ncbi.nlm.nih.gov/34788174/	2026-10-04	observed			We show here that knocking down PGC-1α specifically in the PV-expressing cells (PGC-1αPV-/-) blocks the activity-dependent regulation of the synaptic proteins, SYT2 and CPLX1.		{}
PUB000091	PERSON:mackenzie-gray-scott_connie	authored	PMID:34788174	PubMed	34788174	https://pubmed.ncbi.nlm.nih.gov/34788174/	2026-10-04	observed			Connie Mackenzie-Gray Scott		"{""position"": ""first author"", ""affiliation"": ""Medical School, Newcastle University Biosciences Institute, Newcastle upon Tyne, United Kingdom."", ""year"": ""2022""}"
PUB000092	PERSON:trevelyan_andrew	authored	PMID:34788174	PubMed	34788174	https://pubmed.ncbi.nlm.nih.gov/34788174/	2026-10-04	observed			Andrew J Trevelyan		"{""position"": ""last author"", ""affiliation"": ""Medical School, Newcastle University Biosciences Institute, Newcastle upon Tyne, United Kingdom."", ""year"": ""2022""}"
PUB000093	PMID:35359639	mentions_gene	HGNC:2309	PubMed	35359639	https://pubmed.ncbi.nlm.nih.gov/35359639/	2026-10-04	observed			Only one study was recorded for CHD2, CPLX1, HCN1 and KCNA2, respectively.		{}
PUB000094	PERSON:ding_jiangwei	authored	PMID:35359639	PubMed	35359639	https://pubmed.ncbi.nlm.nih.gov/35359639/	2026-10-04	observed			Jiangwei Ding		"{""position"": ""first author"", ""affiliation"": ""Ningxia Key Laboratory of Cerebrocranial Disease, The Incubation Base of National Key Laboratory, Ningxia Medical University, Yinchuan, China."", ""year"": ""2022""}"
PUB000095	PERSON:sun_tao	authored	PMID:35359639	PubMed	35359639	https://pubmed.ncbi.nlm.nih.gov/35359639/	2026-10-04	observed			Tao Sun		"{""position"": ""last author"", ""affiliation"": ""Ningxia Key Laboratory of Cerebrocranial Disease, The Incubation Base of National Key Laboratory, Ningxia Medical University, Yinchuan, China."", ""year"": ""2022""}"
PUB000096	PMID:42041567	mentions_gene	HGNC:2309	PubMed	42041567	https://pubmed.ncbi.nlm.nih.gov/42041567/	2026-10-04	observed			In all fractions, reductions in Kif5a, Rph3a, and Cplx1 were noted versus disease-specific inductions of ribosomal subunits, presumably mirroring the partial loss-of-function of ATXN2 as RNA translation modulator.		{}
PUB000097	PERSON:auburger_georg	authored	PMID:42041567	PubMed	42041567	https://pubmed.ncbi.nlm.nih.gov/42041567/	2026-10-04	observed			Georg Auburger		"{""position"": ""first author"", ""affiliation"": ""Experimental Neurology, Clinic of Neurology, University Hospital, Goethe University Frankfurt, Heinrich-Hoffmann-Str. 7, 60528 Frankfurt am Main, Germany."", ""year"": ""2026""}"
PUB000098	PERSON:key_jana	authored	PMID:42041567	PubMed	42041567	https://pubmed.ncbi.nlm.nih.gov/42041567/	2026-10-04	observed			Jana Key		"{""position"": ""last author"", ""affiliation"": ""Experimental Neurology, Clinic of Neurology, University Hospital, Goethe University Frankfurt, Heinrich-Hoffmann-Str. 7, 60528 Frankfurt am Main, Germany."", ""year"": ""2026""}"
PUB000099	PMID:40088508	mentions_gene	HGNC:2309	PubMed	40088508	https://pubmed.ncbi.nlm.nih.gov/40088508/	2026-10-04	observed			Commonly implicated genes were SCN1A, KCNQ2, ALDH7A1, STXBP1, TBC1D24, CDKL5, CPLX1, BRAT1, WWOX, and RHOBTB2.		{}
PUB000100	PERSON:thanuja_basavanagowda	authored	PMID:40088508	PubMed	40088508	https://pubmed.ncbi.nlm.nih.gov/40088508/	2026-10-04	observed			Basavanagowda Thanuja		"{""position"": ""first author"", ""affiliation"": ""Department of Pediatric Neurology, Jawaharlal Nehru Medical College, KLE Academy of Higher Education and Research, Belagavi, Karnataka, India."", ""year"": ""2025""}"
PUB000101	PERSON:kamate_mahesh	authored	PMID:40088508	PubMed	40088508	https://pubmed.ncbi.nlm.nih.gov/40088508/	2026-10-04	observed			Mahesh Kamate		"{""position"": ""last author"", ""affiliation"": ""Department of Pediatric Neurology, Jawaharlal Nehru Medical College, KLE Academy of Higher Education and Research, Belagavi, Karnataka, India. Electronic address: drmaheshkamate@gmail.com."", ""year"": ""2025""}"
PUB000102	PMID:29028947	mentions_gene	HGNC:4092	PubMed	29028947	https://pubmed.ncbi.nlm.nih.gov/29028947/	2026-10-04	observed			We provide evidence that DLX2 directly drives Gad1, Gad2, and Vgat expression, and show that mutants had reduced mIPSC amplitude.		{}
PUB000103	PERSON:pla_ramon	authored	PMID:29028947	PubMed	29028947	https://pubmed.ncbi.nlm.nih.gov/29028947/	2026-10-04	observed			Ramon Pla		"{""position"": ""first author"", ""affiliation"": ""Department of Psychiatry, Neuroscience Program and the Nina Ireland Laboratory of Developmental Neurobiology, University of California San Francisco, San Francisco, CA, USA."", ""year"": ""2018""}"
PUB000104	PERSON:rubenstein_john	authored	PMID:29028947	PubMed	29028947	https://pubmed.ncbi.nlm.nih.gov/29028947/	2026-10-04	observed			John L R Rubenstein		"{""position"": ""last author"", ""affiliation"": ""Department of Psychiatry, Neuroscience Program and the Nina Ireland Laboratory of Developmental Neurobiology, University of California San Francisco, San Francisco, CA, USA."", ""year"": ""2018""}"
PUB000105	PMID:36211978	mentions_gene	HGNC:4092	PubMed	36211978	https://pubmed.ncbi.nlm.nih.gov/36211978/	2026-10-04	observed			RESULTS: Several genes have been reported to associate with ADHD: DRD1, DRD2, DRD4, DAT1, TPH2, HTR1A, HTR1B, SLC6A4, HTR2A, DBH, NET1, ADRA2A, ADRA2C, CHRNA4, CHRNA7, GAD1, GRM1, GRM5, GRM7, GRM8, TARBP1, ADGRL3, FGF1, MAOA, BDNF, SNAP25, STX1A, ATXN7, and SORCS2.		{}
PUB000106	PERSON:kessi_miriam	authored	PMID:36211978	PubMed	36211978	https://pubmed.ncbi.nlm.nih.gov/36211978/	2026-10-04	observed			Miriam Kessi		"{""position"": ""first author"", ""affiliation"": ""Department of Pediatrics, Xiangya Hospital, Central South University, Changsha, China."", ""year"": ""2022""}"
PUB000107	PERSON:yin_fei	authored	PMID:36211978	PubMed	36211978	https://pubmed.ncbi.nlm.nih.gov/36211978/	2026-10-04	observed			Fei Yin		"{""position"": ""last author"", ""affiliation"": ""Department of Pediatrics, Xiangya Hospital, Central South University, Changsha, China."", ""year"": ""2022""}"
PUB000108	PMID:27277808	mentions_gene	HGNC:4092	PubMed	27277808	https://pubmed.ncbi.nlm.nih.gov/27277808/	2026-10-04	observed			We also found that mir-500 expression was significantly increased and involved in the modulation of GAD67 expression via targeting the specific site of Gad1 gene in the dorsal horn.		{}
PUB000109	PERSON:huang_zhen	authored	PMID:27277808	PubMed	27277808	https://pubmed.ncbi.nlm.nih.gov/27277808/	2026-10-04	observed			Zhen-Zhen Huang		"{""position"": ""first author"", ""affiliation"": ""Zhongshan Medical School, Guangdong Province Key Laboratory of Brain Function and Disease, Sun Yat-Sen University, Guangzhou 510080, China."", ""year"": ""2016""}"
PUB000110	PERSON:xin_wen	authored	PMID:27277808	PubMed	27277808	https://pubmed.ncbi.nlm.nih.gov/27277808/	2026-10-04	observed			Wen-Jun Xin		"{""position"": ""last author"", ""affiliation"": ""Zhongshan Medical School, Guangdong Province Key Laboratory of Brain Function and Disease, Sun Yat-Sen University, Guangzhou 510080, China, xinwj@mail.sysu.edu.cn."", ""year"": ""2016""}"
PUB000111	PMID:31294445	mentions_gene	HGNC:4092	PubMed	31294445	https://pubmed.ncbi.nlm.nih.gov/31294445/	2026-10-04	observed			Loss of Cln5 leads to altered Gad1 expression and deficits in interneuron development in mice.		{}
PUB000112	PERSON:singh_yajuvinder	authored	PMID:31294445	PubMed	31294445	https://pubmed.ncbi.nlm.nih.gov/31294445/	2026-10-04	observed			Yajuvinder Singh		"{""position"": ""first author"", ""affiliation"": ""A. I. Virtanen Institute for Molecular Sciences, University of Eastern Finland, Kuopio, Finland."", ""year"": ""2019""}"
PUB000113	PERSON:malm_tarja	authored	PMID:31294445	PubMed	31294445	https://pubmed.ncbi.nlm.nih.gov/31294445/	2026-10-04	observed			Tarja Malm		"{""position"": ""last author"", ""affiliation"": ""A. I. Virtanen Institute for Molecular Sciences, University of Eastern Finland, Kuopio, Finland."", ""year"": ""2019""}"
PUB000114	PMID:29634983	mentions_gene	HGNC:4092	PubMed	29634983	https://pubmed.ncbi.nlm.nih.gov/29634983/	2026-10-04	observed			In addition, RT-qPCR revealed that glutamate decarboxylase Gad1 (GAD 67) and Gad2 (GAD 65) mRNA expression was also upregulated in the ipsilateral hind paw of CFA-injected mice at D3.		{}
PUB000115	PERSON:lee_pa	authored	PMID:29634983	PubMed	29634983	https://pubmed.ncbi.nlm.nih.gov/29634983/	2026-10-04	observed			Pa Reum Lee		"{""position"": ""first author"", ""affiliation"": ""Department of Brain and Cognitive Sciences, College of Natural Sciences, Seoul National University, Seoul, Republic of Korea."", ""year"": ""2018""}"
PUB000116	PERSON:oh_seog	authored	PMID:29634983	PubMed	29634983	https://pubmed.ncbi.nlm.nih.gov/29634983/	2026-10-04	observed			Seog Bae Oh		"{""position"": ""last author"", ""affiliation"": ""Department of Brain and Cognitive Sciences, College of Natural Sciences, Seoul National University, Seoul, Republic of Korea; Dental Research Institute and Department of Neurobiology & Physiology, School of Dentistry, Seoul National University, Seoul, Republic of Korea. Electronic address: odolbae@s"", ""year"": ""2018""}"
PUB000117	PMID:28242442	mentions_gene	HGNC:4092	PubMed	28242442	https://pubmed.ncbi.nlm.nih.gov/28242442/	2026-10-04	observed			RESULTS & DISCUSSION: Biomarkers identified included single nucleotide polymorphism (SNP) rs1143634 of the interkeukin-1β (IL-1β) gene, SNPs rs3828275, rs3791878, and rs769391 of the glutamic acid decarboxylase 1 (GAD1) gene, SNPs rs3766553 and rs10920573 of the adenosine A1 receptor (A1AR) gene, an		{}
PUB000118	PERSON:cotter_devyn	authored	PMID:28242442	PubMed	28242442	https://pubmed.ncbi.nlm.nih.gov/28242442/	2026-10-04	observed			Devyn Cotter		"{""position"": ""first author"", ""affiliation"": ""Queen Mary, University of London, London, UK; Centre for Mind and Brain, University of California Davis, Davis, CA, USA."", ""year"": ""2017""}"
PUB000119	PERSON:neligan_aidan	authored	PMID:28242442	PubMed	28242442	https://pubmed.ncbi.nlm.nih.gov/28242442/	2026-10-04	observed			Aidan Neligan		"{""position"": ""last author"", ""affiliation"": ""Queen Mary, University of London, London, UK; Homerton University Hospital, London, UK. Electronic address: a.neligan@ucl.ac.uk."", ""year"": ""2017""}"
PUB000120	PMID:25116473	mentions_gene	HGNC:4092	PubMed	25116473	https://pubmed.ncbi.nlm.nih.gov/25116473/	2026-10-04	observed			Equal numbers of GABAergic neuron precursors genetically labeled with green fluorescent protein (GFP) were observed at P0 in Fgfr1(f/f);hGfapCre+;Gad1-GFP mutant mice.		{}
PUB000121	PERSON:smith_karen	authored	PMID:25116473	PubMed	25116473	https://pubmed.ncbi.nlm.nih.gov/25116473/	2026-10-04	observed			Karen Müller Smith		"{""position"": ""first author"", ""affiliation"": ""Child Study Center, Yale University, New Haven, Connecticut, United States of America."", ""year"": ""2014""}"
PUB000122	PERSON:vaccarino_flora	authored	PMID:25116473	PubMed	25116473	https://pubmed.ncbi.nlm.nih.gov/25116473/	2026-10-04	observed			Flora M Vaccarino		"{""position"": ""last author"", ""affiliation"": ""Child Study Center, Yale University, New Haven, Connecticut, United States of America; Department of Neurobiology, Yale University, New Haven, Connecticut, United States of America; Kavli Institute for Neuroscience, Yale University, New Haven, Connecticut, United States of America."", ""year"": ""2014""}"
PUB000123	PMID:32705143	mentions_gene	HGNC:4092	PubMed	32705143	https://pubmed.ncbi.nlm.nih.gov/32705143/	2026-10-04	observed			Early-infantile onset epilepsy and developmental delay caused by bi-allelic GAD1 variants.		{}
PUB000124	PERSON:neuray_caroline	authored	PMID:32705143	PubMed	32705143	https://pubmed.ncbi.nlm.nih.gov/32705143/	2026-10-04	observed			Caroline Neuray		"{""position"": ""first author"", ""affiliation"": ""UCL Queen Square Institute of Neurology, University College London, London, UK."", ""year"": ""2020""}"
PUB000125	PERSON:houlden_henry	authored	PMID:32705143	PubMed	32705143	https://pubmed.ncbi.nlm.nih.gov/32705143/	2026-10-04	observed			Henry Houlden		"{""position"": ""last author"", ""affiliation"": ""UCL Queen Square Institute of Neurology, University College London, London, UK."", ""year"": ""2020""}"
PUB000126	PMID:34548578	mentions_gene	HGNC:4092	PubMed	34548578	https://pubmed.ncbi.nlm.nih.gov/34548578/	2026-10-04	observed			TDP-43 regulates GAD1 mRNA splicing and GABA signaling in Drosophila CNS.		{}
PUB000127	PERSON:romano_giulia	authored	PMID:34548578	PubMed	34548578	https://pubmed.ncbi.nlm.nih.gov/34548578/	2026-10-04	observed			Giulia Romano		"{""position"": ""first author"", ""affiliation"": ""International Centre for Genetic Engineering and Biotechnology (ICGEB), Padriciano 99, 34149, Trieste, Italy. giulia.romano@icgeb.org."", ""year"": ""2021""}"
PUB000128	PERSON:feiguin_fabian	authored	PMID:34548578	PubMed	34548578	https://pubmed.ncbi.nlm.nih.gov/34548578/	2026-10-04	observed			Fabian Feiguin		"{""position"": ""last author"", ""affiliation"": ""International Centre for Genetic Engineering and Biotechnology (ICGEB), Padriciano 99, 34149, Trieste, Italy. fabian.feiguin@icgeb.org."", ""year"": ""2021""}"
PUB000129	PMID:41278630	mentions_gene	HGNC:4092	PubMed	41278630	https://pubmed.ncbi.nlm.nih.gov/41278630/	2026-10-04	observed			Proximity ligation assays validated direct EV-associated biotinylation of Ncam1, Gabrb3, and Gad1, with Gad1 showing significant upregulation in the APP NLGF cohort.		{}
PUB000130	PERSON:gibbs_brendan	authored	PMID:41278630	PubMed	41278630	https://pubmed.ncbi.nlm.nih.gov/41278630/	2026-10-04	observed			Brendan J Gibbs		"{""position"": ""first author"", ""affiliation"": """", ""year"": ""2025""}"
PUB000131	PERSON:ikezu_tsuneya	authored	PMID:41278630	PubMed	41278630	https://pubmed.ncbi.nlm.nih.gov/41278630/	2026-10-04	observed			Tsuneya Ikezu		"{""position"": ""last author"", ""affiliation"": """", ""year"": ""2025""}"
PUB000132	PMID:32286880	mentions_gene	HGNC:4092	PubMed	32286880	https://pubmed.ncbi.nlm.nih.gov/32286880/	2026-10-04	observed			Neonatally CGP-treated adults showed decreased ARC Kiss1 and ARC gonadotropin-releasing hormone (Gnrh1) and increased ARC glutamic acid decarboxylase 67 (Gad1) only in males; increased ARC GABAB receptor subunit 1 (Gabbr1) in both sexes; and decreased AVPV/PeN Th only in females.		{}
PUB000133	PERSON:bizzozzero-hiriart_marianne	authored	PMID:32286880	PubMed	32286880	https://pubmed.ncbi.nlm.nih.gov/32286880/	2026-10-04	observed			Marianne Bizzozzero-Hiriart		"{""position"": ""first author"", ""affiliation"": ""Laboratorio de Neuroendocrinología, Instituto de Biología y Medicina Experimental, Consejo Nacional de Investigaciones Científicas y Técnicas, Buenos Aires, Argentina."", ""year"": ""2020""}"
PUB000134	PERSON:lux-lantos_victoria	authored	PMID:32286880	PubMed	32286880	https://pubmed.ncbi.nlm.nih.gov/32286880/	2026-10-04	observed			Victoria Lux-Lantos		"{""position"": ""last author"", ""affiliation"": ""Laboratorio de Neuroendocrinología, Instituto de Biología y Medicina Experimental, Consejo Nacional de Investigaciones Científicas y Técnicas, Buenos Aires, Argentina."", ""year"": ""2020""}"
PUB000135	PMID:26822489	mentions_gene	HGNC:4092	PubMed	26822489	https://pubmed.ncbi.nlm.nih.gov/26822489/	2026-10-04	observed			Prefrontal White Matter Structure Mediates the Influence of GAD1 on Working Memory.		{}
PUB000136	PERSON:lett_tristram	authored	PMID:26822489	PubMed	26822489	https://pubmed.ncbi.nlm.nih.gov/26822489/	2026-10-04	observed			Tristram A Lett		"{""position"": ""first author"", ""affiliation"": ""Department of Psychiatry and Psychotherapy, Charité Universitätsmedizin, Berlin, Germany."", ""year"": ""2016""}"
PUB000137	PERSON:voineskos_aristotle	authored	PMID:26822489	PubMed	26822489	https://pubmed.ncbi.nlm.nih.gov/26822489/	2026-10-04	observed			Aristotle N Voineskos		"{""position"": ""last author"", ""affiliation"": ""Campbell Family Mental Health Institute, Centre for Addiction and Mental Health, Toronto, ON, Canada."", ""year"": ""2016""}"
PUB000138	PMID:29848620	mentions_gene	HGNC:4092	PubMed	29848620	https://pubmed.ncbi.nlm.nih.gov/29848620/	2026-10-04	observed			Via a comprehensive scan of all theoretical three-gene perturbations of gene knockout and overexpression, we discover novel neuronal trans-differrentiation recipes (including perturbations of SATB2, GAD1, POU6F2 and ADARB2) for excitatory projection neuron and inhibitory interneuron subtypes.		{}
PUB000139	PERSON:ainsworth_richard	authored	PMID:29848620	PubMed	29848620	https://pubmed.ncbi.nlm.nih.gov/29848620/	2026-10-04	observed			Richard I Ainsworth		"{""position"": ""first author"", ""affiliation"": ""Department of Chemistry and Biochemistry."", ""year"": ""2018""}"
PUB000140	PERSON:wang_wei	authored	PMID:29848620	PubMed	29848620	https://pubmed.ncbi.nlm.nih.gov/29848620/	2026-10-04	observed			Wei Wang		"{""position"": ""last author"", ""affiliation"": ""Department of Chemistry and Biochemistry wei-wang@ucsd.edu."", ""year"": ""2018""}"
PUB000141	PMID:26575259	mentions_gene	HGNC:4092	PubMed	26575259	https://pubmed.ncbi.nlm.nih.gov/26575259/	2026-10-04	observed			Maternal immune activation induces GAD1 and GAD2 promoter remodeling in the offspring prefrontal cortex.		{}
PUB000142	PERSON:labouesse_marie	authored	PMID:26575259	PubMed	26575259	https://pubmed.ncbi.nlm.nih.gov/26575259/	2026-10-04	observed			Marie Anaïs Labouesse		"{""position"": ""first author"", ""affiliation"": ""a Physiology and Behavior Laboratory; ETH Zurich ; Schwerzenbach , Switzerland."", ""year"": ""2015""}"
PUB000143	PERSON:meyer_urs	authored	PMID:26575259	PubMed	26575259	https://pubmed.ncbi.nlm.nih.gov/26575259/	2026-10-04	observed			Urs Meyer		"{""position"": ""last author"", ""affiliation"": ""a Physiology and Behavior Laboratory; ETH Zurich ; Schwerzenbach , Switzerland."", ""year"": ""2015""}"
PUB000144	PMID:29985178	mentions_gene	HGNC:4092	PubMed	29985178	https://pubmed.ncbi.nlm.nih.gov/29985178/	2026-10-04	observed			Candidate genes within neurotransmitter pathways continue to be explored including dopaminergic (DRD1-4, COMT) and glutamatergic pathways (GRIN2B, SLC1A2, SLC6A9, GRIA1, GAD1).		{}
PUB000145	PERSON:li_kevin	authored	PMID:29985178	PubMed	29985178	https://pubmed.ncbi.nlm.nih.gov/29985178/	2026-10-04	observed			Kevin J Li		"{""position"": ""first author"", ""affiliation"": ""Veterans Affairs (VA) Boston Healthcare System, Boston."", ""year"": ""2018""}"
PUB000146	PERSON:delisi_lynn	authored	PMID:29985178	PubMed	29985178	https://pubmed.ncbi.nlm.nih.gov/29985178/	2026-10-04	observed			Lynn E DeLisi		"{""position"": ""last author"", ""affiliation"": ""Veterans Affairs (VA) Boston Healthcare System, Boston."", ""year"": ""2018""}"
PUB000147	PMID:16759710	mentions_gene	HGNC:4092	PubMed	16759710	https://pubmed.ncbi.nlm.nih.gov/16759710/	2026-10-04	observed			Molecular and cellular mechanisms of altered GAD1/GAD67 expression in schizophrenia and related disorders.		{}
PUB000148	PERSON:akbarian_schahram	authored	PMID:16759710	PubMed	16759710	https://pubmed.ncbi.nlm.nih.gov/16759710/	2026-10-04	observed			Schahram Akbarian		"{""position"": ""first author"", ""affiliation"": ""Department of Psychiatry, Brudnick Neuropsychiatric Research Institute, University of Massachusetts Medical School, 303 Belmont Street, Worcester, 01604, USA. Schahram.akbarian@umassmed.edu"", ""year"": ""2006""}"
PUB000149	PERSON:huang_hsien	authored	PMID:16759710	PubMed	16759710	https://pubmed.ncbi.nlm.nih.gov/16759710/	2026-10-04	observed			Hsien-Sung Huang		"{""position"": ""last author"", ""affiliation"": """", ""year"": ""2006""}"
PUB000150	PMID:33293518	mentions_gene	HGNC:4092	PubMed	33293518	https://pubmed.ncbi.nlm.nih.gov/33293518/	2026-10-04	observed			CRISPR/Cas9-engineered Gad1 elimination in rats leads to complex behavioral changes: implications for schizophrenia.		{}
PUB000151	PERSON:fujihara_kazuyuki	authored	PMID:33293518	PubMed	33293518	https://pubmed.ncbi.nlm.nih.gov/33293518/	2026-10-04	observed			Kazuyuki Fujihara		"{""position"": ""first author"", ""affiliation"": ""Department of Genetic and Behavioral Neuroscience, Gunma University Graduate School of Medicine, Maebashi City, Gunma, 371-8511, Japan. psy_fujihara@gunma-u.ac.jp."", ""year"": ""2020""}"
PUB000152	PERSON:yanagawa_yuchio	authored	PMID:33293518	PubMed	33293518	https://pubmed.ncbi.nlm.nih.gov/33293518/	2026-10-04	observed			Yuchio Yanagawa		"{""position"": ""last author"", ""affiliation"": ""Department of Genetic and Behavioral Neuroscience, Gunma University Graduate School of Medicine, Maebashi City, Gunma, 371-8511, Japan. yuchio@gunma-u.ac.jp."", ""year"": ""2020""}"
PUB000153	PMID:33325157	mentions_gene	HGNC:4092	PubMed	33325157	https://pubmed.ncbi.nlm.nih.gov/33325157/	2026-10-04	observed			However, knocking out the Gad1 gene, which encodes GAD67, is lethal in mice, and thus, the association between Gad1 and cognitive/emotional functions is unclear.		{}
PUB000154	PERSON:fujihara_kazuyuki	authored	PMID:33325157	PubMed	33325157	https://pubmed.ncbi.nlm.nih.gov/33325157/	2026-10-04	observed			Kazuyuki Fujihara		"{""position"": ""first author"", ""affiliation"": ""Departments of Genetic and Behavioral Neuroscience, Graduate School of Medicine, Gunma University, Maebashi, Japan."", ""year"": ""2021""}"
PUB000155	PERSON:yanagawa_yuchio	authored	PMID:33325157	PubMed	33325157	https://pubmed.ncbi.nlm.nih.gov/33325157/	2026-10-04	observed			Yuchio Yanagawa		"{""position"": ""last author"", ""affiliation"": ""Departments of Genetic and Behavioral Neuroscience, Graduate School of Medicine, Gunma University, Maebashi, Japan."", ""year"": ""2021""}"
PUB000156	PMID:31866536	mentions_gene	HGNC:4092	PubMed	31866536	https://pubmed.ncbi.nlm.nih.gov/31866536/	2026-10-04	observed			GAD1 but not GAD2 polymorphisms are associated with heroin addiction phenotypes.		{}
PUB000157	PERSON:shi_yuhui	authored	PMID:31866536	PubMed	31866536	https://pubmed.ncbi.nlm.nih.gov/31866536/	2026-10-04	observed			Yuhui Shi		"{""position"": ""first author"", ""affiliation"": ""College of Forensic Science, Xi'an Jiaotong University, Xi'an, Shaanxi, China."", ""year"": ""2020""}"
PUB000158	PERSON:zhu_yongsheng	authored	PMID:31866536	PubMed	31866536	https://pubmed.ncbi.nlm.nih.gov/31866536/	2026-10-04	observed			Yongsheng Zhu		"{""position"": ""last author"", ""affiliation"": ""College of Forensic Science, Xi'an Jiaotong University, Xi'an, Shaanxi, China; Key Laboratory of Environment and Genes Related to Diseases, Ministry of Education, Xi'an, Shaanxi, China. Electronic address: aiwapeter@163.com."", ""year"": ""2020""}"
PUB000159	PMID:33413507	mentions_gene	HGNC:4092	PubMed	33413507	https://pubmed.ncbi.nlm.nih.gov/33413507/	2026-10-04	observed			Reduced expression of glutamate decarboxylase 67 (GAD67), encoded by the Gad1 gene, is a consistent finding in postmortem brains of patients with several psychiatric disorders, including schizophrenia, bipolar disorder and major depressive disorder.		{}
PUB000160	PERSON:miyata_shigeo	authored	PMID:33413507	PubMed	33413507	https://pubmed.ncbi.nlm.nih.gov/33413507/	2026-10-04	observed			Shigeo Miyata		"{""position"": ""first author"", ""affiliation"": ""Department of Genetic and Behavioral Neuroscience, Gunma University Graduate School of Medicine, Maebashi, 371-8511, Japan. s_miyata@gunma-u.ac.jp."", ""year"": ""2021""}"
PUB000161	PERSON:yanagawa_yuchio	authored	PMID:33413507	PubMed	33413507	https://pubmed.ncbi.nlm.nih.gov/33413507/	2026-10-04	observed			Yuchio Yanagawa		"{""position"": ""last author"", ""affiliation"": ""Department of Genetic and Behavioral Neuroscience, Gunma University Graduate School of Medicine, Maebashi, 371-8511, Japan. yuchio@gunma-u.ac.jp."", ""year"": ""2021""}"
PUB000162	PMID:39288524	mentions_gene	HGNC:4092	PubMed	39288524	https://pubmed.ncbi.nlm.nih.gov/39288524/	2026-10-04	observed			Spatial metabolomics revealed that Mn downregulated glutamic acid decarboxylase 1 (GAD1) expression in astrocytes, disrupting the Glutamine-Glutamate-γ-aminobutyric acid (GlnGluGABA) metabolic cycle in the hippocampus, leading to neurotoxicity.		{}
PUB000163	PERSON:bi_yujie	authored	PMID:39288524	PubMed	39288524	https://pubmed.ncbi.nlm.nih.gov/39288524/	2026-10-04	observed			Yujie Bi		"{""position"": ""first author"", ""affiliation"": ""School of Public Health, Capital Medical University, Beijing 100069, China."", ""year"": ""2024""}"
PUB000164	PERSON:chen_rui	authored	PMID:39288524	PubMed	39288524	https://pubmed.ncbi.nlm.nih.gov/39288524/	2026-10-04	observed			Rui Chen		"{""position"": ""last author"", ""affiliation"": ""School of Public Health, Capital Medical University, Beijing 100069, China; Beijing Laboratory of Allergic Diseases, Beijing Municipal Education Commission, Beijing 100069, China; Laboratory for Environmental Health and Allergic Nasal Diseases, Laboratory for Clinical Medicine, Capital Medical Unive"", ""year"": ""2024""}"
PUB000165	PMID:35464160	mentions_gene	HGNC:4092	PubMed	35464160	https://pubmed.ncbi.nlm.nih.gov/35464160/	2026-10-04	observed			Comprehensive gene expression analysis revealed that there was a reduction in the expression of the inhibitory neuron-specific genes Gad1/2 and Glyt2, but not the excitatory neuron-specific gene VGLUT2, in Prdm12-knockout P19 cells.		{}
PUB000166	PERSON:baba_akira	authored	PMID:35464160	PubMed	35464160	https://pubmed.ncbi.nlm.nih.gov/35464160/	2026-10-04	observed			Akira Baba		"{""position"": ""first author"", ""affiliation"": ""Molecular Gene Technics, Graduate School of Bioresource and Bioenvironmental Sciences, Kyushu University, 744 Motooka, Nishi-ku, Fukuoka-shi, Fukuoka, 8190395 Japan."", ""year"": ""2022""}"
PUB000167	PERSON:tashiro_kosuke	authored	PMID:35464160	PubMed	35464160	https://pubmed.ncbi.nlm.nih.gov/35464160/	2026-10-04	observed			Kosuke Tashiro		"{""position"": ""last author"", ""affiliation"": ""Molecular Gene Technics, Graduate School of Bioresource and Bioenvironmental Sciences, Kyushu University, 744 Motooka, Nishi-ku, Fukuoka-shi, Fukuoka, 8190395 Japan."", ""year"": ""2022""}"
PUB000168	PMID:19620975	mentions_gene	HGNC:4092	PubMed	19620975	https://pubmed.ncbi.nlm.nih.gov/19620975/	2026-10-04	observed			We found that, in developing ventral forebrain, Evf2 recruited DLX and MECP2 transcription factors to important DNA regulatory elements in the Dlx5/6 intergenic region and controlled Dlx5, Dlx6 and Gad1 expression through trans and cis-acting mechanisms.		{}
PUB000169	PERSON:bond_allison	authored	PMID:19620975	PubMed	19620975	https://pubmed.ncbi.nlm.nih.gov/19620975/	2026-10-04	observed			Allison M Bond		"{""position"": ""first author"", ""affiliation"": ""Developmental Biology and Department of Pediatrics, Children's Memorial Hospital and Feinberg School of Medicine, Northwestern University, Chicago, Illinois, USA."", ""year"": ""2009""}"
PUB000170	PERSON:kohtz_jhumku	authored	PMID:19620975	PubMed	19620975	https://pubmed.ncbi.nlm.nih.gov/19620975/	2026-10-04	observed			Jhumku D Kohtz		"{""position"": ""last author"", ""affiliation"": """", ""year"": ""2009""}"
PUB000171	PMID:35621027	mentions_gene	HGNC:4092	PubMed	35621027	https://pubmed.ncbi.nlm.nih.gov/35621027/	2026-10-04	observed			We studied the coexpression of Cdc20 and Gad1 mRNA in the NAc neurons of adult rats and assessed Cdc20 protein expression in the NAc during rat development.		{}
PUB000172	PERSON:wang_xin	authored	PMID:35621027	PubMed	35621027	https://pubmed.ncbi.nlm.nih.gov/35621027/	2026-10-04	observed			Xin Wang		"{""position"": ""first author"", ""affiliation"": ""Department of Neurosurgery, Tangdu Hospital, Fourth Military Medical University, Xi'an, Shaanxi, China."", ""year"": ""2022""}"
PUB000173	PERSON:ge_shunnan	authored	PMID:35621027	PubMed	35621027	https://pubmed.ncbi.nlm.nih.gov/35621027/	2026-10-04	observed			Shunnan Ge		"{""position"": ""last author"", ""affiliation"": ""Department of Neurosurgery, Tangdu Hospital, Fourth Military Medical University, Xi'an, Shaanxi, China."", ""year"": ""2022""}"
PUB000174	PMID:29362511	mentions_gene	HGNC:4092	PubMed	29362511	https://pubmed.ncbi.nlm.nih.gov/29362511/	2026-10-04	observed			We modeled cortical GAD67 reduction in mice, in which the Gad1 gene is genetically ablated from ~50% of cortical and hippocampal interneurons.		{}
PUB000175	PERSON:kolata_stefan	authored	PMID:29362511	PubMed	29362511	https://pubmed.ncbi.nlm.nih.gov/29362511/	2026-10-04	observed			Stefan M Kolata		"{""position"": ""first author"", ""affiliation"": ""Unit on Genetics of Cognition and Behavior, National Institute of Mental Health, National Institutes of Health, Department of Health and Human Services, Bethesda, MD, USA."", ""year"": ""2018""}"
PUB000176	PERSON:nakazawa_kazu	authored	PMID:29362511	PubMed	29362511	https://pubmed.ncbi.nlm.nih.gov/29362511/	2026-10-04	observed			Kazu Nakazawa		"{""position"": ""last author"", ""affiliation"": ""Unit on Genetics of Cognition and Behavior, National Institute of Mental Health, National Institutes of Health, Department of Health and Human Services, Bethesda, MD, USA."", ""year"": ""2018""}"
PUB000177	PMID:25458568	mentions_gene	HGNC:4092	PubMed	25458568	https://pubmed.ncbi.nlm.nih.gov/25458568/	2026-10-04	observed			Transcriptional regulation of GAD1 GABA synthesis gene in the prefrontal cortex of subjects with schizophrenia.		{}
PUB000178	PERSON:mitchell_amanda	authored	PMID:25458568	PubMed	25458568	https://pubmed.ncbi.nlm.nih.gov/25458568/	2026-10-04	observed			Amanda C Mitchell		"{""position"": ""first author"", ""affiliation"": ""Departments of Psychiatry and Neuroscience, Friedman Brain Institute, Icahn School of Medicine at Mount Sinai, New York, NY, United States."", ""year"": ""2015""}"
PUB000179	PERSON:akbarian_schahram	authored	PMID:25458568	PubMed	25458568	https://pubmed.ncbi.nlm.nih.gov/25458568/	2026-10-04	observed			Schahram Akbarian		"{""position"": ""last author"", ""affiliation"": ""Departments of Psychiatry and Neuroscience, Friedman Brain Institute, Icahn School of Medicine at Mount Sinai, New York, NY, United States. Electronic address: schahram.akbarian@mssm.edu."", ""year"": ""2015""}"
PUB000180	PMID:15700048	mentions_gene	HGNC:4092	PubMed	15700048	https://pubmed.ncbi.nlm.nih.gov/15700048/	2026-10-04	observed			Moreover, schizophrenia susceptibility genes and chromosomal abnormalities, particularly as examined for early onset populations (ie GAD1, 22q11DS), are associated with premorbid neurodevelopmental abnormalities.		{}
PUB000181	PMID:31804603	mentions_gene	HGNC:4331	PubMed	31804603	https://pubmed.ncbi.nlm.nih.gov/31804603/	2026-10-04	observed			In addition, proteasomal inhibition lowered the expression of the glutaminases GLS and GLS2, which support glutamine metabolism and the maintenance of the redox balance.		{}
PUB000182	PERSON:sourbier_carole	authored	PMID:31804603	PubMed	31804603	https://pubmed.ncbi.nlm.nih.gov/31804603/	2026-10-04	observed			Carole Sourbier		"{""position"": ""first author"", ""affiliation"": ""Urologic Oncology Branch, Center for Cancer Research, National Cancer Institute, Bethesda, Maryland, United States of America. sourbierc@fda.hhs.gov."", ""year"": ""2019""}"
PUB000183	PMID:25837287	mentions_gene	HGNC:4331	PubMed	25837287	https://pubmed.ncbi.nlm.nih.gov/25837287/	2026-10-04	observed			Glutaminases in brain: Multiple isoforms for many purposes.		{}
PUB000184	PERSON:campos-sandoval_jos	authored	PMID:25837287	PubMed	25837287	https://pubmed.ncbi.nlm.nih.gov/25837287/	2026-10-04	observed			José A Campos-Sandoval		"{""position"": ""first author"", ""affiliation"": ""Departamento de Biología Molecular y Bioquímica, Canceromics Lab. Facultad de Ciencias, Universidad de Málaga, 29071 Málaga, Spain; Instituto de Investigación Biomédica de Málaga (IBIMA), Málaga, Spain."", ""year"": ""2015""}"
PUB000185	PERSON:m-rquez_javier	authored	PMID:25837287	PubMed	25837287	https://pubmed.ncbi.nlm.nih.gov/25837287/	2026-10-04	observed			Javier Márquez		"{""position"": ""last author"", ""affiliation"": ""Departamento de Biología Molecular y Bioquímica, Canceromics Lab. Facultad de Ciencias, Universidad de Málaga, 29071 Málaga, Spain; Instituto de Investigación Biomédica de Málaga (IBIMA), Málaga, Spain. Electronic address: marquez@uma.es."", ""year"": ""2015""}"
PUB000186	PMID:33529962	mentions_gene	HGNC:4331	PubMed	33529962	https://pubmed.ncbi.nlm.nih.gov/33529962/	2026-10-04	observed			Cassane diterpenoid derivative induces apoptosis in IDH1 mutant glioma cells through the inhibition of glutaminase in vitro and in vivo.		{}
PUB000187	PERSON:huang_guo	authored	PMID:33529962	PubMed	33529962	https://pubmed.ncbi.nlm.nih.gov/33529962/	2026-10-04	observed			Guo-Dong Huang		"{""position"": ""first author"", ""affiliation"": ""Department of Neurosurgery, Shenzhen Key Laboratory of Neurosurgery, the First Affiliated Hospital of Shenzhen University, Shenzhen Second People's Hospital, 3002# Sungang Road, Futian District, Shenzhen 518035, China."", ""year"": ""2021""}"
PUB000188	PERSON:chen_lei	authored	PMID:33529962	PubMed	33529962	https://pubmed.ncbi.nlm.nih.gov/33529962/	2026-10-04	observed			Lei Chen		"{""position"": ""last author"", ""affiliation"": ""Department of Neurosurgery, Shenzhen Key Laboratory of Neurosurgery, the First Affiliated Hospital of Shenzhen University, Shenzhen Second People's Hospital, 3002# Sungang Road, Futian District, Shenzhen 518035, China. Electronic address: chenlei_winner@163.com."", ""year"": ""2021""}"
PUB000189	PMID:30239721	mentions_gene	HGNC:4331	PubMed	30239721	https://pubmed.ncbi.nlm.nih.gov/30239721/	2026-10-04	observed			Loss-of-function mutations in glutaminase (GLS), the enzyme converting glutamine into glutamate, and the counteracting enzyme glutamine synthetase (GS) cause disturbed glutamate homeostasis and severe neonatal encephalopathy.		{}
PUB000190	PERSON:rumping_lynne	authored	PMID:30239721	PubMed	30239721	https://pubmed.ncbi.nlm.nih.gov/30239721/	2026-10-04	observed			Lynne Rumping		"{""position"": ""first author"", ""affiliation"": ""Department of Genetics, University Medical Center Utrecht, Utrecht University, Utrecht CX, The Netherlands."", ""year"": ""2019""}"
PUB000191	PERSON:van-hasselt_peter	authored	PMID:30239721	PubMed	30239721	https://pubmed.ncbi.nlm.nih.gov/30239721/	2026-10-04	observed			Peter M van Hasselt		"{""position"": ""last author"", ""affiliation"": ""Department of Pediatrics, University Medical Center Utrecht, Utrecht University, Utrecht CX, The Netherlands."", ""year"": ""2019""}"
PUB000192	PMID:25880019	mentions_gene	HGNC:4331	PubMed	25880019	https://pubmed.ncbi.nlm.nih.gov/25880019/	2026-10-04	observed			A genetic variant in the promoter of phosphate-activated glutaminase is associated with hepatic encephalopathy.		{}
PUB000193	PMID:40396212	mentions_gene	HGNC:4331	PubMed	40396212	https://pubmed.ncbi.nlm.nih.gov/40396212/	2026-10-04	observed			Gln is converted to glutamate via glutaminase (GLS), so mice lacking GLS in rod photoreceptors were generated to inhibit Gln catabolism.		{}
PUB000194	PERSON:goswami_moloy	authored	PMID:40396212	PubMed	40396212	https://pubmed.ncbi.nlm.nih.gov/40396212/	2026-10-04	observed			Moloy T Goswami		"{""position"": ""first author"", ""affiliation"": ""Department of Ophthalmology and Visual Sciences, University of Michigan, Ann Arbor, United States."", ""year"": ""2025""}"
PUB000195	PERSON:wubben_thomas	authored	PMID:40396212	PubMed	40396212	https://pubmed.ncbi.nlm.nih.gov/40396212/	2026-10-04	observed			Thomas J Wubben		"{""position"": ""last author"", ""affiliation"": ""Department of Ophthalmology and Visual Sciences, University of Michigan, Ann Arbor, United States."", ""year"": ""2025""}"
PUB000196	PMID:30970188	mentions_gene	HGNC:4331	PubMed	30970188	https://pubmed.ncbi.nlm.nih.gov/30970188/	2026-10-04	observed			Glutaminase Deficiency Caused by Short Tandem Repeat Expansion in GLS.		{}
PUB000197	PERSON:van-kuilenburg_andr	authored	PMID:30970188	PubMed	30970188	https://pubmed.ncbi.nlm.nih.gov/30970188/	2026-10-04	observed			André B P van Kuilenburg		"{""position"": ""first author"", ""affiliation"": ""From Amsterdam University Medical Centers, University of Amsterdam, Departments of Clinical Chemistry, Pediatrics, and Clinical Genetics, Emma Children's Hospital, Amsterdam Gastroenterology and Metabolism (A.B.P.K., R.L., J.K., J. Meijer, L.A.T., M.T., M.W., R.J.A.W., H.R.W., C.D.M.K.), and United "", ""year"": ""2019""}"
PUB000198	PERSON:van-karnebeek_clara	authored	PMID:30970188	PubMed	30970188	https://pubmed.ncbi.nlm.nih.gov/30970188/	2026-10-04	observed			Clara D M van Karnebeek		"{""position"": ""last author"", ""affiliation"": ""From Amsterdam University Medical Centers, University of Amsterdam, Departments of Clinical Chemistry, Pediatrics, and Clinical Genetics, Emma Children's Hospital, Amsterdam Gastroenterology and Metabolism (A.B.P.K., R.L., J.K., J. Meijer, L.A.T., M.T., M.W., R.J.A.W., H.R.W., C.D.M.K.), and United "", ""year"": ""2019""}"
PUB000199	PMID:33910646	mentions_gene	HGNC:4331	PubMed	33910646	https://pubmed.ncbi.nlm.nih.gov/33910646/	2026-10-04	observed			RESULTS: We found an increase of glutaminase isoform 2 gene (GLSiso2) expression in all grades of astrocytoma compared to non-neoplastic brain tissue, with a gradual expression increment in parallel to malignancy.		{}
PUB000200	PERSON:moreira-franco_yollanda	authored	PMID:33910646	PubMed	33910646	https://pubmed.ncbi.nlm.nih.gov/33910646/	2026-10-04	observed			Yollanda E Moreira Franco		"{""position"": ""first author"", ""affiliation"": ""Laboratory of Molecular and Cellular Biology (LIM 15), Department of Neurology, Faculdade de Medicina FMUSP, Universidade de São Paulo, São Paulo, 01246-903, Brazil. yollanda.moreiraf@usp.br."", ""year"": ""2021""}"
PUB000201	PERSON:marie_suely	authored	PMID:33910646	PubMed	33910646	https://pubmed.ncbi.nlm.nih.gov/33910646/	2026-10-04	observed			Suely Kazue Nagahashi Marie		"{""position"": ""last author"", ""affiliation"": ""Laboratory of Molecular and Cellular Biology (LIM 15), Department of Neurology, Faculdade de Medicina FMUSP, Universidade de São Paulo, São Paulo, 01246-903, Brazil."", ""year"": ""2021""}"
PUB000202	PMID:29468182	mentions_gene	HGNC:4331	PubMed	29468182	https://pubmed.ncbi.nlm.nih.gov/29468182/	2026-10-04	observed			GLS encodes the brain- and kidney-specific enzyme glutaminase, which hydrolyzes glutamine for the production of glutamate, the most abundant central nervous system neurotransmitter.		{}
PUB000203	PERSON:lynch_david	authored	PMID:29468182	PubMed	29468182	https://pubmed.ncbi.nlm.nih.gov/29468182/	2026-10-04	observed			David S Lynch		"{""position"": ""first author"", ""affiliation"": ""Department of Molecular Neuroscience UCL Institute of Neurology Queen Sq London WC1N 3BG United Kingdom."", ""year"": ""2018""}"
PUB000204	PERSON:houlden_henry	authored	PMID:29468182	PubMed	29468182	https://pubmed.ncbi.nlm.nih.gov/29468182/	2026-10-04	observed			Henry Houlden		"{""position"": ""last author"", ""affiliation"": ""Department of Molecular Neuroscience UCL Institute of Neurology Queen Sq London WC1N 3BG United Kingdom."", ""year"": ""2018""}"
PUB000205	PMID:32675407	mentions_gene	HGNC:4331	PubMed	32675407	https://pubmed.ncbi.nlm.nih.gov/32675407/	2026-10-04	observed			Glutamine Antagonist JHU-083 Normalizes Aberrant Hippocampal Glutaminase Activity and Improves Cognition in APOE4 Mice.		{}
PUB000206	PERSON:hollinger_kristen	authored	PMID:32675407	PubMed	32675407	https://pubmed.ncbi.nlm.nih.gov/32675407/	2026-10-04	observed			Kristen R Hollinger		"{""position"": ""first author"", ""affiliation"": ""Departments of Psychiatry and Behavioral Sciences, Johns Hopkins University, Baltimore, MD, USA."", ""year"": ""2020""}"
PUB000207	PERSON:slusher_barbara	authored	PMID:32675407	PubMed	32675407	https://pubmed.ncbi.nlm.nih.gov/32675407/	2026-10-04	observed			Barbara S Slusher		"{""position"": ""last author"", ""affiliation"": ""Departments of Psychiatry and Behavioral Sciences, Johns Hopkins University, Baltimore, MD, USA."", ""year"": ""2020""}"
PUB000208	PMID:40812515	mentions_gene	HGNC:4331	PubMed	40812515	https://pubmed.ncbi.nlm.nih.gov/40812515/	2026-10-04	observed			The glutaminase inhibitor JHU-083 mitigates cognitive dysfunction in a mouse model of post-traumatic stress disorder.		{}
PUB000209	PERSON:liu_zhihui	authored	PMID:40812515	PubMed	40812515	https://pubmed.ncbi.nlm.nih.gov/40812515/	2026-10-04	observed			Zhihui Liu		"{""position"": ""first author"", ""affiliation"": ""Department of Neurology, Nanjing Jinling Hospital, Affiliated Hospital of Medical School, Nanjing University, Nanjing, China."", ""year"": ""2025""}"
PUB000210	PERSON:zhu_wusheng	authored	PMID:40812515	PubMed	40812515	https://pubmed.ncbi.nlm.nih.gov/40812515/	2026-10-04	observed			Wusheng Zhu		"{""position"": ""last author"", ""affiliation"": ""Department of Neurology, Nanjing Jinling Hospital, Affiliated Hospital of Medical School, Nanjing University, Nanjing, China. Electronic address: wusheng.zhu@nju.edu.cn."", ""year"": ""2025""}"
PUB000211	PMID:26258493	mentions_gene	HGNC:4331	PubMed	26258493	https://pubmed.ncbi.nlm.nih.gov/26258493/	2026-10-04	observed			Human phosphate-activated glutaminase (GA) is encoded by two genes: GLS and GLS2.		{}
PUB000212	PERSON:szeliga_monika	authored	PMID:26258493	PubMed	26258493	https://pubmed.ncbi.nlm.nih.gov/26258493/	2026-10-04	observed			Monika Szeliga		"{""position"": ""first author"", ""affiliation"": ""Department of Neurotoxicology, Mossakowski Medical Research Centre, Warsaw, Poland."", ""year"": ""2016""}"
PUB000213	PERSON:albrecht_jan	authored	PMID:26258493	PubMed	26258493	https://pubmed.ncbi.nlm.nih.gov/26258493/	2026-10-04	observed			Jan Albrecht		"{""position"": ""last author"", ""affiliation"": ""Department of Neurotoxicology, Mossakowski Medical Research Centre, Warsaw, Poland."", ""year"": ""2016""}"
PUB000214	PMID:39567494	mentions_gene	HGNC:4331	PubMed	39567494	https://pubmed.ncbi.nlm.nih.gov/39567494/	2026-10-04	observed			Additionally, the study found elevated expression of Glutaminase (GLS) in the VO of MD patients compared to controls.		{}
PUB000215	PERSON:zhang_na	authored	PMID:39567494	PubMed	39567494	https://pubmed.ncbi.nlm.nih.gov/39567494/	2026-10-04	observed			Na Zhang		"{""position"": ""first author"", ""affiliation"": ""Department of Otolaryngology-Head and Neck Surgery, Shandong Provincial ENT Hospital, Shandong University, Jinan, Shandong, China."", ""year"": ""2024""}"
PUB000216	PERSON:li_na	authored	PMID:39567494	PubMed	39567494	https://pubmed.ncbi.nlm.nih.gov/39567494/	2026-10-04	observed			Na Li		"{""position"": ""last author"", ""affiliation"": ""Department of Otolaryngology-Head and Neck Surgery, Shandong Provincial ENT Hospital, Shandong University, Jinan, Shandong, China. linda831223@163.com."", ""year"": ""2024""}"
PUB000217	PMID:30575854	mentions_gene	HGNC:4331	PubMed	30575854	https://pubmed.ncbi.nlm.nih.gov/30575854/	2026-10-04	observed			Identification of a Loss-of-Function Mutation in the Context of Glutaminase Deficiency and Neonatal Epileptic Encephalopathy.		{}
PUB000218	PERSON:rumping_lynne	authored	PMID:30575854	PubMed	30575854	https://pubmed.ncbi.nlm.nih.gov/30575854/	2026-10-04	observed			Lynne Rumping		"{""position"": ""first author"", ""affiliation"": ""Department of Genetics, University Medical Center Utrecht, Utrecht University, Utrecht, the Netherlands."", ""year"": ""2019""}"
PUB000219	PERSON:jamra_rami	authored	PMID:30575854	PubMed	30575854	https://pubmed.ncbi.nlm.nih.gov/30575854/	2026-10-04	observed			Rami Jamra		"{""position"": ""last author"", ""affiliation"": ""Institute of Human Genetics, University Medical Center Leipzig, Leipzig, Germany."", ""year"": ""2019""}"
PUB000220	PMID:33204597	mentions_gene	HGNC:4331	PubMed	33204597	https://pubmed.ncbi.nlm.nih.gov/33204597/	2026-10-04	observed			Glutamine supplementation significantly modified the expression of glutaminase (gls) (0.		{}
PUB000221	PERSON:brown_madalyn	authored	PMID:33204597	PubMed	33204597	https://pubmed.ncbi.nlm.nih.gov/33204597/	2026-10-04	observed			Madalyn N Brown		"{""position"": ""first author"", ""affiliation"": ""Department of Pharmacotherapy College of Pharmacy and Pharmaceutical Sciences, Washington State University Spokane Washington USA."", ""year"": ""2020""}"
PUB000222	PERSON:roullet_jean	authored	PMID:33204597	PubMed	33204597	https://pubmed.ncbi.nlm.nih.gov/33204597/	2026-10-04	observed			Jean-Baptiste Roullet		"{""position"": ""last author"", ""affiliation"": ""Department of Pharmacotherapy College of Pharmacy and Pharmaceutical Sciences, Washington State University Spokane Washington USA."", ""year"": ""2020""}"
PUB000223	PMID:33681764	mentions_gene	HGNC:4331	PubMed	33681764	https://pubmed.ncbi.nlm.nih.gov/33681764/	2026-10-04	observed			MATERIAL AND METHODS: We performed cell growth, cell cycle, and protein expression in glutamine deprived or Glutaminase (GLS) gene silenced glioma cells.		{}
PUB000224	PERSON:yamashita_alex	authored	PMID:33681764	PubMed	33681764	https://pubmed.ncbi.nlm.nih.gov/33681764/	2026-10-04	observed			Alex Shimura Yamashita		"{""position"": ""first author"", ""affiliation"": ""Department of Neurosurgery, Johns Hopkins University School of Medicine, Baltimore, Maryland, USA."", ""year"": ""2021""}"
PUB000225	PERSON:riggins_gregory	authored	PMID:33681764	PubMed	33681764	https://pubmed.ncbi.nlm.nih.gov/33681764/	2026-10-04	observed			Gregory J Riggins		"{""position"": ""last author"", ""affiliation"": ""Department of Neurosurgery, Johns Hopkins University School of Medicine, Baltimore, Maryland, USA."", ""year"": ""2021""}"
PUB000226	PMID:24121663	mentions_gene	HGNC:4331	PubMed	24121663	https://pubmed.ncbi.nlm.nih.gov/24121663/	2026-10-04	observed			The amino acid Glutamine is converted into Glutamate by a deamidation reaction catalyzed by the enzyme Glutaminase (GLS).		{}
PUB000227	PERSON:velletri_tania	authored	PMID:24121663	PubMed	24121663	https://pubmed.ncbi.nlm.nih.gov/24121663/	2026-10-04	observed			Tania Velletri		"{""position"": ""first author"", ""affiliation"": ""Medical Research Council; Toxicology Unit; Leicester University; Leicester, UK; Institute of Health Sciences; Shanghai Institutes for Biological Sciences; Chinese Academy of Sciences & Shanghai Jiao Tong University School of Medicine; Shanghai, China."", ""year"": ""2013""}"
PUB000228	PERSON:agostini_massimiliano	authored	PMID:24121663	PubMed	24121663	https://pubmed.ncbi.nlm.nih.gov/24121663/	2026-10-04	observed			Massimiliano Agostini		"{""position"": ""last author"", ""affiliation"": """", ""year"": ""2013""}"
PUB000229	PMID:32483415	mentions_gene	HGNC:4331	PubMed	32483415	https://pubmed.ncbi.nlm.nih.gov/32483415/	2026-10-04	observed			Dendrimer-conjugated glutaminase inhibitor selectively targets microglial glutaminase in a mouse model of Rett syndrome.		{}
PUB000230	PERSON:khoury_elizabeth	authored	PMID:32483415	PubMed	32483415	https://pubmed.ncbi.nlm.nih.gov/32483415/	2026-10-04	observed			Elizabeth Smith Khoury		"{""position"": ""first author"", ""affiliation"": ""Department of Anesthesiology and Critical Care Medicine, Johns Hopkins University School of Medicine, Baltimore MD, 21205."", ""year"": ""2020""}"
PUB000231	PERSON:kannan_rangaramanujam	authored	PMID:32483415	PubMed	32483415	https://pubmed.ncbi.nlm.nih.gov/32483415/	2026-10-04	observed			Rangaramanujam M Kannan		"{""position"": ""last author"", ""affiliation"": ""Center for Nanomedicine, Department of Ophthalmology, Wilmer Eye Institute Johns Hopkins University School of Medicine, Baltimore MD, 21231."", ""year"": ""2020""}"
PUB000232	PMID:25529918	mentions_gene	HGNC:4331	PubMed	25529918	https://pubmed.ncbi.nlm.nih.gov/25529918/	2026-10-04	observed			Opposing roles of glutaminase isoforms in determining glioblastoma cell phenotype.		{}
PUB000233	PERSON:szeliga_monika	authored	PMID:25529918	PubMed	25529918	https://pubmed.ncbi.nlm.nih.gov/25529918/	2026-10-04	observed			Monika Szeliga		"{""position"": ""first author"", ""affiliation"": ""Department of Neurotoxicology, Mossakowski Medical Research Centre, Polish Academy of Sciences, Warsaw, Poland. Electronic address: mszeliga@imdik.pan.pl."", ""year"": ""2015""}"
PUB000234	PERSON:albrecht_jan	authored	PMID:25529918	PubMed	25529918	https://pubmed.ncbi.nlm.nih.gov/25529918/	2026-10-04	observed			Jan Albrecht		"{""position"": ""last author"", ""affiliation"": ""Department of Neurotoxicology, Mossakowski Medical Research Centre, Polish Academy of Sciences, Warsaw, Poland."", ""year"": ""2015""}"
PUB000235	PMID:39096015	mentions_gene	HGNC:9247	PubMed	39096015	https://pubmed.ncbi.nlm.nih.gov/39096015/	2026-10-04	observed			We identified 10 novel D/EE-SWAS genes with a range of functions: ATP1A2, CACNA1A, FOXP1, GRIN1, KCNMA1, KCNQ3, PPFIA3, PUF60, SETD1B, and ZBTB18, and 2 novel copy number variants, 17p11.		{}
PUB000236	PERSON:viswanathan_sindhu	authored	PMID:39096015	PubMed	39096015	https://pubmed.ncbi.nlm.nih.gov/39096015/	2026-10-04	observed			Sindhu Viswanathan		"{""position"": ""first author"", ""affiliation"": ""Epilepsy Research Centre, Department of Medicine, University of Melbourne, Austin Health, Melbourne, Australia."", ""year"": ""2024""}"
PUB000237	PERSON:scheffer_ingrid	authored	PMID:39096015	PubMed	39096015	https://pubmed.ncbi.nlm.nih.gov/39096015/	2026-10-04	observed			Ingrid E Scheffer		"{""position"": ""last author"", ""affiliation"": ""Epilepsy Research Centre, Department of Medicine, University of Melbourne, Austin Health, Melbourne, Australia."", ""year"": ""2024""}"
PUB000238	PMID:38181735	mentions_gene	HGNC:9247	PubMed	38181735	https://pubmed.ncbi.nlm.nih.gov/38181735/	2026-10-04	observed			A syndromic neurodevelopmental disorder caused by rare variants in PPFIA3.		{}
PUB000239	PERSON:paul_maimuna	authored	PMID:38181735	PubMed	38181735	https://pubmed.ncbi.nlm.nih.gov/38181735/	2026-10-04	observed			Maimuna S Paul		"{""position"": ""first author"", ""affiliation"": ""Department of Pediatrics, Section of Neurology and Developmental Neuroscience, Baylor College of Medicine, Houston, TX, USA; Jan and Dan Duncan Neurological Research Institute, Texas Children's Hospital, Houston, TX, USA; Cain Pediatric Neurology Research Foundation Laboratories, Jan and Dan Duncan "", ""year"": ""2024""}"
PUB000240	PERSON:chao_hsiao	authored	PMID:38181735	PubMed	38181735	https://pubmed.ncbi.nlm.nih.gov/38181735/	2026-10-04	observed			Hsiao-Tuan Chao		"{""position"": ""last author"", ""affiliation"": ""Department of Pediatrics, Section of Neurology and Developmental Neuroscience, Baylor College of Medicine, Houston, TX, USA; Jan and Dan Duncan Neurological Research Institute, Texas Children's Hospital, Houston, TX, USA; Cain Pediatric Neurology Research Foundation Laboratories, Jan and Dan Duncan "", ""year"": ""2024""}"
PUB000241	PMID:39985505	mentions_gene	HGNC:9247	PubMed	39985505	https://pubmed.ncbi.nlm.nih.gov/39985505/	2026-10-04	observed			Several genes, including the newly reported PPFIA3, MYCBP2, DHX9, TMEM63B, and RELN, are linked to various neurodevelopmental and epileptic disorders, intellectual disabilities, and autistic features.		{}
PUB000242	PERSON:specchio_nicola	authored	PMID:39985505	PubMed	39985505	https://pubmed.ncbi.nlm.nih.gov/39985505/	2026-10-04	observed			Nicola Specchio		"{""position"": ""first author"", ""affiliation"": ""Neurology Epilepsy and Movement Disorders Unit, Bambino Gesù Children's Hospital, Istituti di Ricovero e Cura a Carattere Scientifico, full member of EpiCARE, Rome, Italy."", ""year"": ""2025""}"
PUB000243	PERSON:curatolo_paolo	authored	PMID:39985505	PubMed	39985505	https://pubmed.ncbi.nlm.nih.gov/39985505/	2026-10-04	observed			Paolo Curatolo		"{""position"": ""last author"", ""affiliation"": ""Child Neurology and Psychiatry Unit, Systems Medicine Department, Tor Vergata University, Rome, Italy."", ""year"": ""2025""}"
PUB000244	PMID:38723631	mentions_gene	HGNC:9247	PubMed	38723631	https://pubmed.ncbi.nlm.nih.gov/38723631/	2026-10-04	observed			A syndromic neurodevelopmental disorder caused by rare variants in PPFIA3.		{}
PUB000245	PERSON:paul_maimuna	authored	PMID:38723631	PubMed	38723631	https://pubmed.ncbi.nlm.nih.gov/38723631/	2026-10-04	observed			Maimuna S Paul		"{""position"": ""first author"", ""affiliation"": """", ""year"": ""2024""}"
PUB000246	PERSON:chao_hsiao	authored	PMID:38723631	PubMed	38723631	https://pubmed.ncbi.nlm.nih.gov/38723631/	2026-10-04	observed			Hsiao-Tuan Chao 趙孝端		"{""position"": ""last author"", ""affiliation"": """", ""year"": ""2024""}"
PUB000247	PMID:37034625	mentions_gene	HGNC:9247	PubMed	37034625	https://pubmed.ncbi.nlm.nih.gov/37034625/	2026-10-04	observed			Rare variants in PPFIA3 cause delayed development, intellectual disability, autism, and epilepsy.		{}
PUB000248	PERSON:paul_maimuna	authored	PMID:37034625	PubMed	37034625	https://pubmed.ncbi.nlm.nih.gov/37034625/	2026-10-04	observed			Maimuna S Paul		"{""position"": ""first author"", ""affiliation"": """", ""year"": ""2023""}"
PUB000249	PERSON:chao_hsiao	authored	PMID:37034625	PubMed	37034625	https://pubmed.ncbi.nlm.nih.gov/37034625/	2026-10-04	observed			Hsiao-Tuan Chao		"{""position"": ""last author"", ""affiliation"": """", ""year"": ""2023""}"
PUB000250	PMID:41044885	mentions_gene	HGNC:9247	PubMed	41044885	https://pubmed.ncbi.nlm.nih.gov/41044885/	2026-10-04	observed			In summary, we provide evidence for the second gene-disease association of a Liprin-α protein beyond PPFIA3.		{}
PUB000251	PERSON:brunet_theresa	authored	PMID:41044885	PubMed	41044885	https://pubmed.ncbi.nlm.nih.gov/41044885/	2026-10-04	observed			Theresa Brunet		"{""position"": ""first author"", ""affiliation"": ""Institute of Human Genetics, Klinikum Rechts der Isar, School of Medicine and Health, Technical University of Munich, Munich, Germany."", ""year"": ""2026""}"
PUB000252	PERSON:brugger_melanie	authored	PMID:41044885	PubMed	41044885	https://pubmed.ncbi.nlm.nih.gov/41044885/	2026-10-04	observed			Melanie Brugger		"{""position"": ""last author"", ""affiliation"": ""Institute of Human Genetics, Klinikum Rechts der Isar, School of Medicine and Health, Technical University of Munich, Munich, Germany."", ""year"": ""2026""}"
PUB000253	PMID:38508193	mentions_gene	HGNC:9247	PubMed	38508193	https://pubmed.ncbi.nlm.nih.gov/38508193/	2026-10-04	observed			A syndromic neurodevelopmental disorder caused by rare variants in PPFIA3.		{}
PUB000254	PERSON:paul_maimuna	authored	PMID:38508193	PubMed	38508193	https://pubmed.ncbi.nlm.nih.gov/38508193/	2026-10-04	observed			Maimuna S Paul		"{""position"": ""first author"", ""affiliation"": """", ""year"": ""2024""}"
PUB000255	PERSON:chao_hsiao	authored	PMID:38508193	PubMed	38508193	https://pubmed.ncbi.nlm.nih.gov/38508193/	2026-10-04	observed			Hsiao-Tuan Chao		"{""position"": ""last author"", ""affiliation"": """", ""year"": ""2024""}"
PUB000256	PMID:27889896	mentions_gene	HGNC:9247	PubMed	27889896	https://pubmed.ncbi.nlm.nih.gov/27889896/	2026-10-04	observed			We identified and/or confirmed interactions of LNX1 and LNX2 with proteins known to have presynaptic and neuronal signalling functions, including the presynaptic active zone constituents ERC1, ERC2 and LIPRIN-αs (PPFIA1, PPFIA3), as well as the F-BAR domain proteins FCHSD2 (nervous wreck homologue) 		{}
PUB000257	PERSON:lenihan_joan	authored	PMID:27889896	PubMed	27889896	https://pubmed.ncbi.nlm.nih.gov/27889896/	2026-10-04	observed			Joan A Lenihan		"{""position"": ""first author"", ""affiliation"": ""School of Biochemistry and Cell Biology, University College Cork, Cork, Ireland."", ""year"": ""2017""}"
PUB000258	PERSON:young_paul	authored	PMID:27889896	PubMed	27889896	https://pubmed.ncbi.nlm.nih.gov/27889896/	2026-10-04	observed			Paul W Young		"{""position"": ""last author"", ""affiliation"": ""School of Biochemistry and Cell Biology, University College Cork, Cork, Ireland. p.young@ucc.ie."", ""year"": ""2017""}"
PUB000259	PMID:33531663	mentions_gene	HGNC:10596	PubMed	33531663	https://pubmed.ncbi.nlm.nih.gov/33531663/	2026-10-04	observed			Mutations of three of these genes, SCN1A, SCN2A and SCN8A, are responsible for a significant burden of neurological disease.		{}
PUB000260	PERSON:meisler_miriam	authored	PMID:33531663	PubMed	33531663	https://pubmed.ncbi.nlm.nih.gov/33531663/	2026-10-04	observed			Miriam H Meisler		"{""position"": ""first author"", ""affiliation"": ""Department of Human Genetics, University of Michigan, Ann Arbor, MI, USA. meislerm@umich.edu."", ""year"": ""2021""}"
PUB000261	PERSON:yu_wenxi	authored	PMID:33531663	PubMed	33531663	https://pubmed.ncbi.nlm.nih.gov/33531663/	2026-10-04	observed			Wenxi Yu		"{""position"": ""last author"", ""affiliation"": ""Department of Human Genetics, University of Michigan, Ann Arbor, MI, USA."", ""year"": ""2021""}"
PUB000262	PMID:34431999	mentions_gene	HGNC:10596	PubMed	34431999	https://pubmed.ncbi.nlm.nih.gov/34431999/	2026-10-04	observed			Genotype-phenotype correlations in SCN8A-related disorders reveal prognostic and therapeutic implications.		{}
PUB000263	PERSON:johannesen_katrine	authored	PMID:34431999	PubMed	34431999	https://pubmed.ncbi.nlm.nih.gov/34431999/	2026-10-04	observed			Katrine M Johannesen		"{""position"": ""first author"", ""affiliation"": ""Department of Epilepsy Genetics and Personalized Treatment, The Danish Epilepsy Center, 4293 Dianalund, Denmark."", ""year"": ""2022""}"
PUB000264	PERSON:m-ller_rikke	authored	PMID:34431999	PubMed	34431999	https://pubmed.ncbi.nlm.nih.gov/34431999/	2026-10-04	observed			Rikke S Møller		"{""position"": ""last author"", ""affiliation"": ""Department of Epilepsy Genetics and Personalized Treatment, The Danish Epilepsy Center, 4293 Dianalund, Denmark."", ""year"": ""2022""}"
PUB000265	PMID:29655203	mentions_gene	HGNC:10596	PubMed	29655203	https://pubmed.ncbi.nlm.nih.gov/29655203/	2026-10-04	observed			All variants identified in CDKL5, STXBP1, SCN8A, GABRA1, and FOXG1 were de novo, whereas 85.		{}
PUB000266	PERSON:lindy_amanda	authored	PMID:29655203	PubMed	29655203	https://pubmed.ncbi.nlm.nih.gov/29655203/	2026-10-04	observed			Amanda S Lindy		"{""position"": ""first author"", ""affiliation"": ""GeneDx, Gaithersburg, MD, USA."", ""year"": ""2018""}"
PUB000267	PERSON:mcknight_dianalee	authored	PMID:29655203	PubMed	29655203	https://pubmed.ncbi.nlm.nih.gov/29655203/	2026-10-04	observed			Dianalee A McKnight		"{""position"": ""last author"", ""affiliation"": ""GeneDx, Gaithersburg, MD, USA."", ""year"": ""2018""}"
PUB000268	PMID:28212175	mentions_gene	HGNC:10596	PubMed	28212175	https://pubmed.ncbi.nlm.nih.gov/28212175/	2026-10-04	observed			Examples of precision medicine in epilepsy targeting gain-of-function mutations in KCNT1, GRIN2A, GRIN2D and SCN8A are presented.		{}
PUB000269	PERSON:symonds_joseph	authored	PMID:28212175	PubMed	28212175	https://pubmed.ncbi.nlm.nih.gov/28212175/	2026-10-04	observed			Joseph D Symonds		"{""position"": ""first author"", ""affiliation"": ""aPaediatric Neurosciences Research Group, Fraser of Allander Neurosciences Unit, Royal Hospital for Children bSchool of Medicine, University of Glasgow, Glasgow cDivision of Brain Sciences, Imperial College London, London, United Kingdom."", ""year"": ""2017""}"
PUB000270	PERSON:johnson_michael	authored	PMID:28212175	PubMed	28212175	https://pubmed.ncbi.nlm.nih.gov/28212175/	2026-10-04	observed			Michael R Johnson		"{""position"": ""last author"", ""affiliation"": """", ""year"": ""2017""}"
PUB000271	PMID:34177764	mentions_gene	HGNC:10596	PubMed	34177764	https://pubmed.ncbi.nlm.nih.gov/34177764/	2026-10-04	observed			For example, paroxysmal kinesigenic dyskinesia is most commonly associated with variants in PRRT2 but also variants identified in PNKD, SCN8A, and SCL2A1.		{}
PUB000272	PERSON:harvey_susan	authored	PMID:34177764	PubMed	34177764	https://pubmed.ncbi.nlm.nih.gov/34177764/	2026-10-04	observed			Susan Harvey		"{""position"": ""first author"", ""affiliation"": ""Department of Paediatric Neurology and Clinical Neurophysiology, Children's Health Ireland at Temple Street, Dublin, Ireland."", ""year"": ""2021""}"
PUB000273	PERSON:gorman_kathleen	authored	PMID:34177764	PubMed	34177764	https://pubmed.ncbi.nlm.nih.gov/34177764/	2026-10-04	observed			Kathleen M Gorman		"{""position"": ""last author"", ""affiliation"": ""Department of Paediatric Neurology and Clinical Neurophysiology, Children's Health Ireland at Temple Street, Dublin, Ireland."", ""year"": ""2021""}"
PUB000274	PMID:31904118	mentions_gene	HGNC:10596	PubMed	31904118	https://pubmed.ncbi.nlm.nih.gov/31904118/	2026-10-04	observed			SCN8A encephalopathy: Mechanisms and models.		{}
PUB000275	PERSON:meisler_miriam	authored	PMID:31904118	PubMed	31904118	https://pubmed.ncbi.nlm.nih.gov/31904118/	2026-10-04	observed			Miriam H Meisler		"{""position"": ""first author"", ""affiliation"": ""Department of Human Genetics, University of Michigan, Ann Arbor, Michigan."", ""year"": ""2019""}"
PUB000276	PERSON:meisler_miriam	authored	PMID:31904118	PubMed	31904118	https://pubmed.ncbi.nlm.nih.gov/31904118/	2026-10-04	observed			Miriam H Meisler		"{""position"": ""last author"", ""affiliation"": ""Department of Human Genetics, University of Michigan, Ann Arbor, Michigan."", ""year"": ""2019""}"
PUB000277	PMID:36750385	mentions_gene	HGNC:10596	PubMed	36750385	https://pubmed.ncbi.nlm.nih.gov/36750385/	2026-10-04	observed			We included patients with a pathogenic variant in the genes SCN1A, SCN2A, SCN8A, SYNGAP1, NEXMIF, CHD2, PCDH19, STXBP1, GRIN2A, KCNT1, and KCNQ2 and with Angelman syndrome (AS).		{}
PUB000278	PERSON:donnan_alice	authored	PMID:36750385	PubMed	36750385	https://pubmed.ncbi.nlm.nih.gov/36750385/	2026-10-04	observed			Alice M Donnan		"{""position"": ""first author"", ""affiliation"": ""From the Epilepsy Research Centre (A.M.D., A.L.S., S.R.-H., I.E.S.), Department of Medicine, The University of Melbourne, Austin Health; Melbourne Medical School (L.C.), Faculty of Medicine, Dentistry and Health Sciences, The University of Melbourne, Parkville; The Florey Institute of Neurosciences "", ""year"": ""2023""}"
PUB000279	PERSON:scheffer_ingrid	authored	PMID:36750385	PubMed	36750385	https://pubmed.ncbi.nlm.nih.gov/36750385/	2026-10-04	observed			Ingrid E Scheffer		"{""position"": ""last author"", ""affiliation"": ""From the Epilepsy Research Centre (A.M.D., A.L.S., S.R.-H., I.E.S.), Department of Medicine, The University of Melbourne, Austin Health; Melbourne Medical School (L.C.), Faculty of Medicine, Dentistry and Health Sciences, The University of Melbourne, Parkville; The Florey Institute of Neurosciences "", ""year"": ""2023""}"
PUB000280	PMID:27781031	mentions_gene	HGNC:10596	PubMed	27781031	https://pubmed.ncbi.nlm.nih.gov/27781031/	2026-10-04	observed			The variants were found in 19 different genes including SCN1A, STXBP1, CDKL5, SCN2A, SCN8A, GABRA1, KCNA2, and STX1B.		{}
PUB000281	PERSON:m-ller_rikke	authored	PMID:27781031	PubMed	27781031	https://pubmed.ncbi.nlm.nih.gov/27781031/	2026-10-04	observed			Rikke S Møller		"{""position"": ""first author"", ""affiliation"": ""Danish Epilepsy Centre, University of Southern Denmark, Denmark; Institute for Regional Health Services, University of Southern Denmark, Denmark."", ""year"": ""2016""}"
PUB000282	PERSON:dahl_hans	authored	PMID:27781031	PubMed	27781031	https://pubmed.ncbi.nlm.nih.gov/27781031/	2026-10-04	observed			Hans A Dahl		"{""position"": ""last author"", ""affiliation"": ""Amplexa Genetics, Odense, Denmark."", ""year"": ""2016""}"
PUB000283	PMID:19424768	mentions_gene	HGNC:10596	PubMed	19424768	https://pubmed.ncbi.nlm.nih.gov/19424768/	2026-10-04	observed			Cerebellum-related characteristics of Scn8a-mutant mice.		{}
PUB000284	PERSON:chen_kejian	authored	PMID:19424768	PubMed	19424768	https://pubmed.ncbi.nlm.nih.gov/19424768/	2026-10-04	observed			Kejian Chen		"{""position"": ""first author"", ""affiliation"": ""Hough Ear Institute, Oklahoma City, OK, USA."", ""year"": ""2009""}"
PUB000285	PERSON:preston_todd	authored	PMID:19424768	PubMed	19424768	https://pubmed.ncbi.nlm.nih.gov/19424768/	2026-10-04	observed			Todd W Preston		"{""position"": ""last author"", ""affiliation"": """", ""year"": ""2009""}"
PUB000286	PMID:32090326	mentions_gene	HGNC:10596	PubMed	32090326	https://pubmed.ncbi.nlm.nih.gov/32090326/	2026-10-04	observed			RESULTS: Comparing 865 epilepsy patients (504 SCN1A, 140 SCN2A, 171 SCN8A, four SCN3A, 46 copy number variation [CNV] cases) and analysis of 114 functional studies allowed us to identify common patterns of presentation.		{}
PUB000287	PERSON:brunklaus_andreas	authored	PMID:32090326	PubMed	32090326	https://pubmed.ncbi.nlm.nih.gov/32090326/	2026-10-04	observed			Andreas Brunklaus		"{""position"": ""first author"", ""affiliation"": ""Paediatric Neurosciences Research Group, Royal Hospital for Children, Glasgow, UK."", ""year"": ""2020""}"
PUB000288	PERSON:lal_dennis	authored	PMID:32090326	PubMed	32090326	https://pubmed.ncbi.nlm.nih.gov/32090326/	2026-10-04	observed			Dennis Lal		"{""position"": ""last author"", ""affiliation"": ""Cologne Center for Genomics, University of Cologne, University Hospital Cologne, Cologne, Germany."", ""year"": ""2020""}"
PUB000289	PMID:28880996	mentions_gene	HGNC:10596	PubMed	28880996	https://pubmed.ncbi.nlm.nih.gov/28880996/	2026-10-04	observed			RESULTS: Genes that have been reported to cause DS-like phenotypes include SCN2A, SCN8A, SCN9A, SCN1B, PCDH19, GABRA1, GABRG2, STXBP1, HCN1, CHD2, and KCNA2.		{}
PUB000290	PERSON:steel_dora	authored	PMID:28880996	PubMed	28880996	https://pubmed.ncbi.nlm.nih.gov/28880996/	2026-10-04	observed			Dora Steel		"{""position"": ""first author"", ""affiliation"": ""The Paediatric Neurosciences Research Group, Royal Hospital for Children, Glasgow, United Kingdom."", ""year"": ""2017""}"
PUB000291	PERSON:brunklaus_andreas	authored	PMID:28880996	PubMed	28880996	https://pubmed.ncbi.nlm.nih.gov/28880996/	2026-10-04	observed			Andreas Brunklaus		"{""position"": ""last author"", ""affiliation"": ""The Paediatric Neurosciences Research Group, Royal Hospital for Children, Glasgow, United Kingdom."", ""year"": ""2017""}"
PUB000292	PMID:34569149	mentions_gene	HGNC:10596	PubMed	34569149	https://pubmed.ncbi.nlm.nih.gov/34569149/	2026-10-04	observed			Although no single gene reached exome-wide statistical significance to be associated with any of the diagnostic categories, we observe enrichment of rare damaging variants in established epilepsy genes among Landau-Kleffner patients (GRIN2A) and pediatric status epilepticus patients (MECP2, SCN1A, S		{}
PUB000293	PERSON:stanley_kate	authored	PMID:34569149	PubMed	34569149	https://pubmed.ncbi.nlm.nih.gov/34569149/	2026-10-04	observed			Kate Stanley		"{""position"": ""first author"", ""affiliation"": ""Columbia Presbyterian Medical Center, New York, New York, USA."", ""year"": ""2022""}"
PUB000294	PERSON:delanty_norman	authored	PMID:34569149	PubMed	34569149	https://pubmed.ncbi.nlm.nih.gov/34569149/	2026-10-04	observed			Norman Delanty		"{""position"": ""last author"", ""affiliation"": ""Department of Neurology, Beaumont Hospital, School of Pharmacy and Biomedical Sciences, and FutureNeuro Research Centre, Royal College of Surgeons in Ireland, Dublin, Ireland."", ""year"": ""2022""}"
PUB000295	PMID:23708187	mentions_gene	HGNC:10596	PubMed	23708187	https://pubmed.ncbi.nlm.nih.gov/23708187/	2026-10-04	observed			We also expand the phenotypic spectra explained by SCN1A, SCN2A and SCN8A mutations.		{}
PUB000296	PERSON:carvill_gemma	authored	PMID:23708187	PubMed	23708187	https://pubmed.ncbi.nlm.nih.gov/23708187/	2026-10-04	observed			Gemma L Carvill		"{""position"": ""first author"", ""affiliation"": ""Department of Pediatrics, Division of Genetic Medicine, University of Washington, Seattle, WA, USA."", ""year"": ""2013""}"
PUB000297	PERSON:mefford_heather	authored	PMID:23708187	PubMed	23708187	https://pubmed.ncbi.nlm.nih.gov/23708187/	2026-10-04	observed			Heather C Mefford		"{""position"": ""last author"", ""affiliation"": """", ""year"": ""2013""}"
PUB000298	PMID:25642194	mentions_gene	HGNC:10596	PubMed	25642194	https://pubmed.ncbi.nlm.nih.gov/25642194/	2026-10-04	observed			Next generation sequencing revealed no variations in the CACNA1A, CACNB4, KCNC3, KCNJ10, PRRT2 or SCN8A genes of either the patient or mother, except for a benign variant in SLC1A3.		{}
PUB000299	PERSON:d-adamo_maria	authored	PMID:25642194	PubMed	25642194	https://pubmed.ncbi.nlm.nih.gov/25642194/	2026-10-04	observed			Maria C D'Adamo		"{""position"": ""first author"", ""affiliation"": ""Section of Physiology and Biochemistry, Department of Experimental Medicine, School of Medicine, University of Perugia Perugia, Italy ; Section of Neurophysiology and Biophysics, Istituto Euro-Mediterraneo di Scienza e Tecnologia Palermo, Italy."", ""year"": ""2014""}"
PUB000300	PERSON:klopstock_thomas	authored	PMID:25642194	PubMed	25642194	https://pubmed.ncbi.nlm.nih.gov/25642194/	2026-10-04	observed			Thomas Klopstock		"{""position"": ""last author"", ""affiliation"": ""Department of Neurology, Friedrich-Baur-Institute, Ludwig-Maximilians-University Munich, Germany ; German Network for Mitochondrial Disorders (mitoNET) Ludwigshafen, Germany ; DZNE - German Center for Neurodegenerative Diseases Munich, Germany ; German Center for Vertigo and Balance Disorders Munich"", ""year"": ""2014""}"
PUB000301	PMID:30185235	mentions_gene	HGNC:10596	PubMed	30185235	https://pubmed.ncbi.nlm.nih.gov/30185235/	2026-10-04	observed			Other novel mutations detected in unclassified epilepsy patients involve the SCN8A, CACNA1A, GABRB3, GABRA1, IQSEC2, TSC1, VRK2, ATP1A2, PCDH19, SLC9A6 and CHD2 genes.		{}
PUB000302	PERSON:liu_jing	authored	PMID:30185235	PubMed	30185235	https://pubmed.ncbi.nlm.nih.gov/30185235/	2026-10-04	observed			Jing Liu		"{""position"": ""first author"", ""affiliation"": ""Department of Pediatrics, Qilu Hospital of Shandong University, Jinan, Shandong, People's Republic of China."", ""year"": ""2018""}"
PUB000303	PERSON:li_baomin	authored	PMID:30185235	PubMed	30185235	https://pubmed.ncbi.nlm.nih.gov/30185235/	2026-10-04	observed			Baomin Li		"{""position"": ""last author"", ""affiliation"": ""Department of Pediatrics, Qilu Hospital of Shandong University, Jinan, Shandong, People's Republic of China. 198962000693@sdu.edu.cn."", ""year"": ""2018""}"
PUB000304	PMID:33901312	mentions_gene	HGNC:10596	PubMed	33901312	https://pubmed.ncbi.nlm.nih.gov/33901312/	2026-10-04	observed			6 (SCN8A).		{}
PUB000305	PERSON:scala_marcello	authored	PMID:33901312	PubMed	33901312	https://pubmed.ncbi.nlm.nih.gov/33901312/	2026-10-04	observed			Marcello Scala		"{""position"": ""first author"", ""affiliation"": ""Department of Neurosciences, Rehabilitation, Ophthalmology, Genetics, and Maternal and Child Health, University of Genoa, Genoa, Italy."", ""year"": ""2021""}"
PUB000306	PERSON:bosmans_frank	authored	PMID:33901312	PubMed	33901312	https://pubmed.ncbi.nlm.nih.gov/33901312/	2026-10-04	observed			Frank Bosmans		"{""position"": ""last author"", ""affiliation"": ""Faculty of Medicine and Health Sciences, Department of Basic and Applied Medical Sciences, Ghent University, Ghent, Belgium."", ""year"": ""2021""}"
PUB000307	PMID:40925365	mentions_gene	HGNC:10596	PubMed	40925365	https://pubmed.ncbi.nlm.nih.gov/40925365/	2026-10-04	observed			This study examines how a single disorder differentially affects distinct brain regions using induced pluripotent stem cell (iPSC)-derived cortical- and hippocampal-ganglionic eminence assembloids to model developmental and epileptic encephalopathy 13, a condition arising from gain-of-function mutat		{}
PUB000308	PERSON:mccrimmon_colin	authored	PMID:40925365	PubMed	40925365	https://pubmed.ncbi.nlm.nih.gov/40925365/	2026-10-04	observed			Colin M McCrimmon		"{""position"": ""first author"", ""affiliation"": ""Department of Neurology, University of California, Los Angeles, David Geffen School of Medicine, Los Angeles, CA 90095, USA."", ""year"": ""2025""}"
PUB000309	PERSON:samarasinghe_ranmal	authored	PMID:40925365	PubMed	40925365	https://pubmed.ncbi.nlm.nih.gov/40925365/	2026-10-04	observed			Ranmal A Samarasinghe		"{""position"": ""last author"", ""affiliation"": ""Department of Neurology, University of California, Los Angeles, David Geffen School of Medicine, Los Angeles, CA 90095, USA; Department of Neurobiology, University of California, Los Angeles, Los Angeles, CA 90095, USA; Eli and Edythe Broad Center for Regenerative Medicine and Stem Cell Research, Un"", ""year"": ""2025""}"
PUB000310	PMID:34773737	mentions_gene	HGNC:10596	PubMed	34773737	https://pubmed.ncbi.nlm.nih.gov/34773737/	2026-10-04	observed			For individuals with pathogenic variants in genes including SCN1A, SCN1B, SCN8A, SCN2A, GNB5, KCNA1 and DEPDC5, there are varying degrees of evidence to suggest an increased risk for sudden death.		{}
PUB000311	PERSON:sahly_ahmed	authored	PMID:34773737	PubMed	34773737	https://pubmed.ncbi.nlm.nih.gov/34773737/	2026-10-04	observed			Ahmed N Sahly		"{""position"": ""first author"", ""affiliation"": ""Division of Neurology, Department of Pediatrics, Montreal Children's Hospital, McGill University Health Centre, Montreal, Quebec, Canada; Department of Neurosciences, King Faisal Specialist Hospital & Research Centre, Jeddah, Saudi Arabia."", ""year"": ""2022""}"
PUB000312	PERSON:myers_kenneth	authored	PMID:34773737	PubMed	34773737	https://pubmed.ncbi.nlm.nih.gov/34773737/	2026-10-04	observed			Kenneth A Myers		"{""position"": ""last author"", ""affiliation"": ""Division of Neurology, Department of Pediatrics, Montreal Children's Hospital, McGill University Health Centre, Montreal, Quebec, Canada; Department of Neurology and Neurosurgery, Montreal Children's Hospital, McGill University Health Centre, Montreal, Quebec, Canada; Research Institute of the McGil"", ""year"": ""2022""}"
PUB000313	PMID:30968951	mentions_gene	HGNC:10596	PubMed	30968951	https://pubmed.ncbi.nlm.nih.gov/30968951/	2026-10-04	observed			The spectrum of intermediate SCN8A-related epilepsy.		{}
PUB000314	PERSON:johannesen_katrine	authored	PMID:30968951	PubMed	30968951	https://pubmed.ncbi.nlm.nih.gov/30968951/	2026-10-04	observed			Katrine M Johannesen		"{""position"": ""first author"", ""affiliation"": ""Department of Epilepsy Genetics and Personalized Treatment, Danish Epilepsy Center Filadelfia, Dianalund, Denmark."", ""year"": ""2019""}"
PUB000315	PERSON:m-ller_rikke	authored	PMID:30968951	PubMed	30968951	https://pubmed.ncbi.nlm.nih.gov/30968951/	2026-10-04	observed			Rikke S Møller		"{""position"": ""last author"", ""affiliation"": ""Department of Epilepsy Genetics and Personalized Treatment, Danish Epilepsy Center Filadelfia, Dianalund, Denmark."", ""year"": ""2019""}"
PUB000316	PMID:31077350	mentions_gene	HGNC:10596	PubMed	31077350	https://pubmed.ncbi.nlm.nih.gov/31077350/	2026-10-04	observed			Parental mosaicism was observed in the following genes: SCN1A, SCN2A, SCN8A, and STXBP1.		{}
PUB000317	PERSON:m-ller_rikke	authored	PMID:31077350	PubMed	31077350	https://pubmed.ncbi.nlm.nih.gov/31077350/	2026-10-04	observed			Rikke S Møller		"{""position"": ""first author"", ""affiliation"": ""Danish Epilepsy Centre, Dianalund, Denmark."", ""year"": ""2019""}"
PUB000318	PERSON:lemke_johannes	authored	PMID:31077350	PubMed	31077350	https://pubmed.ncbi.nlm.nih.gov/31077350/	2026-10-04	observed			Johannes R Lemke		"{""position"": ""last author"", ""affiliation"": ""Institute of Human Genetics, University of Leipzig Medical Center, Leipzig, Germany."", ""year"": ""2019""}"
PUB000319	PMID:27270488	mentions_gene	HGNC:10596	PubMed	27270488	https://pubmed.ncbi.nlm.nih.gov/27270488/	2026-10-04	observed			SCN8A encephalopathy: Research progress and prospects.		{}
PUB000320	PERSON:meisler_miriam	authored	PMID:27270488	PubMed	27270488	https://pubmed.ncbi.nlm.nih.gov/27270488/	2026-10-04	observed			Miriam H Meisler		"{""position"": ""first author"", ""affiliation"": ""Department of Human Genetics, University of Michigan, Ann Arbor, Michigan, U.S.A."", ""year"": ""2016""}"
PUB000321	PERSON:scheffer_ingrid	authored	PMID:27270488	PubMed	27270488	https://pubmed.ncbi.nlm.nih.gov/27270488/	2026-10-04	observed			Ingrid E Scheffer		"{""position"": ""last author"", ""affiliation"": ""Department of Neurology, Royal Children's Hospital, Melbourne, Victoria, Australia."", ""year"": ""2016""}"
PUB000322	PMID:32593896	mentions_gene	HGNC:10596	PubMed	32593896	https://pubmed.ncbi.nlm.nih.gov/32593896/	2026-10-04	observed			The DEE studied included Ohtahara syndrome associated with STXBP1 and SCN8A variants with yield of 50 % (2/4 tested); early myoclonic encephalopathy (no yield in 2); West syndrome with CDKL5, yield of 13.		{}
PUB000323	PERSON:mitta_nandini	authored	PMID:32593896	PubMed	32593896	https://pubmed.ncbi.nlm.nih.gov/32593896/	2026-10-04	observed			Nandini Mitta		"{""position"": ""first author"", ""affiliation"": ""R. Madhavan Nayar Center for Comprehensive Epilepsy Care, Department of Neurology, Sree Chitra Tirunal Institute for Medical Sciences and Technology, Trivandrum, Kerala, India."", ""year"": ""2020""}"
PUB000324	PERSON:thomas_sanjeev	authored	PMID:32593896	PubMed	32593896	https://pubmed.ncbi.nlm.nih.gov/32593896/	2026-10-04	observed			Sanjeev V Thomas		"{""position"": ""last author"", ""affiliation"": ""R. Madhavan Nayar Center for Comprehensive Epilepsy Care, Department of Neurology, Sree Chitra Tirunal Institute for Medical Sciences and Technology, Trivandrum, Kerala, India."", ""year"": ""2020""}"
PUB000325	PMID:25818041	mentions_gene	HGNC:10596	PubMed	25818041	https://pubmed.ncbi.nlm.nih.gov/25818041/	2026-10-04	observed			RESULTS: Genetic causes were identified in 28% of the 110 patients: 7% had inherited metabolic disorders including pyridoxine dependent epilepsy caused by ALDH7A1 mutation, Menkes disease, pyridox(am)ine-5-phosphate oxidase deficiency, cobalamin G deficiency, methylenetetrahydrofolate reductase defi		{}
PUB000326	PERSON:mercimek-mahmutoglu_saadet	authored	PMID:25818041	PubMed	25818041	https://pubmed.ncbi.nlm.nih.gov/25818041/	2026-10-04	observed			Saadet Mercimek-Mahmutoglu		"{""position"": ""first author"", ""affiliation"": ""Division of Clinical and Metabolic Genetics, Department of Paediatrics, The Hospital for Sick Children, University of Toronto, Toronto, Ontario, Canada."", ""year"": ""2015""}"
PUB000327	PMID:34353676	mentions_gene	HGNC:10596	PubMed	34353676	https://pubmed.ncbi.nlm.nih.gov/34353676/	2026-10-04	observed			SCN8A Epilepsy, Developmental Encephalopathy, and Related Disorders.		{}
PUB000328	PERSON:talwar_dinesh	authored	PMID:34353676	PubMed	34353676	https://pubmed.ncbi.nlm.nih.gov/34353676/	2026-10-04	observed			Dinesh Talwar		"{""position"": ""first author"", ""affiliation"": ""Center for Neurosciences, Tucson, Arizona; Departments of Neurology and Pediatrics, University of Arizona, Tucson, Arizona. Electronic address: dtalwar@neurotucson.com."", ""year"": ""2021""}"
PUB000329	PERSON:hammer_michael	authored	PMID:34353676	PubMed	34353676	https://pubmed.ncbi.nlm.nih.gov/34353676/	2026-10-04	observed			Michael F Hammer		"{""position"": ""last author"", ""affiliation"": ""Department of Neurology and Bio5 Institute, University of Arizona, Tucson, Arizona."", ""year"": ""2021""}"
PUB000330	PMID:34412058	mentions_gene	HGNC:10596	PubMed	34412058	https://pubmed.ncbi.nlm.nih.gov/34412058/	2026-10-04	observed			An ASO that reduces the abundance of the SCN8A mRNA is therapeutic in mouse models of developmental and epileptic encephalopathy.		{}
PUB000331	PERSON:hill_sophie	authored	PMID:34412058	PubMed	34412058	https://pubmed.ncbi.nlm.nih.gov/34412058/	2026-10-04	observed			Sophie F Hill		"{""position"": ""first author"", ""affiliation"": ""Neuroscience Graduate Program, University of Michigan, Ann Arbor, Michigan, USA."", ""year"": ""2021""}"
PUB000332	PERSON:meisler_miriam	authored	PMID:34412058	PubMed	34412058	https://pubmed.ncbi.nlm.nih.gov/34412058/	2026-10-04	observed			Miriam H Meisler		"{""position"": ""last author"", ""affiliation"": ""Neuroscience Graduate Program, University of Michigan, Ann Arbor, Michigan, USA."", ""year"": ""2021""}"
PUB000333	PMID:27781027	mentions_gene	HGNC:10596	PubMed	27781027	https://pubmed.ncbi.nlm.nih.gov/27781027/	2026-10-04	observed			While most patients carry mutations in SCN1A, similar phenotypes can be seen in patients with mutations in PCDH19, CHD2, SCN8A, or in rare cases GABRA1 and STXBP1.		{}
PUB000334	PERSON:helbig_ingo	authored	PMID:27781027	PubMed	27781027	https://pubmed.ncbi.nlm.nih.gov/27781027/	2026-10-04	observed			Ingo Helbig		"{""position"": ""first author"", ""affiliation"": ""Division of Neurology, University of Pennsylvania Perelman School of Medicine, Philadelphia, Pa., USA; Division of Department of Neuropediatrics, Christian Albrechts University of Kiel and University Medical Center Schleswig-Holstein (UKSH), Kiel, Germany."", ""year"": ""2016""}"
PUB000335	PERSON:tayoun_abou	authored	PMID:27781027	PubMed	27781027	https://pubmed.ncbi.nlm.nih.gov/27781027/	2026-10-04	observed			Abou Ahmad N Tayoun		"{""position"": ""last author"", ""affiliation"": ""Division of Genomic Diagnostics, Department of Pathology and Laboratory Medicine, The Children's Hospital of Philadelphia, University of Pennsylvania Perelman School of Medicine, Philadelphia, Pa., USA."", ""year"": ""2016""}"
PUB000336	PMID:37946085	mentions_gene	HGNC:11018	PubMed	37946085	https://pubmed.ncbi.nlm.nih.gov/37946085/	2026-10-04	observed			We show that acyl-GIP decreases body weight and food intake in male diet-induced obese wild-type mice, but not in mice with deletion of Gipr in Vgat(also known as Slc32a1)-expressing GABAergic neurons (Vgat-Gipr knockout).		{}
PUB000337	PERSON:liskiewicz_arkadiusz	authored	PMID:37946085	PubMed	37946085	https://pubmed.ncbi.nlm.nih.gov/37946085/	2026-10-04	observed			Arkadiusz Liskiewicz		"{""position"": ""first author"", ""affiliation"": ""Institute for Diabetes and Obesity, Helmholtz Diabetes Center, Helmholtz Munich, Neuherberg, Germany."", ""year"": ""2023""}"
PUB000338	PERSON:m-ller_timo	authored	PMID:37946085	PubMed	37946085	https://pubmed.ncbi.nlm.nih.gov/37946085/	2026-10-04	observed			Timo D Müller		"{""position"": ""last author"", ""affiliation"": ""Institute for Diabetes and Obesity, Helmholtz Diabetes Center, Helmholtz Munich, Neuherberg, Germany. timodirk.mueller@helmholtz-munich.de."", ""year"": ""2023""}"
PUB000339	PMID:38949671	mentions_gene	HGNC:11018	PubMed	38949671	https://pubmed.ncbi.nlm.nih.gov/38949671/	2026-10-04	observed			Abbreviations: 2dRAWM: 2-day radial arm water maze; AD: Alzheimer disease; Aβ: amyloid-beta; AIF1/Iba1: allograft inflammatory factor 1; APP: amyloid beta precursor protein; ATG7: autophagy related 7; AV: autophagic vacuole; CCV: cargo capture value; Ctrl: control; DLG4/PSD-95: discs large MAGUK sca		{}
PUB000340	PERSON:grosso-jasutkar_hilary	authored	PMID:38949671	PubMed	38949671	https://pubmed.ncbi.nlm.nih.gov/38949671/	2026-10-04	observed			Hilary Grosso Jasutkar		"{""position"": ""first author"", ""affiliation"": ""Department of Neurology, Columbia University, New York, NY, USA."", ""year"": ""2024""}"
PUB000341	PERSON:yamamoto_ai	authored	PMID:38949671	PubMed	38949671	https://pubmed.ncbi.nlm.nih.gov/38949671/	2026-10-04	observed			Ai Yamamoto		"{""position"": ""last author"", ""affiliation"": ""Department of Neurology, Columbia University, New York, NY, USA."", ""year"": ""2024""}"
PUB000342	PMID:34038384	mentions_gene	HGNC:11018	PubMed	34038384	https://pubmed.ncbi.nlm.nih.gov/34038384/	2026-10-04	observed			Association of SLC32A1 Missense Variants With Genetic Epilepsy With Febrile Seizures Plus.		{}
PUB000343	PERSON:heron_sarah	authored	PMID:34038384	PubMed	34038384	https://pubmed.ncbi.nlm.nih.gov/34038384/	2026-10-04	observed			Sarah E Heron		"{""position"": ""first author"", ""affiliation"": ""From the Adelaide Medical School, Faculty of Health and Medical Sciences (S.E.H., A.E.G., M.A.C., J.G.), and Robinson Research Institute (J.G.), The University of Adelaide; Epilepsy Research Centre, Department of Medicine (B.M.R., R.V.H., M.C., B.E.G., M.F.B., S.P., M.S.H., I.E.S., S.F.B.), Austin H"", ""year"": ""2021""}"
PUB000344	PERSON:berkovic_samuel	authored	PMID:34038384	PubMed	34038384	https://pubmed.ncbi.nlm.nih.gov/34038384/	2026-10-04	observed			Samuel F Berkovic		"{""position"": ""last author"", ""affiliation"": ""From the Adelaide Medical School, Faculty of Health and Medical Sciences (S.E.H., A.E.G., M.A.C., J.G.), and Robinson Research Institute (J.G.), The University of Adelaide; Epilepsy Research Centre, Department of Medicine (B.M.R., R.V.H., M.C., B.E.G., M.F.B., S.P., M.S.H., I.E.S., S.F.B.), Austin H"", ""year"": ""2021""}"
PUB000345	PMID:36073542	mentions_gene	HGNC:11018	PubMed	36073542	https://pubmed.ncbi.nlm.nih.gov/36073542/	2026-10-04	observed			De Novo Missense Variants in SLC32A1 Cause a Developmental and Epileptic Encephalopathy Due to Impaired GABAergic Neurotransmission.		{}
PUB000346	PERSON:platzer_konrad	authored	PMID:36073542	PubMed	36073542	https://pubmed.ncbi.nlm.nih.gov/36073542/	2026-10-04	observed			Konrad Platzer		"{""position"": ""first author"", ""affiliation"": ""Institute of Human Genetics, University of Leipzig Medical Center, Leipzig, Germany."", ""year"": ""2022""}"
PUB000347	PERSON:wojcik_sonja	authored	PMID:36073542	PubMed	36073542	https://pubmed.ncbi.nlm.nih.gov/36073542/	2026-10-04	observed			Sonja M Wojcik		"{""position"": ""last author"", ""affiliation"": ""Department of Molecular Neurobiology, Max Planck Institute for Multidisciplinary Sciences, Göttingen, Germany."", ""year"": ""2022""}"
PUB000348	PMID:33726812	mentions_gene	HGNC:11018	PubMed	33726812	https://pubmed.ncbi.nlm.nih.gov/33726812/	2026-10-04	observed			In this study, RNAscope in situ hybridization revealed that Adra1a mRNA is expressed in SDH inhibitory interneurons that are positive for Slc32a1 mRNA (known as vesicular GABA transporter).		{}
PUB000349	PERSON:shiraishi_yuto	authored	PMID:33726812	PubMed	33726812	https://pubmed.ncbi.nlm.nih.gov/33726812/	2026-10-04	observed			Yuto Shiraishi		"{""position"": ""first author"", ""affiliation"": ""Department of Life Innovation, Graduate School of Pharmaceutical Sciences, Kyushu University, Fukuoka, 812-8582, Japan."", ""year"": ""2021""}"
PUB000350	PERSON:tsuda_makoto	authored	PMID:33726812	PubMed	33726812	https://pubmed.ncbi.nlm.nih.gov/33726812/	2026-10-04	observed			Makoto Tsuda		"{""position"": ""last author"", ""affiliation"": ""Department of Life Innovation, Graduate School of Pharmaceutical Sciences, Kyushu University, Fukuoka, 812-8582, Japan. tsuda@phar.kyushu-u.ac.jp."", ""year"": ""2021""}"
PUB000351	PMID:26833098	mentions_gene	HGNC:11018	PubMed	26833098	https://pubmed.ncbi.nlm.nih.gov/26833098/	2026-10-04	observed			We identify five loci robustly associated (P<5 × 10(-8)) with leptin levels in/near LEP, SLC32A1, GCKR, CCNL1 and FTO.		{}
PUB000352	PERSON:kilpel-inen_tuomas	authored	PMID:26833098	PubMed	26833098	https://pubmed.ncbi.nlm.nih.gov/26833098/	2026-10-04	observed			Tuomas O Kilpeläinen		"{""position"": ""first author"", ""affiliation"": ""The Novo Nordisk Foundation Center for Basic Metabolic Research, Section of Metabolic Genetics, Faculty of Health and Medical Sciences, University of Copenhagen, Universitetsparken 1, DIKU Building, Copenhagen 2100, Denmark."", ""year"": ""2016""}"
PUB000353	PERSON:loos_ruth	authored	PMID:26833098	PubMed	26833098	https://pubmed.ncbi.nlm.nih.gov/26833098/	2026-10-04	observed			Ruth J F Loos		"{""position"": ""last author"", ""affiliation"": ""MRC Epidemiology Unit, Institute of Metabolic Science, University of Cambridge, Cambridge CB2 0QQ, UK."", ""year"": ""2016""}"
PUB000354	PMID:17166926	mentions_gene	HGNC:11018	PubMed	17166926	https://pubmed.ncbi.nlm.nih.gov/17166926/	2026-10-04	observed			Lhx1; Lhx5 double-knockout mice exhibit a downregulation of Gad1 and Viaat (Slc32a1) from E13.		{}
PUB000355	PERSON:pillai_andrea	authored	PMID:17166926	PubMed	17166926	https://pubmed.ncbi.nlm.nih.gov/17166926/	2026-10-04	observed			Andrea Pillai		"{""position"": ""first author"", ""affiliation"": ""Biology Graduate Program, University of California, San Diego, La Jolla, CA 92037, USA."", ""year"": ""2007""}"
PUB000356	PERSON:goulding_martyn	authored	PMID:17166926	PubMed	17166926	https://pubmed.ncbi.nlm.nih.gov/17166926/	2026-10-04	observed			Martyn Goulding		"{""position"": ""last author"", ""affiliation"": """", ""year"": ""2007""}"
PUB000357	PMID:39203853	mentions_gene	HGNC:11018	PubMed	39203853	https://pubmed.ncbi.nlm.nih.gov/39203853/	2026-10-04	observed			Real-time qPCR validation showed that NIHL decreased the mRNA expression of genes related to neuronal function, such as Gabra1, Gad1, Slc32a1, CaMK2b, CaMKIV, and Slc17a7, while the CAE treatment significantly elevated these levels.		{}
PUB000358	PERSON:rodriguez_isabel	authored	PMID:39203853	PubMed	39203853	https://pubmed.ncbi.nlm.nih.gov/39203853/	2026-10-04	observed			Isabel Rodriguez		"{""position"": ""first author"", ""affiliation"": ""Department of Oriental Medicine Biotechnology, Graduate School of Biotechnology, Kyung Hee University, Global Campus, Yongin 17104, Republic of Korea."", ""year"": ""2024""}"
PUB000359	PERSON:kang_tong	authored	PMID:39203853	PubMed	39203853	https://pubmed.ncbi.nlm.nih.gov/39203853/	2026-10-04	observed			Tong Ho Kang		"{""position"": ""last author"", ""affiliation"": ""Department of Oriental Medicine Biotechnology, Graduate School of Biotechnology, Kyung Hee University, Global Campus, Yongin 17104, Republic of Korea."", ""year"": ""2024""}"
PUB000360	PMID:33059718	mentions_gene	HGNC:11018	PubMed	33059718	https://pubmed.ncbi.nlm.nih.gov/33059718/	2026-10-04	observed			Genes such as C5AR1 (complement receptor), SLC32A1 (vesicular gamma-aminobutyric acid transporter), MSR1 (or CD204, scavenger receptor A), and SYT5 (synaptotagmin 5) were differentially expressed and comprised in gene signatures specific to NL IDH-WT gliomas which were validated further using the Ch		{}
PUB000361	PMID:41469740	mentions_gene	HGNC:11018	PubMed	41469740	https://pubmed.ncbi.nlm.nih.gov/41469740/	2026-10-04	observed			Differentially expressed genes such as GRIK1, GRIN1, NRXN3, NRXN1, CALB2, SCGN, SLC32A1, SLC1A2, KCNC3, and neurodevelopmental regulators including WNT7A, DLX6, ERBB4, ARX, BCL11B, SEMA3C, and FGFBP3 were identified as key markers regulating the neuron-like lineage transition.		{}
PUB000362	PERSON:uthamacumaran_abicumaran	authored	PMID:41469740	PubMed	41469740	https://pubmed.ncbi.nlm.nih.gov/41469740/	2026-10-04	observed			Abicumaran Uthamacumaran		"{""position"": ""first author"", ""affiliation"": ""Department of Human Genetics, McGill University, 740 Dr Penfield Ave, Montreal, QC, H3A 2T8, Canada."", ""year"": ""2025""}"
PUB000363	PERSON:majewski_jacek	authored	PMID:41469740	PubMed	41469740	https://pubmed.ncbi.nlm.nih.gov/41469740/	2026-10-04	observed			Jacek Majewski		"{""position"": ""last author"", ""affiliation"": ""Department of Human Genetics, McGill University, 740 Dr Penfield Ave, Montreal, QC, H3A 2T8, Canada. jacek.majewski@mcgill.ca."", ""year"": ""2025""}"
PUB000364	PMID:39207910	mentions_gene	HGNC:11018	PubMed	39207910	https://pubmed.ncbi.nlm.nih.gov/39207910/	2026-10-04	observed			GABA-A receptor antagonist or genetic deletion of Slc32a1 (VGAT) in Nts neurons unmasked also an excitatory effect that was blocked by a Nts receptor 1 antagonist.		{}
PUB000365	PERSON:tabarean_iustin	authored	PMID:39207910	PubMed	39207910	https://pubmed.ncbi.nlm.nih.gov/39207910/	2026-10-04	observed			Iustin V Tabarean		"{""position"": ""first author"", ""affiliation"": ""Scintillon Institute, San Diego, United States."", ""year"": ""2024""}"
PUB000366	PERSON:tabarean_iustin	authored	PMID:39207910	PubMed	39207910	https://pubmed.ncbi.nlm.nih.gov/39207910/	2026-10-04	observed			Iustin V Tabarean		"{""position"": ""last author"", ""affiliation"": ""Scintillon Institute, San Diego, United States."", ""year"": ""2024""}"
PUB000367	PMID:36626425	mentions_gene	HGNC:11018	PubMed	36626425	https://pubmed.ncbi.nlm.nih.gov/36626425/	2026-10-04	observed			There were 14, 30 and 19 differentially expressed genes (DEGs) between COVID-19 and Alzheimer 's disease (AD), Parkinson' s disease (PD) and multiple sclerosis (MS), respectively; enrichment analysis showed that MAPK, IL-17, PI3K-Akt and other signaling pathways were significantly expressed; the hub		{}
PUB000368	PERSON:bu_fan	authored	PMID:36626425	PubMed	36626425	https://pubmed.ncbi.nlm.nih.gov/36626425/	2026-10-04	observed			Fan Bu		"{""position"": ""first author"", ""affiliation"": ""Heilongjiang University of Chinese Medicine, Haerbin, Heilongjiang Province, China."", ""year"": ""2022""}"
PUB000369	PERSON:chai_jianbo	authored	PMID:36626425	PubMed	36626425	https://pubmed.ncbi.nlm.nih.gov/36626425/	2026-10-04	observed			Jianbo Chai		"{""position"": ""last author"", ""affiliation"": ""Heilongjiang University of Chinese Medicine, Haerbin, Heilongjiang Province, China."", ""year"": ""2022""}"
PUB000370	PMID:30618656	mentions_gene	HGNC:11018	PubMed	30618656	https://pubmed.ncbi.nlm.nih.gov/30618656/	2026-10-04	observed			Among the 109 genes that exhibited an NTG treatment-by-region interaction, solute carrier family 32 (GABA vesicular transporter) member 1 (Slc32a1) and preproenkephalin (Penk) exhibited reversal of expression patterns between the NTG and CON groups.		{}
PUB000371	PERSON:jeong_hyeonsoo	authored	PMID:30618656	PubMed	30618656	https://pubmed.ncbi.nlm.nih.gov/30618656/	2026-10-04	observed			Hyeonsoo Jeong		"{""position"": ""first author"", ""affiliation"": ""Department of Animal Sciences, University of Illinois at Urbana-Champaign, Urbana, IL, United States."", ""year"": ""2018""}"
PUB000372	PERSON:rodriguez-zas_sandra	authored	PMID:30618656	PubMed	30618656	https://pubmed.ncbi.nlm.nih.gov/30618656/	2026-10-04	observed			Sandra L Rodriguez-Zas		"{""position"": ""last author"", ""affiliation"": ""Department of Animal Sciences, University of Illinois at Urbana-Champaign, Urbana, IL, United States."", ""year"": ""2018""}"
PUB000373	PMID:42308736	mentions_gene	HGNC:11018	PubMed	42308736	https://pubmed.ncbi.nlm.nih.gov/42308736/	2026-10-04	observed			Overexpression of HOXB8 in chicken embryo primary brain cells significantly regulated multiple neural development-related genes, including AGT, SLC32A1, SLC18A2, RPS20, RPL35A, SLC6A11, and RLN3.		{}
PUB000374	PERSON:zheng_xiaotong	authored	PMID:42308736	PubMed	42308736	https://pubmed.ncbi.nlm.nih.gov/42308736/	2026-10-04	observed			Xiaotong Zheng		"{""position"": ""first author"", ""affiliation"": ""Jiangsu Key Laboratory of Sericultural Biology and Animal Biotechnology, School of Biotechnology, Jiangsu University of Science and Technology, Zhenjiang 212100, China; Key Laboratory of Silkworm and Mulberry Genetic Improvement, Ministry of Agriculture and Rural Affairs, Sericultural Scientific Res"", ""year"": ""2026""}"
PUB000375	PERSON:zhang_hao	authored	PMID:42308736	PubMed	42308736	https://pubmed.ncbi.nlm.nih.gov/42308736/	2026-10-04	observed			Hao Zhang		"{""position"": ""last author"", ""affiliation"": ""State Key Laboratory of Animal Biotech Breeding, Beijing Key Laboratory for Animal Genetic Improvement, College of Animal Science and Technology, China Agricultural University, Beijing 100193, China. Electronic address: zhanghao827@163.com."", ""year"": ""2026""}"
PUB000376	PMID:36071823	mentions_gene	HGNC:11018	PubMed	36071823	https://pubmed.ncbi.nlm.nih.gov/36071823/	2026-10-04	observed			For the GABAergic genes, increased expression of GAD67 and Slc32a1 in STR and/or vMID in rats exposed to 1 and/or 10 mg ATR were detected.		{}
PUB000377	PMID:40492195	mentions_gene	HGNC:11018	PubMed	40492195	https://pubmed.ncbi.nlm.nih.gov/40492195/	2026-10-04	observed			Smarcc2 bound to HDAC2, and Smarcc2 deficiency led to the reduced global histone acetylation and H3K9ac enrichment at synaptic gene Slc1a3 (EAAT1), Slc6a1 (GAT1), and Slc32a1 (VGAT) promoters.		{}
PUB000378	PERSON:li_pei	authored	PMID:40492195	PubMed	40492195	https://pubmed.ncbi.nlm.nih.gov/40492195/	2026-10-04	observed			Pei Li		"{""position"": ""first author"", ""affiliation"": """", ""year"": ""2025""}"
PUB000379	PERSON:yan_zhen	authored	PMID:40492195	PubMed	40492195	https://pubmed.ncbi.nlm.nih.gov/40492195/	2026-10-04	observed			Zhen Yan		"{""position"": ""last author"", ""affiliation"": """", ""year"": ""2025""}"
PUB000380	PMID:26865513	mentions_gene	HGNC:11444	PubMed	26865513	https://pubmed.ncbi.nlm.nih.gov/26865513/	2026-10-04	observed			STXBP1 encephalopathy: A neurodevelopmental disorder including epilepsy.		{}
PUB000381	PERSON:stamberger_hannah	authored	PMID:26865513	PubMed	26865513	https://pubmed.ncbi.nlm.nih.gov/26865513/	2026-10-04	observed			Hannah Stamberger		"{""position"": ""first author"", ""affiliation"": ""Authors' affiliations are listed at the end of the article."", ""year"": ""2016""}"
PUB000382	PERSON:weckhuysen_sarah	authored	PMID:26865513	PubMed	26865513	https://pubmed.ncbi.nlm.nih.gov/26865513/	2026-10-04	observed			Sarah Weckhuysen		"{""position"": ""last author"", ""affiliation"": ""Authors' affiliations are listed at the end of the article. sarah.weckhuysen@molgen.vib-ua.be rimo@filadelfia.dk."", ""year"": ""2016""}"
PUB000383	PMID:30185235	mentions_gene	HGNC:11444	PubMed	30185235	https://pubmed.ncbi.nlm.nih.gov/30185235/	2026-10-04	observed			Pathogenic or likely pathogenic variants were found in the KCNQ2, STXBP1, SCN2A genes in Ohtahara syndrome.		{}
PUB000384	PERSON:liu_jing	authored	PMID:30185235	PubMed	30185235	https://pubmed.ncbi.nlm.nih.gov/30185235/	2026-10-04	observed			Jing Liu		"{""position"": ""first author"", ""affiliation"": ""Department of Pediatrics, Qilu Hospital of Shandong University, Jinan, Shandong, People's Republic of China."", ""year"": ""2018""}"
PUB000385	PERSON:li_baomin	authored	PMID:30185235	PubMed	30185235	https://pubmed.ncbi.nlm.nih.gov/30185235/	2026-10-04	observed			Baomin Li		"{""position"": ""last author"", ""affiliation"": ""Department of Pediatrics, Qilu Hospital of Shandong University, Jinan, Shandong, People's Republic of China. 198962000693@sdu.edu.cn."", ""year"": ""2018""}"
PUB000386	PMID:27781027	mentions_gene	HGNC:11444	PubMed	27781027	https://pubmed.ncbi.nlm.nih.gov/27781027/	2026-10-04	observed			While most patients carry mutations in SCN1A, similar phenotypes can be seen in patients with mutations in PCDH19, CHD2, SCN8A, or in rare cases GABRA1 and STXBP1.		{}
PUB000387	PERSON:helbig_ingo	authored	PMID:27781027	PubMed	27781027	https://pubmed.ncbi.nlm.nih.gov/27781027/	2026-10-04	observed			Ingo Helbig		"{""position"": ""first author"", ""affiliation"": ""Division of Neurology, University of Pennsylvania Perelman School of Medicine, Philadelphia, Pa., USA; Division of Department of Neuropediatrics, Christian Albrechts University of Kiel and University Medical Center Schleswig-Holstein (UKSH), Kiel, Germany."", ""year"": ""2016""}"
PUB000388	PERSON:tayoun_abou	authored	PMID:27781027	PubMed	27781027	https://pubmed.ncbi.nlm.nih.gov/27781027/	2026-10-04	observed			Abou Ahmad N Tayoun		"{""position"": ""last author"", ""affiliation"": ""Division of Genomic Diagnostics, Department of Pathology and Laboratory Medicine, The Children's Hospital of Philadelphia, University of Pennsylvania Perelman School of Medicine, Philadelphia, Pa., USA."", ""year"": ""2016""}"
PUB000389	PMID:28880996	mentions_gene	HGNC:11444	PubMed	28880996	https://pubmed.ncbi.nlm.nih.gov/28880996/	2026-10-04	observed			RESULTS: Genes that have been reported to cause DS-like phenotypes include SCN2A, SCN8A, SCN9A, SCN1B, PCDH19, GABRA1, GABRG2, STXBP1, HCN1, CHD2, and KCNA2.		{}
PUB000390	PERSON:steel_dora	authored	PMID:28880996	PubMed	28880996	https://pubmed.ncbi.nlm.nih.gov/28880996/	2026-10-04	observed			Dora Steel		"{""position"": ""first author"", ""affiliation"": ""The Paediatric Neurosciences Research Group, Royal Hospital for Children, Glasgow, United Kingdom."", ""year"": ""2017""}"
PUB000391	PERSON:brunklaus_andreas	authored	PMID:28880996	PubMed	28880996	https://pubmed.ncbi.nlm.nih.gov/28880996/	2026-10-04	observed			Andreas Brunklaus		"{""position"": ""last author"", ""affiliation"": ""The Paediatric Neurosciences Research Group, Royal Hospital for Children, Glasgow, United Kingdom."", ""year"": ""2017""}"
PUB000392	PMID:27824329	mentions_gene	HGNC:11444	PubMed	27824329	https://pubmed.ncbi.nlm.nih.gov/27824329/	2026-10-04	observed			We identify novel DN LGD recurrences (GIGYF2, MYT1L, CUL3, DOCK8 and ZNF292) and DN mutations in previous ASD candidates (ARHGAP32, NCOR1, PHIP, STXBP1, CDKL5 and SHANK1).		{}
PUB000393	PERSON:wang_tianyun	authored	PMID:27824329	PubMed	27824329	https://pubmed.ncbi.nlm.nih.gov/27824329/	2026-10-04	observed			Tianyun Wang		"{""position"": ""first author"", ""affiliation"": ""The State Key Laboratory of Medical Genetics, School of Life Sciences, Central South University, Changsha, Hunan 410078, China."", ""year"": ""2016""}"
PUB000394	PERSON:eichler_evan	authored	PMID:27824329	PubMed	27824329	https://pubmed.ncbi.nlm.nih.gov/27824329/	2026-10-04	observed			Evan E Eichler		"{""position"": ""last author"", ""affiliation"": ""Department of Genome Sciences, University of Washington School of Medicine, Seattle, Washington 98195, USA."", ""year"": ""2016""}"
PUB000395	PMID:38539105	mentions_gene	HGNC:11444	PubMed	38539105	https://pubmed.ncbi.nlm.nih.gov/38539105/	2026-10-04	observed			The most frequently diagnosed conditions were developmental and epileptic encephalopathies associated with severe epilepsy and GDD/ID (associated genes ARX, CDKL5, STXBP1, KCNQ2, SCN2A, KCNT1, KCNA2).		{}
PUB000396	PERSON:shchubelka_khrystyna	authored	PMID:38539105	PubMed	38539105	https://pubmed.ncbi.nlm.nih.gov/38539105/	2026-10-04	observed			Khrystyna Shchubelka		"{""position"": ""first author"", ""affiliation"": ""Department of Biological Sciences, Oakland University, 118 Library Drive, Rochester, Yaroslava Hasynets, MI, 48309, USA."", ""year"": ""2024""}"
PUB000397	PERSON:oleksyk_taras	authored	PMID:38539105	PubMed	38539105	https://pubmed.ncbi.nlm.nih.gov/38539105/	2026-10-04	observed			Taras K Oleksyk		"{""position"": ""last author"", ""affiliation"": ""Department of Biological Sciences, Oakland University, 118 Library Drive, Rochester, Yaroslava Hasynets, MI, 48309, USA. oleksyk@oakland.edu."", ""year"": ""2024""}"
PUB000398	PMID:35190816	mentions_gene	HGNC:11444	PubMed	35190816	https://pubmed.ncbi.nlm.nih.gov/35190816/	2026-10-04	observed			Assessing the landscape of STXBP1-related disorders in 534 individuals.		{}
PUB000399	PERSON:xian_julie	authored	PMID:35190816	PubMed	35190816	https://pubmed.ncbi.nlm.nih.gov/35190816/	2026-10-04	observed			Julie Xian		"{""position"": ""first author"", ""affiliation"": ""Division of Neurology, Children's Hospital of Philadelphia, Philadelphia, PA 19104, USA."", ""year"": ""2022""}"
PUB000400	PERSON:helbig_ingo	authored	PMID:35190816	PubMed	35190816	https://pubmed.ncbi.nlm.nih.gov/35190816/	2026-10-04	observed			Ingo Helbig		"{""position"": ""last author"", ""affiliation"": ""Division of Neurology, Children's Hospital of Philadelphia, Philadelphia, PA 19104, USA."", ""year"": ""2022""}"
PUB000401	PMID:29655203	mentions_gene	HGNC:11444	PubMed	29655203	https://pubmed.ncbi.nlm.nih.gov/29655203/	2026-10-04	observed			Recurrent P/LP variants were observed in 14 distinct genes, most commonly in MECP2, KCNQ2, SCN1A, SCN2A, STXBP1, and PRRT2.		{}
PUB000402	PERSON:lindy_amanda	authored	PMID:29655203	PubMed	29655203	https://pubmed.ncbi.nlm.nih.gov/29655203/	2026-10-04	observed			Amanda S Lindy		"{""position"": ""first author"", ""affiliation"": ""GeneDx, Gaithersburg, MD, USA."", ""year"": ""2018""}"
PUB000403	PERSON:mcknight_dianalee	authored	PMID:29655203	PubMed	29655203	https://pubmed.ncbi.nlm.nih.gov/29655203/	2026-10-04	observed			Dianalee A McKnight		"{""position"": ""last author"", ""affiliation"": ""GeneDx, Gaithersburg, MD, USA."", ""year"": ""2018""}"
PUB000404	PMID:33176815	mentions_gene	HGNC:11444	PubMed	33176815	https://pubmed.ncbi.nlm.nih.gov/33176815/	2026-10-04	observed			SCN2A, SHANK3 and STXBP1 were important causal genes.		{}
PUB000405	PERSON:lin_liling	authored	PMID:33176815	PubMed	33176815	https://pubmed.ncbi.nlm.nih.gov/33176815/	2026-10-04	observed			Liling Lin		"{""position"": ""first author"", ""affiliation"": ""Department of Central Laboratory, Peking University First Hospital, No. 8, Xishiku Street, Xicheng District, Beijing, 100034, China."", ""year"": ""2020""}"
PUB000406	PERSON:ma_yinan	authored	PMID:33176815	PubMed	33176815	https://pubmed.ncbi.nlm.nih.gov/33176815/	2026-10-04	observed			Yinan Ma		"{""position"": ""last author"", ""affiliation"": ""Department of Central Laboratory, Peking University First Hospital, No. 8, Xishiku Street, Xicheng District, Beijing, 100034, China. mayinan1014@163.com."", ""year"": ""2020""}"
PUB000407	PMID:40381457	mentions_gene	HGNC:11444	PubMed	40381457	https://pubmed.ncbi.nlm.nih.gov/40381457/	2026-10-04	observed			For synaptic dysfunctions, innovative treatments such as chemical chaperones for STXBP1-related disorders and Ras-Raf-MEK-ERK inhibitors for SYNGAP1 pathologies are discussed.		{}
PUB000408	PERSON:samanta_debopam	authored	PMID:40381457	PubMed	40381457	https://pubmed.ncbi.nlm.nih.gov/40381457/	2026-10-04	observed			Debopam Samanta		"{""position"": ""first author"", ""affiliation"": ""Division of Child Neurology, Department of Pediatrics, University of Arkansas for Medical Sciences, Little Rock, Arkansas. Electronic address: dsamanta@uams.edu."", ""year"": ""2025""}"
PUB000409	PERSON:schreiber_john	authored	PMID:40381457	PubMed	40381457	https://pubmed.ncbi.nlm.nih.gov/40381457/	2026-10-04	observed			John M Schreiber		"{""position"": ""last author"", ""affiliation"": ""Division of Epilepsy, Clinical Neurophysiology, and Critical Care Neurology, Children's National Hospital, Washington, District of Columbia."", ""year"": ""2025""}"
PUB000410	PMID:29426806	mentions_gene	HGNC:11444	PubMed	29426806	https://pubmed.ncbi.nlm.nih.gov/29426806/	2026-10-04	observed			, channelopathies, STXBP1).		{}
PUB000411	PERSON:cornet_marie	authored	PMID:29426806	PubMed	29426806	https://pubmed.ncbi.nlm.nih.gov/29426806/	2026-10-04	observed			Marie-Coralie Cornet		"{""position"": ""first author"", ""affiliation"": ""Department of Pediatrics, University of California, San Francisco, CA, USA."", ""year"": ""2018""}"
PUB000412	PERSON:cilio_maria	authored	PMID:29426806	PubMed	29426806	https://pubmed.ncbi.nlm.nih.gov/29426806/	2026-10-04	observed			Maria Roberta Cilio		"{""position"": ""last author"", ""affiliation"": ""Department of Pediatrics, University of California, San Francisco, CA, USA; Department of Neurology, University of California, San Francisco, CA, USA. Electronic address: Roberta.cilio@ucsf.edu."", ""year"": ""2018""}"
PUB000413	PMID:36750385	mentions_gene	HGNC:11444	PubMed	36750385	https://pubmed.ncbi.nlm.nih.gov/36750385/	2026-10-04	observed			We included patients with a pathogenic variant in the genes SCN1A, SCN2A, SCN8A, SYNGAP1, NEXMIF, CHD2, PCDH19, STXBP1, GRIN2A, KCNT1, and KCNQ2 and with Angelman syndrome (AS).		{}
PUB000414	PERSON:donnan_alice	authored	PMID:36750385	PubMed	36750385	https://pubmed.ncbi.nlm.nih.gov/36750385/	2026-10-04	observed			Alice M Donnan		"{""position"": ""first author"", ""affiliation"": ""From the Epilepsy Research Centre (A.M.D., A.L.S., S.R.-H., I.E.S.), Department of Medicine, The University of Melbourne, Austin Health; Melbourne Medical School (L.C.), Faculty of Medicine, Dentistry and Health Sciences, The University of Melbourne, Parkville; The Florey Institute of Neurosciences "", ""year"": ""2023""}"
PUB000415	PERSON:scheffer_ingrid	authored	PMID:36750385	PubMed	36750385	https://pubmed.ncbi.nlm.nih.gov/36750385/	2026-10-04	observed			Ingrid E Scheffer		"{""position"": ""last author"", ""affiliation"": ""From the Epilepsy Research Centre (A.M.D., A.L.S., S.R.-H., I.E.S.), Department of Medicine, The University of Melbourne, Austin Health; Melbourne Medical School (L.C.), Faculty of Medicine, Dentistry and Health Sciences, The University of Melbourne, Parkville; The Florey Institute of Neurosciences "", ""year"": ""2023""}"
PUB000416	PMID:31393404	mentions_gene	HGNC:11444	PubMed	31393404	https://pubmed.ncbi.nlm.nih.gov/31393404/	2026-10-04	observed			""" While ion channel genes such as ""SCN1A,"" ""KCNQ2,"" ""SCN2A,"" ""SCN8A"" accounted for nearly half of epilepsy genes in MeSH terms, a number of additional beyond ion channel genes like ""CDKL5,"" ""STXBP1,"" ""PCDH19,"" ""PRRT2,"" ""LGI1,"" ""ALDH7A1,"" ""MECP2,"" ""EPM2A,"" ""ARX,"" ""SLC2A1,"" and more were becoming incr"		{}
PUB000417	PERSON:gan_jing	authored	PMID:31393404	PubMed	31393404	https://pubmed.ncbi.nlm.nih.gov/31393404/	2026-10-04	observed			Jing Gan		"{""position"": ""first author"", ""affiliation"": ""Department of Pediatrics, West China Second University Hospital, Sichuan University, Chengdu."", ""year"": ""2019""}"
PUB000418	PERSON:luo_rong	authored	PMID:31393404	PubMed	31393404	https://pubmed.ncbi.nlm.nih.gov/31393404/	2026-10-04	observed			Rong Luo		"{""position"": ""last author"", ""affiliation"": ""Department of Pediatrics, West China Second University Hospital, Sichuan University, Chengdu."", ""year"": ""2019""}"
PUB000419	PMID:26271793	mentions_gene	HGNC:11444	PubMed	26271793	https://pubmed.ncbi.nlm.nih.gov/26271793/	2026-10-04	observed			To date, approximately 265 genes have been defined in epilepsy and several genes including STXBP1, ARX, SLC25A22, KCNQ2, CDKL5, SCN1A, and PCDH19 have been found to be associated with early-onset epileptic encephalopathies.		{}
PUB000420	PERSON:g-rsoy_semra	authored	PMID:26271793	PubMed	26271793	https://pubmed.ncbi.nlm.nih.gov/26271793/	2026-10-04	observed			Semra Gürsoy		"{""position"": ""first author"", ""affiliation"": ""Faculty of Medicine, Department of Pediatric Genetics, Dokuz Eylül University, İzmir, Turkey dr.semra@hotmail.com."", ""year"": ""2016""}"
PUB000421	PERSON:er-al_derya	authored	PMID:26271793	PubMed	26271793	https://pubmed.ncbi.nlm.nih.gov/26271793/	2026-10-04	observed			Derya Erçal		"{""position"": ""last author"", ""affiliation"": ""Faculty of Medicine, Department of Pediatric Genetics, Dokuz Eylül University, İzmir, Turkey."", ""year"": ""2016""}"
PUB000422	PMID:38540325	mentions_gene	HGNC:11444	PubMed	38540325	https://pubmed.ncbi.nlm.nih.gov/38540325/	2026-10-04	observed			While not exhaustive, some of the most commonly reported genetic aetiologies include trisomy 21 and pathogenic variants in genes such as TSC1, TSC2, CDKL5, ARX, KCNQ2, STXBP1 and SCN2A.		{}
PUB000423	PERSON:snyder_hannah	authored	PMID:38540325	PubMed	38540325	https://pubmed.ncbi.nlm.nih.gov/38540325/	2026-10-04	observed			Hannah E Snyder		"{""position"": ""first author"", ""affiliation"": ""Division of Neurology, Department of Paediatrics, McMaster University, Hamilton, ON L8N 3Z5, Canada."", ""year"": ""2024""}"
PUB000424	PERSON:whitney_robyn	authored	PMID:38540325	PubMed	38540325	https://pubmed.ncbi.nlm.nih.gov/38540325/	2026-10-04	observed			Robyn Whitney		"{""position"": ""last author"", ""affiliation"": ""Division of Neurology, Department of Paediatrics, McMaster University, Hamilton, ON L8N 3Z5, Canada."", ""year"": ""2024""}"
PUB000425	PMID:34392114	mentions_gene	HGNC:11444	PubMed	34392114	https://pubmed.ncbi.nlm.nih.gov/34392114/	2026-10-04	observed			Tremor-like subcortical myoclonus in STXBP1 encephalopathy.		{}
PUB000426	PERSON:loussouarn_anna	authored	PMID:34392114	PubMed	34392114	https://pubmed.ncbi.nlm.nih.gov/34392114/	2026-10-04	observed			Anna Loussouarn		"{""position"": ""first author"", ""affiliation"": ""APHP-Sorbonne Université, Département de Génétique, Groupe Hospitalier Pitié-Salpêtrière and Hôpital Armand Trousseau, Paris, France. Electronic address: anna.loussouarn@aphp.fr."", ""year"": ""2021""}"
PUB000427	PERSON:mignot_cyril	authored	PMID:34392114	PubMed	34392114	https://pubmed.ncbi.nlm.nih.gov/34392114/	2026-10-04	observed			Cyril Mignot		"{""position"": ""last author"", ""affiliation"": ""APHP-Sorbonne Université, Département de Génétique, Groupe Hospitalier Pitié-Salpêtrière and Hôpital Armand Trousseau, Paris, France; Centre de Référence Déficiences Intellectuelles de Causes Rares, Paris, France."", ""year"": ""2021""}"
PUB000428	PMID:34679360	mentions_gene	HGNC:11444	PubMed	34679360	https://pubmed.ncbi.nlm.nih.gov/34679360/	2026-10-04	observed			Recent advances showed the role of several genes in the pathogenesis of these conditions, such as KCNQ2, KCNQ3, ARX, STXBP1, SLC25A22, CDKL5, KCNT1, SCN2A and SCN8A.		{}
PUB000429	PERSON:spoto_giulia	authored	PMID:34679360	PubMed	34679360	https://pubmed.ncbi.nlm.nih.gov/34679360/	2026-10-04	observed			Giulia Spoto		"{""position"": ""first author"", ""affiliation"": ""Unit of Child Neurology and Psychiatry, Department of Human Pathology of the Adult and Developmental Age \""Gaetano Barresi\"", University of Messina, 98125 Messina, Italy."", ""year"": ""2021""}"
PUB000430	PERSON:di-rosa_gabriella	authored	PMID:34679360	PubMed	34679360	https://pubmed.ncbi.nlm.nih.gov/34679360/	2026-10-04	observed			Gabriella Di Rosa		"{""position"": ""last author"", ""affiliation"": ""Unit of Child Neurology and Psychiatry, Department of Human Pathology of the Adult and Developmental Age \""Gaetano Barresi\"", University of Messina, 98125 Messina, Italy."", ""year"": ""2021""}"
PUB000431	PMID:27781031	mentions_gene	HGNC:11444	PubMed	27781031	https://pubmed.ncbi.nlm.nih.gov/27781031/	2026-10-04	observed			The variants were found in 19 different genes including SCN1A, STXBP1, CDKL5, SCN2A, SCN8A, GABRA1, KCNA2, and STX1B.		{}
PUB000432	PERSON:m-ller_rikke	authored	PMID:27781031	PubMed	27781031	https://pubmed.ncbi.nlm.nih.gov/27781031/	2026-10-04	observed			Rikke S Møller		"{""position"": ""first author"", ""affiliation"": ""Danish Epilepsy Centre, University of Southern Denmark, Denmark; Institute for Regional Health Services, University of Southern Denmark, Denmark."", ""year"": ""2016""}"
PUB000433	PERSON:dahl_hans	authored	PMID:27781031	PubMed	27781031	https://pubmed.ncbi.nlm.nih.gov/27781031/	2026-10-04	observed			Hans A Dahl		"{""position"": ""last author"", ""affiliation"": ""Amplexa Genetics, Odense, Denmark."", ""year"": ""2016""}"
PUB000434	PMID:32643187	mentions_gene	HGNC:11444	PubMed	32643187	https://pubmed.ncbi.nlm.nih.gov/32643187/	2026-10-04	observed			STXBP1 encephalopathies: Clinical spectrum, disease mechanisms, and therapeutic strategies.		{}
PUB000435	PERSON:abramov_debra	authored	PMID:32643187	PubMed	32643187	https://pubmed.ncbi.nlm.nih.gov/32643187/	2026-10-04	observed			Debra Abramov		"{""position"": ""first author"", ""affiliation"": ""Appel Institute for Alzheimer's Disease Research, Brain and Mind Research Institute, Weill Cornell Medicine, New York, NY, USA."", ""year"": ""2021""}"
PUB000436	PERSON:burr_jacqueline	authored	PMID:32643187	PubMed	32643187	https://pubmed.ncbi.nlm.nih.gov/32643187/	2026-10-04	observed			Jacqueline Burré		"{""position"": ""last author"", ""affiliation"": ""Appel Institute for Alzheimer's Disease Research, Brain and Mind Research Institute, Weill Cornell Medicine, New York, NY, USA."", ""year"": ""2021""}"
PUB000437	PMID:32853554	mentions_gene	HGNC:11444	PubMed	32853554	https://pubmed.ncbi.nlm.nih.gov/32853554/	2026-10-04	observed			"9 × 10-6), STXBP1 with ""absent speech"" (HP: 0001344; p = 1."		{}
PUB000438	PERSON:galer_peter	authored	PMID:32853554	PubMed	32853554	https://pubmed.ncbi.nlm.nih.gov/32853554/	2026-10-04	observed			Peter D Galer		"{""position"": ""first author"", ""affiliation"": ""Division of Neurology, Children's Hospital of Philadelphia, Philadelphia, PA 19104, USA; The Epilepsy NeuroGenetics Initiative (ENGIN), Children's Hospital of Philadelphia, Philadelphia, PA 19104, USA; Department of Biomedical and Health Informatics (DBHi), Children's Hospital of Philadelphia, Phila"", ""year"": ""2020""}"
PUB000439	PERSON:helbig_ingo	authored	PMID:32853554	PubMed	32853554	https://pubmed.ncbi.nlm.nih.gov/32853554/	2026-10-04	observed			Ingo Helbig		"{""position"": ""last author"", ""affiliation"": ""Division of Neurology, Children's Hospital of Philadelphia, Philadelphia, PA 19104, USA; The Epilepsy NeuroGenetics Initiative (ENGIN), Children's Hospital of Philadelphia, Philadelphia, PA 19104, USA; Department of Biomedical and Health Informatics (DBHi), Children's Hospital of Philadelphia, Phila"", ""year"": ""2020""}"
PUB000440	PMID:31221716	mentions_gene	HGNC:11444	PubMed	31221716	https://pubmed.ncbi.nlm.nih.gov/31221716/	2026-10-04	observed			STXBP1 encephalopathy: Connecting neurodevelopmental disorders with α-synucleinopathies?.		{}
PUB000441	PERSON:lanoue_vanessa	authored	PMID:31221716	PubMed	31221716	https://pubmed.ncbi.nlm.nih.gov/31221716/	2026-10-04	observed			Vanessa Lanoue		"{""position"": ""first author"", ""affiliation"": ""From the Clem Jones Centre for Ageing Dementia Research, Queensland Brain Institute (V.L., Y.J.C., J.Z.B., F.A.M.), the University of Queensland, St. Lucia Campus, Brisbane, Australia; Neurogenetics Group (S.W.), University of Antwerp, Belgium; Laboratory of Neurogenetics (S.W.), Institute Born-Bung"", ""year"": ""2019""}"
PUB000442	PERSON:meunier_frederic	authored	PMID:31221716	PubMed	31221716	https://pubmed.ncbi.nlm.nih.gov/31221716/	2026-10-04	observed			Frederic A Meunier		"{""position"": ""last author"", ""affiliation"": ""From the Clem Jones Centre for Ageing Dementia Research, Queensland Brain Institute (V.L., Y.J.C., J.Z.B., F.A.M.), the University of Queensland, St. Lucia Campus, Brisbane, Australia; Neurogenetics Group (S.W.), University of Antwerp, Belgium; Laboratory of Neurogenetics (S.W.), Institute Born-Bung"", ""year"": ""2019""}"
PUB000443	PMID:35851549	mentions_gene	HGNC:11444	PubMed	35851549	https://pubmed.ncbi.nlm.nih.gov/35851549/	2026-10-04	observed			Natural History Study of STXBP1-Developmental and Epileptic Encephalopathy Into Adulthood.		{}
PUB000444	PERSON:stamberger_hannah	authored	PMID:35851549	PubMed	35851549	https://pubmed.ncbi.nlm.nih.gov/35851549/	2026-10-04	observed			Hannah Stamberger		"{""position"": ""first author"", ""affiliation"": ""From the Applied and Translational Neurogenomics Group (H.S., S.W.), VIB Center for Molecular Neurology, University of Antwerp; Department of Neurology (H.S., D.C., S.W.), Antwerp University Hospital; Faculty of Medicine and Health Sciences (D.C., S.W.), Translational Neurosciences, Institute Born-B"", ""year"": ""2022""}"
PUB000445	PERSON:weckhuysen_sarah	authored	PMID:35851549	PubMed	35851549	https://pubmed.ncbi.nlm.nih.gov/35851549/	2026-10-04	observed			Sarah Weckhuysen		"{""position"": ""last author"", ""affiliation"": ""From the Applied and Translational Neurogenomics Group (H.S., S.W.), VIB Center for Molecular Neurology, University of Antwerp; Department of Neurology (H.S., D.C., S.W.), Antwerp University Hospital; Faculty of Medicine and Health Sciences (D.C., S.W.), Translational Neurosciences, Institute Born-B"", ""year"": ""2022""}"
PUB000446	PMID:26892388	mentions_gene	HGNC:11444	PubMed	26892388	https://pubmed.ncbi.nlm.nih.gov/26892388/	2026-10-04	observed			Several follow-up steps revealed that Kif5c, Stxbp1 and Polb, differentially expressed in the MyoD-/- limb muscle, and Ppargc1a, Glrb and Hoxd10, differentially expressed in the Myf5-/- back muscle, are actually regulators of motor neuron numbers.		{}
PUB000447	PERSON:baguma-nibasheka_mark	authored	PMID:26892388	PubMed	26892388	https://pubmed.ncbi.nlm.nih.gov/26892388/	2026-10-04	observed			Mark Baguma-Nibasheka		"{""position"": ""first author"", ""affiliation"": ""Department of Medical Neuroscience, Faculty of Medicine, Dalhousie University, Halifax, NS, Canada."", ""year"": ""2016""}"
PUB000448	PERSON:kablar_boris	authored	PMID:26892388	PubMed	26892388	https://pubmed.ncbi.nlm.nih.gov/26892388/	2026-10-04	observed			Boris Kablar		"{""position"": ""last author"", ""affiliation"": ""Department of Medical Neuroscience, Faculty of Medicine, Dalhousie University, Halifax, NS, Canada. bkablar@dal.ca."", ""year"": ""2016""}"
PUB000449	PMID:22196487	mentions_gene	HGNC:11444	PubMed	22196487	https://pubmed.ncbi.nlm.nih.gov/22196487/	2026-10-04	observed			We summarize recent updates on the genes and related clinical syndromes involved in the pathogenesis of early-onset epileptic encephalopathies: Aristaless-related homeobox (ARX), cyclin-dependent kinase-like 5 (CDKL5), syntaxin-binding protein 1 (STXBP1), solute carrier family 25 member 22 (SLC25A22		{}
PUB000450	PERSON:mastrangelo_mario	authored	PMID:22196487	PubMed	22196487	https://pubmed.ncbi.nlm.nih.gov/22196487/	2026-10-04	observed			Mario Mastrangelo		"{""position"": ""first author"", ""affiliation"": ""Division of Child Neurology, Department of Pediatrics, Child Neurology, and Psychiatry, Sapienza University of Rome, Rome, Italy."", ""year"": ""2012""}"
PUB000451	PERSON:leuzzi_vincenzo	authored	PMID:22196487	PubMed	22196487	https://pubmed.ncbi.nlm.nih.gov/22196487/	2026-10-04	observed			Vincenzo Leuzzi		"{""position"": ""last author"", ""affiliation"": """", ""year"": ""2012""}"
PUB000452	PMID:33111641	mentions_gene	HGNC:11509	PubMed	33111641	https://pubmed.ncbi.nlm.nih.gov/33111641/	2026-10-04	observed			v: intracerebroventricular; KEGG: kyoto encyclopedia of genes and genomes; LAMP1: lysosomal-associated membrane protein 1; MAP1LC3B/LC3: microtubule-associated protein 1 light chain 3 beta; LSDs: lysosomal storage disorders; MAP2: microtubule-associated protein 2; MCAO: middle cerebral artery occlus		{}
PUB000453	PERSON:zhang_xia	authored	PMID:33111641	PubMed	33111641	https://pubmed.ncbi.nlm.nih.gov/33111641/	2026-10-04	observed			Xia Zhang		"{""position"": ""first author"", ""affiliation"": ""Department of Physiology and Pathophysiology, Department of Neurobiology, Key Laboratory for Neurodegenerative Disorders of the Ministry of Education, School of Basic Medical Sciences, Capital Medical University, Beijing, PR China."", ""year"": ""2021""}"
PUB000454	PERSON:wang_wei	authored	PMID:33111641	PubMed	33111641	https://pubmed.ncbi.nlm.nih.gov/33111641/	2026-10-04	observed			Wei Wang		"{""position"": ""last author"", ""affiliation"": ""Department of Physiology and Pathophysiology, Department of Neurobiology, Key Laboratory for Neurodegenerative Disorders of the Ministry of Education, School of Basic Medical Sciences, Capital Medical University, Beijing, PR China."", ""year"": ""2021""}"
PUB000455	PMID:38949671	mentions_gene	HGNC:11509	PubMed	38949671	https://pubmed.ncbi.nlm.nih.gov/38949671/	2026-10-04	observed			Abbreviations: 2dRAWM: 2-day radial arm water maze; AD: Alzheimer disease; Aβ: amyloid-beta; AIF1/Iba1: allograft inflammatory factor 1; APP: amyloid beta precursor protein; ATG7: autophagy related 7; AV: autophagic vacuole; CCV: cargo capture value; Ctrl: control; DLG4/PSD-95: discs large MAGUK sca		{}
PUB000456	PERSON:grosso-jasutkar_hilary	authored	PMID:38949671	PubMed	38949671	https://pubmed.ncbi.nlm.nih.gov/38949671/	2026-10-04	observed			Hilary Grosso Jasutkar		"{""position"": ""first author"", ""affiliation"": ""Department of Neurology, Columbia University, New York, NY, USA."", ""year"": ""2024""}"
PUB000457	PERSON:yamamoto_ai	authored	PMID:38949671	PubMed	38949671	https://pubmed.ncbi.nlm.nih.gov/38949671/	2026-10-04	observed			Ai Yamamoto		"{""position"": ""last author"", ""affiliation"": ""Department of Neurology, Columbia University, New York, NY, USA."", ""year"": ""2024""}"
PUB000458	PMID:31587282	mentions_gene	HGNC:11509	PubMed	31587282	https://pubmed.ncbi.nlm.nih.gov/31587282/	2026-10-04	observed			Furthermore, our results show that the PS-mediated effect on the fission-pore duration is Ca2+ -dependent and abolished in the absence of synaptotagmin 1 (Syt1), implying that Syt1 is necessary for the stimulatory role of PS in vesicle fission during CME.		{}
PUB000459	PERSON:varga_kelly	authored	PMID:31587282	PubMed	31587282	https://pubmed.ncbi.nlm.nih.gov/31587282/	2026-10-04	observed			Kelly Varga		"{""position"": ""first author"", ""affiliation"": ""Department of Biological Sciences, University of Illinois at Chicago, Chicago, Illinois, USA."", ""year"": ""2020""}"
PUB000460	PERSON:gong_liang	authored	PMID:31587282	PubMed	31587282	https://pubmed.ncbi.nlm.nih.gov/31587282/	2026-10-04	observed			Liang-Wei Gong		"{""position"": ""last author"", ""affiliation"": ""Department of Biological Sciences, University of Illinois at Chicago, Chicago, Illinois, USA."", ""year"": ""2020""}"
PUB000461	PMID:36291375	mentions_gene	HGNC:11509	PubMed	36291375	https://pubmed.ncbi.nlm.nih.gov/36291375/	2026-10-04	observed			SYT1-Associated Neurodevelopmental Disorder: A Narrative Review.		{}
PUB000462	PERSON:riggs_edith	authored	PMID:36291375	PubMed	36291375	https://pubmed.ncbi.nlm.nih.gov/36291375/	2026-10-04	observed			Edith Riggs		"{""position"": ""first author"", ""affiliation"": ""College of Osteopathic Medicine, Kansas City University School of Medicine, Kansas City, MO 64106, USA."", ""year"": ""2022""}"
PUB000463	PERSON:carney_paul	authored	PMID:36291375	PubMed	36291375	https://pubmed.ncbi.nlm.nih.gov/36291375/	2026-10-04	observed			Paul R Carney		"{""position"": ""last author"", ""affiliation"": ""School of Medicine, University of Missouri Child Health, Columbia, MO 65201, USA."", ""year"": ""2022""}"
PUB000464	PMID:38058756	mentions_gene	HGNC:11509	PubMed	38058756	https://pubmed.ncbi.nlm.nih.gov/38058756/	2026-10-04	observed			Expanding Phenotype of SYT1-Related Neurodevelopmental Disorder: Case Report and Literature Review.		{}
PUB000465	PERSON:cesaroni_carlo	authored	PMID:38058756	PubMed	38058756	https://pubmed.ncbi.nlm.nih.gov/38058756/	2026-10-04	observed			Carlo Alberto Cesaroni		"{""position"": ""first author"", ""affiliation"": ""Dipartimento Materno-Infantile, Struttura Complessa di Neuropsichiatria Infantile, Azienda USL-IRCCS di Reggio Emilia, Reggio Emilia, Italy."", ""year"": ""2023""}"
PUB000466	PERSON:fusco_carlo	authored	PMID:38058756	PubMed	38058756	https://pubmed.ncbi.nlm.nih.gov/38058756/	2026-10-04	observed			Carlo Fusco		"{""position"": ""last author"", ""affiliation"": ""Dipartimento Materno-Infantile, Struttura Complessa di Neuropsichiatria Infantile, Azienda USL-IRCCS di Reggio Emilia, Reggio Emilia, Italy."", ""year"": ""2023""}"
PUB000467	PMID:34228711	mentions_gene	HGNC:11509	PubMed	34228711	https://pubmed.ncbi.nlm.nih.gov/34228711/	2026-10-04	observed			Here, we show that Syt7 is a redundant Ca2+ sensor with Syt1/Doc2 to drive spontaneous glutamate release, which functions uniquely to activate the postsynaptic GluN2B-containing NMDARs that significantly contribute to mental illness.		{}
PUB000468	PERSON:wang_qiu	authored	PMID:34228711	PubMed	34228711	https://pubmed.ncbi.nlm.nih.gov/34228711/	2026-10-04	observed			Qiu-Wen Wang		"{""position"": ""first author"", ""affiliation"": ""State Key Laboratory of Membrane Biology, Tsinghua-Peking Center for Life Sciences, IDG/McGovern Institute for Brain Research, School of Life Sciences, Tsinghua University, Beijing, China."", ""year"": ""2021""}"
PUB000469	PERSON:yao_jun	authored	PMID:34228711	PubMed	34228711	https://pubmed.ncbi.nlm.nih.gov/34228711/	2026-10-04	observed			Jun Yao		"{""position"": ""last author"", ""affiliation"": ""State Key Laboratory of Membrane Biology, Tsinghua-Peking Center for Life Sciences, IDG/McGovern Institute for Brain Research, School of Life Sciences, Tsinghua University, Beijing, China."", ""year"": ""2021""}"
PUB000470	PMID:27434670	mentions_gene	HGNC:11509	PubMed	27434670	https://pubmed.ncbi.nlm.nih.gov/27434670/	2026-10-04	observed			We recently reported that the C2AB portion of Synaptotagmin 1 (Syt1) could self-assemble into Ca(2+)-sensitive ring-like oligomers on membranes, which could potentially regulate neurotransmitter release.		{}
PUB000471	PERSON:zanetti_maria	authored	PMID:27434670	PubMed	27434670	https://pubmed.ncbi.nlm.nih.gov/27434670/	2026-10-04	observed			Maria N Zanetti		"{""position"": ""first author"", ""affiliation"": ""Department of Cell Biology, Yale School of Medicine, New Haven, United States."", ""year"": ""2016""}"
PUB000472	PERSON:krishnakumar_shyam	authored	PMID:27434670	PubMed	27434670	https://pubmed.ncbi.nlm.nih.gov/27434670/	2026-10-04	observed			Shyam S Krishnakumar		"{""position"": ""last author"", ""affiliation"": ""Department of Cell Biology, Yale School of Medicine, New Haven, United States."", ""year"": ""2016""}"
PUB000473	PMID:39675068	mentions_gene	HGNC:11509	PubMed	39675068	https://pubmed.ncbi.nlm.nih.gov/39675068/	2026-10-04	observed			Sarcopenic obesity is attenuated by E-syt1 inhibition via improving skeletal muscle mitochondrial function.		{}
PUB000474	PERSON:song_chao	authored	PMID:39675068	PubMed	39675068	https://pubmed.ncbi.nlm.nih.gov/39675068/	2026-10-04	observed			Chao Song		"{""position"": ""first author"", ""affiliation"": ""Department of Orthopedics, Shengli Clinical Medical College of Fujian Medical University, Fujian Provincial Hospital, Fuzhou University Affiliated Provincial Hospital, School of Medicine, Fuzhou University, Fuzhou, 350001, China; School of Mechanical Engineering and Automation, Fuzhou University, Fu"", ""year"": ""2025""}"
PUB000475	PERSON:dai_hanhao	authored	PMID:39675068	PubMed	39675068	https://pubmed.ncbi.nlm.nih.gov/39675068/	2026-10-04	observed			Hanhao Dai		"{""position"": ""last author"", ""affiliation"": ""Department of Orthopedics, Shengli Clinical Medical College of Fujian Medical University, Fujian Provincial Hospital, Fuzhou University Affiliated Provincial Hospital, School of Medicine, Fuzhou University, Fuzhou, 350001, China. Electronic address: dhh674503005@163.com."", ""year"": ""2025""}"
PUB000476	PMID:31903135	mentions_gene	HGNC:11509	PubMed	31903135	https://pubmed.ncbi.nlm.nih.gov/31903135/	2026-10-04	observed			Further, in CCICs, ANKRD22 cooperated with the lipid transport protein, Extended Synaptotagmin-1 (E-Syt1), to transport excess lipids into mitochondria and reduced the number of mitochondria in an autophagy-independent manner, thus meeting the metabolic requirements of CCICs.		{}
PUB000477	PERSON:pan_tianhui	authored	PMID:31903135	PubMed	31903135	https://pubmed.ncbi.nlm.nih.gov/31903135/	2026-10-04	observed			Tianhui Pan		"{""position"": ""first author"", ""affiliation"": ""Laboratory of Gastroenterology Department, Second Affiliated Hospital of Zhejiang University School of Medicine, Hangzhou, Zhejiang 310009, China."", ""year"": ""2020""}"
PUB000478	PERSON:zhu_yongliang	authored	PMID:31903135	PubMed	31903135	https://pubmed.ncbi.nlm.nih.gov/31903135/	2026-10-04	observed			Yongliang Zhu		"{""position"": ""last author"", ""affiliation"": ""Laboratory of Gastroenterology Department, Second Affiliated Hospital of Zhejiang University School of Medicine, Hangzhou, Zhejiang 310009, China."", ""year"": ""2020""}"
PUB000479	PMID:28099850	mentions_gene	HGNC:11509	PubMed	28099850	https://pubmed.ncbi.nlm.nih.gov/28099850/	2026-10-04	observed			Immunolabeling suggested that BC terminals selectively expressed synaptotagmin 2 (Syt2), whereas synaptotagmin 1 (Syt1) was enriched in excitatory terminals.		{}
PUB000480	PERSON:chen_chong	authored	PMID:28099850	PubMed	28099850	https://pubmed.ncbi.nlm.nih.gov/28099850/	2026-10-04	observed			Chong Chen		"{""position"": ""first author"", ""affiliation"": ""IST Austria (Institute of Science and Technology Austria), Am Campus 1, 3400 Klosterneuburg, Austria."", ""year"": ""2017""}"
PUB000481	PERSON:jonas_peter	authored	PMID:28099850	PubMed	28099850	https://pubmed.ncbi.nlm.nih.gov/28099850/	2026-10-04	observed			Peter Jonas		"{""position"": ""last author"", ""affiliation"": ""IST Austria (Institute of Science and Technology Austria), Am Campus 1, 3400 Klosterneuburg, Austria. Electronic address: peter.jonas@ist.ac.at."", ""year"": ""2017""}"
PUB000482	PMID:32362337	mentions_gene	HGNC:11509	PubMed	32362337	https://pubmed.ncbi.nlm.nih.gov/32362337/	2026-10-04	observed			At neuronal synapses, synaptotagmin-1 (syt1) acts as a Ca2+ sensor that synchronizes neurotransmitter release with Ca2+ influx during action potential firing.		{}
PUB000483	PERSON:bradberry_mazdak	authored	PMID:32362337	PubMed	32362337	https://pubmed.ncbi.nlm.nih.gov/32362337/	2026-10-04	observed			Mazdak M Bradberry		"{""position"": ""first author"", ""affiliation"": ""Howard Hughes Medical Institute and Department of Neuroscience, University of Wisconsin School of Medicine and Public Health, Madison, WI 53705, USA; Medical Scientist Training Program, University of Wisconsin School of Medicine and Public Health, Madison, WI 53705, USA."", ""year"": ""2020""}"
PUB000484	PERSON:chapman_edwin	authored	PMID:32362337	PubMed	32362337	https://pubmed.ncbi.nlm.nih.gov/32362337/	2026-10-04	observed			Edwin R Chapman		"{""position"": ""last author"", ""affiliation"": ""Howard Hughes Medical Institute and Department of Neuroscience, University of Wisconsin School of Medicine and Public Health, Madison, WI 53705, USA. Electronic address: chapman@wisc.edu."", ""year"": ""2020""}"
PUB000485	PMID:30107533	mentions_gene	HGNC:11509	PubMed	30107533	https://pubmed.ncbi.nlm.nih.gov/30107533/	2026-10-04	observed			SYT1-associated neurodevelopmental disorder: a case series.		{}
PUB000486	PERSON:baker_kate	authored	PMID:30107533	PubMed	30107533	https://pubmed.ncbi.nlm.nih.gov/30107533/	2026-10-04	observed			Kate Baker		"{""position"": ""first author"", ""affiliation"": ""Department of Medical Genetics, Cambridge Institute for Medical Research, University of Cambridge, Cambridge Biomedical Campus, Wellcome Trust / MRC Building, Hills Road, Cambridge, UK."", ""year"": ""2018""}"
PUB000487	PMID:27399837	mentions_gene	HGNC:11509	PubMed	27399837	https://pubmed.ncbi.nlm.nih.gov/27399837/	2026-10-04	observed			The extended synaptotagmins, E-Syt1, 2 and 3, are multiple C2 domain membrane proteins that are tethered to the endoplasmic reticulum and interact in a calcium dependent manner with plasma membrane phospholipids to form endoplasmic reticulum - plasma membrane junctions.		{}
PUB000488	PERSON:tremblay_michel	authored	PMID:27399837	PubMed	27399837	https://pubmed.ncbi.nlm.nih.gov/27399837/	2026-10-04	observed			Michel G Tremblay		"{""position"": ""first author"", ""affiliation"": ""a Laboratory of Growth and Development, St-Patrick Research Group in Basic Oncology, Cancer Division of the Quebec University Hospital Research Center , Quebec , QC , Canada."", ""year"": ""2016""}"
PUB000489	PERSON:moss_tom	authored	PMID:27399837	PubMed	27399837	https://pubmed.ncbi.nlm.nih.gov/27399837/	2026-10-04	observed			Tom Moss		"{""position"": ""last author"", ""affiliation"": ""a Laboratory of Growth and Development, St-Patrick Research Group in Basic Oncology, Cancer Division of the Quebec University Hospital Research Center , Quebec , QC , Canada."", ""year"": ""2016""}"
PUB000490	PMID:24505276	mentions_gene	HGNC:11509	PubMed	24505276	https://pubmed.ncbi.nlm.nih.gov/24505276/	2026-10-04	observed			Whole genome analyses of a well-differentiated liposarcoma reveals novel SYT1 and DDR2 rearrangements.		{}
PUB000491	PERSON:egan_jan	authored	PMID:24505276	PubMed	24505276	https://pubmed.ncbi.nlm.nih.gov/24505276/	2026-10-04	observed			Jan B Egan		"{""position"": ""first author"", ""affiliation"": ""Comprehensive Cancer Center, Mayo Clinic, Scottsdale, Arizona, United States of America."", ""year"": ""2014""}"
PUB000492	PMID:22423098	mentions_gene	HGNC:11509	PubMed	22423098	https://pubmed.ncbi.nlm.nih.gov/22423098/	2026-10-04	observed			By monitoring CME of single vesicles in mouse chromaffin cells with cell-attached capacitance measurements that offer millisecond time resolution, we demonstrate that the dynamics of vesicle fission during CME is Ca²⁺ dependent but becomes Ca²⁺ independent in synaptotagmin 1 (Syt1) knock-out cells.		{}
PUB000493	PERSON:yao_li	authored	PMID:22423098	PubMed	22423098	https://pubmed.ncbi.nlm.nih.gov/22423098/	2026-10-04	observed			Li-Hua Yao		"{""position"": ""first author"", ""affiliation"": ""Department of Biological Sciences, University of Illinois at Chicago, Chicago, Illinois 60607, USA."", ""year"": ""2012""}"
PUB000494	PERSON:gong_liang	authored	PMID:22423098	PubMed	22423098	https://pubmed.ncbi.nlm.nih.gov/22423098/	2026-10-04	observed			Liang-Wei Gong		"{""position"": ""last author"", ""affiliation"": """", ""year"": ""2012""}"
PUB000495	PMID:27091977	mentions_gene	HGNC:11509	PubMed	27091977	https://pubmed.ncbi.nlm.nih.gov/27091977/	2026-10-04	observed			Here, we show that a mutation in synaptotagmin-1 (Syt1(T112A)), which prevents its PKC-dependent phosphorylation, abolishes DAG-induced potentiation of synaptic transmission in hippocampal neurons.		{}
PUB000496	PERSON:de-jong_arthur	authored	PMID:27091977	PubMed	27091977	https://pubmed.ncbi.nlm.nih.gov/27091977/	2026-10-04	observed			Arthur P H de Jong		"{""position"": ""first author"", ""affiliation"": ""Department of Functional Genomics, Center for Neurogenomics and Cognitive Research, Neuroscience Campus Amsterdam, VU University and VU Medical Center, Amsterdam 1081HV, The Netherlands;"", ""year"": ""2016""}"
PUB000497	PERSON:verhage_matthijs	authored	PMID:27091977	PubMed	27091977	https://pubmed.ncbi.nlm.nih.gov/27091977/	2026-10-04	observed			Matthijs Verhage		"{""position"": ""last author"", ""affiliation"": ""Department of Functional Genomics, Center for Neurogenomics and Cognitive Research, Neuroscience Campus Amsterdam, VU University and VU Medical Center, Amsterdam 1081HV, The Netherlands; Department of Clinical Genetics, Center for Neurogenomics and Cognitive Research, Neuroscience Campus Amsterdam, "", ""year"": ""2016""}"
PUB000498	PMID:29760174	mentions_gene	HGNC:11509	PubMed	29760174	https://pubmed.ncbi.nlm.nih.gov/29760174/	2026-10-04	observed			Synaptotagmin-1 (Syt1) binds Ca2+ through its tandem C2 domains (C2A and C2B) and triggers Ca2+-dependent neurotransmitter release.		{}
PUB000499	PERSON:li_lei	authored	PMID:29760174	PubMed	29760174	https://pubmed.ncbi.nlm.nih.gov/29760174/	2026-10-04	observed			Lei Li		"{""position"": ""first author"", ""affiliation"": ""Clem Jones Centre for Ageing Dementia Research, Queensland Brain Institute and."", ""year"": ""2018""}"
PUB000500	PERSON:hu_zhitao	authored	PMID:29760174	PubMed	29760174	https://pubmed.ncbi.nlm.nih.gov/29760174/	2026-10-04	observed			Zhitao Hu		"{""position"": ""last author"", ""affiliation"": ""Clem Jones Centre for Ageing Dementia Research, Queensland Brain Institute and z.hu1@uq.edu.au."", ""year"": ""2018""}"
PUB000501	PMID:33619613	mentions_gene	HGNC:11509	PubMed	33619613	https://pubmed.ncbi.nlm.nih.gov/33619613/	2026-10-04	observed			Changes in the function or abundance of the SYT1 and SYT7 isoforms alter the number and route by which SVs fuse at nerve terminals.		{}
PUB000502	PMID:31719162	mentions_gene	HGNC:11509	PubMed	31719162	https://pubmed.ncbi.nlm.nih.gov/31719162/	2026-10-04	observed			We show that an abnormal F-actin network and syntaxin1 targeting defects are not observed in Snap25- or Syt1-knockout (KO) MCCs, which are also secretion deficient.		{}
PUB000503	PERSON:pons-vizcarra_maria	authored	PMID:31719162	PubMed	31719162	https://pubmed.ncbi.nlm.nih.gov/31719162/	2026-10-04	observed			Maria Pons-Vizcarra		"{""position"": ""first author"", ""affiliation"": ""Department of Functional Genomics, Center for Neurogenomics and Cognitive Research, Neuroscience Campus Amsterdam, Vrije Universiteit Amsterdam, de Boelelaan 1085, Amsterdam 1081 HV, The Netherlands."", ""year"": ""2019""}"
PUB000504	PERSON:verhage_matthijs	authored	PMID:31719162	PubMed	31719162	https://pubmed.ncbi.nlm.nih.gov/31719162/	2026-10-04	observed			Matthijs Verhage		"{""position"": ""last author"", ""affiliation"": ""Department of Functional Genomics, Center for Neurogenomics and Cognitive Research, Neuroscience Campus Amsterdam, Vrije Universiteit Amsterdam, de Boelelaan 1085, Amsterdam 1081 HV, The Netherlands matthijs@cncr.vu.nl."", ""year"": ""2019""}"
PUB000505	PMID:20824061	mentions_gene	HGNC:11509	PubMed	20824061	https://pubmed.ncbi.nlm.nih.gov/20824061/	2026-10-04	observed			To shed light into this apparent paradox, we have performed rescue experiments in neurons from synaptotagmin-1 knockout mice using a chimera that contains the synaptotagmin-1 sequence with its C2B domain replaced by the synaptotagmin-7 C2B domain (Syt1/7).		{}
PUB000506	PERSON:xue_mingshan	authored	PMID:20824061	PubMed	20824061	https://pubmed.ncbi.nlm.nih.gov/20824061/	2026-10-04	observed			Mingshan Xue		"{""position"": ""first author"", ""affiliation"": ""Department of Neuroscience, Baylor College of Medicine, Houston, Texas, United States of America."", ""year"": ""2010""}"
PUB000507	PERSON:rizo_josep	authored	PMID:20824061	PubMed	20824061	https://pubmed.ncbi.nlm.nih.gov/20824061/	2026-10-04	observed			Josep Rizo		"{""position"": ""last author"", ""affiliation"": """", ""year"": ""2010""}"
PUB000508	PMID:31059723	mentions_gene	HGNC:11509	PubMed	31059723	https://pubmed.ncbi.nlm.nih.gov/31059723/	2026-10-04	observed			The association between SYT1-rs2251214 and cocaine use disorder further supports its role in psychiatry.		{}
PUB000509	PERSON:da-silva_bruna	authored	PMID:31059723	PubMed	31059723	https://pubmed.ncbi.nlm.nih.gov/31059723/	2026-10-04	observed			Bruna S da Silva		"{""position"": ""first author"", ""affiliation"": ""Department of Genetics, Universidade Federal do Rio Grande do Sul, Porto Alegre, Brazil; ADHD Outpatient Program, Adult Division, Hospital de Clínicas de Porto Alegre, Porto Alegre, Brazil."", ""year"": ""2019""}"
PUB000510	PERSON:rovaris_diego	authored	PMID:31059723	PubMed	31059723	https://pubmed.ncbi.nlm.nih.gov/31059723/	2026-10-04	observed			Diego L Rovaris		"{""position"": ""last author"", ""affiliation"": ""ADHD Outpatient Program, Adult Division, Hospital de Clínicas de Porto Alegre, Porto Alegre, Brazil; Department of Psychiatry, Universidade Federal do Rio Grande do Sul, Porto Alegre, Brazil. Electronic address: drovaris@hcpa.edu.br."", ""year"": ""2019""}"
PUB000511	PMID:12135982	mentions_gene	HGNC:11509	PubMed	12135982	https://pubmed.ncbi.nlm.nih.gov/12135982/	2026-10-04	observed			As a result, we employed real-time analysis using confocal fluorescence microscopy to study the spatio-temporal aspects of this nonclassical export pathway and demonstrate that heat shock stimulates the redistribution of FGF1 from a diffuse cytosolic pattern to a locale near the inner surface of the		{}
PUB000512	PERSON:prudovsky_igor	authored	PMID:12135982	PubMed	12135982	https://pubmed.ncbi.nlm.nih.gov/12135982/	2026-10-04	observed			Igor Prudovsky		"{""position"": ""first author"", ""affiliation"": ""Center for Molecular Medicine, Maine Medical Center Research Institute, 81 Research Drive, Scarborough, ME 04074, USA."", ""year"": ""2002""}"
PUB000513	PERSON:maciag_thomas	authored	PMID:12135982	PubMed	12135982	https://pubmed.ncbi.nlm.nih.gov/12135982/	2026-10-04	observed			Thomas Maciag		"{""position"": ""last author"", ""affiliation"": """", ""year"": ""2002""}"
PUB000514	PMID:19819752	mentions_gene	HGNC:11509	PubMed	19819752	https://pubmed.ncbi.nlm.nih.gov/19819752/	2026-10-04	observed			However, Arabidopsis SYT1 is now the first plant synaptotagmin demonstrated to participate in Ca(2+)-dependent repair of membranes.		{}
PUB000515	PERSON:schapire_arnaldo	authored	PMID:19819752	PubMed	19819752	https://pubmed.ncbi.nlm.nih.gov/19819752/	2026-10-04	observed			Arnaldo L Schapire		"{""position"": ""first author"", ""affiliation"": ""Laboratorio de Bioquímica y Biotecnología Vegetal, Departamento de Biología Molecular y Bioquímica, Facultad de Ciencias, Universidad de Málaga, Campus Teatinos s/n, Spain."", ""year"": ""2009""}"
PUB000516	PERSON:botella_miguel	authored	PMID:19819752	PubMed	19819752	https://pubmed.ncbi.nlm.nih.gov/19819752/	2026-10-04	observed			Miguel A Botella		"{""position"": ""last author"", ""affiliation"": """", ""year"": ""2009""}"
PUB000517	PMID:24692137	mentions_gene	HGNC:11509	PubMed	24692137	https://pubmed.ncbi.nlm.nih.gov/24692137/	2026-10-04	observed			Synaptotagmin 1 (Syt1), the most studied major isoform among 16 Syt isoforms, mediates Ca(2+)-triggered synaptic vesicle exocytosis by interacting with the target membranes and SNARE/complexin complex.		{}
PUB000518	PERSON:shin_ok	authored	PMID:24692137	PubMed	24692137	https://pubmed.ncbi.nlm.nih.gov/24692137/	2026-10-04	observed			Ok-Ho Shin		"{""position"": ""first author"", ""affiliation"": ""Department of Neuroscience and Cell Biology, University of Texas Medical Branch, Galveston, Texas."", ""year"": ""2014""}"
PUB000519	PERSON:shin_ok	authored	PMID:24692137	PubMed	24692137	https://pubmed.ncbi.nlm.nih.gov/24692137/	2026-10-04	observed			Ok-Ho Shin		"{""position"": ""last author"", ""affiliation"": ""Department of Neuroscience and Cell Biology, University of Texas Medical Branch, Galveston, Texas."", ""year"": ""2014""}"
PUB000520	PMID:30004579	mentions_gene	HGNC:11509	PubMed	30004579	https://pubmed.ncbi.nlm.nih.gov/30004579/	2026-10-04	observed			Synaptotagmin-1 (Syt1), a Ca2+ sensor, mediates ultrafast exocytosis in neurons and neuroendocrine cells.		{}
PUB000521	PERSON:park_yongsoo	authored	PMID:30004579	PubMed	30004579	https://pubmed.ncbi.nlm.nih.gov/30004579/	2026-10-04	observed			Yongsoo Park		"{""position"": ""first author"", ""affiliation"": ""Department of Molecular Biology and Genetics, Koç University, Istanbul, Turkey."", ""year"": ""2018""}"
PUB000522	PERSON:ryu_je	authored	PMID:30004579	PubMed	30004579	https://pubmed.ncbi.nlm.nih.gov/30004579/	2026-10-04	observed			Je-Kyung Ryu		"{""position"": ""last author"", ""affiliation"": ""Department of Bionanoscience, Kavli Institute of Nanoscience Delft, Delft University of Technology, The Netherlands."", ""year"": ""2018""}"
PUB000523	PMID:32738165	mentions_gene	HGNC:29203	PubMed	32738165	https://pubmed.ncbi.nlm.nih.gov/32738165/	2026-10-04	observed			DNM1, AP1S2 and TBC1D24).		{}
PUB000524	PERSON:john_abinayah	authored	PMID:32738165	PubMed	32738165	https://pubmed.ncbi.nlm.nih.gov/32738165/	2026-10-04	observed			Abinayah John		"{""position"": ""first author"", ""affiliation"": ""MRC Cognition and Brain Sciences Unit, University of Cambridge, Cambridge, UK."", ""year"": ""2021""}"
PUB000525	PERSON:baker_kate	authored	PMID:32738165	PubMed	32738165	https://pubmed.ncbi.nlm.nih.gov/32738165/	2026-10-04	observed			Kate Baker		"{""position"": ""last author"", ""affiliation"": ""MRC Cognition and Brain Sciences Unit, University of Cambridge, Cambridge, UK."", ""year"": ""2021""}"
PUB000526	PMID:25422373	mentions_gene	HGNC:29203	PubMed	25422373	https://pubmed.ncbi.nlm.nih.gov/25422373/	2026-10-04	observed			Reduced synaptic vesicle protein degradation at lysosomes curbs TBC1D24/sky-induced neurodegeneration.		{}
PUB000527	PERSON:fernandes_ana	authored	PMID:25422373	PubMed	25422373	https://pubmed.ncbi.nlm.nih.gov/25422373/	2026-10-04	observed			Ana Clara Fernandes		"{""position"": ""first author"", ""affiliation"": ""VIB Center for the Biology of Disease and Center for Human Genetics Laboratory of Neuronal Communication, KU Leuven, 3000 Leuven, Belgium VIB Center for the Biology of Disease and Center for Human Genetics Laboratory of Neuronal Communication, KU Leuven, 3000 Leuven, Belgium."", ""year"": ""2014""}"
PUB000528	PERSON:verstreken_patrik	authored	PMID:25422373	PubMed	25422373	https://pubmed.ncbi.nlm.nih.gov/25422373/	2026-10-04	observed			Patrik Verstreken		"{""position"": ""last author"", ""affiliation"": ""VIB Center for the Biology of Disease and Center for Human Genetics Laboratory of Neuronal Communication, KU Leuven, 3000 Leuven, Belgium VIB Center for the Biology of Disease and Center for Human Genetics Laboratory of Neuronal Communication, KU Leuven, 3000 Leuven, Belgium patrik.verstreken@med.ku"", ""year"": ""2014""}"
PUB000529	PMID:29086067	mentions_gene	HGNC:29203	PubMed	29086067	https://pubmed.ncbi.nlm.nih.gov/29086067/	2026-10-04	observed			The delineation of the phenotypic spectrum associated with mutations in ATP1A3, FOXG1, GNAO1, GRIN1, FRRS1L, and TBC1D24 is revealing an expanding genetic overlap between epileptic encephalopathies, developmental delay/intellectual disability, and hyperkinetic movement disorders,.		{}
PUB000530	PERSON:carecchio_miryam	authored	PMID:29086067	PubMed	29086067	https://pubmed.ncbi.nlm.nih.gov/29086067/	2026-10-04	observed			Miryam Carecchio		"{""position"": ""first author"", ""affiliation"": ""Molecular Neurogenetics Unit, IRCCS Foundation Carlo Besta Neurological Institute, Via L. Temolo 4, 20126, Milan, Italy."", ""year"": ""2017""}"
PUB000531	PERSON:mencacci_niccol	authored	PMID:29086067	PubMed	29086067	https://pubmed.ncbi.nlm.nih.gov/29086067/	2026-10-04	observed			Niccolò E Mencacci		"{""position"": ""last author"", ""affiliation"": ""Department of Neurology, Northwestern University, Feinberg School of Medicine, Chicago, IL, 60611, USA. niccolo.mencacci@northwestern.edu."", ""year"": ""2017""}"
PUB000532	PMID:38860500	mentions_gene	HGNC:29203	PubMed	38860500	https://pubmed.ncbi.nlm.nih.gov/38860500/	2026-10-04	observed			Meanwhile, OSBPL2 (OMIM # 606731), RRM2B (OMIM # 604712), OTOG (OMIM # 604487), STRC (OMIM # 606440), PCDH15 (OMIM # 605514), LOXHD1 (OMIM # 613072), CDH23 (OMIM # 605516), TMC1 (OMIM # 606706), CHD7 (OMIM # 608892), DIAPH3 (OMIM # 614567), TBC1D24 (OMIM # 613577), TIMM8A (OMIM # 300356), PTPRQ (OMI		{}
PUB000533	PERSON:ma_panpan	authored	PMID:38860500	PubMed	38860500	https://pubmed.ncbi.nlm.nih.gov/38860500/	2026-10-04	observed			Panpan Ma		"{""position"": ""first author"", ""affiliation"": ""Medical Genetics Center; Gansu Provincial Clinical Research Center for Birth Defects and Rare Diseases Lanzhou, Gansu Provincial Maternity and Child-Care Hospital, Gansu, China."", ""year"": ""2024""}"
PUB000534	PERSON:zhang_chuan	authored	PMID:38860500	PubMed	38860500	https://pubmed.ncbi.nlm.nih.gov/38860500/	2026-10-04	observed			Chuan Zhang		"{""position"": ""last author"", ""affiliation"": ""Medical Genetics Center; Gansu Provincial Clinical Research Center for Birth Defects and Rare Diseases Lanzhou, Gansu Provincial Maternity and Child-Care Hospital, Gansu, China."", ""year"": ""2024""}"
PUB000535	PMID:34341188	mentions_gene	HGNC:29203	PubMed	34341188	https://pubmed.ncbi.nlm.nih.gov/34341188/	2026-10-04	observed			Seven proteins possess a TLDc domain in humans, notably proteins belonging to the oxidation resistance protein (OXR), nuclear receptor coactivator 7 (NCOA7) and TBC1 domain family member 24 (TBC1D24) families.		{}
PUB000536	PERSON:arnaud-arnould_mary	authored	PMID:34341188	PubMed	34341188	https://pubmed.ncbi.nlm.nih.gov/34341188/	2026-10-04	observed			Mary Arnaud-Arnould		"{""position"": ""first author"", ""affiliation"": ""IRIM, CNRS, 34293 Montpellier, France."", ""year"": ""2021""}"
PUB000537	PERSON:blaise_micka	authored	PMID:34341188	PubMed	34341188	https://pubmed.ncbi.nlm.nih.gov/34341188/	2026-10-04	observed			Mickaël Blaise		"{""position"": ""last author"", ""affiliation"": ""IRIM, CNRS, 34293 Montpellier, France."", ""year"": ""2021""}"
PUB000538	PMID:24315024	mentions_gene	HGNC:29203	PubMed	24315024	https://pubmed.ncbi.nlm.nih.gov/24315024/	2026-10-04	observed			Sequencing of the KCNT1, PLCB1, SCN1A and TBC1D24 loci was performed in six children with typical features of malignant migrating partial seizures of infancy (MMPSI), to verify the presence of potential disease-causing mutations, including those already reported to be associated with the disease.		{}
PUB000539	PERSON:de-filippo_maria	authored	PMID:24315024	PubMed	24315024	https://pubmed.ncbi.nlm.nih.gov/24315024/	2026-10-04	observed			Maria Rosaria De Filippo		"{""position"": ""first author"", ""affiliation"": ""Laboratory of Molecular Medicine and Genomics, Department of Medicine and Surgery, University of Salerno, Baronissi, Italy; Fondazione IRCCS SDN, 80143 Napoli, Italy."", ""year"": ""2014""}"
PUB000540	PERSON:coppola_giangennaro	authored	PMID:24315024	PubMed	24315024	https://pubmed.ncbi.nlm.nih.gov/24315024/	2026-10-04	observed			Giangennaro Coppola		"{""position"": ""last author"", ""affiliation"": ""Child and Adolescent Neuropsychiatry, Department of Medicine and Surgery and \""SS. Giovanni di Dio e Ruggi d'Aragona - Schola Medica Salernitana\"" Hospital of the University of Salerno, Salerno, Italy. Electronic address: gcoppola@unisa.it."", ""year"": ""2014""}"
PUB000541	PMID:28428906	mentions_gene	HGNC:29203	PubMed	28428906	https://pubmed.ncbi.nlm.nih.gov/28428906/	2026-10-04	observed			TBC1D24 Mutations in a Sibship with Multifocal Polymyoclonus.		{}
PUB000542	PERSON:ngoh_adeline	authored	PMID:28428906	PubMed	28428906	https://pubmed.ncbi.nlm.nih.gov/28428906/	2026-10-04	observed			Adeline Ngoh		"{""position"": ""first author"", ""affiliation"": ""Neurosciences Unit, University College London, Institute of Child Health, London, UK."", ""year"": ""2017""}"
PUB000543	PERSON:kurian_manju	authored	PMID:28428906	PubMed	28428906	https://pubmed.ncbi.nlm.nih.gov/28428906/	2026-10-04	observed			Manju A Kurian		"{""position"": ""last author"", ""affiliation"": ""Neurosciences Unit, University College London, Institute of Child Health, London, UK."", ""year"": ""2017""}"
PUB000544	PMID:30335140	mentions_gene	HGNC:29203	PubMed	30335140	https://pubmed.ncbi.nlm.nih.gov/30335140/	2026-10-04	observed			The epilepsy-associated protein TBC1D24 is required for normal development, survival and vesicle trafficking in mammalian neurons.		{}
PUB000545	PERSON:finelli_matt	authored	PMID:30335140	PubMed	30335140	https://pubmed.ncbi.nlm.nih.gov/30335140/	2026-10-04	observed			Mattéa J Finelli		"{""position"": ""first author"", ""affiliation"": ""Department of Physiology, Anatomy and Genetics, University of Oxford, Parks Road, Oxford, UK."", ""year"": ""2019""}"
PUB000546	PERSON:oliver_peter	authored	PMID:30335140	PubMed	30335140	https://pubmed.ncbi.nlm.nih.gov/30335140/	2026-10-04	observed			Peter L Oliver		"{""position"": ""last author"", ""affiliation"": ""Department of Physiology, Anatomy and Genetics, University of Oxford, Parks Road, Oxford, UK."", ""year"": ""2019""}"
PUB000547	PMID:34177764	mentions_gene	HGNC:29203	PubMed	34177764	https://pubmed.ncbi.nlm.nih.gov/34177764/	2026-10-04	observed			Next-generation sequencing has enabled new gene discovery (RHOBTB2, TBC1D24), expansion of phenotypes in known PxMDs genes and a better understanding of disease mechanisms.		{}
PUB000548	PERSON:harvey_susan	authored	PMID:34177764	PubMed	34177764	https://pubmed.ncbi.nlm.nih.gov/34177764/	2026-10-04	observed			Susan Harvey		"{""position"": ""first author"", ""affiliation"": ""Department of Paediatric Neurology and Clinical Neurophysiology, Children's Health Ireland at Temple Street, Dublin, Ireland."", ""year"": ""2021""}"
PUB000549	PERSON:gorman_kathleen	authored	PMID:34177764	PubMed	34177764	https://pubmed.ncbi.nlm.nih.gov/34177764/	2026-10-04	observed			Kathleen M Gorman		"{""position"": ""last author"", ""affiliation"": ""Department of Paediatric Neurology and Clinical Neurophysiology, Children's Health Ireland at Temple Street, Dublin, Ireland."", ""year"": ""2021""}"
PUB000550	PMID:27281533	mentions_gene	HGNC:29203	PubMed	27281533	https://pubmed.ncbi.nlm.nih.gov/27281533/	2026-10-04	observed			TBC1D24 genotype-phenotype correlation: Epilepsies and other neurologic features.		{}
PUB000551	PERSON:balestrini_simona	authored	PMID:27281533	PubMed	27281533	https://pubmed.ncbi.nlm.nih.gov/27281533/	2026-10-04	observed			Simona Balestrini		"{""position"": ""first author"", ""affiliation"": """", ""year"": ""2016""}"
PUB000552	PMID:29893377	mentions_gene	HGNC:29203	PubMed	29893377	https://pubmed.ncbi.nlm.nih.gov/29893377/	2026-10-04	observed			BACKGROUND TBC1 domain family member 24 (TBC1D24) pathogenic mutations affect its binding to ARF6 and then result in severe impairment of neuronal development.		{}
PUB000553	PERSON:qu_xiusheng	authored	PMID:29893377	PubMed	29893377	https://pubmed.ncbi.nlm.nih.gov/29893377/	2026-10-04	observed			Xiusheng Qu		"{""position"": ""first author"", ""affiliation"": ""Department of Radiotherapy and Chemotherapy, First Affiliated Hospital of Jiamusi University, Jiamusi, Heilongjiang, China (mainland)."", ""year"": ""2018""}"
PUB000554	PERSON:qu_yikun	authored	PMID:29893377	PubMed	29893377	https://pubmed.ncbi.nlm.nih.gov/29893377/	2026-10-04	observed			Yikun Qu		"{""position"": ""last author"", ""affiliation"": ""Department of General Surgery, First Affiliated Hospital of Jiamusi University, Jiamusi, Heilongjiang, China (mainland)."", ""year"": ""2018""}"
PUB000555	PMID:24291220	mentions_gene	HGNC:29203	PubMed	24291220	https://pubmed.ncbi.nlm.nih.gov/24291220/	2026-10-04	observed			We did exome sequencing in the first 17 enrolled families; we screened for TBC1D24 by Sanger sequencing in subsequent families.		{}
PUB000556	PERSON:campeau_philippe	authored	PMID:24291220	PubMed	24291220	https://pubmed.ncbi.nlm.nih.gov/24291220/	2026-10-04	observed			Philippe M Campeau		"{""position"": ""first author"", ""affiliation"": ""Department of Molecular and Human Genetics, Baylor College of Medicine, Houston, TX, USA."", ""year"": ""2014""}"
PUB000557	PERSON:sisodiya_sanjay	authored	PMID:24291220	PubMed	24291220	https://pubmed.ncbi.nlm.nih.gov/24291220/	2026-10-04	observed			Sanjay M Sisodiya		"{""position"": ""last author"", ""affiliation"": ""Department of Clinical and Experimental Epilepsy, UCL Institute of Neurology, London, UK; Epilepsy Society, Buckinghamshire, UK. Electronic address: s.sisodiya@ucl.ac.uk."", ""year"": ""2014""}"
PUB000558	PMID:28707022	mentions_gene	HGNC:29203	PubMed	28707022	https://pubmed.ncbi.nlm.nih.gov/28707022/	2026-10-04	observed			Furthermore, with an increasing number of pathogenic mutations leading to epilepsy and hearing loss being discovered in the TLDc protein TBC1D24, understanding the function of this family has important implications for a range of inherited neurological diseases.		{}
PUB000559	PERSON:finelli_matt	authored	PMID:28707022	PubMed	28707022	https://pubmed.ncbi.nlm.nih.gov/28707022/	2026-10-04	observed			Mattéa J Finelli		"{""position"": ""first author"", ""affiliation"": ""Department of Physiology, Anatomy and Genetics, University of Oxford, Parks Road, Oxford, OX1 3PT, UK."", ""year"": ""2017""}"
PUB000560	PERSON:oliver_peter	authored	PMID:28707022	PubMed	28707022	https://pubmed.ncbi.nlm.nih.gov/28707022/	2026-10-04	observed			Peter L Oliver		"{""position"": ""last author"", ""affiliation"": ""Department of Physiology, Anatomy and Genetics, University of Oxford, Parks Road, Oxford, OX1 3PT, UK. peter.oliver@dpag.ox.ac.uk."", ""year"": ""2017""}"
PUB000561	PMID:27541164	mentions_gene	HGNC:29203	PubMed	27541164	https://pubmed.ncbi.nlm.nih.gov/27541164/	2026-10-04	observed			Clinical intrafamilial variability in lethal familial neonatal seizure disorder caused by TBC1D24 mutations.		{}
PUB000562	PERSON:lozano_reymundo	authored	PMID:27541164	PubMed	27541164	https://pubmed.ncbi.nlm.nih.gov/27541164/	2026-10-04	observed			Reymundo Lozano		"{""position"": ""first author"", ""affiliation"": ""Departments of Genetic and Genomic Sciences, Psychiatry, and Pediatrics, Seaver Autism Center for Research and Treatment, Icahn School of Medicine at Mount Sinai, New York, New York."", ""year"": ""2016""}"
PUB000563	PERSON:fassio_anna	authored	PMID:27541164	PubMed	27541164	https://pubmed.ncbi.nlm.nih.gov/27541164/	2026-10-04	observed			Anna Fassio		"{""position"": ""last author"", ""affiliation"": ""Department of Experimental Medicine, University of Genova, Genova, Italy."", ""year"": ""2016""}"
PUB000564	PMID:24387994	mentions_gene	HGNC:29203	PubMed	24387994	https://pubmed.ncbi.nlm.nih.gov/24387994/	2026-10-04	observed			Mutations in TBC1D24, a gene associated with epilepsy, also cause nonsyndromic deafness DFNB86.		{}
PUB000565	PERSON:rehman_atteeq	authored	PMID:24387994	PubMed	24387994	https://pubmed.ncbi.nlm.nih.gov/24387994/	2026-10-04	observed			Atteeq U Rehman		"{""position"": ""first author"", ""affiliation"": ""Laboratory of Molecular Genetics, National Institute on Deafness and Other Communication Disorders, National Institutes of Health, Rockville, MD 20850, USA."", ""year"": ""2014""}"
PUB000566	PERSON:friedman_thomas	authored	PMID:24387994	PubMed	24387994	https://pubmed.ncbi.nlm.nih.gov/24387994/	2026-10-04	observed			Thomas B Friedman		"{""position"": ""last author"", ""affiliation"": ""Laboratory of Molecular Genetics, National Institute on Deafness and Other Communication Disorders, National Institutes of Health, Rockville, MD 20850, USA. Electronic address: friedman@nidcd.nih.gov."", ""year"": ""2014""}"
PUB000567	PMID:32873933	mentions_gene	HGNC:29203	PubMed	32873933	https://pubmed.ncbi.nlm.nih.gov/32873933/	2026-10-04	observed			PURPOSE: Biallelic variants in TBC1D24, which encodes a protein that regulates vesicular transport, are frequently identified in patients with DOORS (deafness, onychodystrophy, osteodystrophy, intellectual disability [previously referred to as mental retardation], and seizures) syndrome.		{}
PUB000568	PERSON:beauregard-lacroix_eliane	authored	PMID:32873933	PubMed	32873933	https://pubmed.ncbi.nlm.nih.gov/32873933/	2026-10-04	observed			Eliane Beauregard-Lacroix		"{""position"": ""first author"", ""affiliation"": ""Medical Genetics Division, Department of Pediatrics, Sainte-Justine University Hospital Center, Montreal, QC, Canada."", ""year"": ""2021""}"
PUB000569	PERSON:campeau_philippe	authored	PMID:32873933	PubMed	32873933	https://pubmed.ncbi.nlm.nih.gov/32873933/	2026-10-04	observed			Philippe M Campeau		"{""position"": ""last author"", ""affiliation"": ""Medical Genetics Division, Department of Pediatrics, Sainte-Justine University Hospital Center, Montreal, QC, Canada. p.campeau@umontreal.ca."", ""year"": ""2021""}"
PUB000570	PMID:33986365	mentions_gene	HGNC:29203	PubMed	33986365	https://pubmed.ncbi.nlm.nih.gov/33986365/	2026-10-04	observed			TBC1D24 emerges as an important contributor to progressive postlingual dominant hearing loss.		{}
PUB000571	PERSON:ozi-b-o_dominika	authored	PMID:33986365	PubMed	33986365	https://pubmed.ncbi.nlm.nih.gov/33986365/	2026-10-04	observed			Dominika Oziębło		"{""position"": ""first author"", ""affiliation"": ""Department of Genetics, Institute of Physiology and Pathology of Hearing, M. Mochnackiego 10, 02-042, Warsaw, Poland."", ""year"": ""2021""}"
PUB000572	PERSON:o-dak_monika	authored	PMID:33986365	PubMed	33986365	https://pubmed.ncbi.nlm.nih.gov/33986365/	2026-10-04	observed			Monika Ołdak		"{""position"": ""last author"", ""affiliation"": ""Department of Genetics, Institute of Physiology and Pathology of Hearing, M. Mochnackiego 10, 02-042, Warsaw, Poland. m.oldak@ifps.org.pl."", ""year"": ""2021""}"
PUB000573	PMID:24729539	mentions_gene	HGNC:29203	PubMed	24729539	https://pubmed.ncbi.nlm.nih.gov/24729539/	2026-10-04	observed			TBC1D24 mutation causes autosomal-dominant nonsyndromic hearing loss.		{}
PUB000574	PERSON:azaiez_hela	authored	PMID:24729539	PubMed	24729539	https://pubmed.ncbi.nlm.nih.gov/24729539/	2026-10-04	observed			Hela Azaiez		"{""position"": ""first author"", ""affiliation"": ""Molecular Otolaryngology & Renal Research Laboratories, Department of Otolaryngology-Head and Neck Surgery, University of Iowa Hospitals and Clinics, Iowa City, Iowa."", ""year"": ""2014""}"
PUB000575	PERSON:smith_richard	authored	PMID:24729539	PubMed	24729539	https://pubmed.ncbi.nlm.nih.gov/24729539/	2026-10-04	observed			Richard J H Smith		"{""position"": ""last author"", ""affiliation"": """", ""year"": ""2014""}"
PUB000576	PMID:27502353	mentions_gene	HGNC:29203	PubMed	27502353	https://pubmed.ncbi.nlm.nih.gov/27502353/	2026-10-04	observed			Electroclinical phenotypes and outcomes in TBC1D24-related epilepsy.		{}
PUB000577	PERSON:appavu_brian	authored	PMID:27502353	PubMed	27502353	https://pubmed.ncbi.nlm.nih.gov/27502353/	2026-10-04	observed			Brian Appavu		"{""position"": ""first author"", ""affiliation"": ""Barrow Neurological Institute at Phoenix Children's Hospital, Department of Neurology."", ""year"": ""2016""}"
PUB000578	PERSON:troester_matthew	authored	PMID:27502353	PubMed	27502353	https://pubmed.ncbi.nlm.nih.gov/27502353/	2026-10-04	observed			Matthew Troester		"{""position"": ""last author"", ""affiliation"": ""Barrow Neurological Institute at Phoenix Children's Hospital, Department of Neurology."", ""year"": ""2016""}"
PUB000579	PMID:27259978	mentions_gene	HGNC:29203	PubMed	27259978	https://pubmed.ncbi.nlm.nih.gov/27259978/	2026-10-04	observed			The three examples of clinical and genetic complexities are drawn from studies of (i) Pendred syndrome/DFNB4 (PDS, OMIM 274600), (ii) Perrault syndrome (deafness and infertility) due to mutations of CLPP (PRTLS3, OMIM 614129), and (iii) the unexplained extensive clinical variability associated with 		{}
PUB000580	PMID:35149262	mentions_gene	HGNC:29203	PubMed	35149262	https://pubmed.ncbi.nlm.nih.gov/35149262/	2026-10-04	observed			Intrafamilial phenotypic variability in TBC1D24-TLDc homozygous pathogenic variant-related developmental and epileptic encephalopathy.		{}
PUB000581	PERSON:lee_hsiu	authored	PMID:35149262	PubMed	35149262	https://pubmed.ncbi.nlm.nih.gov/35149262/	2026-10-04	observed			Hsiu-Fen Lee		"{""position"": ""first author"", ""affiliation"": ""Department of Post-Baccalaureate Medicine, College of Medicine, National Chung Hsing University, Taichung, Taiwan; Division of Pediatric Neurology, Children's Medical Center, Taichung Veterans General Hospital, Taichung, Taiwan. Electronic address: leehf@hotmail.com.tw."", ""year"": ""2022""}"
PUB000582	PERSON:tsai_chi	authored	PMID:35149262	PubMed	35149262	https://pubmed.ncbi.nlm.nih.gov/35149262/	2026-10-04	observed			Chi-Ren Tsai		"{""position"": ""last author"", ""affiliation"": ""Division of Pediatric Neurology, Children's Medical Center, Taichung Veterans General Hospital, Taichung, Taiwan. Electronic address: n20248@vghtc.gov.tw."", ""year"": ""2022""}"
PUB000583	PMID:33741238	mentions_gene	HGNC:29203	PubMed	33741238	https://pubmed.ncbi.nlm.nih.gov/33741238/	2026-10-04	observed			Other than in channelopathies, SUDEP has been reported in further patients with genetic epilepsies due to mutations of genes such as DEPDC5, TBC1D24, FHF1, or 5q14.		{}
PUB000584	PERSON:trivisano_marina	authored	PMID:33741238	PubMed	33741238	https://pubmed.ncbi.nlm.nih.gov/33741238/	2026-10-04	observed			Marina Trivisano		"{""position"": ""first author"", ""affiliation"": ""Rare and Epilepsies Unit, Department of Neurological Science, Bambino Gesù Children's Hospital, IRCCS, Full Member of European Reference Network EpiCARE, Rome, Italy. Electronic address: marina.trivisano@opbg.net."", ""year"": ""2022""}"
PUB000585	PERSON:bisulli_francesca	authored	PMID:33741238	PubMed	33741238	https://pubmed.ncbi.nlm.nih.gov/33741238/	2026-10-04	observed			Francesca Bisulli		"{""position"": ""last author"", ""affiliation"": ""Dipartimento di Scienze Biomediche e Neuromotorie, Università di Bologna, Bologna, Italy; IRCCS Istituto delle Scienze Neurologiche di Bologna, Bologna, Italy."", ""year"": ""2022""}"
PUB000586	PMID:24469796	mentions_gene	HGNC:29203	PubMed	24469796	https://pubmed.ncbi.nlm.nih.gov/24469796/	2026-10-04	observed			TBC1D24 regulates neuronal migration and maturation through modulation of the ARF6-dependent pathway.		{}
PUB000587	PERSON:falace_antonio	authored	PMID:24469796	PubMed	24469796	https://pubmed.ncbi.nlm.nih.gov/24469796/	2026-10-04	observed			Antonio Falace		"{""position"": ""first author"", ""affiliation"": ""Department of Experimental Medicine, University of Genova, 16132 Genova, Italy."", ""year"": ""2014""}"
PUB000588	PERSON:cardoso_carlos	authored	PMID:24469796	PubMed	24469796	https://pubmed.ncbi.nlm.nih.gov/24469796/	2026-10-04	observed			Carlos Cardoso		"{""position"": ""last author"", ""affiliation"": """", ""year"": ""2014""}"
PUB000589	PMID:33539324	mentions_gene	HGNC:16831	PubMed	33539324	https://pubmed.ncbi.nlm.nih.gov/33539324/	2026-10-04	observed			Biallelic variants in TSPOAP1, encoding the active-zone protein RIMBP1, cause autosomal recessive dystonia.		{}
PUB000590	PERSON:mencacci_niccol	authored	PMID:33539324	PubMed	33539324	https://pubmed.ncbi.nlm.nih.gov/33539324/	2026-10-04	observed			Niccolò E Mencacci		"{""position"": ""first author"", ""affiliation"": ""Ken and Ruth Davee Department of Neurology and Simpson Querrey Center for Neurogenetics, Northwestern University, Feinberg School of Medicine, Chicago, Illinois, USA."", ""year"": ""2021""}"
PUB000591	PERSON:acuna_claudio	authored	PMID:33539324	PubMed	33539324	https://pubmed.ncbi.nlm.nih.gov/33539324/	2026-10-04	observed			Claudio Acuna		"{""position"": ""last author"", ""affiliation"": ""Department of Cellular and Molecular Physiology and Howard Hughes Medical Institute, Stanford University School of Medicine, Stanford, California, USA."", ""year"": ""2021""}"
PUB000592	PMID:37071051	mentions_gene	HGNC:16831	PubMed	37071051	https://pubmed.ncbi.nlm.nih.gov/37071051/	2026-10-04	observed			Ten genes-ABCA1, CEP72, PTGDS, SAFB2, SFSWAP, CCDC88C, SH2B1, LTBP4, MEG3 and TSPOAP1-whose expression in blood was altered in the pre-ataxic stage and simultaneously, correlated with ataxia severity in the overt disease stage, were analysed by quantitative real-time PCR in blood samples from an ind		{}
PUB000593	PERSON:raposo_mafalda	authored	PMID:37071051	PubMed	37071051	https://pubmed.ncbi.nlm.nih.gov/37071051/	2026-10-04	observed			Mafalda Raposo		"{""position"": ""first author"", ""affiliation"": ""Instituto de Biologia Molecular e Celular (IBMC), Instituto de Investigação e Inovação em Saúde (i3S), Universidade do Porto, 4200-135 Porto, Portugal."", ""year"": ""2023""}"
PUB000594	PERSON:lima_manuela	authored	PMID:37071051	PubMed	37071051	https://pubmed.ncbi.nlm.nih.gov/37071051/	2026-10-04	observed			Manuela Lima		"{""position"": ""last author"", ""affiliation"": ""Faculdade de Ciências e Tecnologia, Universidade dos Açores, 9500-321 Ponta Delgada, Portugal."", ""year"": ""2023""}"
PUB000595	PMID:38458754	mentions_gene	HGNC:16831	PubMed	38458754	https://pubmed.ncbi.nlm.nih.gov/38458754/	2026-10-04	observed			RESULTS: We identified potentially disease-causing variants in the established dystonia genes (PRKRA, SGCE, KMT2B, SLC2A1, GCH1, THAP1, HPCA, TSPOAP1, AOPEP; n=11 families (26%)), in the uncommon forms of dystonia-associated genes (PCCB, CACNA1A, ALDH5A1, PRKN; n=4 families (10%)) and in the candida		{}
PUB000596	PERSON:atasu_burcu	authored	PMID:38458754	PubMed	38458754	https://pubmed.ncbi.nlm.nih.gov/38458754/	2026-10-04	observed			Burcu Atasu		"{""position"": ""first author"", ""affiliation"": ""Eberhard Karls Universität Tübingen Hertie Institut für klinische Hirnforschung Allgemeine Neurologie, Tubingen, Germany."", ""year"": ""2024""}"
PUB000597	PERSON:lohmann_ebba	authored	PMID:38458754	PubMed	38458754	https://pubmed.ncbi.nlm.nih.gov/38458754/	2026-10-04	observed			Ebba Lohmann		"{""position"": ""last author"", ""affiliation"": ""Eberhard Karls Universität Tübingen Hertie Institut für klinische Hirnforschung Allgemeine Neurologie, Tubingen, Germany ebbalohmann@gmx.net."", ""year"": ""2024""}"
PUB000598	PMID:38219528	mentions_gene	HGNC:16831	PubMed	38219528	https://pubmed.ncbi.nlm.nih.gov/38219528/	2026-10-04	observed			Non-DYT pathogenic/likely-pathogenic cases included PINK1, PANK2, CTSF, POLG, MICU1, and TSPOAP1.		{}
PUB000599	PERSON:dhar_debjyoti	authored	PMID:38219528	PubMed	38219528	https://pubmed.ncbi.nlm.nih.gov/38219528/	2026-10-04	observed			Debjyoti Dhar		"{""position"": ""first author"", ""affiliation"": ""Department of Neurology, National Institute of Mental Health and Neurosciences, Bengaluru 560029, India."", ""year"": ""2024""}"
PUB000600	PERSON:pal_pramod	authored	PMID:38219528	PubMed	38219528	https://pubmed.ncbi.nlm.nih.gov/38219528/	2026-10-04	observed			Pramod Kumar Pal		"{""position"": ""last author"", ""affiliation"": ""Department of Neurology, National Institute of Mental Health and Neurosciences, Bengaluru 560029, India. Electronic address: palpramod@hotmail.com."", ""year"": ""2024""}"
PUB000601	PMID:41371074	mentions_gene	HGNC:16831	PubMed	41371074	https://pubmed.ncbi.nlm.nih.gov/41371074/	2026-10-04	observed			Expanding the genotypic and phenotypic spectrum of DYT-TSPOAP1: First report from India.		{}
PUB000602	PERSON:holla_vikram	authored	PMID:41371074	PubMed	41371074	https://pubmed.ncbi.nlm.nih.gov/41371074/	2026-10-04	observed			Vikram V Holla		"{""position"": ""first author"", ""affiliation"": ""Department of Neurology, National Institute of Mental Health and Neurosciences, Bengaluru, 560029, India."", ""year"": ""2026""}"
PUB000603	PERSON:pal_pramod	authored	PMID:41371074	PubMed	41371074	https://pubmed.ncbi.nlm.nih.gov/41371074/	2026-10-04	observed			Pramod Kumar Pal		"{""position"": ""last author"", ""affiliation"": ""Department of Neurology, National Institute of Mental Health and Neurosciences, Bengaluru, 560029, India. Electronic address: palpramod@hotmail.com."", ""year"": ""2026""}"
PUB000604	PMID:37850637	mentions_gene	HGNC:16831	PubMed	37850637	https://pubmed.ncbi.nlm.nih.gov/37850637/	2026-10-04	observed			Deep Brain Stimulation in a Patient with TSPOAP1-Biallelic Variant of Autosomal-Recessive Dystonia.		{}
PUB000605	PERSON:hasani_elida	authored	PMID:37850637	PubMed	37850637	https://pubmed.ncbi.nlm.nih.gov/37850637/	2026-10-04	observed			Elida Hasani		"{""position"": ""first author"", ""affiliation"": ""Department of Neurosurgery, Faculty of Medicine and University Hospital Carl Gustav Carus, Technische Universität Dresden, Dresden, Germany."", ""year"": ""2023""}"
PUB000606	PERSON:polanski_witold	authored	PMID:37850637	PubMed	37850637	https://pubmed.ncbi.nlm.nih.gov/37850637/	2026-10-04	observed			Witold H Polanski		"{""position"": ""last author"", ""affiliation"": ""Department of Neurosurgery, Faculty of Medicine and University Hospital Carl Gustav Carus, Technische Universität Dresden, Dresden, Germany."", ""year"": ""2023""}"
PUB000607	PMID:38293024	mentions_gene	HGNC:16831	PubMed	38293024	https://pubmed.ncbi.nlm.nih.gov/38293024/	2026-10-04	observed			APOE was associated with four measures of cognitive function, PICALM was associated with HMSE score, and TSPOAP1 was associated with executive function.		{}
PUB000608	PERSON:abu-amara_hasan	authored	PMID:38293024	PubMed	38293024	https://pubmed.ncbi.nlm.nih.gov/38293024/	2026-10-04	observed			Hasan Abu-Amara		"{""position"": ""first author"", ""affiliation"": ""Department of Epidemiology, School of Public Health, University of Michigan, Ann Arbor, Michigan, United States of America."", ""year"": ""2024""}"
PUB000609	PERSON:smith_jennifer	authored	PMID:38293024	PubMed	38293024	https://pubmed.ncbi.nlm.nih.gov/38293024/	2026-10-04	observed			Jennifer A Smith		"{""position"": ""last author"", ""affiliation"": ""Department of Epidemiology, School of Public Health, University of Michigan, Ann Arbor, Michigan, United States of America."", ""year"": ""2024""}"
PUB000610	PMID:39149469	mentions_gene	HGNC:16831	PubMed	39149469	https://pubmed.ncbi.nlm.nih.gov/39149469/	2026-10-04	observed			APOE was associated with four measures of cognitive function, PICALM was associated with HMSE score, and TSPOAP1 was associated with executive function.		{}
PUB000611	PERSON:abu-amara_hasan	authored	PMID:39149469	PubMed	39149469	https://pubmed.ncbi.nlm.nih.gov/39149469/	2026-10-04	observed			Hasan Abu-Amara		"{""position"": ""first author"", ""affiliation"": ""University of Michigan."", ""year"": ""2024""}"
PUB000612	PERSON:smith_jennifer	authored	PMID:39149469	PubMed	39149469	https://pubmed.ncbi.nlm.nih.gov/39149469/	2026-10-04	observed			Jennifer A Smith		"{""position"": ""last author"", ""affiliation"": ""University of Michigan."", ""year"": ""2024""}"
PUB000613	PMID:42027086	mentions_gene	HGNC:16831	PubMed	42027086	https://pubmed.ncbi.nlm.nih.gov/42027086/	2026-10-04	observed			A Novel Homozygous TSPOAP1 Variant in an Indian Patient Causing Childhood-Onset Generalized Dystonia with Cerebellar Atrophy.		{}
PUB000614	PERSON:dutta_debayan	authored	PMID:42027086	PubMed	42027086	https://pubmed.ncbi.nlm.nih.gov/42027086/	2026-10-04	observed			Debayan Dutta		"{""position"": ""first author"", ""affiliation"": ""Department of Neurology, Movement Disorder Centre, Institute of Neuroscience, Kolkata, India."", ""year"": ""2026""}"
PUB000615	PERSON:kumar_hrishikesh	authored	PMID:42027086	PubMed	42027086	https://pubmed.ncbi.nlm.nih.gov/42027086/	2026-10-04	observed			Hrishikesh Kumar		"{""position"": ""last author"", ""affiliation"": ""Department of Neurology, Movement Disorder Centre, Institute of Neuroscience, Kolkata, India."", ""year"": ""2026""}"
PUB000616	PMID:40565532	mentions_gene	HGNC:16831	PubMed	40565532	https://pubmed.ncbi.nlm.nih.gov/40565532/	2026-10-04	observed			APOE was associated with four measures of cognitive function, PICALM was associated with HMSE score, and TSPOAP1 was associated with executive function.		{}
PUB000617	PERSON:abu-amara_hasan	authored	PMID:40565532	PubMed	40565532	https://pubmed.ncbi.nlm.nih.gov/40565532/	2026-10-04	observed			Hasan Abu-Amara		"{""position"": ""first author"", ""affiliation"": ""Department of Epidemiology, School of Public Health, University of Michigan, Ann Arbor, MI 48109, USA."", ""year"": ""2025""}"
PUB000618	PERSON:smith_jennifer	authored	PMID:40565532	PubMed	40565532	https://pubmed.ncbi.nlm.nih.gov/40565532/	2026-10-04	observed			Jennifer A Smith		"{""position"": ""last author"", ""affiliation"": ""Department of Epidemiology, School of Public Health, University of Michigan, Ann Arbor, MI 48109, USA."", ""year"": ""2025""}"
PUB000619	PMID:38225382	mentions_gene	HGNC:12643	PubMed	38225382	https://pubmed.ncbi.nlm.nih.gov/38225382/	2026-10-04	observed			This enabled the prediction of highly confident and likely disease-related novel interfaces, which we further experimentally corroborated for FBXO23-STX1B, STX1B-VAMP2, ESRRG-PSMC5, PEX3-PEX19, PEX3-PEX16, and SNRPB-GIGYF1 providing novel molecular insights for diverse biological processes.		{}
PUB000620	PERSON:lee_chop	authored	PMID:38225382	PubMed	38225382	https://pubmed.ncbi.nlm.nih.gov/38225382/	2026-10-04	observed			Chop Yan Lee		"{""position"": ""first author"", ""affiliation"": ""Institute of Molecular Biology (IMB) gGmbH, 55128, Mainz, Germany."", ""year"": ""2024""}"
PUB000621	PERSON:luck_katja	authored	PMID:38225382	PubMed	38225382	https://pubmed.ncbi.nlm.nih.gov/38225382/	2026-10-04	observed			Katja Luck		"{""position"": ""last author"", ""affiliation"": ""Institute of Molecular Biology (IMB) gGmbH, 55128, Mainz, Germany. k.luck@imb-mainz.de."", ""year"": ""2024""}"
PUB000622	PMID:38538787	mentions_gene	HGNC:12643	PubMed	38538787	https://pubmed.ncbi.nlm.nih.gov/38538787/	2026-10-04	observed			Indeed, both acute heat and the chemogenetic activation of glutamatergic parabrachial neurons at thermoneutrality reduced food intake for hours, in a manner that is sensitive to both Vegfa loss-of-function and blockage of vesicle-associated membrane protein 2 (VAMP2)-dependent exocytosis from tanycy		{}
PUB000623	PERSON:benevento_marco	authored	PMID:38538787	PubMed	38538787	https://pubmed.ncbi.nlm.nih.gov/38538787/	2026-10-04	observed			Marco Benevento		"{""position"": ""first author"", ""affiliation"": ""Department of Molecular Neurosciences, Center for Brain Research, Medical University of Vienna, Vienna, Austria."", ""year"": ""2024""}"
PUB000624	PERSON:harkany_tibor	authored	PMID:38538787	PubMed	38538787	https://pubmed.ncbi.nlm.nih.gov/38538787/	2026-10-04	observed			Tibor Harkany		"{""position"": ""last author"", ""affiliation"": ""Department of Molecular Neurosciences, Center for Brain Research, Medical University of Vienna, Vienna, Austria. Tibor.Harkany@meduniwien.ac.at."", ""year"": ""2024""}"
PUB000625	PMID:20798282	mentions_gene	HGNC:12643	PubMed	20798282	https://pubmed.ncbi.nlm.nih.gov/20798282/	2026-10-04	observed			Specifically, α-synuclein directly bound to the SNARE-protein synaptobrevin-2/vesicle-associated membrane protein 2 (VAMP2) and promoted SNARE-complex assembly.		{}
PUB000626	PERSON:burr_jacqueline	authored	PMID:20798282	PubMed	20798282	https://pubmed.ncbi.nlm.nih.gov/20798282/	2026-10-04	observed			Jacqueline Burré		"{""position"": ""first author"", ""affiliation"": ""Department of Molecular and Cellular Physiology, and Howard Hughes Medical Institute, Stanford University, 1050 Arastradero Road, Palo Alto, CA 94304-5543, USA."", ""year"": ""2010""}"
PUB000627	PERSON:s-dhof_thomas	authored	PMID:20798282	PubMed	20798282	https://pubmed.ncbi.nlm.nih.gov/20798282/	2026-10-04	observed			Thomas C Südhof		"{""position"": ""last author"", ""affiliation"": """", ""year"": ""2010""}"
PUB000628	PMID:26856328	mentions_gene	HGNC:12643	PubMed	26856328	https://pubmed.ncbi.nlm.nih.gov/26856328/	2026-10-04	observed			Genes encoding these proteins (SNAP25, VAMP1, VAMP2, STX1A, SYT1 and SYT2) have been studied in relation to psychiatric disorders susceptibility.		{}
PUB000629	PERSON:cupertino_renata	authored	PMID:26856328	PubMed	26856328	https://pubmed.ncbi.nlm.nih.gov/26856328/	2026-10-04	observed			Renata Basso Cupertino		"{""position"": ""first author"", ""affiliation"": ""Department of Genetics, Instituto de Biociências-Universidade Federal do Rio Grande do Sul, Avenida Bento Gonçalves, 9500, Porto Alegre, RS, CEP 91501-970, Brazil."", ""year"": ""2016""}"
PUB000630	PERSON:mota_nina	authored	PMID:26856328	PubMed	26856328	https://pubmed.ncbi.nlm.nih.gov/26856328/	2026-10-04	observed			Nina Roth Mota		"{""position"": ""last author"", ""affiliation"": ""Department of Genetics, Instituto de Biociências-Universidade Federal do Rio Grande do Sul, Avenida Bento Gonçalves, 9500, Porto Alegre, RS, CEP 91501-970, Brazil."", ""year"": ""2016""}"
PUB000631	PMID:34191540	mentions_gene	HGNC:12643	PubMed	34191540	https://pubmed.ncbi.nlm.nih.gov/34191540/	2026-10-04	observed			Here we interrogate the role of the main synaptic vesicle SNARE mediating fusion, synaptobrevin-2 (also called VAMP2), in modulation of single synaptic vesicle retrieval.		{}
PUB000632	PERSON:chanaday_natali	authored	PMID:34191540	PubMed	34191540	https://pubmed.ncbi.nlm.nih.gov/34191540/	2026-10-04	observed			Natali L Chanaday		"{""position"": ""first author"", ""affiliation"": ""Department of Pharmacology, School of Medicine, Vanderbilt University, Nashville, TN 37240-7933."", ""year"": ""2021""}"
PUB000633	PERSON:kavalali_ege	authored	PMID:34191540	PubMed	34191540	https://pubmed.ncbi.nlm.nih.gov/34191540/	2026-10-04	observed			Ege T Kavalali		"{""position"": ""last author"", ""affiliation"": ""Department of Pharmacology, School of Medicine, Vanderbilt University, Nashville, TN 37240-7933."", ""year"": ""2021""}"
PUB000634	PMID:38949671	mentions_gene	HGNC:12643	PubMed	38949671	https://pubmed.ncbi.nlm.nih.gov/38949671/	2026-10-04	observed			Abbreviations: 2dRAWM: 2-day radial arm water maze; AD: Alzheimer disease; Aβ: amyloid-beta; AIF1/Iba1: allograft inflammatory factor 1; APP: amyloid beta precursor protein; ATG7: autophagy related 7; AV: autophagic vacuole; CCV: cargo capture value; Ctrl: control; DLG4/PSD-95: discs large MAGUK sca		{}
PUB000635	PERSON:grosso-jasutkar_hilary	authored	PMID:38949671	PubMed	38949671	https://pubmed.ncbi.nlm.nih.gov/38949671/	2026-10-04	observed			Hilary Grosso Jasutkar		"{""position"": ""first author"", ""affiliation"": ""Department of Neurology, Columbia University, New York, NY, USA."", ""year"": ""2024""}"
PUB000636	PERSON:yamamoto_ai	authored	PMID:38949671	PubMed	38949671	https://pubmed.ncbi.nlm.nih.gov/38949671/	2026-10-04	observed			Ai Yamamoto		"{""position"": ""last author"", ""affiliation"": ""Department of Neurology, Columbia University, New York, NY, USA."", ""year"": ""2024""}"
PUB000637	PMID:36905628	mentions_gene	HGNC:12643	PubMed	36905628	https://pubmed.ncbi.nlm.nih.gov/36905628/	2026-10-04	observed			"In contrast, VAMP2 KO ""regulated secretion-null"" and ATG5 KO ""autophagy-null"" cells release more VGF."		{}
PUB000638	PERSON:filippini_francesca	authored	PMID:36905628	PubMed	36905628	https://pubmed.ncbi.nlm.nih.gov/36905628/	2026-10-04	observed			Francesca Filippini		"{""position"": ""first author"", ""affiliation"": ""Université Paris Cité, Institute of Psychiatry and Neuroscience of Paris, INSERM U1266, Membrane Traffic in Healthy & Diseased Brain, 75014 Paris, France."", ""year"": ""2023""}"
PUB000639	PERSON:galli_thierry	authored	PMID:36905628	PubMed	36905628	https://pubmed.ncbi.nlm.nih.gov/36905628/	2026-10-04	observed			Thierry Galli		"{""position"": ""last author"", ""affiliation"": ""Université Paris Cité, Institute of Psychiatry and Neuroscience of Paris, INSERM U1266, Membrane Traffic in Healthy & Diseased Brain, 75014 Paris, France; GHU Paris Psychiatrie & Neurosciences, Paris, France. Electronic address: thierry.galli@inserm.fr."", ""year"": ""2023""}"
PUB000640	PMID:32391794	mentions_gene	HGNC:12643	PubMed	32391794	https://pubmed.ncbi.nlm.nih.gov/32391794/	2026-10-04	observed			Membrane curvature-promoting phospholipids like lysophosphatidylcholine or oleic acid profoundly alter pore expansion and fully rescue the decelerated fusion kinetics of TMD-rigidifying VAMP2 mutants.		{}
PUB000641	PERSON:dhara_madhurima	authored	PMID:32391794	PubMed	32391794	https://pubmed.ncbi.nlm.nih.gov/32391794/	2026-10-04	observed			Madhurima Dhara		"{""position"": ""first author"", ""affiliation"": ""Institute for Physiology, Center of Integrative Physiology and Molecular Medicine, Saarland University, Homburg, Germany."", ""year"": ""2020""}"
PUB000642	PERSON:bruns_dieter	authored	PMID:32391794	PubMed	32391794	https://pubmed.ncbi.nlm.nih.gov/32391794/	2026-10-04	observed			Dieter Bruns		"{""position"": ""last author"", ""affiliation"": ""Institute for Physiology, Center of Integrative Physiology and Molecular Medicine, Saarland University, Homburg, Germany."", ""year"": ""2020""}"
PUB000643	PMID:32959907	mentions_gene	HGNC:12643	PubMed	32959907	https://pubmed.ncbi.nlm.nih.gov/32959907/	2026-10-04	observed			Mutations to components in the canonical synaptic vesicle fusion SNARE complex (VAMP2, STX1A/B, and SNAP25) and a key regulator of SNARE complex formation MUNC18-1, produce variant phenotypes of autism, intellectual disability, movement disorders, and epilepsy.		{}
PUB000644	PERSON:tang_bor	authored	PMID:32959907	PubMed	32959907	https://pubmed.ncbi.nlm.nih.gov/32959907/	2026-10-04	observed			Bor L Tang		"{""position"": ""first author"", ""affiliation"": ""Department of Biochemistry, Yong Loo Lin School of Medicine, National University of Singapore, Singapore."", ""year"": ""2021""}"
PUB000645	PERSON:tang_bor	authored	PMID:32959907	PubMed	32959907	https://pubmed.ncbi.nlm.nih.gov/32959907/	2026-10-04	observed			Bor L Tang		"{""position"": ""last author"", ""affiliation"": ""Department of Biochemistry, Yong Loo Lin School of Medicine, National University of Singapore, Singapore."", ""year"": ""2021""}"
PUB000646	PMID:32851175	mentions_gene	HGNC:12643	PubMed	32851175	https://pubmed.ncbi.nlm.nih.gov/32851175/	2026-10-04	observed			The causative mutation, an Ile102Asn substitution in the synaptic vesicular protein, VAMP2, was associated with morphological synaptic changes and specific behavioral deficits, while in vitro electrophysiological investigations with fluorescence imaging revealed a markedly diminished probability of 		{}
PUB000647	PERSON:banks_gareth	authored	PMID:32851175	PubMed	32851175	https://pubmed.ncbi.nlm.nih.gov/32851175/	2026-10-04	observed			Gareth T Banks		"{""position"": ""first author"", ""affiliation"": ""Mammalian Genetics Unit, MRC Harwell Institute, Harwell Science and Innovation Campus, Oxfordshire, UK."", ""year"": ""2020""}"
PUB000648	PERSON:nolan_patrick	authored	PMID:32851175	PubMed	32851175	https://pubmed.ncbi.nlm.nih.gov/32851175/	2026-10-04	observed			Patrick M Nolan		"{""position"": ""last author"", ""affiliation"": ""Mammalian Genetics Unit, MRC Harwell Institute, Harwell Science and Innovation Campus, Oxfordshire, UK."", ""year"": ""2020""}"
PUB000649	PMID:34764278	mentions_gene	HGNC:12643	PubMed	34764278	https://pubmed.ncbi.nlm.nih.gov/34764278/	2026-10-04	observed			Here, we demonstrated that insulin stimulates SOCE by VAMP2-dependent Orai1 trafficking to the plasma membrane.		{}
PUB000650	PERSON:kim_ji	authored	PMID:34764278	PubMed	34764278	https://pubmed.ncbi.nlm.nih.gov/34764278/	2026-10-04	observed			Ji-Hee Kim		"{""position"": ""first author"", ""affiliation"": ""Department of Physiology, Yonsei University Wonju College of Medicine, Wonju, Republic of Korea."", ""year"": ""2021""}"
PUB000651	PERSON:cha_seung	authored	PMID:34764278	PubMed	34764278	https://pubmed.ncbi.nlm.nih.gov/34764278/	2026-10-04	observed			Seung-Kuy Cha		"{""position"": ""last author"", ""affiliation"": ""Department of Physiology, Yonsei University Wonju College of Medicine, Wonju, Republic of Korea. skcha@yonsei.ac.kr."", ""year"": ""2021""}"
PUB000652	PMID:33222163	mentions_gene	HGNC:12643	PubMed	33222163	https://pubmed.ncbi.nlm.nih.gov/33222163/	2026-10-04	observed			Synaptic vesicle fusion is mediated by SNARE proteins-VAMP2 on the vesicle and Syntaxin-1/SNAP25 on the presynaptic membrane.		{}
PUB000653	PERSON:kalyana-sundaram_ramalingam	authored	PMID:33222163	PubMed	33222163	https://pubmed.ncbi.nlm.nih.gov/33222163/	2026-10-04	observed			Ramalingam Venkat Kalyana Sundaram		"{""position"": ""first author"", ""affiliation"": ""Department of Cell Biology, Yale University School of Medicine, New Haven, CT, USA."", ""year"": ""2021""}"
PUB000654	PERSON:krishnakumar_shyam	authored	PMID:33222163	PubMed	33222163	https://pubmed.ncbi.nlm.nih.gov/33222163/	2026-10-04	observed			Shyam S Krishnakumar		"{""position"": ""last author"", ""affiliation"": ""Department of Cell Biology, Yale University School of Medicine, New Haven, CT, USA."", ""year"": ""2021""}"
PUB000655	PMID:32906212	mentions_gene	HGNC:12643	PubMed	32906212	https://pubmed.ncbi.nlm.nih.gov/32906212/	2026-10-04	observed			Overcoming presynaptic effects of VAMP2 mutations with 4-aminopyridine treatment.		{}
PUB000656	PERSON:simmons_roxanne	authored	PMID:32906212	PubMed	32906212	https://pubmed.ncbi.nlm.nih.gov/32906212/	2026-10-04	observed			Roxanne L Simmons		"{""position"": ""first author"", ""affiliation"": ""Department of Neurology, Weill Institute for Neurosciences and Institute of Human Genetics, School of Medicine, University of California, San Francisco, San Francisco, California, USA."", ""year"": ""2020""}"
PUB000657	PERSON:voglmaier_susan	authored	PMID:32906212	PubMed	32906212	https://pubmed.ncbi.nlm.nih.gov/32906212/	2026-10-04	observed			Susan M Voglmaier		"{""position"": ""last author"", ""affiliation"": ""Department of Psychiatry, Weill Institute for Neurosciences and Kavli Institute for Fundamental Neuroscience, School of Medicine, University of California, San Francisco, San Francisco, California, USA."", ""year"": ""2020""}"
PUB000658	PMID:28115395	mentions_gene	HGNC:12643	PubMed	28115395	https://pubmed.ncbi.nlm.nih.gov/28115395/	2026-10-04	observed			Consistently, Syn-2 depletion resulted in a stimulation-induced increase in abundance of exocytotic complexes we previously demonstrated as mediating the fusion of newcomer SGs (Syn-3/VAMP8/SNAP25/Munc18b) and predocked SGs (Syn-1A/VAMP2/SNAP25/Muncn18a).		{}
PUB000659	PERSON:zhu_dan	authored	PMID:28115395	PubMed	28115395	https://pubmed.ncbi.nlm.nih.gov/28115395/	2026-10-04	observed			Dan Zhu		"{""position"": ""first author"", ""affiliation"": ""Department of Medicine, University of Toronto, Toronto, Ontario, Canada."", ""year"": ""2017""}"
PUB000660	PERSON:gaisano_herbert	authored	PMID:28115395	PubMed	28115395	https://pubmed.ncbi.nlm.nih.gov/28115395/	2026-10-04	observed			Herbert Y Gaisano		"{""position"": ""last author"", ""affiliation"": ""Department of Medicine, University of Toronto, Toronto, Ontario, Canada herbert.gaisano@utoronto.ca."", ""year"": ""2017""}"
PUB000661	PMID:30001398	mentions_gene	HGNC:12643	PubMed	30001398	https://pubmed.ncbi.nlm.nih.gov/30001398/	2026-10-04	observed			RNA sequencing of retinal transcriptomes of control and Rbfox1 knockout animals identified a number of Rbfox1-regulated genes that are involved in establishing neuronal circuits and synaptic transmission, including Vamp1, Vamp2, Snap25, Trak2, and Slc1A7, suggesting the role of Rbfox1 in facilitatin		{}
PUB000662	PERSON:gu_lei	authored	PMID:30001398	PubMed	30001398	https://pubmed.ncbi.nlm.nih.gov/30001398/	2026-10-04	observed			Lei Gu		"{""position"": ""first author"", ""affiliation"": ""Department of Ophthalmology, University of California, Los Angeles, Los Angeles, CA, United States of America."", ""year"": ""2018""}"
PUB000663	PERSON:piri_natik	authored	PMID:30001398	PubMed	30001398	https://pubmed.ncbi.nlm.nih.gov/30001398/	2026-10-04	observed			Natik Piri		"{""position"": ""last author"", ""affiliation"": ""Department of Ophthalmology, University of California, Los Angeles, Los Angeles, CA, United States of America."", ""year"": ""2018""}"
PUB000664	PMID:8900203	mentions_gene	HGNC:12643	PubMed	8900203	https://pubmed.ncbi.nlm.nih.gov/8900203/	2026-10-04	observed			In contrast, all the investigated markers located either in dense granules (dopamine-beta-hydroxylase), in synaptic-like microvesicles (the acetylcholine transporter) or in both these regulated secretory organelles (VAMP2/synaptobrevin-2, synaptotagmin) were missing in PC12-27 cells, and the same wa		{}
PUB000665	PMID:20711454	mentions_gene	HGNC:12643	PubMed	20711454	https://pubmed.ncbi.nlm.nih.gov/20711454/	2026-10-04	observed			Among the various complexes formed by CHL1, Hsc70, CSP and alphaSGT, SNAP25 and VAMP2 induce chaperone activity only in CHL1/Hsc70/alphaSGT and CHL1/CSP complexes, respectively, indicating a remarkable selectivity of a presynaptic chaperone activity for proteins of the exocytotic machinery.		{}
PUB000666	PERSON:andreyeva_aksana	authored	PMID:20711454	PubMed	20711454	https://pubmed.ncbi.nlm.nih.gov/20711454/	2026-10-04	observed			Aksana Andreyeva		"{""position"": ""first author"", ""affiliation"": ""Zentrum für Molekulare Neurobiologie, University of Hamburg, Hamburg, Germany."", ""year"": ""2010""}"
PUB000667	PERSON:schachner_melitta	authored	PMID:20711454	PubMed	20711454	https://pubmed.ncbi.nlm.nih.gov/20711454/	2026-10-04	observed			Melitta Schachner		"{""position"": ""last author"", ""affiliation"": """", ""year"": ""2010""}"
PUB000668	PMID:35095745	mentions_gene	HGNC:12643	PubMed	35095745	https://pubmed.ncbi.nlm.nih.gov/35095745/	2026-10-04	observed			Our study aims to review and delineate the epileptic phenotypes associated with dysregulation of synaptic vesicle exocytosis and transmission, focusing on the main proteins of the SNARE core complex (STX1B, VAMP2, SNAP25), tethering complex (STXBP1), and related downstream regulators.		{}
PUB000669	PERSON:cali_elisa	authored	PMID:35095745	PubMed	35095745	https://pubmed.ncbi.nlm.nih.gov/35095745/	2026-10-04	observed			Elisa Cali		"{""position"": ""first author"", ""affiliation"": ""MRC Centre for Neuromuscular Diseases, UCL Queen Square Institute of Neurology, London, United Kingdom."", ""year"": ""2021""}"
PUB000670	PERSON:houlden_henry	authored	PMID:35095745	PubMed	35095745	https://pubmed.ncbi.nlm.nih.gov/35095745/	2026-10-04	observed			Henry Houlden		"{""position"": ""last author"", ""affiliation"": ""MRC Centre for Neuromuscular Diseases, UCL Queen Square Institute of Neurology, London, United Kingdom."", ""year"": ""2021""}"
PUB000671	PMID:27098703	mentions_gene	HGNC:12643	PubMed	27098703	https://pubmed.ncbi.nlm.nih.gov/27098703/	2026-10-04	observed			While it has been recently clarified that sphingosine influences directly the exocytotic machinery by activating the synaptic vesicle protein VAMP2 to form SNARE fusion complexes, the molecular mechanism by which S1P promotes neurotransmission remained largely undefined.		{}
PUB000672	PERSON:riganti_loredana	authored	PMID:27098703	PubMed	27098703	https://pubmed.ncbi.nlm.nih.gov/27098703/	2026-10-04	observed			Loredana Riganti		"{""position"": ""first author"", ""affiliation"": ""Consiglio Nazionale delle Ricerche Institute of Neuroscience, Milano 20129, Italy, Department of Biotechnology and Translational Medicine, University of Milano, Milano 20129, Italy."", ""year"": ""2016""}"
PUB000673	PERSON:verderio_claudia	authored	PMID:27098703	PubMed	27098703	https://pubmed.ncbi.nlm.nih.gov/27098703/	2026-10-04	observed			Claudia Verderio		"{""position"": ""last author"", ""affiliation"": ""Consiglio Nazionale delle Ricerche Institute of Neuroscience, Milano 20129, Italy, Istituto Di Ricovero e Cura a Carattere Scientifico Humanitas, Rozzano 20089, Italy c.verderio@in.cnr.it."", ""year"": ""2016""}"
PUB000674	PMID:36454760	mentions_gene	HGNC:12643	PubMed	36454760	https://pubmed.ncbi.nlm.nih.gov/36454760/	2026-10-04	observed			Recent evidence suggests that Munc18-1 and Munc18-3 simultaneously bind their cognate SNAREs to form ternary template complexes - Munc18-1:Syntaxin-1:VAMP2 for synaptic vesicle fusion and Munc18-3:Syntaxin-4:VAMP2 for GLUT4 translocation and insulin release, which facilitate the binding of SNAP-25 o		{}
PUB000675	PERSON:yang_jie	authored	PMID:36454760	PubMed	36454760	https://pubmed.ncbi.nlm.nih.gov/36454760/	2026-10-04	observed			Jie Yang		"{""position"": ""first author"", ""affiliation"": ""Department of Cell Biology, Yale School of Medicine, New Haven, CT 06511."", ""year"": ""2022""}"
PUB000676	PERSON:zhang_yongli	authored	PMID:36454760	PubMed	36454760	https://pubmed.ncbi.nlm.nih.gov/36454760/	2026-10-04	observed			Yongli Zhang		"{""position"": ""last author"", ""affiliation"": ""Department of Cell Biology, Yale School of Medicine, New Haven, CT 06511."", ""year"": ""2022""}"
PUB000677	PMID:24532794	mentions_gene	HGNC:12643	PubMed	24532794	https://pubmed.ncbi.nlm.nih.gov/24532794/	2026-10-04	observed			A single point mutation (L348R) within helix 12 selectively abolishes VAMP2 binding and the stimulatory function of Munc18-1 in membrane fusion.		{}
PUB000678	PERSON:parisotto_daniel	authored	PMID:24532794	PubMed	24532794	https://pubmed.ncbi.nlm.nih.gov/24532794/	2026-10-04	observed			Daniel Parisotto		"{""position"": ""first author"", ""affiliation"": ""From the Heidelberg University Biochemistry Center (BZH), Im Neuenheimer Feld 328, 69120 Heidelberg, Germany and."", ""year"": ""2014""}"
PUB000679	PERSON:s-llner_thomas	authored	PMID:24532794	PubMed	24532794	https://pubmed.ncbi.nlm.nih.gov/24532794/	2026-10-04	observed			Thomas H Söllner		"{""position"": ""last author"", ""affiliation"": """", ""year"": ""2014""}"
PUB000680	PMID:28495859	mentions_gene	HGNC:12643	PubMed	28495859	https://pubmed.ncbi.nlm.nih.gov/28495859/	2026-10-04	observed			A-syn has been known to interact with negatively charged phospholipids and with vesicle SNARE protein VAMP2.		{}
PUB000681	PERSON:lou_xiaochu	authored	PMID:28495859	PubMed	28495859	https://pubmed.ncbi.nlm.nih.gov/28495859/	2026-10-04	observed			Xiaochu Lou		"{""position"": ""first author"", ""affiliation"": ""Roy J. Carver Department of Biochemistry, Biophysics and Molecular Biology, Iowa State University, Ames, IA 50011, U.S.A."", ""year"": ""2017""}"
PUB000682	PERSON:shin_yeon	authored	PMID:28495859	PubMed	28495859	https://pubmed.ncbi.nlm.nih.gov/28495859/	2026-10-04	observed			Yeon-Kyun Shin		"{""position"": ""last author"", ""affiliation"": ""Roy J. Carver Department of Biochemistry, Biophysics and Molecular Biology, Iowa State University, Ames, IA 50011, U.S.A. colishin@iastate.edu."", ""year"": ""2017""}"
PUB000683	PMID:23638301	mentions_gene	HGNC:12643	PubMed	23638301	https://pubmed.ncbi.nlm.nih.gov/23638301/	2026-10-04	observed			Native α-synuclein induces clustering of synaptic-vesicle mimics via binding to phospholipids and synaptobrevin-2/VAMP2.		{}
PUB000684	PERSON:diao_jiajie	authored	PMID:23638301	PubMed	23638301	https://pubmed.ncbi.nlm.nih.gov/23638301/	2026-10-04	observed			Jiajie Diao		"{""position"": ""first author"", ""affiliation"": ""Department of Molecular and Cellular Physiology , Stanford University , Stanford , United States ; Department of Structural Biology , Stanford University , Stanford , United States ; Departments of Photon Sciences, and Neurology and Neurological Sciences , Stanford University , Stanford , United Sta"", ""year"": ""2013""}"
PUB000685	PERSON:brunger_axel	authored	PMID:23638301	PubMed	23638301	https://pubmed.ncbi.nlm.nih.gov/23638301/	2026-10-04	observed			Axel T Brunger		"{""position"": ""last author"", ""affiliation"": """", ""year"": ""2013""}"
PUB000686	PMID:32657892	mentions_gene	HGNC:12643	PubMed	32657892	https://pubmed.ncbi.nlm.nih.gov/32657892/	2026-10-04	observed			RECENT FINDINGS: Several new genetic causes for disorders in which dystonia is a feature have been described in the last 2 years, including ZNF142, GSX2, IRF2BPL, DEGS1, PI4K2A, CAMK4, VPS13D and VAMP2.		{}
PUB000687	PERSON:steel_dora	authored	PMID:32657892	PubMed	32657892	https://pubmed.ncbi.nlm.nih.gov/32657892/	2026-10-04	observed			Dora Steel		"{""position"": ""first author"", ""affiliation"": ""Developmental Neurosciences, UCL Great Ormond Street Institute of Child Health."", ""year"": ""2020""}"
PUB000688	PERSON:kurian_manju	authored	PMID:32657892	PubMed	32657892	https://pubmed.ncbi.nlm.nih.gov/32657892/	2026-10-04	observed			Manju A Kurian		"{""position"": ""last author"", ""affiliation"": ""Developmental Neurosciences, UCL Great Ormond Street Institute of Child Health."", ""year"": ""2020""}"
PUB000689	PMID:24742357	mentions_gene	HGNC:12643	PubMed	24742357	https://pubmed.ncbi.nlm.nih.gov/24742357/	2026-10-04	observed			Studies indicate the early phase is triggered by Ca(2+) and involves the SG proteins VAMP2 (vesicle associated membrane protein2), Ca(2+)-sensing protein synatotagmin 1 (syt1) and the accessory protein complexin 2.		{}
PUB000690	PERSON:messenger_scott	authored	PMID:24742357	PubMed	24742357	https://pubmed.ncbi.nlm.nih.gov/24742357/	2026-10-04	observed			Scott W Messenger		"{""position"": ""first author"", ""affiliation"": ""Department of Nutritional Sciences, Graduate Program in Biochemical and Molecular Nutrition, University of Wisconsin, Madison, WI 53706, United States."", ""year"": ""2014""}"
PUB000691	PERSON:groblewski_guy	authored	PMID:24742357	PubMed	24742357	https://pubmed.ncbi.nlm.nih.gov/24742357/	2026-10-04	observed			Guy E Groblewski		"{""position"": ""last author"", ""affiliation"": ""Department of Nutritional Sciences, Graduate Program in Biochemical and Molecular Nutrition, University of Wisconsin, Madison, WI 53706, United States. Electronic address: groby@nutrisci.wisc.edu."", ""year"": ""2014""}"
