id	type	name	attributes
FUNDER:NCATS	funder	National Center for Advancing Translational Sciences	"{""abbreviation"": ""NCATS""}"
FUNDER:NCI	funder	National Cancer Institute	"{""abbreviation"": ""NCI""}"
FUNDER:NEI	funder	National Eye Institute	"{""abbreviation"": ""NEI""}"
FUNDER:NHGRI	funder	National Human Genome Research Institute	"{""abbreviation"": ""NHGRI""}"
FUNDER:NHLBI	funder	National Heart Lung and Blood Institute	"{""abbreviation"": ""NHLBI""}"
FUNDER:NIA	funder	National Institute on Aging	"{""abbreviation"": ""NIA""}"
FUNDER:NIAID	funder	National Institute of Allergy and Infectious Diseases	"{""abbreviation"": ""NIAID""}"
FUNDER:NIAMS	funder	National Institute of Arthritis and Musculoskeletal and Skin Diseases	"{""abbreviation"": ""NIAMS""}"
FUNDER:NICHD	funder	Eunice Kennedy Shriver National Institute of Child Health and Human Development	"{""abbreviation"": ""NICHD""}"
FUNDER:NIDDK	funder	National Institute of Diabetes and Digestive and Kidney Diseases	"{""abbreviation"": ""NIDDK""}"
FUNDER:NIGMS	funder	National Institute of General Medical Sciences	"{""abbreviation"": ""NIGMS""}"
FUNDER:NIMH	funder	National Institute of Mental Health	"{""abbreviation"": ""NIMH""}"
FUNDER:NINDS	funder	National Institute of Neurological Disorders and Stroke	"{""abbreviation"": ""NINDS""}"
FUNDER:VA	funder	Veterans Affairs	"{""abbreviation"": ""VA""}"
GRANT:F30CA239367	grant	Glycolysis and Glutaminase in CD8 T cell differentiation and anti-tumor immunity	"{""activity_code"": ""F30"", ""fiscal_years"": [2021, 2022], ""is_active"": false, ""total_award"": 99732, ""start"": ""2020-01-01"", ""end"": ""2022-12-31"", ""abstract"": ""Summary\nImmunotherapy has transformed cancer treatment and improved clinical outcomes, but it does not cure most\npatients. Treatments such as anti-PD1 monoclonal antibodies and chimeric antigen receptor (CAR) T cells\nfunction by boosting the activity of cancer-specific interferon gamma-producing Th1 CD4 T cells and\ncytotoxic CD8 T cells (CTL). Increased effector function, however, must be balanced with the ability of anti-\ncancer T cells to persist long-term. A key goal of immunotherapy is to enhance effector function while\nmaintaining T cell longevity and memory. It is now clear from work in the Rathmell lab that effector T cells\nutilize high rates of glycolysis while memory cells utilize mitochondrial pathways. Here I propose to test cell\nmetabolism as a means to enhance both effector and memory T cell populations in immunotherapy. T cells\nradically alter their metabolism upon activation and increase glycolysis and glutamine oxidation\n(glutaminolysis) to support differentiation, effector function, and eventual generation of long-term memory that\ndepend on mitochondria. Modulation of T cell glutamine metabolism may augment the efficacy of\nimmunotherapy by enhancing both T cell effector function or memory capacity. The Rathmell Lab has shown\nthat the metabolic program aerobic glycolysis is essential for effector T cell (Teff) function in inflammation and\nin tumors. Glutaminolysis complements glycolysis to fuel T cells by converting glutamine to the tricarboxylic\nacid cycle intermediate alpha-ketoglutarate (aKG). Using a conditional knockout of the glutaminolysis enzyme\nGlutaminase (GLS), which converts glutamine to glutamate, and an inhibitor of GLS that is currently in clinical\ntrials as an anti-cancer agent, we have found that inhibition of GLS leads to a compensatory increase in\nglycolysis that enhances Th1 and CTL Teff function and differentiation. In addition to increasing effector\nfunction, however, I found that GLS inhibition also increases expression of inhibitory receptors, and chronic\nGLS deficiency ultimately suppresses T cells. In contrast, transient GLS inhibition enhanced Teff function while\nalso priming mitochondrial metabolism for a memory-like differentiation, and led to improved T cell persistence\nin vivo. In this proposal, I will test the hypothesis that transient GLS inhibition can augment Teff function and\nmaintain T cell survival and memory to boost anti-cancer immunotherapy efficacy, whereas chronic GLS\ninhibition will drive compensatory glycolysis, terminal Teff differentiation, and exhaustion. I will: (1) Test how\ntransient versus chronic GLS inhibition affects CTL fate by determining differences in memory T cell formation,\nassessing the contribution of compensatory glycolysis to Teff phenotypes, and establishing the mitochondrial\nconsequences of GLS inhibition; and (2) Test the effect of GLS inhibition on the immunotherapy efficacy of\nCD19-targeted CAR T cells and anti-PD1 treatment. These studies will demonstrate a new approach to\nimprove anti-cancer immunotherapy and highlight a strategy of using GLS inhibition to modulate T cell\nmetabolism and differentiation.""}"
GRANT:F30HD114410	grant	Inhibitory neuron dysfunction in intellectual disability and epilepsy	"{""activity_code"": ""F30"", ""fiscal_years"": [2024, 2025, 2026], ""is_active"": true, ""total_award"": 155315, ""start"": ""2024-03-15"", ""end"": ""2027-05-14"", ""abstract"": ""PROJECT SUMMARY\nCASK encodes the synaptic protein calcium/calmodulin-dependent serine protein kinase and is one of the five\nmost common X-linked genes with de novo variants in developmental disorders. Loss-of-function variants in\nCASK result in a heterogeneous syndrome collectively known as CASK-related disorders (CRDs) with hallmark\nsymptoms including intellectual disability (ID) and epilepsy. These patients, like many other children with rare\nneurodevelopmental disorders (NDDs), are clinically underserved without pharmacotherapies for ID and with\nincreased resistance to anti-seizure medications. There is a critical need to understand the neuronal\nmechanisms of CRDs to identify targets for therapeutics to address this gap. While mouse models of CRDs have\nepilepsy, they have not yet been investigated for cognitive deficits, despite ID being the most penetrant symptom\nin patients. Conditional Cask KO in inhibitory neurons has recapitulated epileptic phenotypes with preliminary\ndata suggesting altered synaptic function. Thus, the central hypothesis is that Cask dysfunction in inhibitory\nneurons causes both cognitive deficits and epilepsy due to impaired synaptic transmission. This will be studied\nthrough genetic manipulations in combination with various techniques. Aim 1 will test the mouse model for\ncognitive deficits and determine the contribution of inhibitory neuron specific Cask KO to the phenotype; Aim 2\nwill investigate changes in inhibitory neuron pre-synaptic output via paired whole-cell patch clamp; and Aim 3\nwill determine inhibitory neuron post-synaptic input changes via ex vivo whole-cell patch clamp and how these\nchanges translate into in vivo neuronal activity via two-photon Ca2+ imaging. The overall goal of this project uses\nmouse models to determine how the loss of Cask in inhibitory neurons alters synaptic function to result in disease\npathogenesis and is designed to prepare the applicant for a career as a pediatric neurologist specializing in\ntreating patients with and studying NDDs. This project furthers the applicant’s long-term goal of understanding\ncortical interneuron development and homeostasis and how perturbations result in NDDs, with the end goal of\ndeveloping novel therapeutics. The Xue lab has a strong track-record of successful MSTP trainees and conducts\nimpactful research using mouse models of human NDDs to discover neuronal mechanisms that contribute to\ndisease. Furthermore, the collaborative training environment of both Baylor College of Medicine and the Jan and\nDan Duncan Neurologic Research Institute provide state-of-the-art technology cores, experts in the field of\nNDDs, and a central location in the Texas Medical Center that will facilitate the success of the project and training\nof the applicant. The proposed research is expected to elucidate how inhibitory neuron dysfunction contributes\nto cognitive deficits and epilepsy in mouse models of CASK-related disorders and the concomitant synaptic input\nand output changes that result in the observed phenotypes. This contribution will be significant because the\npathophysiologic alterations identified from this study will guide molecular investigations of therapeutic targets\nin addition to contributing to discoveries of common mechanisms of intellectual disability and epilepsy in NDDs.""}"
GRANT:F31CA243148	grant	The Role of Vascular Endothelial Glutaminase in Tumor Vessel Normalization and Response to Therapy	"{""activity_code"": ""F31"", ""fiscal_years"": [2021], ""is_active"": false, ""total_award"": 33247, ""start"": ""2019-09-01"", ""end"": ""2022-08-31"", ""abstract"": ""Project Summary/Abstract\nTumor blood vessels provide nutrition and oxygen and eliminate waste from tumor tissue.\nHowever, tumor-associated vessels are dysfunctional and structurally abnormal. They are\noften leaky and tortuous with chaotic blood flow, resulting in decreased drug delivery and\nreduced infiltration of immune cells. Complete blockade of tumor blood vessel formation has\nresulted in hypoxia, nutrient stress, and increased tumor cell motility and metastasis. A new\nconcept to repair abnormal tumor vasculature, known as tumor vessel normalization, has been\ninvestigated to improve tumor vessel perfusion and oxygenation, reduce metastasis and\nincrease efficacy of cancer immunotherapy. Several mechanisms, including inhibition of\naerobic glycolysis in endothelium, have been shown to improve tumor vessel normalization.\nIn addition to glycolysis, glutamine metabolism is required for proliferation and migration of ECs.\nAlthough glutamine metabolism is well studied in the context of cancer, its role in tumor vascular\nendothelial cells (TEC) is poorly understood. Using endothelium-specific glutaminase knockout\nmouse model and TNBC/basal-like cell lines, I propose to fill this gap by investigating the role of\nvascular endothelial glutaminase in tumor vessel normalization, tumor growth, metastasis, and\nresponse to therapy. To achieve this goal, I will first assess tumor vasculature for pericytes,\ntortuosity, diameter, perfusion, and leakiness, as well as tumor infiltrating lymphocytes, following\nGLS deletion from endothelial cells (Aim 1). Furthermore, I will use murine tumor models in the\ncontext of GLS knockout in TEC and assess tumor growth, metastasis, and response to both\nchemotherapy and immunotherapy (Aim 2). The success of this project will provide translational\nimpact in the treatment of aggressive breast cancer TNBC or other cancers and will give me the\nknowledge and experience in the scientific method to launch my career as an independent\ninvestigator.""}"
GRANT:F31CA243276	grant	Metabolic alterations contributing to enzalutamide resistance in prostate cancer	"{""activity_code"": ""F31"", ""fiscal_years"": [2021, 2022], ""is_active"": false, ""total_award"": 72672, ""start"": ""2020-08-03"", ""end"": ""2023-03-31"", ""abstract"": ""Project Summary/Abstract\nResistance to the androgen receptor (AR) antagonist enzalutamide remains a major cause of mortality among\nprostate cancer (PCa) patients. Thus, it is crucial that we identify which patients will become resistant and\ndefine the mechanism by which resistance develops. Because metabolic alterations are critical for determining\nwhether cancer cells will resist stress and proliferate, this proposal aims to define the metabolic program that\ndrives enzalutamide resistance. Comparative metabolic studies in six paired enzalutamide-sensitive (EnzS)\nand enzalutamide-resistant (EnzR) PCa cell lines indicate that EnzR cells have enhanced glutamine\nmetabolism and are more glutamine dependent. This is supported by previous data showing that AR promotes\nglutamine uptake and glutaminolysis. Further characterization indicates that resistant cells have increased\noxidative stress, and the growth of EnzR cells is promoted by antioxidants, such as glutathione (GSH). The\nrole of oxidative stress is corroborated by data suggesting that enzalutamide inhibits antioxidants and induces\nreactive oxygen species (ROS). Given that an important role of glutamine is to generate antioxidants, we\npropose that enhanced glutamine metabolism drives enzalutamide resistance in prostate cancer by\nupregulating antioxidant programs to tolerate increased oxidative stress, and this resistance mechanism is\ntargetable. This proposal will test this hypothesis through the use of unbiased steady-state and metabolic flux\ntechniques in EnzS and EnzR cells in vitro, mouse xenografts in vivo, and patient tumors. The link between\nmetabolic dependencies and ROS will be further characterized by fluorescence microscopy and enzymatic\nactivity approaches. RNAi, CRISPR-Cas9, and lentiviral-mediated overexpression of glutaminase (GLS), a\ncritical enzyme in glutaminolysis, and glutamate-cysteine ligase, a rate-limiting enzyme for GSH synthesis, will\nbe used to establish the necessity and sufficiency of these alterations for driving resistance. Known inhibitors\nof these enzymes will be used in vitro, in vivo, and in patient-derived tumors cultured ex vivo to determine\nwhether these therapeutic strategies will be potentially efficacious in the treatment of EnzR PCa. This\nproposed research will provide the understanding of mechanisms that enable the evolution of enzalutamide\nresistance and allow for the development of therapies leading to more durable responses to enzalutamide in\nthe clinic.""}"
GRANT:F31CA294618	grant	Elucidating Glutamine Metabolism in Breast to Bone Metastasis	"{""activity_code"": ""F31"", ""fiscal_years"": [2024, 2025, 2026], ""is_active"": true, ""total_award"": 104814, ""start"": ""2024-07-01"", ""end"": ""2027-06-30"", ""abstract"": ""Project Summary\nSeveral aggressive types of breast cancer (BCa) are nutritionally reliant on glutamine metabolism, and glutamine\nuptake has been shown to be enhanced in BCa bone-homing clonal cell populations. This is especially significant\nas bone metastasis will occur in approximately 70% of women with metastatic BCa and remain clinically\nincurable. The enzyme glutaminase (GLS) catalyzes the conversion of glutamine to glutamate, and I have shown\nthat its loss in bone tropic BCa cell lines results in reduced osteolysis. During outgrowth of bone metastases,\nbone destruction is driven by changes in bone-forming osteoblasts and bone-degrading osteoclasts, known as\nthe “vicious cycle.” As the metabolic conversion catalyzed by GLS is also essential to osteoblast lineage\ncommitment, a genetically modified mouse model was used to delete Gls in osteoblast progenitors. Surprisingly,\nloss of GLS function in osteoblast progenitors led to reduced bone destruction and osteoclast numbers. This\nproposal seeks to identify the mechanisms by which glutamine metabolism in the bone niche influences bone\ndestruction and how they could be exploited therapeutically. I hypothesize that loss of functional GLS in bone-\ntropic BCa cells induces a senescence-like phenotype that reduces tumor burden and confers sensitivity to\nsenolytic therapy while GLS loss in osteoblast progenitors limits release of osteoclastogenic signals, reducing\nbone destruction by cutting off the “vicious cycle.” In Specific Aim 1, I will follow up on data from an RNA-seq\nanalysis, which indicated upregulation of Ypel2 (Yippee-like protein 2) in GLS KO cells, a gene that has been\nlinked to cell cycle arrest and senescence in endothelial cells. I will use CRISPR/Cas9 to KO and overexpress\nYpel2 in various GLS WT and KO breast cancer cell lines and test for cell cycle activity and detect markers of\nsenescence. I will also test for the presence and levels of osteolytic factors such as PTHrP (in vitro) and RANKL\n(in vivo). Finally, I will test the effect of genetic deletion and pharmacologic inhibition of GLS (CB-839) on\nsensitivity of aggressive breast cancer cell lines E0771, 4T1-2, and MDA-MB-231-BoM to senolytic treatment in\nvitro and in vivo. In Specific Aim 2, to determine the effect of osx-driven GLS KO (GLSOBKO) on osteoblast\ndifferentiation and function, I will co-culture osteoblasts from mice with GLSOBKO with bone-tropic BCa cells ex\nvivo and test for osteoblast differentiation and function, including production of osteoblast-specific proteins\n(RUNX2, OPN, OCN, etc.). This will allow me to determine the effect of tumor cell signaling on the compromised\nosteoblast progenitors. To determine the effect of GLS loss in osteoblast progenitors on osteoclastogenesis and\nosteoclast function in tumor-bearing bones, I will perform RNA-scope analysis and Tartrate-Resistant Acid\nPhosphatase (TRAP) staining on tissue sections from GLSOBKO mice and wild type controls. Findings from this\nresearch have the potential to provide new information about a highly morbid, yet incurable manifestation of\nmetastatic breast cancer and could even raise the possibility of using pre-existing cancer therapies targeting\nglutamine metabolism to ameliorate bone metastatic burden in breast cancer.""}"
GRANT:F31DK148143	grant	The Role of Glutamine in Pancreatic Alpha Cells	"{""activity_code"": ""F31"", ""fiscal_years"": [2026], ""is_active"": true, ""total_award"": 35556, ""start"": ""2026-06-01"", ""end"": ""2029-05-31"", ""abstract"": ""PROJECT SUMMARY\nGlucagon (GCG) secreted from pancreatic islet alpha (α) cells regulates blood glucose, but increasing\nevidence has evolved our understanding of α-cells’ role as potent amino acid sensors that integrate multiple\nnutrient signals to modulate GCG secretion and the downstream homeostasis of each macronutrient. Rising\ncirculating amino acids (e.g., after meals) stimulate glucagon secretion, and in turn, glucagon stimulates\namino acid transport and catabolism in the liver, increasing hepatic glucose output. As such,\nhyperglucagonemia contributes to hyperglycemia in diabetes. Blocking GCG receptor signaling in the liver\nby any means leads to improved glycemia but also hyperaminoacidemia, hyperglucagonemia, and α-cell\nproliferation and hyperplasia. These findings support the existence of a classical endocrine feedback loop\ncalled the liver-αcell axis. However, the mechanisms linking α-cell amino acid sensing to α-cell function\nremain poorly understood. Studies from our group identify glutamine as a major regulator of α-cell\nproliferation and glucagon secretion, but the underlying mechanism has not been studied. Notably,\nglutaminase (GLS), which catalyzes the conversion of glutamine to glutamate, is highly and selectively\nexpressed in α-cells compared to other pancreatic cells, suggesting a specialized role in α-cell metabolism.\nThe overarching objective of this proposal is to define how glutamine metabolism in α-cells regulates\nproliferation, signaling, and function. Our preliminary data demonstrate that inhibition of GLS suppresses\nglutamine-driven α-cell proliferation, mTORC1 activation, and glucagon secretion, indicating that GLS-\nderived glutamate may be essential for α-cell homeostasis. Additionally, emerging evidence suggests that\nglutamate availability influences mTORC1 activation, redox balance, and mitochondrial function —critical\nregulators of cell survival and hormone secretion. Therefore, we hypothesize that inhibiting glutaminase\nactivity impairs α-cell function by decreasing glutamate availability, thereby inhibiting mTORC1 activation,\nincreasing reactive oxygen species, decreasing mitochondrial function, and ultimately decreasing GCG\nsecretion. To test this, we will use a recently generated inducible α-cell-specific Gls knock-out mouse model\nto study the role of GLS in α-cells without impacting other cell types throughout the body. To ensure our\nfindings are relevant to human physiology, we will treat human cadaveric islets with a selective\npharmacological inhibitor of GLS. Aim 1 will examine the role of GLS in proliferation, mTORC1 activation,\nglutamate content and secretion, and glucagon secretion. Aim 2 will test if GLS activity affects redox balance\nand metabolic flux. Collectively, these studies will define the molecular mechanisms linking glutamine\nmetabolism to α-cell function and establish the importance of GLS in maintaining α-cell homeostasis. Given\nthat hyperglucagonemia is a key feature of metabolic dysfunction, these findings could reveal novel\ntherapeutic targets to modulate glucagon secretion.""}"
GRANT:F31HL152529	grant	Connecting TCA cycle flux and epigenetic regulation of hematopoiesis	"{""activity_code"": ""F31"", ""fiscal_years"": [2021, 2022], ""is_active"": false, ""total_award"": 59669, ""start"": ""2020-05-01"", ""end"": ""2023-03-31"", ""abstract"": ""Summary\nHematopoietic Stem Cells (HSCs) possess distinct metabolic programs that regulate decisions to self-renew or\ndifferentiate. Metabolic pathways are now recognized to modulate epigenetic marks through accessibility of\nmetabolic intermediates as substrates, including α-ketoglutarate (αKG) and acetyl-CoA for post-translational\ndemethylation or acetylation, respectively. Recent research suggests that perturbations of glutamine and\nacetate metabolism may provoke lineage-specific differentiation by altering epigenetic-mediated chromatin\naccessibility and gene expression responsible for lineage determination. Indeed, data from the Rathmell lab\ndemonstrates that disruption of Glutaminase (GLS), the entry point of glutamine into the metabolic pool\nresponsible for catalyzing glutamine to glutamate, changes histone methylation patterns to promote Th1 and\ninhibit Th17 CD4+ effector T-cell differentiation, altering accessibility of the loci of cytokines Ifng and Il17. GLS\nprocesses glutamine to replenish the carbon pool of the tricarboxylic acid (TCA) cycle, contributing to TCA cycle\nintermediates that also regulate epigenetic modifying reactions. Specifically, αKG, succinate, and fumarate serve\nas regulators and substrates of histone and DNA demethylation enzymes. Similarly, ATP citrate lyase (ACLY)\nconnects TCA cycle flux with the histone acetylation substrate pool by catalyzing cytosolic citrate into acetyl-\nCoA. Maintaining both acetyl-CoA and αKG levels is crucial to epigenetic homeostasis, as reduced epigenetic\nenzyme substrates and regulators have been shown to broadly limit epigenetic modifying reaction rates.\nPreliminary data suggest that inhibiting ACLY promotes myeloid differentiation in cultured murine hematopoietic\nstem cells (HSCs). Here, I propose to use conditional knockout animals previously analyzed for T cell\ndifferentiation to disrupt GLS and ACLY in HSCs and LSCs and test the role of these enzymes in myeloid\ndifferentiation. I hypothesize that disrupting ACLY and GLS will inhibit stem cell self-renewal while promoting\nmyelomonocytic differentiation. I will tackle this central hypothesis through two aims. Aim 1: Determine how\nGLS or ACLY deficiency is sufficient to modulate HSC self-renewal and differentiation. This first aim\nrepresents a functional characterization of HSC self-renewal and differentiation both in vitro and in vivo, utilizing\nstem cell culture, flow cytometry, and CRISPR screen experiments. Aim 2: Establish how epigenetic\nmodification, gene regulator networks, and metabolic activity alter with GLS and ACLY deficiency in\nHSCs. The second aim focuses on the mechanism behind changes in stem cell self-renewal and differentiation\nexamined in Aim 1. We will assess changes in chromatin accessibility, histone modifications, transcriptome\nprofiles, and metabolite concentrations to determine how GLS and ACLY deficiencies impact stem cell regulatory\nnetworks. This project has the potential to uncover new interactions between epigenetics and metabolism in\nnormal hematopoiesis and acute myeloid leukemia with the prospect of identifying novel therapeutic targets for\nhematologic malignancies.""}"
GRANT:F31NS120584	grant	Differential Brain-Region Specific Roles of CASK in Optic Nerve Hypoplasia and Pontocerebellar Hypoplasia	"{""activity_code"": ""F31"", ""fiscal_years"": [2021, 2022], ""is_active"": false, ""total_award"": 55334, ""start"": ""2021-04-13"", ""end"": ""2022-05-09"", ""abstract"": ""PROJECT SUMMARY\nUnderstanding how different regions of the central nervous system (CNS) are affected by genetic insults is critical\nto advancing the study of CNS pathologies which present a major public health burden in the United States. The\ncerebellum and optic nerve are two such regions that are disproportionately hypoplastic in the majority of cases\nof CASK gene mutation in humans. CASK is an enigmatic multi-domain scaffolding protein which plays a vital\nrole in organizing protein complexes at the pre-synapse through interactions with both active zone proteins and\ntrans-synaptic adhesion molecules such as liprins-α and neurexins. Mutations in the X-linked CASK gene in\nhumans are largely post-natally lethal in the hemizygous condition and result in microcephaly with pontine and\ncerebellar hypoplasia (PCH) as well as optic nerve hypoplasia (ONH) in heterozygous mutations.\n While CASK has been traditionally regarded as playing a role in CNS development, recent data indicate\nthat it plays a continued role in the maintenance of the adult CNS. Specifically, acute global deletion of Cask in\nadult mice using a CreER-Tamoxifen system leads to progressive degeneration in motor coordination\nculminating in profound ataxia several months after tamoxifen injection. This coincides with a progressive\ndeterioration of cerebellar gross morphology. Thus, this presents a unique opportunity to understand the\ncontinued role of a gene, previously regarded as developmentally important, in the function of the adult CNS and\nhow this function may differ in a region-specific manner.\n Recently, it has been demonstrated that progression of ONH in the context of CASK-loss is non-cell\nautonomous in nature as deleting Cask from retinal ganglion cells themselves does not exacerbate ONH, but\ndeleting it from fibrous astrocytes of the optic nerve does exacerbate ONH. However, when Cask is deleted\nspecifically in granule cells (GCs) using a Calb2 promoter driven Cre recombinase, there appears to be a cell-\nautonomous death of GCs. This provides an opportunity to examine how underlying etiopathology and functional\nloss differ in two regions given the same genetic insult. As granule cells are the major excitatory driver of the\ncerebellum, this project will investigate the progression of granule cell loss, the correlation of granule cell loss to\nfunctional motor loss and ataxia, and the electrophysiological implications of loss of the major excitatory driver\nin an isolated brain region. Further, the project will elucidate whether aberrations in spike-timing and frequency\namong cerebellar Purkinje cells precede or follow anatomical reductions in granule cell number. The project will\nalso examine whether visual function correlates to optic nerve diameter in models which display ONH but not\nPCH and vice versa using visual evoked potential recordings from V1 of visual cortex and the dorsal lateral\ngeniculate nucleus of the thalamus. Finally, the study will determine molecular mechanisms of non-apoptotic or\napoptotic cell death underlying loss of GCs. Thus, the study will investigate differing causes and functional\nconsequences with region-specificity in the context of a single genetic insult using Cask deletion as a test-case.""}"
GRANT:F31NS134264	grant	Aberrant Parvalbumin-Positive Interneuron Activity in SCN8A Epileptic Encephalopathy	"{""activity_code"": ""F31"", ""fiscal_years"": [2024], ""is_active"": false, ""total_award"": 31801, ""start"": ""2024-04-01"", ""end"": ""2024-12-31"", ""abstract"": ""PROJECT SUMMARY\nSCN8A epileptic encephalopathy (EE) is a severe epilepsy syndrome resulting from de novo gain-of-function\nmutations in the SCN8A gene, which encodes the voltage-gated sodium channel Nav1.6. Nav1.6 is expressed\nin both excitatory and inhibitory neurons and plays a critical role in action potential (AP) generation and\npropagation in both. Multiple previous studies have indicated that a gain-of-function Nav1.6 mutant results in\nhyperexcitability of excitatory cells. However, significantly less is known about how mutant Nav1.6 may impact\ninhibitory interneurons. Proper function of inhibitory interneurons is essential to constrain activity of excitatory\nneurons, and their dysfunction has been linked to various genetic epilepsy syndromes. The most numerous\ninhibitory interneuron subtypes are parvalbumin-positive (PV) and somatostatin-positive (SST) interneurons.\nPrevious work in our lab has shown deficits in SST interneurons in models of SCN8A EE. PV interneurons play\na crucial role in Dravet Syndrome, a genetic epilepsy syndrome caused by mutations in the sodium channel\nNav1.1, and they may play a role in temporal lobe epilepsy. Despite this, there have been no studies in the\nSCN8A EE field examining the effect of mutant Nav1.6 expression on PV interneuron physiology and the role\nthat they may play in seizures. Using global (Scn8aD/+) and conditional (Scn8aW/+-PV; expression solely in PV\ninterneurons) mouse models of SCN8A EE, this proposal seeks to test whether PV interneuron excitability is\naffected by mutant Nav1.6, and if this impacts overall network excitability and seizure susceptibility. My\npreliminary data suggest that PV interneurons possessing mutant Nav1.6 have increased persistent sodium\ncurrents and reduced excitability at high-firing frequencies via a state of action potential failure known as\ndepolarization block. I have also observed that conditional expression of a patient derived SCN8A mutation\nsolely in PV interneurons leads to spontaneous seizures in mice, further indicating the importance of this\ninterneuron subtype within SCN8A EE. In aim 1 of this proposal, I will record WT, Scn8aD/+, and Scn8aW/+ PV\ninterneurons to characterize any alterations in the intrinsic excitability, voltage-gated sodium currents, and\nsynaptic physiology of PV interneurons. This will clarify the impact of gain-of-function SCN8A mutations on PV\ninterneuron function and network excitability. In aim 2, using a Cre-dependent shRNA, I will test whether\ngenetic knockdown of Nav1.6 specifically in PV interneurons will rescue their aberrant excitability and if this will\nimpact seizure frequency in Scn8aD/+ mice. Overall, completion of these aims will allow for a comprehensive\ncharacterization of PV interneurons in SCN8A EE and will assess whether the specific targeting of these\ninterneurons might provide a novel therapeutic target.""}"
GRANT:F31NS141322	grant	Disease mechanism and genetic therapy for a pathogenic STXBP1 variant	"{""activity_code"": ""F31"", ""fiscal_years"": [2025, 2026], ""is_active"": true, ""total_award"": 80739, ""start"": ""2024-12-16"", ""end"": ""2026-05-22"", ""abstract"": ""PROJECT SUMMARY\nSTXBP1 encodes syntaxin-binding protein 1, an essential protein for presynaptic neurotransmitter release.\nPatients with heterozygous pathogenic variants in STXBP1 are characterized by intellectual disability, epilepsy,\nmovement, and psychiatric disorders, which are collectively termed STXBP1-encephalopathy (STXBP1-E).\nSTXBP1-E is among the most common and severe forms of developmental and epileptic encephalopathy. The\ncurrent treatments at best only alleviate individual symptoms without targeting the underlying genetic defect.\nHaploinsufficiency has been clearly identified as the disease mechanism for patients with truncating variants,\nwhich is supported by multiple in vivo mammalian models that recapitulate neurological phenotypes of patients.\nIn contrast, the mechanism of action for missense variants, which make up 48% of the STXBP1-E patient\npopulation, remains unclear, in part due to the lack of in vivo mammalian models with construct and face validity.\nThis leaves a critical knowledge gap in understanding the disease mechanism and developing mechanism-based\ngenetic therapies. Thus, there is a critical need to establish a mouse model of STXBP1 missense variants to\naddress this gap. To this end, the applicant focused on one of the most common and understudied missense\nvariants in STXBP1 and has established a knock-in mouse model that recapitulates all key aspects of disease\nincluding epilepsy and impaired motor and cognitive functions. The goal of this project is to use this mouse model\nto understand the molecular and synaptic mechanisms (Aim 1) and determine the efficacy of an adeno-\nassociated virus (AAV)-based gene therapy in rescuing the neurological dysfunctions (Aim 2). The applicant will\nuse genetic manipulations in combination with various techniques including biochemistry, electrophysiology,\noptogenetics, behavioral assays, and electroencephalography (EEG) recordings. The proposed research is\nexpected to elucidate how a common missense variant contributes to neurological phenotypes in a mouse model\nof STXBP1 encephalopathy and determine the potential of gene therapy as a therapeutic option. Furthermore,\nthis project is designed to prepare the applicant for a career as an independent scientist in research and\ndevelopment and furthers the applicant’s long-term goal of performing gene therapy research to reduce the\nburden of neurological disease for all people. The Sponsor, Dr. Mingshan Xue, has a strong track-record of\nsuccessful trainees and his lab conducts impactful research using mouse models of neurodevelopmental\ndisorders to discover disease mechanisms and genetic therapies to treat the disease. Furthermore, the\ncollaborative training environment of both Baylor College of Medicine and the Jan and Dan Duncan Neurological\nResearch Institute provides state-of-the-art technology cores, experts in the field of neurological disorders, and\na central location in the Texas Medical Center that facilitates the success of the project and training of the\napplicant.""}"
GRANT:F31NS143361	grant	Investigating SCN8A developmental and epileptic encephalopathy mechanisms and treatments in a human cellular model of the thalamocortical circuit	"{""activity_code"": ""F31"", ""fiscal_years"": [2025, 2026], ""is_active"": true, ""total_award"": 99652, ""start"": ""2025-07-01"", ""end"": ""2027-12-31"", ""abstract"": ""PROJECT SUMMARY/ABSTRACT\n Mutations in the voltage-gated sodium channel (VGSC) gene, SCN8A, are associated with\ndevelopmental and epileptic encephalopathy (DEE). DEE is a severe condition, characterized by\nneurodevelopmental delay, behavioral and intellectual impairment, and seizures. Despite the availability of\nseveral VGSC-targeting pharmacological agents, no effective treatment exists for patients with SCN8A-DEE.\nAdditionally, seizure-altering medication rarely ameliorates DEE-associated cognitive and behavioral\ncomorbidities. To better understand the etiology of SCN8A-DEE and to test novel gene therapy approaches as\nalternatives to pharmacological interventions, I have generated a novel human induced pluripotent stem cell\n(hiPSC)-derived organoid model of the thalamocortical circuit (hTCO). This human cellular thalamocortical\nsystem produces rhythmic oscillations that resemble those that are affected in animal models of Scn8a-\nassociated epilepsy. Here, I will interrogate the underlying physiology of altered thalamocortical cellular and\nnetwork activity using whole-cell patch-clamp and two-photon calcium imaging techniques, as well as\nimmunohistochemical and transcriptomic analysis of control and SCN8A-DEE mutant hTCOs. My preliminary\nwork has already established that cells required for thalamocortical rhythm generation are present in hTCOs and\nthat hTCOs exhibit mature thalamocortical-like network activity. Using this model, I will test the hypothesis that\nSCN8A-DEE hTCOs demonstrate hypersynchronous oscillatory activity and delayed neural maturation in\ncomparison to control hTCOs. In addition to assessing circuit physiology, I will also examine the effects of two\nSCN8A-targeted gene therapies on neuronal and network physiology in SCN8A-DEE and control hTCOs. The\nfirst approach uses short hairpin RNAs (shRNAs) to knockdown SCN8A gene expression in order to reduce the\namount of hyperactive mutant SCN8A within neurons. The second approach involves the use of a novel peptide\nthat interacts with the intracellular inactivation gate to reduce SCN8A-DEE-associated increased persistent\nsodium current. This study will provide valuable training opportunities for me to learn cutting-edge approaches\nwhile I interrogate the mechanisms that lead to SCN8A-DEE. Exploration of SCN8A-DEE pathogenesis and\nexaminations of genetic therapeutic efficacy to treat SCN8A-DEE pathologies in a construct-valid, human cellular\nmodel system have strong potential to yield insights into SCN8A-DEE and improve the quality of life for patients\nliving with genetic epilepsies.""}"
GRANT:IK6BX005391	grant	BLRD Merit Review Research Career Scientist (RCS) Award (IK6)	"{""activity_code"": ""IK6"", ""fiscal_years"": [2021, 2022, 2023, 2024, 2025, 2026], ""is_active"": true, ""total_award"": 0, ""start"": ""2020-10-01"", ""end"": ""2027-09-30"", ""abstract"": ""Project Summary/Abstract\nThe goals of my research programs are to elucidate molecular mechanisms of tumor angiogenesis,\ncancer metabolism, and anti-tumor immunity, and to translate our discoveries towards improved\ncancer therapy. During this RCS award period I will continue to: (1) Targeting mTOR signaling\npathways in lung cancer subtypes that are refractory to current targeted therapies. We\ndemonstrated previously that mTOR is a common signaling node downstream of “bypass” kinases,\nand targeting mTOR represents a promising approach in multiple settings of drug resistance. Rictor,\na unique components of mTORC2, is commonly amplified in approximately 13% of lung cancer.\nWhile mTOR kinase inhibitors inhibit both mTORC1 and mTORC2, selective inhibition of mTORC2\nhas the advantage of not perturbing the mTORC1-dependent negative feedback loops and mTORC1-\nmediated inhibition of macropinocytosis in mutant Ras tumors. We found that point mutations\ndisrupting mLST8-mTOR binding specifically destabilize mTORC2 without affecting mTORC1,\npointing to a viable strategy for inhibitor design. We will continue to gain a rigorous understanding of\nthe contribution of mTORC2 to subtypes of lung cancer that are currently refractory to targeted\ntherapies, and to further investigate if targeting mLST8 can be used to selectively inhibit mTORC2.\n(2) Determine the therapeutic potential of low dose mTORC1 inhibitors in normalizing tumor\nblood vessels and recruiting anti-tumor lymphocytes. My lab pioneered studies of mTORC1 and\nmTORC2 in tumor blood vessels. We discovered that lymphocyte infiltration increased significantly in\nthe tumors with endothelial-specific deletion of Raptor (mTORC1 inactivation). Although standard\nhigh doses of Rapalogs can inhibit immune function, we discovered that a low, relatively immune-\nsparing dose of everolimus (RAD001), an mTORC1 inhibitor, normalized tumor blood vessels and\nenhanced tumor infiltrating lymphocytes. Promising results of pre-clinical animal studies will set the\nstage for initiating a clinical trial to improve immunotherapy. (3) Role of EphA2 RTK in glutamine\nmetabolism and anti-tumor immunity. Our serendipitous discovery that the ephrin-A1/EphA2\nsignaling axis regulates lipid accumulation in cancer cells has led us systematically to investigate the\nrole of ephrin-A1/EphA2 in tumor metabolism. Global metabolic profiling revealed a significant\nincrease in glutaminolysis, a critical metabolic pathway that generates intermediates for lipogenesis,\nin ephrin-A1 knockout or EphA2 overexpressing tumor cells. Investigation of mechanisms led us to\ndiscover that EphA2 RTK promotes glutamine metabolism by upregulation of the glutamine\ntransporter ASCT2 (encoded by SLC1A5) and glutaminase GLS via activation of the transcription\ncoactivators YAP and TAZ. Knockout of GLS in tumor cells, however, increases anti-tumor immunity.\nWe will continue to dissect the effects and mechanisms by which tumor cell-specific loss of GLS on\nimmune cells. Further, we will test and compare inhibitors of glutamine access (V-9302) or\nglutaminase (CB-839) on their effects in inhibiting tumor cells versus anti-tumor lymphocytes.\nSignificance: Success of these projects will have significant translational potential for the veteran\npopulations, by identifying new therapeutic targets for lung cancer subtypes that are refractory to\ncurrent targeted therapies, and by enhancing immunotherapies via normalization of tumor blood\nvessels and inhibition of tumor metabolism.""}"
GRANT:K00CA212445	grant	Myc-induced expression of glutamine synthetase	"{""activity_code"": ""K00"", ""fiscal_years"": [2021], ""is_active"": false, ""total_award"": 102501, ""start"": ""2016-09-21"", ""end"": ""2022-08-31"", ""abstract"": ""Project Summary\nThis is a F99/K00 application which will encompass my predoctoral and postdoctoral training. I have described\nmy research experience which pertains to my completed dissertation work in Aim 1. My training plan for\ndissertation work to be completed and skills to be gained are highlighted in Aim 2. Finally, Aim 3 describes my\nfuture training plans for the postdoctoral fellowship phase. My topic of research during my predoctoral training\n(F99) period is focused on understanding the regulation of glutamine metabolism by the oncogene Myc. Myc\noncoprotein is known to drive reprogramming of energy metabolism to meet the needs of energy consumption,\nmacromolecule biosynthesis, and waste disposal in cancer cells. Cancers with elevated level of Myc exhibit an\nincreased dependency on glutamine, which has been attributed to glutaminase (GLS), the enzyme catalyzing\nthe deamination of glutamine into glutamate to fuel the tricarboxylic acid (TCA) cycle. Intriguingly, my sponsor\nDr. Wei-Xing Zong’s laboratory recently found that Myc can induce the expression of glutamine synthetase\n(GS), the enzyme that catalyzes the reverse reaction of GLS, to promote the de novo synthesis of glutamine\nfrom glutamate and ammonia. My preliminary data demonstrate that ectopic GS expression leads to elevated\nglutamine that is used for nucleotide synthesis, uptake of essential amino acids, increased cell\ngrowth/proliferation/survival, and tumorigenesis. These data prompt the formation of the hypothesis that GS is\na critical mediator of Myc-driven tumorigenesis by generating glutamine to meet the increased demand of\nglutamine in cancer cells. Three specific aims are proposed to test this hypothesis: 1) Determine the metabolic\nrole of GS in the context of Myc activation; 2) Study the biological consequences of GS under Myc induction; 3)\nExplore the role of GS in vivo. Accomplishment of this project will unravel a novel mechanism through which\nMyc promotes reprogramming of cancer cell metabolism, and will help to establish GS as a therapeutic target.\nThis study will also offer a unique opportunity for me to receive top-notch training in both oncogenic signaling\nand in cancer cell metabolism, which will largely help me to transition to the postdoctoral phase (K00) which is\nan instrumental step to achieve my career goal to become an independent cancer biologist.""}"
GRANT:K00CA234839	grant	Metabolic Recycling and Compartmentalization in Tumor Progression	"{""activity_code"": ""K00"", ""fiscal_years"": [2021, 2022], ""is_active"": false, ""total_award"": 205497, ""start"": ""2019-03-01"", ""end"": ""2022-06-30"", ""abstract"": ""PROJECT SUMMARY\n Cancer cells elevate nutrient catabolism, causing excess production and accumulation of metabolic\nwaste, especially lactate and ammonia. Using stable isotope tracing and mass spectrometry, we discovered\nthat breast cancer cells scavenged ammonia generated by amino acid catabolism as a re-purposed nitrogen\nsource for biomass (Spinelli et al. Science, 2017). Ammonia recycling accelerated proliferation in 3D cell\nculture and in vivo mouse xenograft models. These studies lead to two follow-up questions that will be\naddressed in Specific Aim 1 (F99 phase) of this proposal. First (Aim 1A), what is the mechanism by which\nammonia stimulates breast cancer proliferation? Preliminary data supports the hypothesis that subcellular\ncompartmentalization of ammonia metabolism is required for its effect on proliferation rate. Using metabolic\ntracing and rapid immunoprecipiation, we tracked the localization of ammonia assimilation to the mitochondria\nand the subsequent efflux of metabolites to the cytosolic fraction, showing a role in ammonia-stimulated\nproliferation. Second (Aim 1B), what is the effect of this novel ammonia-recycling pathway on response to\ntherapy? Preliminary data shows that ammonia assimilation circumvents the effect of glutaminase (GLS)\ninhibitors through replenishing glutamate levels via glutamate dehydrogenase (GDH). Our proposed studies\nwill determine if GDH and GLS inhibition are synergistic in vivo and in primary breast cancer tumors to\nelucidate a mechanism by which breast cancer cells are resistant to GLS inhibition.\n Beyond ammonia, mitochondria promote tumor growth and proliferation through numerous metabolic\npathways. However, the mechanisms by which nutrients traverse the inner mitochondrial membrane are little\nstudied, particularly because 45% of the mitochondria nutrient transporter family is uncharacterized. Therefore,\nusing my expertise in metabolite tracing and mass spectrometry in addition to new skills gained in genetic\n(CRISPR) screening and bioinformatics, the proposed studies (Aim 2, K00 phase) will systematically assess\nthe role of mitochondrial nutrient transporters in tumor growth and survival. These data will be the first to\nglobally evaluate the essentiality of metabolic compartmentalization in cancer cells harboring oncogenic drivers\nsuch as KRAS, IDH and PI3K mutations. Furthermore, this study will elucidate the function of uncharacterized\nmitochondrial nutrient transporters.\n In addition to the proposed studies, the fellowship training plan includes gaining experience with\nmentorship, taking courses on responsible conduct of research, team management, and budgeting, and\nattending scientific conferences such as the Tumor Metabolism Keystone meeting to develop a network of\nscientific collaborators. The proposed studies will occur at Harvard Medical School and The Broad Institute,\nwhich have environments with the equipment, technology, core facilities, potential for collaboration, and the\nresources for research and career development needed to complete the proposed training plan.""}"
GRANT:K08NS119747	grant	Utilizing Human Brain Organoids to Model the Differential Effects of SCN8A Mutation on Cortex and Hippocampus	"{""activity_code"": ""K08"", ""fiscal_years"": [2021, 2022, 2023, 2024, 2025], ""is_active"": false, ""total_award"": 1120410, ""start"": ""2021-07-01"", ""end"": ""2026-06-30"", ""abstract"": ""Project Summary/Abstract\nEpilepsy is a severe and debilitating disease and a significant public health concern. Epilepsy is also a\ndisease without a medical cure, and a disease where about 1 in 3 patients fails to respond to anti-seizure\nmedications. In the most severe epilepsy syndromes of childhood, medical control of seizures can be even\nmore challenging. Novel experimental platforms have the potential to play a critical role in advancing our\nunderstanding and treatment of epilepsy. Brain organoids derived from human embryonic or induced\npluripotent stem cells are one such novel technology that has enormous potential. This is particularly true for\nsevere childhood epilepsies, as organoids are ideally suited to model early neural development. Organoids are\n3D structures that recapitulate complex elements of human brain such as its laminar organization and cell\ntypes seen in all six layers of human cortex. Since they can be human induced-pluripotent stem cell (hiPSC)\nderived, an organoid can be produced directly from patient tissue. Recent advances in organoid technology\nhave resulted in the ability to generate distinct brain region-like organoids such as forebrain cortex and\nhippocampus and to make “fusion” structures with integration of inhibitory and excitatory cell types.\n In the following proposal I will leverage these advances and build on an organoid platform that I have\nrecently developed to model brain circuit formation and dysfunction in epilepsy. Previously, l was able to\nrecapitulate hyperexcitable electrographic features in organoids derived from a patient with Rett syndrome, a\nneurological disorder highly associated with seizures and epilepsy. I have now generated cortical and\nhippocampal organoids from hiPSCs harboring mutations in the SCN8A gene. This mutation results in a\nsevere childhood epilepsy. I have found that the SCN8A mutant cortex organoids have a highly hyperexcitable\npattern of physiological activity compared to controls, whereas the SCN8A mutant hippocampus lacks a\nparticular type of neural oscillation that is important for memory consolidation called a sharp wave ripple. This\nfinding suggests that the SCN8A mutation results in different physiological activity patterns in distinct brain\nregions. Based on published studies, I hypothesize that this difference is primarily due to dysfunction of\nexcitatory neurons in the cortex versus inhibitory interneurons in the hippocampus. I will now use an array of\ntechniques such as calcium indicator imaging, extracellular recordings, immunohistochemistry, and\nmanipulation of the genetic background of excitatory and inhibitory neurons within the organoid to test this\nhypothesis. To increase the rigor and generalizability of my data, I will use hiPSC from three different patients\nwith pathogenic SCN8A mutations. Finally, I will perform drug testing to further isolate the role of specific cell\ntypes to the observed phenotypes and for consideration as therapeutic agents in patients. I expect that this will\nboth provide a blueprint for a novel methodology for epilepsy research and enhance our treatment and\nunderstanding of epilepsy and neural circuit dysfunction resulting from SCN8A mutations.""}"
GRANT:R00NS104215	grant	Voltage-gated sodium channel regulation of neocortical development	"{""activity_code"": ""R00"", ""fiscal_years"": [2021, 2022], ""is_active"": false, ""total_award"": 495427, ""start"": ""2018-09-15"", ""end"": ""2024-06-30"", ""abstract"": ""Voltage-gated sodium channels (VGSCs) are critical regulators of neuronal excitability and are associated with severe neurologic and neuropsychiatric disorders including autism, cognitive and motor impairment, and epilepsy. Mutations in VGSCs, including SCN8A, are among the most common genetic causes of treatment- resistant epilepsy in children. Despite recent advances, epilepsy has remained a persistent problem that needs improved treatments, as approximately 40% of epileptic patients do not achieve sufficient seizure control with current therapeutic interventions. The applicant, Dr. Makinson, has a strong background in epilepsy research. He completed his PhD at Emory University under the mentorship of Dr. Andrew Escayg, where he performed detailed genetic, molecular, and behavioral analyses of mice carrying clinically-relevant mutations, including multiple studies on the VGSCs Scn1a and Scn8a. For the first part of his postdoctoral training Dr. Makinson worked with Dr. John Huguenard (Stanford University) to identify a novel mechanism for absence seizure generation involving reductions in Scn8a and concurrent impairment in recurrent inhibition in the thalamus. He also was instrumental in a collaboration with the laboratory of Dr. Sergiu Pasca (Stanford University) in which he characterized the electrophysiological properties of neurons derived from human induced pluripotent stem cells (hiPSCs) grown into a 3D cortex-like structure. Recently, Dr. Makinson showed that region-specific spheroids, including excitatory (pallial) and GABAergic (subpallial) types, can be assembled to produce functionally integrated neural networks. In this proposal, Dr. Makinson seeks to develop rodent and in vitro human models of SCN8A impairment and to use these models to interrogate the underlying pathogenic mechanisms of clinically-relevant mutations and to identify new therapeutic strategies to treat disease. These studies are designed to provide mechanistic insight into the earliest points of disease progression that ultimately lead to severe epileptic encephalopathies and cognitive impairment. Specifically, Dr. Makinson seeks to investigate the changes in neuronal excitability, network activity, and neuronal migration that occur in cerebral spheroids carrying mutations in SCN8A. Dr. Makinson will be supervised by Drs. Huguenard (primary mentor) and Pasca (co-mentor) as well as the advisory committee including Drs. Christopher Lee-Messer, Kimford Meador, Justin Du Bois, and Liqun Luo. Dr. Makinson will receive advanced instruction in neurodevelopment and expert training in the generation of 3D hiPSC-derived neuronal cultures carrying mutations in the SCN8A gene by Dr. Pasca. Dr. Huguenard will provide advanced training in electrophysiology, optogenetics, multiphoton imaging, computer programming, and in the analysis of complex biological data. Dr. Makinson, has the long-term goal of becoming an independent tenure-track investigator studying the neuronal and molecular mechanisms of epilepsy.""}"
GRANT:R01AI153167	grant	Targeting Tfh Cell Metabolic Regulation in SLE and SLE-Associated Atherosclerosis	"{""activity_code"": ""R01"", ""fiscal_years"": [2021, 2022, 2023, 2024], ""is_active"": false, ""total_award"": 2227644, ""start"": ""2020-05-20"", ""end"": ""2026-04-30"", ""abstract"": ""PROJECT SUMMARY\nSystemic lupus erythematosus (SLE) is characterized by autoantibody production and immune complex\ndeposition and affects five to seven million individuals worldwide. Atherosclerosis and cardiovascular disease\nare common causes of early mortality in SLE, but immune-mediated mechanisms leading to this and other\ndisease sequelae are not well understood. Therefore, demand is high to identify targeted strategies to\novercome the undesirable side-effects of overt immunosuppression. In this application, we propose that the\ncellular metabolism of follicular helper T cells (Tfh), critical in promoting autoreactive B cell responses, may\nprovide novel SLE therapeutic targets. Conversely, regulatory T cells (Treg) may protect. Our group has\ndemonstrated that activated T cells increase glucose and glutamine consumption as they proliferate and\ndifferentiate into specific functional subsets. Importantly, differentiation and biosynthesis following activation\nrequires a distinct metabolic program. To date, Tfh metabolism remains poorly understood, but our data\nsuggest that both glucose and glutamine are essential and that Tfh appear to have high rates of glutaminolysis\nand are limited by rates of glucose uptake. It is now clear that these metabolic pathways regulate chromatin\naccessibility and gene expression by providing substrates for epigenetic modifications. Our data suggest that\nGlutaminase (GLS) and ATP-Citrate Lyase (ACLY), which regulate glutamine-dependent production of α-\nketoglutarate (αKG) and conversion of glucose-derived citrate to acetyl-CoA, respectively, regulate epigenetic\nmarks, gene expression and differentiation essential for Tfh function. These observations build on our previous\nwork demonstrating that GLS-inhibition led to reduced αKG and differential alterations to histone methylation\nand chromatin accessibility in CD4 Th1 and Th17 cells. Importantly, both GLS and ACLY-deficient T cells failed\nto generate or maintain Tfh in an in vivo model of chronic inflammation. We have also used a model for SLE-\naccelerated atherosclerosis and shown that T cells in atherosclerosis have increased rates of\nmetabolism. Further, Treg had reduced function and Tfh frequencies were increased. The current proposal\nwill test the hypothesis that Tfh cells require glutamine and citrate metabolism to regulate epigenetic marks and\nchromatin accessibility to allow gene expression for germinal centers and autoantibody production in SLE and\nthat targeting GLS or ACLY will disrupt epigenetic regulation of Tfh differentiation to treat disease. We will: (1)\nEstablish the role of GLS and ACLY in differentiation, epigenetic regulation and gene expression, and\nmetabolism of Tfh cells, and (2) Test inhibition of GLS or ACLY to decrease autoantibody production in murine\nSLE and impair circulating Tfh from SLE patients, and (3) determine the effect of manipulating Tfh metabolism\non SLE-accelerated atherosclerosis. Our proposal to test the metabolic regulators of epigenetic marks and Tfh\ndifferentiation will leverage two targets that are currently under investigation as anti-cancer metabolism\ntherapeutics and will determine if repurposing these drugs may offer new opportunities in SLE.""}"
GRANT:R01AI192909	grant	Determining the contribution of glutaminase-dependent metabolism ofdendritic cells to inflammatory diseases	"{""activity_code"": ""R01"", ""fiscal_years"": [2025, 2026], ""is_active"": true, ""total_award"": 1399826, ""start"": ""2026-06-13"", ""end"": ""2030-06-30"", ""abstract"": ""PROJECT SUMMARY\nDendritic cells (DCs) are professional antigen-presenting cells that initiate T-cell mediated inflammation or\nsupport tolerance to self- and environmental antigens. However, it remains unclear how DCs are programmed\nto choose between driving inflammation and immune tolerance. During immune activation, DCs profoundly\nrewire their intracellular metabolic pathways to perform their functions and interact with T cells. However, the\nmolecular mechanisms connecting metabolic changes in activated DCs to their immune functions are not\ncompletely understood. We propose that understanding the metabolic processes of DCs during antigen\npresentation offers an avenue for discovering novel mechanisms of inflammation and immune tolerance.\nResearch from our group and others has shown that DC metabolism regulates cytokine secretion and antigen\npresentation. We showed that DCs highly express the rate-limiting mitochondrial enzyme Glutaminase (GLS)\nthat converts the most abundant circulating amino acid glutamine to glutamate. Our new data suggest that\nGLS is a metabolic checkpoint that controls DC maturation and activation and enhances antigen-presentation\nto CD4 and CD8 T cells. The central hypothesis of this project is that glutamine metabolism in DCs directly\ncontrols their choice during antigen presentation between activating pro-inflammatory T cells and priming\nregulatory T cells to establish tolerance. We will capitalize on novel mouse models of GLS deficiency in DCs\nand a combination of experimental and systems immunology approaches to identify the molecular mechanisms\nby which Glutaminase-dependent metabolism in DCs controls inflammation and tolerance in two\ncomplementary aims. In Aim 1 we will determine how GLS activity in DCs regulates antigen presentation and\ninflammation. To this end, we will decipher how GLS regulates intracellular metabolism, pro-inflammatory\nsignaling pathways, gene expression and antigen processing and presentation in DCs during activation and\nmaturation. In Aim 2 we will identify cellular and molecular mechanisms connecting GLS-expressing DCs to\ninflammatory diseases. We will determine how GLS and glutamine metabolism reshape the crosstalk between\nDCs and T cells in an antigen-driven model of atopic dermatitis and a genetic model of psoriasis. This project\nwill identify new molecular mechanisms that link metabolism to antigen-driven inflammation and reveal novel\ninterventions to target GLS in DCs to control pathological inflammation, allergy, and tissue damage.""}"
GRANT:R01AR071967	grant	Role of Glutamine Metabolism During Osteoblast Differentiation and Bone Formation	"{""activity_code"": ""R01"", ""fiscal_years"": [2021, 2022], ""is_active"": false, ""total_award"": 706723, ""start"": ""2018-04-01"", ""end"": ""2024-03-31"", ""abstract"": ""Project Summary:\nGlutamine is a conditionally essential amino acid that has myriad uses in the cell. Aside from direct\nincorporation into protein, glutamine can be metabolized to generate nucleotides, other amino acids, ATP after\nanaplerosis into the TCA cycle, and glutathione to protect against oxidative stress. It is unknown how\nosteoblasts utilize glutamine and when it is required during differentiation. We recently identified glutaminase\n(GLS) as a critical regulator of Wnt dependent pathological bone formation. GLS deaminates glutamine to\nform glutamate, the first step in glutamine metabolism. Using a pharmacological approach, we demonstrated\nGLS activity was required for bone formation in the LRP5 human high bone mass disease mouse model.\nImportantly, GLS inhibition did not affect bone mass in otherwise wild type mice indicating GLS and glutamine\nmetabolism may not be required for physiological bone formation in mice. In this proposal, we will 1) establish\nthe necessity and sufficiency of glutaminase (GLS) to regulate osteoblast differentiation and bone formation, 2)\ndetermine if the molecular regulation of GLS activity by WNT, and 3) understand how glutamine is metabolized\nin mesenchymal stem cells. Our findings will have broad implications in bone development, maintenance of\nbone mass, skeletal repair and regeneration, as well as identify if stimulating glutamine metabolism is a viable\nosteoanabolic target to stimulate bone formation.""}"
GRANT:R01AR083904	grant	Metabolic regulation of osteoclast differentiation and bone resorption	"{""activity_code"": ""R01"", ""fiscal_years"": [2025, 2026], ""is_active"": true, ""total_award"": 1148700, ""start"": ""2025-02-01"", ""end"": ""2030-01-31"", ""abstract"": ""Project Summary:\nGlutamine is a conditionally essential amino acid that has myriad uses in the cell. Aside from direct\nincorporation into protein, glutamine can be metabolized to generate nucleotides, other amino acids, the Krebs\ncycle intermediate -ketoglutarate (KG) which is important for energy production and anabolic reactions, and\nglutathione (GSH) to protect against oxidative stress. We recently determined that mature osteoclasts are\ncharacterized by increased abundance of amino acids and nucleotides. Importantly, inhibiting glutamine\nmetabolism reduced nucleotide abundance and inhibited osteoclast differentiation. Unfortunately, the necessity\nof glutamine metabolism to regulate osteoclast differentiation and bone resorption in vivo has not been\ninvestigated. Moreover, how glutamine derived purine nucleotides mechanistically regulate osteoclasts\nremains enigmatic. In this proposal, we will 1) establish the necessity and sufficiency of glutaminase (GLS)\ndependent glutamine metabolism to regulate osteoclast differentiation and bone resorption, 2) evaluate the\nefficacy of the GLS inhibitor Telaglenastat to inhibit bone bone resorption in the ovariectomy mouse model of\nhuman osteoporosis, and 3) define the mechanisms by which glutamate oxaloacetate transaminase 2 (GOT2)\ndependent purine biosynthesis functions downstream of GLS to regulate osteoclast metabolism and\ndifferentiation. Our findings will have broad implications in understanding the roel and regulation of metabolism\nduring osteoclast differentiation and activity, bone homeostasis and pathological bone loss.""}"
GRANT:R01CA211337	grant	Molecular Imaging Markers for Glutaminolysis in Breast Cancer	"{""activity_code"": ""R01"", ""fiscal_years"": [2021], ""is_active"": false, ""total_award"": 402259, ""start"": ""2016-12-08"", ""end"": ""2022-11-30"", ""abstract"": ""Tumor-specific metabolic alterations have been increasingly recognized as a driving\nforce of tumor growth. Glutamine (Gln) is the most abundant amino acid in the blood. Glucose\nand Gln are two major nutrients utilized by cancers to meet the demand for energy production\nand biosynthesis. Gln is metabolized through the glutaminolysis pathway, which is highly active\nin many aggressive forms of human cancers, including triple-negative breast cancer (TNBC),\npancreatic and lung cancer, lymphoma and glioblastoma. The first and rate-limiting step of\nglutaminolysis is catalyzed by mitochondrial glutaminase (GLS) that converts glutamine to\nglutamate. Drugs targeting key steps of glutaminolysis pathway are being developed, and\npromising inhibitors of GLS have advanced to early phase clinical trials. However, there are no\ncurrent clinically feasible methods to estimate the level of cancer glutamine metabolism, nor is\nthere a non-invasive marker that can report the pharmacodynamic (PD) effect of GLS inhibitors.\nThese unmet needs provide strong motivation to develop imaging-based methods to measure\ncellular glutaminolysis in order to direct GLS-targeted therapy, the focus of this proposal.\n To interrogate in vivo glutamine metabolism in cancer, our Center has designed and\ndeveloped two positron emission tomography (PET) imaging probes: L-[5-11C]Glutamine\n([11C]Gln) and (2S,4R)-4[18F]Glutamine ([18F]Fluoroglutamine or [18F]4F-Gln ). This project aims\nto develop and validate quantitative analysis tools for [11C]Gln and [18F]4F-Gln PET using\nhuman breast cancer xenografts. Based on our preliminary studies, we have designed studies\nto test the central hypothesis that the distribution volume of [18F]4F-Gln is a marker of tumor\nglutamine pool that is an indirect measure of glutamine metabolism, while flux through GLS\nmeasured by [11C]Gln PET is an authentic marker of tumor GLS activity. The utility of these\nmarkers to report the pharmacodynamic effect of novel glutaminase inhibitor will be developed\nand validated using breast cancer xenograft models based on cell lines of different breast\ncancer subtype with varied degrees of dependence on glutamine.\n The outcome of the proposed project will fulfill the unmet clinical needs for quantitative,\nnon-invasive tools capable of predicting and measuring response to glutamine-targeted\ntherapies. These tools will be ready for clinical trials upon completion of this project to play a\ncritical role in development and deployment of such therapies in patients.""}"
GRANT:R01CA224550	grant	Glutamine synthetase in cancer cell metabolism and oncogenesis	"{""activity_code"": ""R01"", ""fiscal_years"": [2021, 2022], ""is_active"": false, ""total_award"": 893693, ""start"": ""2018-09-01"", ""end"": ""2024-05-31"", ""abstract"": ""SUMMARY\nDysregulated metabolism has long been recognized as a key hallmark of neoplastic disease. One of the major\nmetabolic changes in tumor cells is increased glutamine (Gln) usage via glutaminolysis: Gln is deaminated by\nglutaminase (GLS) to glutamate (glutamic acid, Glu), which is converted by glutamate dehydrogenase (GLUD)\nto α-ketoglutarate (aKG) to enter the tricarboxylic acid (TCA) cycle for anaplerosis (replenishment of metabolic\nintermediates for energy production or biosynthesis). It is well recognized that oncogenic c-Myc (hereafter\nreferred to as Myc) enhances Gln usage by directly transactivating the expression of Gln transporters SLC1A5\nand SLC7A5/SLC3A2, and by increasing GLS1 expression via transcriptional suppression of the GLS1\nrepressor micro RNAs (miR)-23a/b. Pharmacologically targeting GLS1 is being actively pursued as an anti-\ncancer approach, although thus far with little success. On the other hand, several recent studies, including\nthose from our laboratory, point to the importance of Gln synthesis, at least in certain cell/tissue types. Gln is\nsynthesized de novo by condensation of Glu and ammonia, catalyzed by the enzyme Gln synthetase (GS, also\nknown as glutamate ammonia ligase, GLUL). Using stable isotope-based metabolite tracing, we recently\nreported that this synthesized Gln is not used via glutaminolysis to fuel the TCA cycle; rather it is used for\nseveral TCA-independent anabolic processes including biosynthesis of nucleotides and transport of essential\namino acids. Importantly, elevated expression of GS promoted cell survival under Gln limitation; inhibition of\nGS led to decreased cell proliferation and increased cell death upon Gln limitation, and slowed xenograft tumor\ngrowth. Moreover, we recently reported that Myc can induce the expression of GS in a number of cancer cell\nlines. We also found a positive correlation between Myc activation and GS expression several mouse models\nand in human patient samples. These findings lead us to propose the following hypothesis: oncogenic Myc,\nat least in certain cell/tissue types, upregulates GS expression to promote Gln production and its\nanabolic usage (away from the TCA cycle), thereby facilitating oncogenesis. We propose two Specific\nAims to study this hypothesis: 1) Study the metabolic and cell biological consequences, and the regulation of\nincreased GS expression in the context of Myc activation; and 2) Determine the in vivo role of GS in Myc-\ndriven metabolic reprogramming and oncogenesis. If accomplished, this study will provide a novel dimension\nto understanding the functions of dysregulated Myc in cancer cells and a potential new target for treatment of\nMyc-driven tumors.""}"
GRANT:R01CA250506	grant	Effect of tumor cell glutamine metabolism on anti-tumor immunity in TNBC	"{""activity_code"": ""R01"", ""fiscal_years"": [2021, 2022, 2023, 2024], ""is_active"": false, ""total_award"": 1928321, ""start"": ""2020-07-17"", ""end"": ""2026-06-30"", ""abstract"": ""PROJECT SUMMARY/ ABSTRACT\nBreast cancer is the most common malignancy among western women. Although adjuvant and\nmolecularly targeted therapies significantly improve patient survival in some molecular subtypes\nof breast cancer, the prognosis of triple-negative/basal-like breast cancer (TNBC) remains grim,\ndue to lack of identification of oncogenic drivers. In searching of cancer vulnerability, it was\ndiscovered that TNBC is especially dependent on glutamine metabolism, likely due to up-\nregulation of the glutamine transporter, ASCT2/SLC1A5, and glutaminase, GLS, representing\nthe rate-limiting steps in glutamine consumption. Despite the interest in targeting glutaminolysis\nin TNBC, it is unclear how global inhibition of glutamine metabolism will affect immune cells in\nthe tumor microenvironment, particularly given that rapidly proliferating tumor infiltrating\nlymphocytes (TILs) require glutaminolysis to supply macromolecules for cell growth.\nSpecifically, the competition between tumor cells and TILs for glutamine has not been\ninvestigated thus far, but is likely to be important for anti-tumor immunity.\nWe have generated preliminary data providing evidence that knockout of GLS specifically in\ntumor cells increases glutamine concentration in the tumor interstitial fluid and enhances\ncytotoxic CD8 T lymphocyte activities. The above effects are abrogated in immune-deficient\nmice, suggesting that adaptive immunity plays a critical role. In addition, pharmacologic\ninhibition of the glutamine transporter, ASCT2, selectively targeting tumor cells while enhancing\nTIL function. Based on these findings, we hypothesize that (1) tumor cells outcompete TILs for\nglutamine to sustain their proliferative programs while simultaneously suppressing antitumor\nimmune response, and (2) selectively targeting glutamine metabolism in tumor cells enhances\nantitumor immunity. To test these hypotheses, we will first test glutamine competition between\ntumor cells and TILs and how this competition affects tumor growth, metastasis, and anti-tumor\nimmune responses (Aim 1). We will also define how metabolic changes in GLS loss specifically\nin tumor cells impact T cell recruitment and activation in situ by MALDI-imaging mass\nspectrometry (Aim 2). Finally, we will evaluate in vivo pharmacological targeting of glutamine\ntransporter and glutaminase for treating TNBC (Aim 3). The success of the project will elucidate\na long-standing issue whether there is a metabolic competition for glutamine between tumor\ncells and infiltrating lymphocytes, and leverage the knowledge for developing new therapeutic\nstrategies for treatment of glutamine-addicted cancer.""}"
GRANT:R01CA266285	grant	PET Imaging of Glutamine Metabolism and Glutamate Transport to Guide Metabolically Targeted Therapy in Triple-Negative Breast Cancer	"{""activity_code"": ""R01"", ""fiscal_years"": [2022, 2023, 2024, 2025, 2026], ""is_active"": true, ""total_award"": 2622088, ""start"": ""2022-05-19"", ""end"": ""2027-04-30"", ""abstract"": ""Glutaminolysis, the cellular catabolism of glutamine, is an important metabolic pathway\nfor aggressive and treatment-resistant cancers, including many triple-negative breast\ncancers (TNBCs). It is well accepted that glutamate produced from glutamine by\nmitochondrial glutaminase (GLS) fuels the TAC cycle, which provides energy and\nprecursors for biosynthesis. Emerging data have revealed a less recognized but important\ncontribution of glutaminolysis in mediating oxidative stress introduced internally by active\ngrowth of aggressive cancer cells and externally by treatments including chemotherapy\nand immunotherapy. Targeting inhibitors of GLS to block glutaminolysis is a therapeutic\nstrategy that has been tested in clinical trials of breast and other cancers with acceptable\ntoxicity, but limited efficacy, owing in good part to a lack of clinical markers to guide patient\nselection and assess target impact. Preliminary data from our lab have shown that dual\ntargeting of GLS and the plasma membrane glutamate transporter, xCT (SLC7A11),\nresulted in dramatic sensitization of resistant TNBC to chemotherapy. We propose three\naims based upon an overall theme to develop a kinetic framework for non-metabolized\namino acid analog PET tracers to measure cellular pool sizes as an indicator of\ncatabolism and cellular transport. Specifically, we will (1) validate quantitative markers for\ncellular glutamine pool size from dynamic [18F]fluciclovine PET; (2) develop and validate\nmarkers for cytosolic glutamate pool size and transport using 4-(3-[18F]fluoropropyl)-L-\nglutamic acid ([18F]FSPG) PET, and (3) determine the utility of combined [18F]fluciclovine\nand [18F]FSPG PET for predicting and measuring response to dual-targeted treatment\ndesigned to sensitize TNBC to chemotherapy. As part of this work, we will address\nmechanistic questions regarding cytosolic glutamate transport from mitochondrial pools\nand to/from extracellular fluid to guide the interpretation of PET tracer kinetics. We will\nalso test approaches to target TNBC metabolic vulnerabilities, specifically the\ndependence glutamine metabolism and glutamate transport, guided by the PET methods\nwe develop and validate in our pre-clinical TNBC models. The proposed work will lead\nto a deeper understanding of the mutual engagement between glutaminolysis and redox\nhomeostasis of cancer cells and will yield quantitative imaging methodologies ready to\ntranslate to the clinic.""}"
GRANT:R01CA281075	grant	Molecular Imaging and Metabolotheranostics of PDAC-Induced Cachexia	"{""activity_code"": ""R01"", ""fiscal_years"": [2025, 2026], ""is_active"": true, ""total_award"": 866825, ""start"": ""2025-04-01"", ""end"": ""2030-03-31"", ""abstract"": ""Cachexia induced by pancreatic ductal adenocarcinoma (PDAC) results in significant morbidity, mortality, and\npoor response to treatment including immune therapy. We intend to apply our molecular and functional imaging\ncapabilities, and our experience in developing theranostic nanoparticles (NPs) that deliver small interfering RNA\n(siRNA), to focus on reversing PDAC-induced cachexia. We found that a cachexia inducing PDAC xenograft\ninduced profound changes in brain, plasma and tumor interstitial fluid glutamine levels that led us to focus on\nthe glutamine/glutamate axis and disruption of glutamine metabolism in Aims 1 and 2 of this application. Our\npreliminary data with human plasma and human PDAC tissue further support targeting the glutamine/glutamate\naxis. Of all the visceral organs, the spleen showed the highest number of metabolic changes and the largest\nweight loss with cachexia. Downregulating the glutamine transporter, SLC1A5, significantly reduced body weight\nloss compared to empty vector or wild type tumors of similar volumes, and normalized spleen weights to those\nof normal non-tumor bearing mice or mice with non-cachexia inducing tumors. Since the spleen is a major\nreservoir of immune cells, the splenic weight loss and metabolic alterations have prompted us to focus on the\nspleen and tumor immune environments with cachexia, and following disruption of glutamine metabolism, in Aim\n3. In Aim 1 we will focus on the glutamine/glutamate axis, studying preclinical PDAC models in immune\nsuppressed as well as immune competent mice with SLC1A5 and glutaminase 1 and 2 (GLS1/2) downregulated.\nThese studies will expand our understanding of the effects of downregulating these target genes on cachexia,\nand on tumor and organ metabolism using 1H magnetic resonance spectroscopy (MRS), transcriptomics, and\nmolecular characterization. In Aim 2, we will downregulate these target genes in established wild type tumors\nusing biocompatible dextran siRNA NPs that can be imaged to detect tumor delivery and biodistribution. We will\nalso evaluate a pharmacological inhibitor of SLC1A5, V-9302, and of GLS, CB-839, and determine the effects of\ntreatment with siRNA NPs and of pharmacological inhibitors on cachexia and on tumor and organ metabolism\nusing 1H MRS. CB-839 is already in clinical trials for solid cancers, presenting a more immediate strategy for\nreversing or reducing cachexia. In Aim 3 we will investigate changes in T-cell exhaustion and myeloid derived\nsuppressor cells combined with metabolic changes in the spleen and tumor with or without glutamine disrupted.\nMass spectrometry imaging will be used to relate spatial metabolic information to immunostaining. Studies in\nAim 3 will include investigating paired spleen and tumor tissue from PDAC patients with or without weight loss\nand loss of muscle mass as identified in CT scans. The three aims are designed to advance understanding of\nthe consequences of cachexia on organ metabolism and the immune microenvironments in the spleen and\ntumor, and the role of glutamine metabolism disruption on reversing or reducing these consequences.""}"
GRANT:R01DK105550	grant	Exploiting metabolic vulnerabilities of CD4 T cell subsets to control inflammatory disease	"{""activity_code"": ""R01"", ""fiscal_years"": [2021, 2022], ""is_active"": false, ""total_award"": 762630, ""start"": ""2015-04-01"", ""end"": ""2023-02-28"", ""abstract"": ""Inflammatory diseases are often caused by inappropriate responses of effector CD4 T cells (Teff). Th17\nTeff are IL17-producing CD4 T cells that contribute to a variety of immune pathologies, including Inflammatory\nBowel Disease (IBD). Regulatory T cells (Treg), in contrast, suppress Teff to protect from disease. A key\ntherapeutic objective in efforts to shift the immunologic balance towards tolerance, therefore, is to selectively\ninhibit Teff and promote Treg. We have shown that Th17 and Treg cells utilize fundamentally different metabolic\nprograms, with Th17 being reliant on glucose uptake and glycolysis while Treg are primarily reliant on\nmitochondrial pathways. In our efforts to better understand the metabolic demands of each subset that could\nbe targeted to selectively modulate CD4 T cells in inflammatory diseases, we have found that cytokine and\ninflammatory signals that drive Th17 and Treg differentiation each play distinct roles in control of T cell\nmetabolism. Further, these metabolic changes may influence T cell fate through modulation of reactive oxygen\nspecies (ROS) and epigenetic modifications of gene expression. We showed that while Th17 require the\nglucose transporter Glut1 and glycolysis, FoxP3 and the Treg-inducing cytokine TGFβ inhibit this pathway and\nTreg can suppress independent of Glut1. Treg are metabolically flexible, however, and Toll-like receptors (TLR)\nligands can stimulate Treg to increase glycolysis but with reduced suppressive capacity and expression of\nFoxP3. To identify additional metabolic pathways that may provide new immune modulatory targets, we\nperformed high-resolution non-targeted metabolomics and metabolic network analyses. These studies\nidentified glutaminolysis and one carbon metabolism as selectively enriched in Th17 relative to Treg. Here we\nwill test the roles of Glutaminase (GLS) in glutaminolysis and Methylenetetrahydrofolate dehydrogenase 2\n(MTHFD2) in and one carbon metabolism in Th17 and Treg. Treg did not require GLS, but Treg differentiation\nand stability were suppressed by MTHFD2. In contrast, we show that Th17 cells require both GLS, and\nMTHFD2. While glycolysis, glutaminolysis, and one carbon metabolism are linked and each modulate both\nROS and epigenetic marks, mechanisms by which they affect Treg and Th17 cells, remain unknown. Our data\nhave led to the hypothesis that regulation of these metabolic pathways is essential for Treg and Th17 cells\nthrough control of ROS and epigenetic methylation and that GLS or MTHFD2 will provide new immuno-\nmodulatory targets for inflammatory diseases. We will: (1) Determine how Treg glycolysis and MTHFD2 are\nregulated by inflammatory cues to control Treg function and FoxP3 expression; (2) Test signals that regulate\nTh17 metabolism and ROS and epigenetic modifications as mechanisms by which Th17 cells require GLS and\nMTHFD2; (3) Establish the in vivo potential of GLS and MTHFD2 as therapeutic targets to enhance Treg and\nsuppress Th17 cells in inflammation. These studies will establish the opportunity and mechanisms of\nglycolysis, GLS, and MTHFD2 to suppress Th17 and promote Treg function and stability.""}"
GRANT:R01EY033141	grant	Investigating the Mechanism of Optic Nerve disorders associated with Down Syndrome	"{""activity_code"": ""R01"", ""fiscal_years"": [2023], ""is_active"": false, ""total_award"": 1475142, ""start"": ""2023-08-01"", ""end"": ""2026-07-31"", ""abstract"": ""PROJECT ABSTRACT\nThe prevalence of optic nerve hypoplasia (ONH) among individuals with Down syndrome (DS) is more than ~100\nfolds higher than in the general population. ONH is characterized by a thin, underdeveloped optic nerve that\noften results from secondary loss of retinal ganglion cells (RGCs) and is the leading cause of childhood legal\nblindness in developed nations. We have developed a murine model of ONH by manipulating the CASK\n(calcium/calmodulin dependent serine protein kinase) gene. The ONH pathology of CASK mutant mice\nrecapitulates many aspects of human ONH, including the timing of the onset of pathology (after RGC\ndevelopment, i.e., secondary loss) and the non-progressive nature of the pathology. In addition to ONH, DS and\npathology associated with CASK mutation share other similarities such as microcephaly. Biochemical\nexperiments suggest that similar to DS, CASK mutation alters mitochondrial function, resulting in aberrant fatty\nacid metabolism. We have uncovered a deficiency of the ω-6 polyunsaturated fatty acid arachidonic acid (ARA)\nin the central nervous system (CNS) of CASK mutant mice. A specific reduction of ARA-containing lipids has\nbeen also reported in postmortem human DS brains. In both CASK mutant mice and the DS murine model visual\ncontrast sensitivity is reduced. Based on the literature and our observations, we hypothesize that ARA\ndeficiency in the optic nerve (ON) leads to ONH in DS. If this hypothesis is correct, dietary ARA\nsupplementation could ameliorate ONH in DS. In this proposal, we plan to use two independent murine DS\nmodels (Ts65Dn and DP16 mice) to investigate retinal circuit and retinogeniculate connectivity using appropriate\nmarkers and tracers along with imaging techniques. Three-dimensional ultrastructural morphometry of the ON\nin DS murine models will be performed using serial block-face scanning electron microscopy (SBFSEM).\nBehavioral experiments will document visual defects. Visual circuit function will be evaluated with a novel in vivo\nelectrophysiological technique we have named Network Response to Visual Excitation (NeRVE), a method that\nwill be applicable beyond this proposal to better understand rodent vision processing. Mitochondrial metabolism,\nreactive oxygen species generation, oxidative damage, and fatty acid metabolic defects in the retina, optic nerve\nand brain of two independent DS mouse models will be measured. We will also quantify the levels of two ω-\npolyunsaturated fatty acids (docosahexaenoic acid and ARA), as well as phospholipids, in the ON of both types\nof DS mice. Finally, we will test if ARA supplementation ameliorates known defects in visual acuity and contrast\nsensitivity in these two DS mouse models. Our study is likely to provide data on DS pathobiology and provide a\nclear mechanism for the co-occurrence of ONH in DS. Furthermore, promising results from our ARA\nsupplementation study would be immediately translatable into clinical practice for the amelioration of ONH in\nindividuals with DS.""}"
GRANT:R01EY033391	grant	Role of fatty acid metabolism in optic nerve hypoplasia	"{""activity_code"": ""R01"", ""fiscal_years"": [2022, 2023, 2024, 2025], ""is_active"": true, ""total_award"": 1524121, ""start"": ""2023-08-01"", ""end"": ""2027-04-30"", ""abstract"": ""ABSTRACT\nOptic nerve hypoplasia (ONH) is a very common congenital optic nerve (ON) disorder and is the leading cause\nof childhood blindness in developed nations. ONH incidence has increased ~8-fold over the last two decades.\nONH is characterized by a thin, underdeveloped ON that often results from secondary loss of retinal ganglion\ncells (RGCs). The most common prenatal determinants of ONH are a young primiparous mother, an unhealthy\nmaternal lifestyle including alcohol abuse, and nutritional deprivation. We have developed and published murine\nmodels of ONH by manipulating the X-linked gene CASK, since CASK mutations in humans are associated with\nONH. The ONH pathology of CASK mutant mice recapitulates human ONH, including the timing of pathology\nonset (after RGC development; i.e., secondary loss) and the non-progressive nature of the pathology.\nBiochemical experiments show that CASK interacts with metabolic proteins and modulates mitochondrial\nfunction. CASK deficiency leads to increased fatty acid oxidation and a deficit of the ω-6 fatty acid arachidonic\nacid (ARA) in the central nervous system (CNS). ARA deficiency is also observed in other conditions associated\nwith ONH. We hypothesize that ONH results from an early ARA deficit, thus ONH can be exacerbated by\nperturbing brain ARA metabolism (via astrocyte dysfunction) and ameliorated by dietary ARA\nsupplementation. During the third trimester, ARA is exclusively obtained from the mother; in neonates, brain\nARA is also obtained from the diet until adequate enzymatic activity (conversion of the essential fatty acid linoleic\nacid into ARA) is reached. This post-neonatal shift in ARA acquisition from diet to synthesis may contribute to\nONH’s non-progressive nature. In the CNS, fatty acid metabolism (including ARA uptake and production) occurs\npredominantly in astrocytes. In this proposal we plan to test our hypothesis in two independent ONH mouse\nmodels: 1) CASK(+/-) heterozygous knockout mice, and 2) a previously published fetal alcohol syndrome (FAS)\nmouse model. With these models, we will examine mitochondrial metabolism, oxidative damage and fatty acid\nmetabolic defects in the retina, ON and brain. We will also quantify levels of two ω-fatty acids (docosahexaenoic\nacid and ARA), as well as phospholipids in the ON of both types of ONH mice. Next, we will genetically disrupt\nthe function of astrocytes (crucial for brain ARA metabolism) in a CASK hypomorph ONH model by complete\ndeletion of CASK in astrocytes. We will investigate if this manipulation exacerbates the metabolic defect and\nONH as assessed both morphologically and functionally, using a visual behavioral assay and an innovative\nelectrophysiological tool called Network Response to Visual Excitation (NeRVE). Finally, we will test if ARA\nsupplementation ameliorates ONH in the two models described above. Our study is likely to identify ARA\ndeficiency as the final common pathway that explains ONH’s association with nutritional deprivation, maternal\ndiabetes, infantile cholestasis and FAS. Positive results from ARA supplementation will be readily translatable.""}"
GRANT:R01EY037747	grant	Metabolic and molecular mechanisms by which glutamine promotes photoreceptor health	"{""activity_code"": ""R01"", ""fiscal_years"": [2026], ""is_active"": true, ""total_award"": 519644, ""start"": ""2026-08-01"", ""end"": ""2031-04-30"", ""abstract"": ""PROJECT SUMMARY: Photoreceptor (PR) death is the cause of vision loss in many retinal diseases, and\neffective therapies to prevent PR death are lacking. Metabolic dysfunction contributes to PR degeneration and\nexploiting PR metabolic dependencies is a novel strategy to improve PR survival, evidenced by an ongoing\nPhase I/II trial investigating a gene therapy that stimulates glucose metabolism in PRs to treat retinal disease.\nBeyond glucose, the metabolic pathways integral to PR health remain largely unknown. This is a gap in our\nknowledge of retinal disease pathophysiology and identification of these pathways is expected to reveal new\ntargets for preventing vision loss. To address these knowledge and therapy gaps, our long-term goal is to\nprovide fundamental insights on PR metabolism and translate these into therapeutics. We recently found that\nrod PRs are highly dependent on glutamine (Gln) catabolism to maintain their biomass and survival. The\nobjective herein is to define the downstream metabolic and molecular mechanisms by which Gln catabolism\nimpacts rod PR health. Gln catabolism is initiated primarily by the enzyme glutaminase (GLS), and we have\nshown that mice lacking GLS in rod PRs display rapid rod degeneration and activation of the integrated stress\nresponse (ISR) with global protein synthesis attenuation. The retina of these transgenic mice have decreased\nlevels of amino acids, including aspartate (Asp), and supplementing asparagine (Asn), which is directly\nsynthesized from Asp, improved PR survival. Amino acid deprivation is known to activate the ISR, and chronic\nISR activation and global protein synthesis inhibition trigger cellular apoptosis. So, we hypothesize that GLS-\ndriven Gln catabolism in rod PRs supports the production of Asp and Asn to promote anabolism and prevent\nactivation of the proapoptotic ISR pathway. We test this central hypothesis in two aims. Aim 1 tests the\nhypothesis that proapoptotic ISR signaling is a key molecular mechanism downstream of Gln catabolism\ninhibition that drives rod degeneration. In this aim, the ISR is genetically or pharmacologically antagonized in\nmice lacking GLS in rods and the consequences of these interventions on global protein synthesis, pro-\napoptotic ISR signaling, and PR survival elucidated. Aim 2 tests the hypothesis that GLS-driven Gln catabolism\nin rod PRs is critical for maintaining Asp and Asn pools to promote anabolic metabolism and suppress PR\napoptosis. Using metabolic, pharmacologic, and genetic tools, we assess the effect of increasing Asp\nsynthesis on PR health and metabolism and define the mechanism underlying the neuroprotective effect of\nAsn supplementation in mice lacking GLS in rods. Finally, the dependence of the anti-apoptotic effect of Gln\ncatabolism on de novo Asn synthesis is assessed via a novel transgenic mouse model. Gln conversion and\nAsp and Asn biosynthesis pathways have been shown to be downregulated at the onset of rod degeneration in\nhuman disease models and potential targets for neuroprotection. Hence, successful completion of the aims of\nthis proposal is expected to identify targetable nodes for therapeutic intervention.""}"
GRANT:R01GM149957	grant	Defining the role of phosphatidic acid as an allosteric regulator of mitochondrial glutaminase	"{""activity_code"": ""R01"", ""fiscal_years"": [2023, 2024, 2025, 2026], ""is_active"": true, ""total_award"": 1574400, ""start"": ""2023-03-15"", ""end"": ""2027-01-31"", ""abstract"": ""PROJECT SUMMARY/ABSTRACT\nMitochondrial glutaminases (GLS and GLS2) catalyze the hydrolysis of glutamine to glutamate and ammonium,\na metabolic reaction that is critical for numerous aspects of mammalian physiology. Whereas GLS2 expression\nis largely restricted to the liver, GLS is ubiquitously expressed, with particularly high levels in the kidney, digestive\ntract, and brain. Its roles include the regulation of systemic acid-base homeostasis and the biosynthesis of\nexcitatory and inhibitory neurotransmitters. Accordingly, human inborn errors of metabolism involving mutation\nof the GLS gene have severe phenotypes, including neural excitotoxicity and lethal neonatal encephalopathy. In\naddition to its functions in organismal health, dysregulated GLS activity has been implicated in a spectrum of\nhuman pathologies, ranging from neurodegeneration to cancer. Consequently, there have been intensive efforts\nto develop selective allosteric inhibitors of GLS, one of which is now being evaluated in clinical trials for the\ntreatment of solid and hematological malignancies. However, results to date indicate that the rapid development\nof resistance limits the efficacy of this therapeutic strategy. Remarkably, despite the long history of GLS research,\nit is not understood how the activity of this enzyme is regulated in cells. Purified recombinant GLS has minimal\ncatalytic activity, and vastly supraphysiological concentrations of inorganic phosphate (100-150 mM) are required\nto activate GLS in vitro. We have recently discovered that that the bioactive phospholipid phosphatidic acid (PA)\nis an extremely potent activator of GLS, approximately 107-fold more potent than inorganic phosphate.\nImportantly, we have found that PA can activate GLS even in the presence of clinical GLS inhibitors, thus\nrendering these drugs ineffective. In this project, we propose to define the molecular mechanism by which PA\nactivates GLS, and then to probe the upstream regulation of mitochondrial PA signaling, with the ultimate goal\nof perturbing this process to overcome resistance to GLS inhibitors. In the course of these studies, we will\ndevelop new chemical probes for investigating the PA-GLS interaction, including phosphorus-based covalent\ncapture probes to determine the binding site of the PA phosphomonoester head group. We will then conduct a\nscreen to identify additional potential metabolite-GLS interactions, and functionally validate any ‘hits’ obtained.\nIn the second Aim, we will build on preliminary data that strongly implicate the PA-generating enzyme\nphospholipase D2 (PLD2), as well as the uncharacterized protein PLD5, in the regulation of the mitochondrial\nPA-GLS axis. We will attempt to determine the function of PLD5, focusing on whether its reported interaction\nwith PLD2 regulates either the activity or subcellular localization of the latter. Finally, since our preliminary data\nindicate that PLD2/5 mediate resistance to clinical GLS inhibitors, we will test whether pharmacological or genetic\nblockade of PLD2 or PLD5 can overcome this resistance mechanism. Thus, our proposed studies will define the\nphysiological processes that regulate GLS activity, and will then apply this knowledge to identify opportunities\nfor enhancing the efficacy of therapeutic strategies targeting glutamine metabolism.""}"
GRANT:R01HL136664	grant	Targeting T cell glutamine metabolism in severe asthma	"{""activity_code"": ""R01"", ""fiscal_years"": [2021, 2022, 2023, 2024], ""is_active"": false, ""total_award"": 2375946, ""start"": ""2017-04-06"", ""end"": ""2026-05-31"", ""abstract"": ""SUMMARY\n Asthma is a debilitating disease of airway inflammation with increasing worldwide occurrence. With higher\nincidence in females, asthma is exacerbated by obesity and metabolic disease. Underlying asthma is activation\nof innate immune and T cells that drive inflammation. Airway inflammation in severe asthma is caused in part by\nan imbalance between effector CD4 T cells (including Th2 and Th17) and suppressive regulatory (Treg) T cells.\nThis imbalance is particularly heightened in obese females and leads to increased eosinophils and/or neutrophils\nin the airway, increased airway hyperresponsiveness, and increased mucus production. It is now clear that T cell\nmetabolism plays a critical role to regulate immune function and the distinct metabolic programs of each T cell\nsubset can influence inflammation and play roles in asthma. In addition to a requirement of T cells for glycolysis,\nour data show that glutamine metabolism plays a key role to support inflammatory T cells in asthma.\nMetabolomics data from bronchoalveolar fluid and mass cytometry of T cells from donors with severe asthma\nshowed markers of elevated glutaminolysis. While IL17 producing cells both in vitro and from lungs had the\nhighest expression of metabolic markers, both Th17 and Th2 cells relied on glutamine for differentiation and\ncytokine production. Glutamine metabolism is regulated through uptake by the transporter ASCT2 and\nGlutaminase (GLS)-dependent conversion to glutamate and α-ketoglutarate that supports mitochondrial electron\ntransport and regulates epigenetic marks that control chromatin and gene expression. We have now shown\nthrough inhibition, gene targeting, and in vivo primary T cell CRISPR screening in lung inflammation that ASCT2\nand GLS are essential for Th17 and Th2 cells. These genes are dispensable for Treg and blocking glutamine\nuptake can instead enhance Treg differentiation. Importantly, we also show in an animal model that high fat diet\nfed female mice have selectively increased frequencies of Th17 cells. This effect is sex-specific, as high fat diet\nfed female, but not male, mice developed increased IL17 production and we show that the Estrogen Receptor\n(ERα) plays a key role in females to elevate CD4 T cell glycolysis and mitochondrial metabolism. We hypothesize\nthat airway allergen exposure and inflammatory cytokines induce T cell glutamine metabolism, driving Th2 and\nTh17 cells that contribute to asthma incidence and severity in obese females. To test this hypothesis, we will:\n(1) Determine the role and mechanism of GLS and ASCT2-dependent glutamine metabolism to regulate the\nbalance of Th2, Th17 and Treg cells in a mixed model of allergic airway inflammation and (2) Test if obesity-\ninduced exacerbation of asthma severity in females is dependent on enhanced T cell glutamine metabolism in\nanimal models and from peripheral blood and excised lungs of healthy and severe asthma normal weight or\nobese donors. These studies will establish metabolic mechanisms and if inhibiting glutamine uptake or\nmetabolism through ASCT2 or GLS can shift the balance of Th17 and Th2 cells to instead favor Treg and protect\nagainst asthma to help alleviate this health disparity observed in females with metabolic disease.""}"
GRANT:R01MH067234	grant	Effects Of Environmental Challenges On Genetically Modified Interneuronal Subpopulations	"{""activity_code"": ""R01"", ""fiscal_years"": [2021], ""is_active"": false, ""total_award"": 384790, ""start"": ""2003-07-01"", ""end"": ""2022-02-28"", ""abstract"": ""Reduction of the transcript encoding glutamic acid decarboxylase 67kDa (GAD67, encoded by the Gad1 gene)\nis perhaps the most robust and consistently replicated finding across different cohorts of schizophrenia. Yet\nthis downregulation is complex: GAD67, the critical GABA synthesis enzyme in the brain, is simultaneously\nreduced in distinct interneuron populations of the human cortex. Over the last 5 years we generated and\ncharacterized five distinct, GFP/RFP-labeled, Gad1 hypomorph mice under the control of Sst, Npy, Cck, Cnr1\nand Pvalb BAC promoters. Although the same gene was downregulated (Gad1), the five transgenic mice\nshowed distinct, well-defined behavioral phenotypes depending on which interneuronal subpopulation was\ntargeted. In this application we selected two animal lines for further follow-up. The Pvalb-driven/Gad1-\nhypomorph (Pvalb/Gad1) and Npy-driven/Gad1-hypomorph (Npy/Gad1) transgenic mice were chosen based\non literature findings, their reported behavioral phenotypes, as well as their different mechanism of inhibition\n(synaptic vs. volumetric). These two mouse lines showed divergent behavioral phenotypes: the Npy/Gad1\nanimals were hypersensitive to amphetamine challenge, while fear and novelty seeking were the primarily\nimpacted behavioral domains in the Pvalb/Gad1 animals. This proposal focuses on Gene*Environment (G*E)\ninteraction, and asks how does the transgenic mouse phenotypes change when we expose them to\nschizophrenia-predisposing environmental challenges. We hypothesize that Pvalb/Gad1 and Npy/Gad1\ntransgenic mice will show enhanced susceptibility when exposed to maternal immune activation,\nresulting in emergence of novel, disease-relevant phenotypes. In Aim 1 we will perform maternal immune\nactivation (MIA) of Pvalb/Gad1 transgenic mice and matched controls, and establish their molecular/behavioral\nphenotype at adulthood using RNA-seq, neurochemical measures in striatum, hippocampus and frontal cortex,\na battery of behavioral tests at baseline and under challenge with ketamine and amphetamine, and a rescue of\nphenotype will be attempted by clozapine. In Aim 2 will perform the same experiments using Npy/Gad1\ntransgenic muse model and establish the resulting molecular/behavioral phenotypes with methods described in\nAim 1. Finally, Aim 3 will compare the obtained transcriptome findings in Aims 1-2 to human postmortem\ndatasets from patients with neuropsychiatric and neurodevelopmental disorders. The significance of the\nproposal comes from our approach, which is trying to understand the cell-type specific building blocks of\nbehavior (especially those that show alteration in schizophrenia) and how are they influenced by environmental\nfactors. We are also taking advantage of a novel technology developed in the previous grant cycle, and use\nour unique BAC-driven/miRNA-mediated silencing mice as a novel model for ascertaining of the environmental\neffects on brain function and behavior.""}"
GRANT:R01NS034509	grant	Functional Genetics of the Neuronal Sodium Channel Gene SCN8A	"{""activity_code"": ""R01"", ""fiscal_years"": [2021, 2022, 2023, 2024, 2025, 2026], ""is_active"": true, ""total_award"": 2834155, ""start"": ""1996-05-01"", ""end"": ""2027-01-31"", ""abstract"": ""ABSTRACT\nDuring the previous funding period, we generated a conditional mouse model of the recurrent sodium channel\nmutation SCN8A-p.R1872W that is responsible for the rare, devastating disorder Developmental Epileptic\nEncephalopathy (DEE). We demonstrated that expression of the mutant channel in excitatory neurons of the\nforebrain reproduces the seizures and sudden death of the human disorder. We also developed an effective\ntreatment for Scn8a-DEE by intracerebroventricular administration of an antisense oligonucleotide (ASO) that\nreduced both mutant and wildtype transcript level throughout the brain, resulting in delayed seizure onset and\nextended lifespan. We will build on this important preclinical result by developing improved, longeracting\ntreatments that will minimize the side effects of excess Scn8a reduction. First, AAV viral delivery of an Scn8a-\nshRNA will limit effects to specific brain regions only. Second, the multiple nucleotide substitutions in our\nengineered Scn8a-N1768D mutant make it feasible to specifically inactivate the mutant allele by CRISPR/Cas\ntargeting. The goal of these experiments is to minimize the potential side effects of Scn8a deficiency and to\navoid the repeated treatments required for ASO therapy. Finally, expression of Scn8aR1872W in cerebellar\nPurkinje cells results in elevated neuronal excitability. We will characterize mice with specific expression of the\nmutant allele in Purkinje cells to gain insight into the role of the cerebellum in the movement and cognitive co-\nmorbidities that accompany SCN8A-DEE. The work described here will extend basic understanding of SCN8A\npathophysiology and provide pre-clinical evidence regarding future translational potential of regional or mutant-\nallele-specific down-regulation of pathogenic variants of SCN8A.""}"
GRANT:R01NS034774	grant	Inhibitory Controls of Thalamic Neurons	"{""activity_code"": ""R01"", ""fiscal_years"": [2021], ""is_active"": false, ""total_award"": 457536, ""start"": ""1996-07-22"", ""end"": ""2024-10-31"", ""abstract"": ""The brain has likely evolved multiple control mechanisms to regulate activity and keep it\nin a robust operational state. Occasionally these regulatory mechanisms break down,\nand uncontrolled activity in the form of epileptic seizures ensues. This is especially\nevident in the syndrome of primary generalized epilepsy in which global seizures\nsuddenly arise from a normal behavioral state. A form of primary generalized epilepsy,\nabsence epilepsy, is expressed in a network composed of widespread regions of\nneocortex and a subcortical structure, the thalamus, that together form the\nthalamocortical circuit. Childhood absence seizures are characterized by widespread\nsynchronized thalamocortical activity, EEG 3/s spike and wave discharge, and loss of\nconsciousness. Validated genetic rat and mouse models of absence epilepsy have\nidentified some of the thalamic and cortical microcircuit elements, i.e. the individual\nneuron types and their synaptic connections that participate in the epileptic network, yet\nit remains unclear how the circuit suddenly and unpredictably switches its state from\nthat of normal functioning to seizure generating and back. Recent evidence suggests\nthat in one central node of the thalamocortical network, the reticular thalamus (RT), a\nsingle type of branch of RT neuron axonal output is specifically susceptible to sporadic\nfailures that might explain sudden seizure onset. Pilot data indicate that this internal\nbranch, which regulates RT itself, can fail in a use-dependent way that would lead to\nuncontrolled RT activity that can precipitate seizures. Further, Scn8a deficient mice,\nwith frequent absence seizures, show increased intra-RT failures, indicating a causative\nrole. Only recently have the methods become available to directly study axon function,\nallowing us for the first time ask questions about how the selective failure of\nneurotransmission in axon branches can occur. Experiments will utilize high resolution 2\nphoton imaging and electrophysiology to visualize the different branches of RT axons\nand address the novel hypothesis that failure, i.e. the inability to send efferent synaptic\nsignals, through individual output axon branches and their synaptic release sites could\nbe causative in epilepsy. Aims will determine the conditions in which selective branch\nfailure of intra-RT vs RT output axons to the dorsal thalamus occurs, and the\nmechanisms for the failure, whether they be through failure of action potential\ngeneration or through decreased probability of synaptic release, and whether failure\nmechanisms may apply more broadly to epilepsies. The results of these studies could\ninform the development of potential new epilepsy treatment approaches that would\nprevent the failure of key output branches.""}"
GRANT:R01NS103090	grant	Pathogenesis of epilepsy in a SCN8A human mutation mouse model	"{""activity_code"": ""R01"", ""fiscal_years"": [2021, 2022], ""is_active"": false, ""total_award"": 706562, ""start"": ""2018-01-01"", ""end"": ""2023-12-31"", ""abstract"": ""De novo mutations of SCN8A, the gene that encodes for the sodium (Na) channel isoform Nav1.6, are\nknown to cause early infantile epileptic encephalopathy 13 (EIEE13). To date, more than 150 SCN8A\nmutations have been identified. Patients experience a variety of seizure types and motor features that can lead\nto wheelchair dependence. Intellectual disability varies from mild to severe and becomes progressively worst\nwith seizure onset. Sudden unexpected death in epilepsy (SUDEP) occurs in approximately 10% of patients\nand increases significantly if seizures are not controlled. Unfortunately, a majority of patients have drug\nrefractory epilepsy or a mixed response to anti-epileptic drugs (AEDs).\n Very little is known about the pathogenesis of SCN8A epileptic encephalopathy or treatment options for\npatients. In this proposal we will use a highly novel and innovative knock-in mouse model, developed by the\nMeisler lab, carrying the human SCN8A encephalopathy mutation p.Asn1768Asp (N1768D). The mutation\nwas identified in a child who presented with refractory epilepsy at the age of 6 months, intellectual disability,\nataxia and SUDEP at 15 years of age. The mouse model exhibits many of the pathological phenotypes seen in\npatients, including spontaneous seizures and sudden death. In homozygous mutant mice (D/D), seizures begin\nat 3 weeks of age and progress to death within 24 hours. Heterozygous mutant mice (D/+) have later seizure\nonset starting at 8 weeks of age and progression to death within one to two months. The availability of this\nmouse model provides a unique opportunity to fully investigate the pathogenesis of this devastating human\nepileptic encephalopathy and to also test new and selective therapies.\n In this proposal we will investigate when alterations in Na channel physiology and membrane\nexcitability begin to appear in our model of epileptic encephalopathy, testing both excitatory and inhibitory\nneurons within brain regions known to be involved in seizure activity. In Aim 1 we will determine the\npathogenesis of these alterations at specific time points before and after seizure onset using mutant mice. In\nAim 2, we will silence Nav1.6 using virally delivered, dox-inducible, Nav1.6 shRNA, targeting either excitatory\nor inhibitory neurons and determine the effects on Na channel activity, neuronal excitability and seizure activity\nin mutant mice. We will determine if we can delay the onset of seizures by targeting at a time point before the\nonset of seizures and also if we can modulate seizure activity in mice with spontaneous seizures. In Aim 3, we\nwill test whether our Nav1.6 subtype selective compound (MV1505) can reduce seizure activity in heterozygous\n(D/+) mice and delay SUDEP. We will also evaluate two clinically used anticonvulsants (phenytoin and\nlacosamide). These studies will significantly impact our current understanding of the physiological\nconsequences of increased Nav1.6 activity in SCN8A epileptic encephalopathy. They will also provide\nimportant insight into the selective targeting of Nav1.6 for therapy.""}"
GRANT:R01NS112935	grant	Identifying SREBP-1 activation mechanism in glioblastoma and its new role in regulating glutamine metabolism	"{""activity_code"": ""R01"", ""fiscal_years"": [2021, 2022, 2023, 2024], ""is_active"": false, ""total_award"": 1427186, ""start"": ""2020-04-01"", ""end"": ""2026-01-31"", ""abstract"": ""ABSTRACT\nGlioblastoma (GBM) is the most lethal primary brain tumor, and its prognosis has no significantly improved in\nthe past two decades. It is urgent to identify effective strategies to treat GBM, but our only partial understanding\nof GBM biology significantly hinders this progress. Our laboratory has long focused on understanding GBM\nbiology and recently demonstrated that GBM reprograms lipid metabolism to support its rapid growth. We\nidentified that sterol regulatory element-binding protein-1 (SREBP-1), a master transcription factor regulating\nlipid synthesis, is highly activated in GBM and is essential for tumor growth. However, the molecular\nmechanism activating SREBP-1 and lipogenesis in cancer cells remains unclear. Moreover, whether the\nhighly activated SREBP-1 plays new roles in malignancy is unknown. In normal cells, SREBP activation is\nstrongly repressed by Insulin-induced gene (Insig), an endoplasmic reticulum (ER)-anchored protein. It binds to\nthe SREBP transporter, SREBP-cleavage protein (SCAP), preventing SREBP ER-to-Golgi translocation and\nsubsequent activation. Thus, the first key step for SREBP-1 activation is SCAP dissociation from Insig. How\ncancer cells are able to release the tight repression of Insig on SCAP to promote high levels of SREBP-\n1 activation remains unanswered. We recently found that glucose-mediated N-glycosylation stabilizes SCAP.\nInterestingly, our new preliminary data showed that in the absence of glutamine, SREBP-1 failed to be cleaved,\nalthough SCAP remained glycosylated. Inhibiting glutamine conversion to glutamate and ammonia by\nsuppressing glutaminase (GLS) markedly reduced SREBP-1 cleavage. These data strongly suggest that\nglutamine plays a critical role in SREBP-1 activation. Interestingly, expressing the active N-terminal form of\nSREBP-1 in GBM cells significantly enhanced glutamine uptake. Analysis of GBM patient samples showed that\nthe glutamine transporter, SLC1A5, is highly expressed in tumor tissues and is inversely correlated with patient\nsurvival. Promoter analysis showed multiple putative SREBP-1 binding sites in the SLC1A5 promoter region.\nBased on these new preliminary data and our published studies, we hypothesize that SCAP dissociation from\nInsig is activated by glutamine-derived metabolites, leading to SREBP-1 activation; in turn, activated\nSREBP-1 transcriptionally upregulate the expression of SLC1A5, resulting in a feedforward loop to\nincrease glutamine uptake and lipid synthesis to promote GBM growth. In this study, we will identify the\nmolecular mechanism activating SREBP-1 and lipogenesis by glutamine in GBM in Aim 1, and reveal the new\nrole of SREBP-1 in regulating glutamine metabolism in Aim 2. We will further examine whether combining\ninhibition of SREBP-1 together with SLC1A5 or GLS suppression provides strong synergy to inhibit GBM growth\n(Aim 2). Completion of this study will significantly advance our understanding of GBM biology and metabolism\nrewiring, and provide promising approaches for GBM therapy.""}"
GRANT:R01NS117698	grant	Understanding the Etiology of CASK Associated Epileptic Encephalopathy	"{""activity_code"": ""R01"", ""fiscal_years"": [2021, 2022, 2023, 2025, 2026], ""is_active"": true, ""total_award"": 1914842, ""start"": ""2021-04-01"", ""end"": ""2026-12-31"", ""abstract"": ""PROJECT ABSTRACT\nEpileptic encephalopathies (EEs) are severe brain disorders of early infantile and childhood age onset\ncharacterized by epileptic seizures, abnormal electroencephalogram (EEG), severe cognitive and behavioral\nimpairments that might lead to early death. It is estimated that ~2.9 million Americans live with epilepsy and\nthe mortality rate in people with epilepsy is ~2-3 times higher than the general population. Several genetic\nmutations associate with EEs including mutations in the X-linked intellectual disability gene CASK that are\nfound in patients with Ohtahara syndrome (OS) and West Syndrome (WS). Constitutive CASK deletion in\nmammals is incompatible with life and the prognosis of CASK hemizygous male patients remains extremely\ngrim. The precise function of CASK and the potential mechanisms by which CASK mutation produces EE\nremains obscure. Because the constitutive CASK-/- knockout mice exhibited neonatal lethality, we recently\ngenerated a novel mouse model of EE by deleting CASK specifically from the neurons (CASKNKO). We found\nthat CASKNKO mice display severe growth retardation, recurrent tonic spasms, EEG anomalies, and\nmyoclonus beginning postnatal day 17 that leads to death by postnatal day 25. Multiple studies have shown\nthat CASK protein is localized at the mitochondrial membranes. Recently, CASK gene expression was found\nto be regulated in an NAD+/Sirtuin1 dependent manner in mouse neurons. Moreover, we found that\nmammalian CASK interacts and co-localizes with mitochondrial proteins, and significantly modulates\nmitochondrial function and number. Based on the evidences from literature and our findings we hypothesize\nthat CASK plays a role in brain mitochondrial function and metabolism, and is critical for optimum neuronal\nexcitability in vivo. To test this hypothesis, we will examine the brain mitochondrial, metabolic, and\nelectrophysiological functional changes as well as synaptic excitatory/inhibitory balance in the CASKNKO mice.\nWe will further identify the specific domain/s of CASK that interacts with mitochondrial proteins, and determine\nif SIRT1-dependent mitochondrial biogenesis pathway is dysregulated in the brain of CASKNKO mice.\nExperiments will be performed before and after the onset of myoclonus to distinguish between a potential\ncause and consequence relation with the disease. We will also test if pharmacological activation of\nNAD+/SIRT1 pathway can stimulate mitochondrial biogenesis in the brain and CASK expression in glial cells\nto rescue EE phenotype in the CASKNKO mice. Success in the proposed project will uncover how loss of\nneuronal CASK alters mitochondrial and synaptic functions to produce EE. The long-term goal of our project\nis to use the novel CASKNKO EE mouse model to identify potential disease biomarkers and test therapeutic\nstrategies for clinical intervention.""}"
GRANT:R01NS120676	grant	Exploring the role of oxytocin in the regulation of neuronal excitability	"{""activity_code"": ""R01"", ""fiscal_years"": [2021, 2022, 2023, 2024, 2025], ""is_active"": false, ""total_award"": 2392065, ""start"": ""2021-05-01"", ""end"": ""2026-03-31"", ""abstract"": ""PROJECT SUMMARY\nDysfunction of voltage-gated sodium channels (VGSCs) is responsible for several forms of catastrophic\nchildhood encephalopathies. Over 1000 loss-of-function mutations in the VGSC SCN1A have been identified\nduring the last two decades and are the main cause of Dravet syndrome (DS), characterized by recurrent early-\nlife febrile seizures (FSs), severe afebrile epilepsy, cognitive and behavioral deficits, and a 15-20% mortality\nrate. Mutations in the VGSC SCN8A were more recently identified in 2012, and already over 200 gain-of-function\nSCN8A mutations have been reported in patients with a range of clinical features including catastrophic\ntreatment-resistant childhood epilepsy, autism, intellectual disability and developmental delay. Unfortunately,\nmost anti-epileptic drugs (AEDs) fail to adequately treat the broad range of severe seizures and behavioral\nphenotypes in patients with SCN1A- and SCN8A-derived epilepsy. Thus, despite recent progress in\npharmacological treatments for DS, there remains a need to develop more effective, longer lasting treatments\nwith fewer side effects. Neuropeptides are well known in animal studies to show great promise for controlling\nseizures and ameliorating behavioral abnormalities; however, they do not readily cross the blood brain barrier\nand are rapidly metabolized when given systemically. Thus, poor brain penetrance is a critical barrier to the\nclinical application of these promising therapeutics. To overcome this challenge, we developed and validated an\napproach based on the encapsulation of neuropeptides in nanoparticles conjugated to rabies virus glycoprotein\n(RVG). Using this approach, we have found that intranasal delivery of nanoparticle-encapsulated oxytocin (NP-\nOT) greatly increases brain penetrance and the capacity of OT to confer robust and sustained increases in\nresistance to seizures in mouse models of SCN1A and SCN8A dysfunction. We have also extended our strategy\nto encapsulate neuropeptide Y (NP-NPY), and similarly observed a robust improvement in its ability to confer\nseizure resistance. In the proposed study, we will establish the ability of NP-OT and NP-NPY to ameliorate\nspontaneous seizures and behavioral abnormalities in Scn1a and Scn8a mouse mutants (Aim 1). While the role\nof OT in social behavior is well-studied, less is known about the mechanisms by which it modulates seizure\nsusceptibility. Thus, we will also identify the cellular and neural circuit mechanisms that contribute to the ability\nof OT to increase seizure resistance in the Scn1a and Scn8a mutants (Aim 2). Our long-term goal is to develop\nsafe and effective approaches for the brain delivery of neuropeptides for the treatment of epilepsy and other\nneurological disorders.""}"
GRANT:R01NS122834	grant	Role of brainstem cardiorespiratory neurons in SUDEP	"{""activity_code"": ""R01"", ""fiscal_years"": [2022, 2023, 2024, 2025, 2026], ""is_active"": true, ""total_award"": 2109619, ""start"": ""2022-02-15"", ""end"": ""2026-12-31"", ""abstract"": ""Sudden Unexpected Death in Epilepsy (SUDEP) is defined as the sudden, unexpected, and unexplained\ndeath of a person with epilepsy. SUDEP accounts for between 8 and 17% of all epilepsy-related deaths, rising\nto 50% in patients for which current therapies are ineffective. Amongst all neurological conditions, it is second\nonly to stroke for number of life-years lost. Increasing evidence supports apnea (breathing cessation) as the\nprimary cause of death following a seizure. Apnea and oxygen desaturation have been reported in a large\npercentage of patients during and after convulsive seizures, and of the 9 SUDEP cases that were monitored by\nvideo-EEG in epilepsy monitoring units (EMUs) at the time of death, all involved respiratory arrest occurring\nbefore terminal asystole (MORTEMUS study). A better understanding of the key processes involved in\nrespiratory dysfunction and subsequent SUDEP would allow for the development of novel rescue therapies.\n SUDEP occurs across numerous epilepsy populations. One such vulnerable population are patients with\nSCN8A epileptic encephalopathy (EE), who have a gain of function mutation in the NaV1.6 sodium channel.\nOur mice models harbor Scn8a mutations identified in patients that suffered SUDEP, and produce many of the\nclinical symptoms of the patients, including spontaneous generalized tonic-clonic seizures, apnea, and\nSUDEP. Using these clinically relevant mice models we will test our CENTRAL HYPOTHESIS that SUDEP\noccurs when breathing ceases after a seizure, as a result of constant tonic inspiratory activity, and\nfailure of breathing recovery is due to impaired cardiorespiratory homeostasis. AIM 1: We will determine\nthe role of the Bötzinger complex (BötC) and retrotrapezoid nucleus (RTN) brainstem neurons on coordinating\ninspiratory activity during seizure-induced apnea using optogenetic techniques. AIM 2: Epilepsy patients at risk\nfor SUDEP have impaired central chemosensitivity. We show that our SCN8A EE mice also have impaired\ncentral chemosensitivity. We propose to assess in vivo CO2-sensitivity at developmental time points leading up\nto SUDEP and determine if inhibition of sodium channel (INa) currents can rescue CO2-sensitivity. We will\ndetermine changes in RTN neurons to determine their CO2/H+-sensitivity, intrinsic excitability, and INa currents.\nFinally, we will use shRNA to knockdown NaV1.6 in the RTN and assess its contribution to in vivo CO2-\nsensitivity and SUDEP. AIM 3: Impaired cardiac control is a contributor of SUDEP, and we find that\nbradycardia occurs immediately prior to SUDEP. We will determine in vivo parasympathetic cardiac drive\nleading up to SUDEP and determine effects of INa inhibition. We will make recordings from parasympathetic\ncardiovagal neurons and determine the effects of NaV1.6 knockdown on bradycardia and SUDEP. These\nstudies will significantly impact our current understanding of the cardiorespiratory alterations that lead to\nSUDEP and could provide important insight into novel therapeutic targets to prevent SUDEP.""}"
GRANT:R01NS126392	grant	SCN8A encephalopathy: disease mechanisms and treatment	"{""activity_code"": ""R01"", ""fiscal_years"": [2023, 2024, 2025, 2026], ""is_active"": true, ""total_award"": 2053302, ""start"": ""2023-03-01"", ""end"": ""2028-02-29"", ""abstract"": ""PROJECT SUMMARY\nThe mammalian genome contains four voltage-gated sodium channels that are expressed at high levels in the\ncentral nervous system: SCN1A, SCN2A, SCN3A and SCN8A. This gene family plays an important role in the\netiology of human epilepsy and mutations in each gene are associated with different types of epilepsy. However,\nthe relationship between altered SCN8A function and epilepsy appears more complex. While we have shown\nthat mice with loss-of-function Scn8a mutations are more resistant to induced seizures, many de novo gain-of-\nfunction SCN8A mutations have been identified in patients with a range of clinical features including catastrophic\nchildhood epilepsy, autism, intellectual disability and developmental delay. Individuals with SCN8A mutations\nalso face an increased risk for sudden unexpected death in epilepsy (SUDEP). The mechanisms by which\nSCN8A mutations lead to the observed range of clinically challenging features remain poorly understood, and\ncurrent therapies are often woefully inadequate. Our central hypothesis is that the development of the most\neffective therapy for SCN8A disorders requires a mechanistic understanding of the precise cell types\nand brain regions underlying SCN8A pathologies. Our proposal builds on our recent studies in which we\ndecoupled the cell types, circuits, and regions underlying seizure generation versus seizure resistance due to\nScn8a haploinsufficiency. We will expand on these findings by studying three different SCN8A variants: R850Q\n– one of the most severe and recurrent SCN8A mutations, R1620L – a mutation associated with relatively mild\nepilepsy, yet intellectual disability and social dysfunction, and N1768D – a mutation associated with epileptic\nencephalopathy. We will study the R850Q mutation in Aim 1 by using a conditional knock-in (CKI) mouse line to\nenable cell- and region-selective expression of this variant, which until now was not possible to study due to the\nsevere phenotype and premature lethality when globally expressed in mice. The CKI R850Q line will be used to\nestablish the contribution of different cell types to the seizure, behavioral, and biophysical phenotypes associated\nwith SCN8A dysfunction. In Aim 2, we will implement two parallel approaches to guide the identification of more\nefficacious SCN8A therapies using pharmacological and cell-specific manipulations in both the R1620L and\nN1768D lines, thereby spanning the range of SCN8A clinical presentations. Given the lack of optimized treatment\nstrategies for patients with SCN8A mutations, we will conduct the first systematic comparison of selected\nantiepileptic and candidate drugs for their ability to decrease spontaneous seizures and SUDEP risk, and\nnormalize behavior. We will also use a chemogenetic approach to further interrogate cell type-specific\ncontributions to disease mechanisms and establish the therapeutic potential of selectively modulating the\nexcitability of excitatory neurons, as well as parvalbumin, somatostatin, and vasoactive intestinal peptide-\nexpressing interneurons. The proposed experiments provide a path towards personalized medicine for SCN8A\npatients and a blueprint for treatment development in other neurological disorders.""}"
GRANT:R01NS127830	grant	Subgroup delineation in genetic epilepsies and developmental brain disorders	"{""activity_code"": ""R01"", ""fiscal_years"": [2023, 2024, 2025, 2026], ""is_active"": true, ""total_award"": 5598094, ""start"": ""2023-02-15"", ""end"": ""2028-03-31"", ""abstract"": ""PROJECT SUMMARY\nOver the last decade, there has been an exponential increase in identified genetic causes of neurodevelopmental\ndisorders and epilepsy. With more than 100 genes identified, understanding how phenotypes relate to specific\ngenetic variants is critical given the clinical complexity of developmental brain disorders. Given that treatment\nand prognosis is dependent on understanding genotype-phenotype correlations, there is a critical need to better\nassess clinical features in genetic epilepsies. However, phenotyping is a time-consuming, manual task with\nlimited throughput. To overcome this bottleneck, we have developed a novel approach, based on the Human\nPhenotype Ontology (HPO) to capture and analyze longitudinal phenotypic data. In our preliminary data for\nSTXBP1- and SCN8A-related disorders, which we have reconstructed for >550 patient months, we identified\nunique natural histories, outcomes, and distinct response patterns to specific treatment strategies. Natural history\nand treatment response in pediatric epilepsies are deeply intertwined and often difficult to disentangle.\nAccordingly, a comprehensive assessment of genetic epilepsies needs to account for two factors, subgroups\nwith common clinical trajectories as well as gene-specific treatment responses. Our suggested project therefore\nhas two aims. First, we plan to detect relevant subgroups in genetic epilepsies based on longitudinal clinical data\n(Aim #1). We will reconstruct longitudinal trajectories and outcomes in the 15 most common genetic epilepsies\nwith 50-75 individuals per gene to delineate longitudinal seizure burden, seizures types, and developmental\nmilestones. Based on this, we will then identify subgroups defined by clinical features and global clinical\nresemblance, as well as variant and gene groups. In addition (Aim #2), we will identify specific treatment\nresponses in genetic epilepsies using standardized phenotypes. We will combine reconstructed natural history\nwith treatment data to compare reduction in seizure frequencies and effect on maintaining seizure freedom\nacross >20 treatment strategies with the goal to identify the most effective treatment strategy when adjusting for\nage and seizure type. Finally, we will also compare medication response across major variant classes and across\nall genetic etiologies combined. Our team has previously pioneered computational phenotype analysis in the\nepilepsies, positioning us uniquely to address these questions. Our analysis, mapping longitudinal clinical data\nto a harmonized format will provide unprecedented granularity in deciphering the trajectory of genetic epilepsies,\ninforming clinical practice in these conditions. We hope that these results will provide a template for the analysis\nof the limited clinical data in rare diseases in order to maximize treatment-relevant information, especially in\nconditions with complex, longitudinal disease histories.""}"
GRANT:R01NS133139	grant	The neural circuitry of seizure-induced apnea and SUDEP	"{""activity_code"": ""R01"", ""fiscal_years"": [2023, 2024, 2025, 2026], ""is_active"": true, ""total_award"": 1819324, ""start"": ""2023-06-01"", ""end"": ""2028-05-31"", ""abstract"": ""Sudden Unexpected Death in Epilepsy (SUDEP) accounts for up to 17% of all epilepsy-related deaths, and\n50% for those refractory to treatment. There is increasing evidence that apnea (respiratory arrest) is the\nprimary cause of death from SUDEP. We have shown in a number of mouse models - including PTZ injection,\nrapid kindling (prelim. data), and mouse models harboring Scn8a mutations identified from SUDEP patients -\nthat sudden death is due to seizure-induced apnea (SIA) that occurs during tonic seizures, minutes prior\nto terminal asystole. As it pertains to this proposal, we have also made four other important observations:\n1) artificial ventilation can prevent death and suppressed cardiac activity does not increase likelihood of fatality;\n2) tonic contraction of breathing muscles represents a likely mechanism of SIA; 3) inhibition of cortical seizure\nactivity does not impact SIA; and 4) inhibition of the inspiratory oscillator does not reduce apnea (prelim. data),\nsuggesting seizure spread bypasses homeostatic elements of respiratory control circuitry. CENTRAL\nHYPOTHESIS: [AIM 1] Increased midbrain and pontine excitability is both necessary and sufficient to\nproduce SIA, [AIM 2] the parabrachial/kölliker fuse (PB/KF) nucleus in the pons represents a key nodal\npoint for SIA generation, and [AIM 3] that brainstem nuclei, like the PB/KF and PAG are recruited\nspecifically during SIA, which we will explore using electrophysiology and genetic mapping. AIM 1: We\nhave previously used chemogenetics to demonstrate that cortical ictal activity is not required for SIA and we now\npropose that hyperexcitability of the pons and midbrain drive SIA and SUDEP. We will use chemogenetics to\ninhibit different parts of the brainstem of Scn8a mutant mice to test their necessity for SIA and SUDEP.\nAdditionally, we will test sufficiency of these regions by selectively expressing an Scn8a mutation that increases\nneuronal excitability. Using the rapid kindling model, we will also perform patch clamp recordings to test whether\nincreased neuronal excitability in these regions occurs concurrently with the development of SIA. AIM 2: The\nparabrachial/kölliker fuse nucleus PB/KF in the Pons is a key nodal point for descending forebrain input and\nprojects past the inspiratory oscillator, and is modulated by the vagus nerve. In this aim, we will photoinhibit the\nFoxp2-positive PB/KF neurons to regain normal breathing pattern during SIA, photostimulate P2ry1-positive\nvagal afferent nerve fibers to interrupt inspiration during SIA, and determine if PB/KF and Npy2r-positive vagal\nneuron photostimulation rescues postictal breathing in our PTZ SUDEP mouse model. AIM 3: We have\ndemonstrated that tonic seizures with SIA and clonic seizures without SIA can occur in the very same mouse,\nboth in Scn8a mutant and rapid kindling models (prelim. data) and that certain mid- and hindbrain structures are\nactivated during SIA. We will determine the neuronal circuitry activated specifically during SIA and SUDEP using\nin vivo electrophysiology and TRAP2 identification of activated neurons.""}"
GRANT:R01NS143927	grant	Examining the interplay of complexin and synaptotagmin at the synapse	"{""activity_code"": ""R01"", ""fiscal_years"": [2025, 2026], ""is_active"": true, ""total_award"": 1261062, ""start"": ""2025-07-25"", ""end"": ""2030-06-30"", ""abstract"": ""Project Summary\nResearch into the molecules underlying synaptic exocytosis has revolutionized our understanding of synaptic\ntransmission and connections to a variety of neurological and psychiatric disorders, but several fundamental\nchallenges remain. In particular, decades of research have yet to resolve the precise function of a critical piece\nof the synaptic vesicle fusion apparatus: Complexin (CPX). CPX is a small cytoplasmic protein containing a\nhighly conserved SNARE-binding motif known as the central helix (CH), that is surrounded by a poorly conserved\naccessory helix (AH) and a C-terminal amphipathic domain (CTD). Past studies suggest that CPX works in\ntandem with the vesicle-associated protein Synaptotagmin-1 (Syt1) to prepare and maintain synaptic vesicles\n(SVs) in a fusion-ready state, with all domains all playing crucial roles in CPX function. However, the precise\nmechanism remains unclear. Notably, perturbations of CPX function appear to have strikingly different impact\non mammalian vs invertebrate model synapses, although few studies have directly compared CPX biochemical\nand functional properties together across widely divergent species. In this proposal, we describe a systematic\nand comprehensive approach to compare the proposed functions of worm and mouse CPX and its relationship\nto Syt1 using a combination of complementary in vitro, ex vivo and in vivo experimental systems, and\ncomputational modeling. Specifically, we aim to resolve whether AH domain function together with the CH and\nCTD domains or acts independently to determine the specificity and efficacy of the CPX inhibitory/facilitatory\nfunction. We compare the CTD-membrane interactions and curvature sensitivity to test the hypothesis that the\nCTD properly localizes CPX on vesicle membranes where it can efficiently bind assembling SNARE proteins.\nAdditionally, we assess how variations in Syt1 inhibitory function influences CPX action across species. For in\nvitro analysis, we will deploy single-vesicle docking/fusion assay with high time resolution and precise control\nover protein identity/density. We will test worm/mouse CPX and Syt1 isoforms as well as variants/chimeras, with\nthe species-specific SNARE proteins. These experiments will be complemented with physiological assays in\nboth C. elegans and in cultured mouse neurons. We will utilize CRISPR/Cas9 gene editing and single-copy\ntransgenics to explore the impact of the CPX/Syt1 variants on synaptic function in C. elegans. We will conduct\ncorrelative analysis in cultured mouse neurons by utilizing the fast fluorescent glutamate sensor iGluSnFR to\nimage quantal glutamate release at individual presynaptic boutons, followed by post-hoc immunocytochemistry\nto correlate these release events with the expression levels of release machinery proteins. To close the loop, we\nwill develop mechanistic models of synaptic transmission based on experimental data, incorporating the\nsynergistic actions of CPX and Syt1, and test their feasibility through computational modelling. We expect this\nproject will offer crucial insights into the molecular mechanisms underlying the regulation of neurotransmitter\nrelease and contribute to the development of a detailed mechanistic model.""}"
GRANT:R03AG087436	grant	Targeting Excitability in Alzheimer's Disease	"{""activity_code"": ""R03"", ""fiscal_years"": [2024], ""is_active"": false, ""total_award"": 307230, ""start"": ""2024-04-15"", ""end"": ""2026-03-31"", ""abstract"": ""PROJECT SUMMARY\nAlzheimer’s disease (AD) is a progressive neurodegenerative disorder that is characterized by the accumulation\nof neurofibrillary plaques and tangles, cognitive decline, mood and behavior changes, and dementia. Despite\nthe recent FDA approval of Leqembi, limited progress has been made towards identifying more efficacious AD\ntreatments, underscoring the need for new treatment strategies. Compared to the general population, patients\nwith AD have a significantly higher incidence of epilepsy, and the risk for developing epilepsy is even higher in\npatients with early-onset AD. Furthermore, over 40% of AD patients without a history of epilepsy exhibit\nsubclinical epileptiform activity. This overlap between epilepsy and AD suggests a shared underlying disease\nmechanism, and we propose that this commonality may be leveraged to guide novel treatment strategies.\nMutations that increase activity of SCN8A (which encodes the voltage-gated sodium channel Nav1.6) are\nassociated with epilepsy and a range of behavioral abnormalities. Interestingly, increased Nav1.6 expression has\nalso been observed in brains from AD patients and mouse models of AD. We hypothesize that increased\nSCN8A activity in AD contributes to multiple clinically challenging features of AD, including epileptiform\ndischarges, cognitive impairment, and AD neuropathology. Consistent with this hypothesis, Yuan et al.\nrecently reported reduced Ab plaques and amelioration of cognitive and synaptic deficits following hippocampal\nknockdown of Nav1.6 in 5-month-old male APP/PS1 mutants, and SCN8A was recently nominated as a potential\ntherapeutic target for AD (Agora AD knowledge portal).\n Hyperexcitability and tau neuropathology in AD originate in the locus coeruleus (LC), and the LC is\nanatomically and functionally connected to other vulnerable brain regions that develop AD pathology, including\nthe hippocampus which is also critical for seizure generation and cognitive behavior. Furthermore, degeneration\nof the LC is a pervasive characteristic of mid- to late-stage AD and contributes to the progression of forebrain\npathology and cognitive impairment. In our Preliminary data, we show that Scn8a is highly expressed in the LC,\nsuggesting an important role for Scn8a in the LC. As Nav1.6 is located at the axon initial segment and regulates\nneuronal excitability, we predict that reducing Nav1.6 in the LC may prevent or delay hyperexcitability of the LC,\nwhich in turn, may prevent or slow the development of multiple AD phenotypes. Thus, targeting SCN8A in the\nLC may provide a novel therapeutic opportunity to prevent disease progression in AD. In the proposed studies,\nwe will establish the effect of selectively SCN8A knockdown in the LC or hippocampus on seizure susceptibility,\nepileptiform activity, behavior, and AD neuropathology.""}"
GRANT:R03TR005987	grant	Gating properties of specific voltage-gated sodium channel complexes involved in rare disease	"{""activity_code"": ""R03"", ""fiscal_years"": [2026], ""is_active"": true, ""total_award"": 155500, ""start"": ""2026-02-01"", ""end"": ""2027-01-31"", ""abstract"": ""ABSTRACT\nThis proposal addresses the need to investigate understudied proteins associated with rare diseases, such as\nBrugada Syndrome (PAR-25-122). One class of proteins highlighted in this RFA—Scn2b, Scn3b, and Scn4b—\nbelongs to a family of β subunits that associate with the large pore-forming α subunits of voltage-gated sodium\nchannels (NaV), which regulate electrical excitability throughout the body. In total, there are four distinct β\nsubunits that can mix and match with nine different α subunits. Beta subunits are widely recognized for their\nability to regulate the gating properties, trafficking, and pharmacology of Nav channel complexes. Dysfunction\nof these subunits has been linked to several human diseases, including epilepsy and cardiac arrhythmias such\nas long QT syndrome, atrial fibrillation, and Brugada syndrome. Additionally, mutations in NaV α subunits have\nbeen implicated in rare diseases, including SCN8A encephalopathy (SCN8A/ NaV 1.6), hereditary sensory and\nautonomic neuropathy type 7 (SCN11A/ NaV1.9), and dilated cardiomyopathy-1E (SCN5A/ NaV1.5).\nA critical step in understanding how beta subunits contribute to disease is elucidating their precise modulatory\neffects on NaV function. Electrophysiological studies in heterologous cells have demonstrated the ability of beta\nsubunits to influence channel gating, pharmacology, and trafficking. However, results across multiple studies\nhave been inconsistent, often due to variability in the cell lines used. A major confounding factor is that many\ncell lines endogenously express beta subunits, which can interfere with exogenously introduced β subunits\nunder investigation.\nTo overcome this limitation, we developed a specialized cell line lacking all β subunits, including Scn2b, Scn3b,\nand Scn4b, as well as Scn1b, MPZ, MPZL1, MPZL2, and MPZL3. These cells, termed beHAPe cells (beta-\neliminated haploid cells for expression), provide a controlled system to study NaV channel regulation. Our initial\nelectrophysiological studies using beHAPe cells reveal novel properties of beta subunits in modulating NaV1.5,\nthe primary α subunit in cardiac tissue. Building on these findings, we propose to produce stably-expressing\nhuman (HEK) cell lines to systematically define the roles of Scn2b, Scn3b, and Scn4b in modulating additional\nα subunits, including NaV1.6 (a key subunit in the central nervous system) and NaV1.7, NaV 1.8, and NaV 1.9\n(which are predominant in the peripheral nervous system). This work will provide deeper insights into their\nfunction in these tissues and their associated diseases. Additionally, our new data suggest that Nav1.8 plays a\npreviously unrecognized role in cardiac function alongside NaV1.5. Understanding how β subunits modulate\npore-forming subunits could provide new insights into their involvement in cardiac arrhythmias, expanding their\nknown roles beyond the nervous system. Taken together, in addition to providing new information on the\nunderstudied Scn2b, Scn3b, and Scn4b proteins, our newly generated stable cell lines will enable studies for\nthe development of novel therapeutics for isoform specific modulation of specific α- and β-subunit pairs.""}"
GRANT:R21AR078399	grant	A Metabolic Strategy Utilizing a Zein Scaffold for Bone Repair	"{""activity_code"": ""R21"", ""fiscal_years"": [2021, 2022], ""is_active"": false, ""total_award"": 399598, ""start"": ""2022-12-20"", ""end"": ""2024-04-30"", ""abstract"": ""Project Summary\nMore than one million operations are performed annually in the United States for reconstructive surgery, trauma,\nor abnormal skeletal defects. To achieve reconstructive goals, large amounts of autologous bone graft or\nalternative large bulk allograft are needed in the surgical procedure. Autologous bone is limited in supply and\nallograft bone material and alternatives such as synthetic grafts often result in delayed osseous integration.\nAllograft bone and synthetic substitutes may provide an osteoconductive environment but they do not provide\nthe necessary cellular and/or other biological activity for bony union and healing to occur. A novel approach to\novercome these limitations is the use of a metabolic strategy to promote healing. Recent studies by our group\nhave identified the amino acid glutamine as a critical regulator of osteoblast specification and differentiation in\nmesenchymal stem cells (MSCs). MSCs are critical for bone healing and regeneration by providing a reservoir\nof osteoblasts in response to injury. The proposed studies will utilize a glutamine enriched scaffold that can\nstimulate endogenous MSCs to proliferate and differentiate into osteoblasts and be osteoconductive to promote\nbone repair of skeletal defects. Zein, which is a protein derived from corn, is high in glutamine thus providing a\nsource of glutamine to cells upon enzymatic degradation. It can be readily processed, is biocompatible and\nbiodegradable and recent studies have demonstrated that cell attachment is enhanced on zein via interaction\nwith tissue transglutaminase. We have demonstrated, for the first time, that we can form hydrolytically stable,\nfibrous zein scaffolds. Fibers are a beneficial structural feature for cell adhesion and growth due to the large\nsurface-to-volume and high aspect ratio and the fibrous structure mimics the collagen fiber structure of the native\nextracellular matrix (ECM). Zein is also classified by the U.S. Food and Drug Administration as a generally\nrecognized as safe substance (GRAS) and is being sought for a variety of biomedical applications. This proposal\nwill develop fibrous zein scaffolds for use in bone regeneration with the goal of providing a source of glutamine\nto cells to promote repair. The following specific aims will be addressed. Aim 1 will determine zein scaffolds that\npromote MSC osteogenesis. The studies will examine zein scaffolds that vary with degree of crosslinking, which\ncan affect glutamine availability, and its effect on MSC growth and osteogenesis. We also will examine glutamine\nuptake and metabolism via glutaminase (GLS) activity, which is the primary enzyme responsible for glutamine\ncatabolism. We will inhibit GLS activity to determine the contribution of zein’s glutamine content on differentiation.\nAim 2 will investigate the efficacy of zein scaffolds in a bone defect model. Bone healing will be evaluated over\ntime. We will also knockout GLS specifically in MSCs using LeprCre and determine the effects of the zein scaffold\non bone healing. This study proposes a novel fibrous zein scaffold for the repair of bone defects and findings will\nsupport future studies to validate results in larger animal models leading to clinical translation.""}"
GRANT:R21CA297629	grant	Co-targeting IGF-1R and Glutaminase in Ewing Sarcoma	"{""activity_code"": ""R21"", ""fiscal_years"": [2025], ""is_active"": true, ""total_award"": 391186, ""start"": ""2025-09-01"", ""end"": ""2027-08-31"", ""abstract"": ""PROJECT SUMMARY\n Aberrant activation of receptor tyrosine kinases (RTK) drives or enables tumorigenesis, metastasis, and\ntherapeutic resistance across cancers but RTK targeting is only successful in few of these. IGF-1R provides a\nkey oncogenic axis in Ewing Sarcoma (EWS), the second most common malignant bone tumor of children and\nyoung adults with a 5-year survival rate of only 39% once metastasized. Yet, clinical trials showed limited\nresponses to IGF-1R inhibitors in EWS. An essential cancer hallmark is the metabolic rewiring with enhanced\naccumulation of glucose and its aerobic glycolysis (the Warburg effect). This helps reallocate glucose-derived\nmetabolites for macromolecular synthetic needs of proliferative tumor cells and away from use in bioenergetics.\nIncreased glucose uptake (using FDG-PET scanning) is a mark of EWS patient tumors and correlates with worse\noutcomes. Yet, knockdown (KD) of the EWS driver oncogene EWS-FLI1 led to enhanced glucose uptake and\nglycolysis, suggesting other molecular pathways counter the EWS-FLI1 effect to inhibit glycolysis. We identified\nEHD1, a member of the EPS15-Homology Domain-containing (EHD) protein family, as a required element of the\nEWS tumorigenesis and metastasis. Mechanistically, EHD1 promoted the intracellular traffic of IGF-1R to elevate\nits cell surface expression and signaling. Our new data demonstrate that EHD1 overexpression upregulates\nglucose uptake, essential for glycolysis, in an IGF-1R dependent manner. Metabolomics analyses demonstrated\nthat EHD1-KO, which genetically mimics IGF-1R inhibition, in EWS cell models led to a switch to glutamine-\ndependent maintenance of TCA cycle, in the process of glutamine anaplerosis. Glutaminase 1 (GLS) or GLS2\nconvert glutamine to glutamate for entry into metabolic pathways. GLS is universally pro-oncogenic while GLS2\nis context dependent. We found that EWS cells only express GLS. GLS inhibition is untested in EWS but effective\nin other cancer models. GLS inhibitor CB-839 (Telaglenastat) was found safe in phase 1 trials and is in phase 2\ntrials in prostate cancer (NCT04824937). We found CB-839 to inhibit EWS cell proliferation and migration at\nnanomolar IC50s, and to be synergistic with Linsitinib, an IGF-1R inhibitor in advanced clinical trials. We\nhypothesize that a metabolic switch to glutamine dependence sustains EWS tumorigenesis and metastasis in\nthe face of IGF-1R inhibition, and thus concurrent targeting of IGF-1R and GLS will provide an effective targeted\ntherapy approach for EWS. We propose complementary genetic and pharmacologic studies using cell line and\nPatient-derived xenograft (PDX)-derived tumor organoid models of EWS to assess if GLS is a valid therapeutic\ntarget in EWS (Aim 1) and if its co-targeting with IGF-1R inhibitors will be additive or synergistic (Aim 2). Our\nstudies evaluate a novel hypothesis, use state of the art and innovative approaches, and explore a co-targeting\napproach not previously tested. Success of our studies will nominate IGF-1R and GLS inhibitors as a novel and\nsafe combinatorial targeted therapy for EWS. The novel principle of IGF-R plus GLS inhibition may be extendable\nto other cancers (including NSCLC, breast, and thyroid) with an overactive EHD1-RTK axis.""}"
GRANT:R21NS121700	grant	Hippocampal Circuit Dysfunction in SCN8A Gain-of-Function Encephalopathy	"{""activity_code"": ""R21"", ""fiscal_years"": [2021], ""is_active"": false, ""total_award"": 429000, ""start"": ""2021-04-01"", ""end"": ""2023-09-30"", ""abstract"": ""PROJECT SUMMARY / ABSTRACT\nDevelopmental epileptic encephalopathy (DEE) is a complex disorder characterized by refractory seizures,\ndevelopmental delay, cognitive disabilities, movement disorders and elevated risk of sudden unexpected death\n(SUDEP) (1-4). De novo missense mutations in the sodium channel gene SCN8A have been identified in more\nthan 300 patients with DEE, resulting in the disorder early infantile epileptic encephalopathy 13 (EIEE13;\nOMIM #614558) or SCN8A encephalopathy (3). We have reported that the most common pathogenic\nmechanism of SCN8A encephalopathy is gain-of-function (GOF) changes in sodium channel Nav1.6. We\ndeveloped a mouse model with expression of the patient mutation p.Arg1872Trp (R1872W) that is dependent\non Cre-induced recombination (5). This model allows seizures to be induced in a controlled fashion in the adult\nanimal, bypassing the early lethality of constitutively expressed mutations. By crossing conditional R1872W\nmice with CAG-Cre-ER mice expressing a tamoxifen-inducible Cre transgene, we can induce spontaneous\nseizures in adult mice that recapitulate patient phenotypes. The identical genetic background of these congenic\nmice contributes to experimental reproducibility.\nHippocampal ripples are fast oscillations seen during non-REM (NREM) sleep and quiet wakefulness. Behavioral\nactivity patterns, such as the sequential firing of hippocampal place cells during navigation, are replayed in a\ncompressed neural sequence during ripples, helping to consolidate related memories. Ripples are impaired in a\nmultitude of epilepsies, likely contributing to memory and cognitive deficits in patients. While healthy and\npathological ripple dynamics are well studied in temporal lobe epilepsy and more recently in a global SCN1A\nhaploinsufficiency model, there is a gap in knowledge regarding the impact on ripples of SCN8A\nencephalopathies. It is therefore important to investigate the effects of SCN8A encephalopathy on ripples and\nother hippocampal circuit output. Our central hypothesis is that both ripples (Aim 1) and hippocampal place cell\nfiring (Aim 2) are progressively impaired during the development of SCN8A encephalopathy. The rationale for\nthis hypothesis comes from our published observations that patient mutations cause elevated activity of Nav1.6\nchannels due to premature activation or impaired inactivation, resulting in hyperactivity of cultured hippocampal\npyramidal cells. The completion of these Aims will result in the collection of massive datasets that will be shared\nwith the epilepsy community, allowing for community-wide dissection of seizure and interictal dynamics, seizure-\nonset and SUDEP prediction algorithms, as well as changes in sleep-wake rhythms over time. The observed\nchanges in hippocampal circuit dynamics will generate further hypotheses that can be dissected using cell type-\nand region-specific CRE transgenes in a follow-up R01 application.""}"
GRANT:R35GM137878	grant	Molecular and Genetic Analysis of Fin Regeneration in Zebrafish	"{""activity_code"": ""R35"", ""fiscal_years"": [2021, 2022, 2023, 2024], ""is_active"": false, ""total_award"": 1754814, ""start"": ""2020-07-01"", ""end"": ""2025-06-30"", ""abstract"": ""PROJECT SUMMARY/ABSTRACT\n Regenerative capacity is widespread throughout almost all animal phyla, but the distributing pattern\nappears to be inexplicable. This diverse regenerative distribution raises questions of how animals evolve toward\nloss or gain of regenerative capacity and of what cellular and molecular mechanisms control regenerative ability.\nOne feature of regeneration is that innervation is essential for peripheral tissue regeneration. Previous studies\nhave shown that nerves are involved in multiple regeneration processes from early to late regenerative events\nand that distinct neuronal subtypes, such as cholinergic and sensory neurons, play different roles during tissue\nregeneration. However, whether neuronal excitation is required for tissue regeneration and which neuronal\nsubtypes are associated with these processes remains poorly known. Obtaining a genetically amenable animal\nmodel will uniquely permit the identification of the essential neuronal subtypes and establishing their roles in\ntissue regeneration. Through forward genetic screening to discover novel regeneration-associated genes, we\nrecently discovered a new zebrafish mutant exhibiting locomotion disorder and impaired fin regeneration in a\ntemperature-dependent manner. Whole-exome sequencing and further fine genetic mapping analysis identified\na missense mutation in the scn8a gene, which encodes the major neuronal voltage-gated sodium channel\nNav1.6. We will develop a new paradigm for ion channel-regulated tissue regeneration. We will take advantage\nof the temperature sensitivity of scn8a mutation to define how scn8a mutation influences locomotion behavior\nand multiple regenerative processes. We will elucidate principles for neurons as essential drivers of tissue\nregeneration. We will address the challenge of whether neuronal Scn8a is required for locomotion and tissue\nregeneration and which Scn8a expressing neuronal subtypes are associated with fin regenerative processes. In\naddition to scn8a mutant, we will investigate the other two mutants, each of which exhibits either fin re-growth\ndefects or impaired re-patterning, to uncover unidentified regeneration-associated genes and underlying\nmechanisms. The proposed study will construct genetic models for tissue regeneration, leading to the discovery\nof valuable genes regulating tissue regeneration and establishment of regenerative networks.""}"
GRANT:R56NS146956	grant	Gene editing therapeutics that prevent epileptic seizures	"{""activity_code"": ""R56"", ""fiscal_years"": [2026], ""is_active"": true, ""total_award"": 565436, ""start"": ""2026-09-09"", ""end"": ""2027-08-31"", ""abstract"": ""-------------------------------------------------------------Project Summary------ -------------------------------------------------------\nEpilepsy is a common neurological disorder that affects approximately 50 million people worldwide and a third of\nthese patients do not achieve adequate seizure control.\navailable drugs, and neurosurgical removal of large brain\nOnly ~50% of epilepsies can be controlled with currently-\nregions remains the only other alternative for patients with\ncrippling epileptic seizures, resulting in profound loss of memory and cognitive function. The voltage-gated Na+\nchannel, NaV1.6 is encoded by the SCN8A gene, and is a particularly compelling therapeutic candidate for treating\nepileptic seizures and knock-down of the Scn8a gene in the mouse brain reduces seizures. However, current\nmethods for knocking down Scn8a gene are based on antisense strategies, which are difficult to clinically implement\nbecause they require repeated injections into the brain. Gene editing of the SCN8A gene has great promise to\naddress the above-mentioned concern and additionally can permit allele-specific inactivation of dominant pathogenic\nallele in heterozygotes. Indeed, editing of a pathogenic Scn8a allele specifically has already been accomplished via\nCRISPR, using AAV as a delivery vector and rescued heterozygous mice from epileptic seizures. However, AAV-\nmediated gene editing in the brain is problematic because of prolonged expression of Cas9 as well as its\nimmunogenicity. There is consequently an urgent need to develop safe and efficient non-viral delivery vehicles that\ncan deliver CRISPR to the brain. Among non-viral delivery strategies, lipid nanoparticles (LNPs) have great potential\nfor delivering mRNA to the brain because of their well-characterized clinical track record and their versatility. However,\nmRNA delivery to the brain with LNPs is currently inefficient because of limited diffusion in the brain and low levels of\nendosomal disruption, and needs to be more efficient before it can generate significant therapeutics effects. To\naddress this critical need, we developed acid-degradable LNPs (termed ADP-LNPs), which are made with acid-\ndegradable polyethylene glycol (PEG) lipids and can transfect large volumes of brain tissue after an intracranial\ninjection, because they tolerate high levels of PEGylation without losing activity. Our preliminary results demonstrate\nthat ADP-LNPs deliver Cas9 mRNA to the brain with remarkable efficiency via an intracranial injection; ~5 times\nhigher gene editing efficiency than standard LNPs in the mouse brain. We have demonstrated that a single intracranial\ninjection of ADP-LNPs carrying Cas9 mRNA/Ai9 sgRNA could induce gene editing ~30% of the total cells in the\ndentate gyrus (DG), a part of the hippocampus using Ai9 reporter mice. Additionally, we demonstrated that ADP-\nLNPs carrying Cas9 mRNA/Scn8a sgRNA could reduce NaV1.6 expression levels by ~50% in 1/3 of the DG without\na sign of toxicity. These exciting results demonstrate that ADP-LNPs have great potential as precision-medicine\ntherapeutics for epilepsy. The central objectives of this proposal are (1) to develop new LNP variants based upon\nADP-LNPs with improved diffusion and efficiency, and (2) to develop a new therapeutic strategy for treating epileptic\nseizures based upon local CRISPR/Cas9-mediated Scn8a gene editing in the mouse hippocampus using our newly\ndeveloped LNP-mRNA complexes. The central hypothesis is: intracerebral delivery of LNP-mRNA complexes that\ncarry Cas9 mRNA and sgRNA targeting the Scn8a gene can prevent/rescue mice from epileptic seizures.\nSpecific Aim 1. Increase the mouse brain gene editing efficiency of the ADP-LNPs\nSpecific Aim 2. Reduce seizures by knocking down Scn8a in a chemically-induced mouse seizure model\nSpecific Aim 3. Reduce seizures by knocking down the pathogenic Scn8a-N1768D allele in a mouse model of\npediatric seizures\nThe experiments in this proposal are significant because if successful, they will demonstrate that non-viral gene\nediting of the Scn8a gene in the hippocampus can treat SCN8A-related epilepsies and will enable the development\nof a new class of epilepsy therapeutics. These experiments are innovative given that they demonstrate that ADP-\nLNPs provide two advantages over traditional LNPs: (1) enhanced diffusion in brain tissue and (2) enhanced\nendosomal disruption, and have great potential for developing brain therapeutics that can deliver mRNA to large\nvolumes of brain tissue.""}"
GRANT:U54CA274321	grant	Defining the role of KEAP/NRF2 signaling dysregulation and sensory nerve reprograming during acquisition of cisplatin resistance and metastasis in HNSCC	"{""activity_code"": ""U54"", ""fiscal_years"": [2022, 2023, 2024, 2025, 2026], ""is_active"": true, ""total_award"": 1267116, ""start"": ""2022-09-20"", ""end"": ""2027-08-31"", ""abstract"": ""Project 2 SUMMARY\n Cisplatin (CDDP) is frontline therapy for both Human Papilloma Virus (HPV) positive and negative head\nand neck squamous cell carcinomas (HNSCC). Unfortunately, there are no reproducible predictors of CDDP\nHNSCC response and patients develop acquired resistance and even distant metastasis following a course of\nthis often toxic chemotherapy. To better understand and tackle the clinical problem of CDDP treatment failure,\nwe developed multiple cell line models of acquired CDDP resistance in the laboratory using established HNSCC\ntumor lines with different genomic backgrounds and TP53 mutational and functional status. Surprisingly, nearly\nevery CDDP resistant clone developed from these various genomic driver backgrounds had hyperactivation of\nthe Nrf2 pathway either due to de novo somatic mutations in, or decreased RNA expression of, KEAP1 (negative\nregulator of Nrf2). Nrf2 activation has been linked to poor prognosis, lack of response to immune therapy,\nmetastasis, and chemotherapy resistance. We demonstrated that Nrf2 hyperactivation was necessary to\nmaintain acquired resistance, raising the possibility that the pathway could be clinically targeted to reverse or\nprevent acquired CDDP resistance in HNSCC. By targeting glutaminase 1 (GLS) with a novel drug, pools of\nglutathione needed for Nrf2 activity are depleted leading to a reversal of CDDP resistance.\n In parallel, we showed that paracrine signaling between sensory neurons that become reprogramed in\nthe tumor microenvironment can foster CDDP resistance and that it may be possible to pharmacologically inhibit\nthis signaling axis to boost CDDP sensitivity and tumor progression. Furthermore, data from our preclinical model\nsuggest that Nrf2 activation accompanying CDDP resistance may also lead to more aggressive disease by\nincreasing the rate of distant metastasis. While Nrf2 hyperactivation is likely a permissive and required step to\nacquired CDDP resistance, there may also be Nrf2 independent pathways contributing to resistance. Our central\nhypothesis is that Nrf2 hyperactivation either through somatic mutation for transcriptional control is a common\nand targetable event in development of acquired CDDP resistance across a range of genomic backgrounds. To\nbridge knowledge gaps in the pervasiveness of the Nrf2 pathway in development of CDDP resistance and tumor\nprogression and ways to overcome treatment failure we propose the following Aims: 1) Define the contribution\nof Nrf2-dependent and-independent pathways to acquired CDDP resistance in HNSCC; 2) Delineate the\nfunctional and mechanistic interactions between acquired CDDP resistance, Nrf2 activation, neuronal\nreprograming in the tumor microenvironment, and DM; 3) Determine whether acquired CDDP resistance and\ntumor progression can be overcome by drugs targeting metabolism or stabilizing p53. Accomplishment of these\nAims should yield translatable findings that will improve the treatment of patients with HNSCC and the related\nupper-aerodigestive tract cancers of the lung and esophagus and therefore have a major impact on cancer\nworldwide.""}"
GRANT:ZIADK057808	grant	The mutational mechanism responsible for the Repeat Expansion Diseases	"{""activity_code"": ""ZIA"", ""fiscal_years"": [2024], ""is_active"": false, ""total_award"": 1128672, ""start"": """", ""end"": """", ""abstract"": ""Background: The Repeat Expansion Diseases (REDs) are a group of  >46 human genetic disorders caused by an expansion or an increase in the size of a disease-specific short tandem repeat (STR) or microsatellite. The mechanism by which is expansion occurs is not fully understood but is thought to differ from the generalized microsatellite instability (MSI) seen in many different cancers in that instability is confined to a single genetic locus and, as we and others have shown previously, genes involved in mismatch repair (MMR) that normally protect against MSI in cancer, are actually required to generate expansions in mouse models of the these diseases (reviewed in Zhao et. al., 2021). Recent genome wide association studies (GWAS) in REDs like Huntington’s disease (HD; OMIM #143100) have implicated single-nucleotide polymorphisms (SNPs) in some of the same MMR factors in somatic expansion in patients. Our recent candidate SNP approach extends these findings to the Fragile X-related disorders (FXDs: OMIM #311360; #300623 and #300624), a group of REDs caused by a CGG-repeat expansion in the FMR1 gene (Hwang et. al., 2022; Aishworiya et. al., 2023; Protic et. al., 2023). These data lend weight to the idea that many REDs may share a common expansion mechanism and suggest that mouse models are suitable for understanding the underlying mechanism involved. Furthermore, the GWAS data support the hypothesis, that in addition to expansion that occurs on intergenerational transmission, in some REDs expansion that occurs in somatic cells during an individual’s lifetime affects not only the age-at-disease-onset but disease severity as well. In the absence of effective treatments for the downstream consequences of repeat expansion in most of these diseases, therapeutic efforts to reduce or reverse the expansions has gained interest.\n\nProgress report: We had previously shown that PMS2, MLH3 and PMS1, the binding partners of MLH1 in the MutL, MutL and MutL complexes respectively, are all required for expansion in embryonic stem cells (ESCs) derived from a mouse model of the FXDs (Miller et. al., 2020). MutL and MutL are involved in lesion processing during normal MMR, but the role of MutL is not well understood. The involvement of all three factors was surprising for several reasons. Firstly, to our knowledge, it is the first report of them all acting together, and the first essential somatic role reported for PMS1 in mammals. Furthermore, PMS2 has been shown to protect against expansion in some disease models and is important but not essential to expansion in others. To test whether the requirement for all three MutL proteins was a phenomenon limited to the FXDs or to mESCs, we used a CRISPR-Cas9 knockout approach to eliminate all three proteins in induced pluripotent stem cells (iPSCs) derived from a patient with a Glutaminase Deficiency resulting from a CAG-repeat expansion in the 5’ untranslated region of the glutaminase (GLS) gene (OMIM #618412). We showed that PMS2, MLH3 and PMS1 are also all required for expansion in these cells (Hayward et. al., 2024).  In addition to supporting a co-operative model for the role of MutL complexes in expansion, it also lends support to PMS1 as a therapeutic target to mitigate repeat expansion. To address the seemingly paradoxical effects of PMS2, we tested the effect of a Pms2 null mutation on expansion in HD and FXD model systems and showed that the effect of PMS2 depends on gene dosage, with it being protective in some cell types and promutagenic in others. The most parsimonious model to explain this effect would be consistent with in vitro work demonstrating different cleavage preferences of MutL and MutL (Walker et. al., 2024). We are also continuing our efforts to identify new Repeat Expansion Diseases and to help with the diagnosis of unusual cases of previously identified ones.""}"
GRANT:ZIAHG200421	grant	Undiagnosed Diseases Program	"{""activity_code"": ""ZIA"", ""fiscal_years"": [2024], ""is_active"": false, ""total_award"": 233727, ""start"": """", ""end"": """", ""abstract"": ""1. The NIH Undiagnosed Diseases Program is supported by an IC Directors’ school tax. William Gahl, MD, PhD, and David Adams, MD, PhD, co-direct the UDP; Cynthia Tifft, MD, PhD, runs the Pediatric UDP; May Malicdan, MD, PhD, manages the UDP’s translational research program; and Camilo Toro, MD, directs the adult portion of the UDP. Drs. Toro and Maria Acosta, MD, are UDP neurologists, Donna Novacic, MD, is an internist, and Francis Rossignol, MD, is a geneticist; Lynne Wolfe, NP, is the UDP Site Coordinator. In FY24, the UDP reviewed 187 applications, evaluated 31 patients, followed up on numerous previous patients, and responded to scores of inquiries. 2. One striking diagnosis occurred in a 70 year-old man with limb girdle tightness increased by standing and fast walking, dysarthria, downbeat nystagmus, mild dysmetria, and profound gait ataxia. Brain MRI confirmed slowly progressive cerebellar atrophy. Dr. Toro found a 2022 NEJM article describing late-onset cerebellar ataxia due to a deep intronic FGF14 GAA repeat expansion. Fibroblast Growth Factor 14 localizes potassium and sodium channels that regulate axon membrane potentials. Toro found an intermediate number of GAA repeats, consistent with late-onset spinocerebellar ataxia (SCA) 27B. His UDN collaborator, Dr. Stephan Zuchner, noted that 4-aminopyridine, a potassium channel blocker, relieved symptoms of the disease and the patient reported a dramatic improvement with this therapy. Other UDP diagnoses included progeria and skin ulcerations in a 13 year-old Egyptian girl with pathogenic LMNA variants, fascioscapulohumeral dystrophy (FSHD) type 1 in two adult brothers with increased D4Z4 repeats in the DUX4 gene, FSHD type 2 in a 59 year-old man with atrophy, weakness, and sensory neuropathy also with increased D4Z4 repeats, limb-girdle muscular dystrophy in a 34 year-old man and his son with an RYR1 variant, hairy cell leukemia in a 55 year-old man, autoimmune encephalitis in a 12 year-old boy, and Progressive Early-Onset Skeletal Muscle Myopathy in a 9 year-old boy with variants in TTN and SPRK3. 3. Several new genetic diseases were described. A 10 year-old boy with skeletal, cardiac, and neurological abnormalities had compound heterozygous variants in TMEM208; Baylor collaborators showed that the gene product maintains the endoplasmic reticulum and cell polarity. A 38 year-old man had cerebellar ataxia due to a de novo p.R83W change in RAB3A. Dr. Toro and collabortors identified additional patients and functional studies were performed in drosophila. With UDNI members in Mali and Thailand, Dr. Gahl helped elucidate Benign Adult Familial Myoclonic Epilepsy (BAFME) type 8. A 3 year-old boy had epileptic encephalopathy, hypotonia, and cerebral atrophy, brainstem hypoplasia, and demyelination on MRI. EMG showed axonal and demyelinating sensory-motor polyneuropathy. Serum selenium was very low, plasma selenoprotein P was zero and glutathione peroxidase was reduced; pathogenic variants in the phosphoseryl-TRNA kinase gene (PSTK) explained the disease manifestations. 4. Several UDP articles described disease-causing variants in MRTFB, STAT4, MYH2, TOP3A, SNAPC4, TUBB4B, ATG4D, KMT5B, and PAM. This year, UDP members also described an adult with neurodegeneration due to XMEN disease (X-linked MAGT1 deficiency with increased susceptibility to Epstein–Barr virus (EBV) infection and N-linked glycosylation defect). They contributed to the description of 53 KBG syndrome patients with facial dysmorphisms and delays due to ANKRD11 variants. They also found nucleotide repeat expansions within copy number variants in the glutaminase gene (GLS), and Donna Novacic, MD, published a unique UDP case of POEMS (Polyneuropathy, Organomegaly, Endocrinopathy, Monoclonal plasma cell disorder, Skin changes) in which calciphylaxis was the prominent feature. Drs. Toro and Soldatos reported on the efficacy of TNF inhibitors to prevent stokes in patients with ADA2 (Adenosine deaminase deficiency type 2), a disease they helped to describe. A signature accomplishment of the Pediatric UDP involved the use of long-term anesthesia (median 3.3h) to secure specimens, perform examinations, and obtain imaging on children who could not cooperate. The UDP Genetic Counselor, Ellen Macnamara, along with the Pediatric UDP Director, Cynthia Tifft, reported the results for 249 children. Most had severe systemic disease or a neurologic condition, but normal airways. During the anesthesia, patients had an average of 5 procedures such as a lumbar puncture, skin biopsy, MRI scan, ophthalmic exam, EMG, auditory brainstem response, dental exam and muscle biopsy. Side effects were minimal. Nearly half of the patients received a diagnosis, and the information from the anesthesia contributed to 91% of those diagnoses. 5. This year the UDP expanded its analytical repertoire to include long read sequencing, detection of repeat expansions, epigenetics study with Dr. Jill Fahrner at Hopkins, and the use of RNAseq. The UDP bioinformatics core supports clinical and translational research projects with improved genomics tools. In Frost et al. (AJHG, 2023; PMID: 36965478), UDP researchers combined bench and transcriptomic studies to describe a novel mechanism for dysregulated global splicing. UDP PhD student Sarah Silverstein used cohort RNAseq analysis to identify a deep intronic splice mutation in a patient. To establish compound heterozygous phasing without family members, we used Oxoford Nanopore sequence-based phasing, leading to a collaboration with the lab of Danny Miller at the U. of Washington. Finally, the UDP participates in UDN-wide studies such as reanalysis of network genome data supported by Amazon and long-read sequencing supported by PacBio and Oxford Nanopore. These projects have yielded potential new diagnoses. 6. UDP investigators had collaborations with NCI, NIAMS, NICHD, NHLBI, NINDS, NIAID, NIDDK, NIMH, NEI, NHGRI, and the CC. The UDP trained postbacc IRTAs (9), NHGRI genetics fellows, and medical students. Dr. Adams ran a Bioinformatic Journal Club and spoke at the Genome School. Dr. Gahl conducts weekly UDP patient rounds for 50-70 IRTAs. Gahl is PI of the UDN’s clinical protocol. He and Drs. Toro and Adams are on the UDN Executive Committee. Toro serves on the UDN Steering Committee and the Diversity Working Group; Adams is on the Clinical and Tool Building Working Groups and the Therapeutic Matching Committee; Dr. Malicdan co-chairs the Model Organisms Committee; and Lynne Wolfe chairs the Site Operations Committee. 7. Gahl leads the Undiagnosed Diseases Network International (UDNI), consisting of 170 physicians and scientists from 60 nations; with the Wilhelm Foundation (an advocacy group), he established the UDNI in 2014. Dr. Adams chairs the UDNI’s Data Sharing and Technology Working Group. Scores of UDPs now exist around the world. In FY24, Gahl coordinated the 12th and 13th UDNI conferences in Tbilisi and in Seoul and expanded the UDNI’s Champions Initiative to foster UDPs in Ghana, Congo, Mali, Pakistan, and India. He coauthored articles on the unmet needs of rare disease patients, achievements of global UDPs, and the challenges and opportunities for rare disease care and research. Gahl delivered 9 national and international talks, including at the HUGO meeting in Rome, the Genome Summit in Brazil, and at Hopkins, Baylor, Yale, Pittsburgh, Milwaukee, and Mt. Sinai. He received the Abbey Meyers Khushi Bridging RARE Award from IndoUSrare. Dr. Novacic presented at the Taiwan Human Genetics Society Annual Meeting and Dr. Malicdan spoke at the Manipal, India Genetics Update meeting, the Institute of Medical Genetics and Genomics in New Delhi, and the Asian Oceanian Myology Conference in China. Drs. Acosta, Tifft and Adams presented at the ICORD meeting in Argentina, and Ellen Macnamara spoke at Ambry’s EducateNext series.""}"
GRANT:ZICEY000458	grant	NEI Genetic Engineering Core	"{""activity_code"": ""ZIC"", ""fiscal_years"": [2021], ""is_active"": false, ""total_award"": 1617337, ""start"": """", ""end"": """", ""abstract"": ""Summary\n\nDespite the ongoing pandemic of Covid-19, we accomplished a total of 26 genetic engineering projects either through CRISPR-mediated mutagenesis in vivo or classic homologous recombination in mouse embryonic stem cells. Some are highly interesting and are summarized below:\n1) Human disease modeling: It is often desirable to have mutations of human genetic conditions replicated in mouse so that the diseases can be modeled. In the last year, several such models were developed at GEC in collaboration with investigators at NEI, NIDCD and NICHD. \n\nA de novo dominant neomorphic missense variant (c.926C>G:p.S309W) in SP7, a transcription factor critical for osteoblast maturation and bone formation, was observed in a patient with craniosynostosis, cranial hyperostosis, and long bone fragility. The same mutation was introduced into the mouse genome by CRISPR-mediated homologous recombination using an oligo carrying the targeted conversion. Mice with the corresponding variant showed a complex skeletal phenotype like those observed in the human patient. The mutation altered the binding specificity of SP7 from AT-rich motifs to a GC-consensus sequence (typical of other SP family members) and produced an aberrant gene expression profile, including increased expression of Col1a1 and endogenous Sp7, but decreased expression of genes involved in matrix mineralization. The study identifies a novel pathogenic mechanism in which a mutation in a transcription factor shifts DNA binding specificity. \n\nAge related macular degeneration (AMD) in humans, manifested as vision loss at older age, has been a subject of intense investigation. New candidate genes have been recently discovered by Dr. Anand Swaroop's lab at NEI, and GEC continued engineering additional mutant alleles in mouse to provide genetic confirmation of AMD candidate genes derived from GWAS. These include loss-of-function alleles of Hcls1 and Mrpp3 genes. Additional allelic series of missense mutations targeting the mouse Tbc1d24 gene have also been constructed at GEC. Pathogenic variants of the Tbc1d24 gene lead to syndromic and non-syndromic hearing loss conditions in human.  Similar disease models developed at GEC this year include additional Sp7 and Spin4 missense mutations for bone density disorders. \n  \n2) Functional genomic studies of genes predicted to be important in physiology and pathology:    \nMost of the current genome editing projects are aimed at simply understanding the functions of various genes relevant to NEI, as well as other participating IC research programs. Work in this area currently includes the construction of multiple loss-of-function mutations such as genes involved in the visual cascade and in survival of cones and rods; several knockin lines with reporters have also been developed. One of such examples is the development of a GFP knockin allele at the mouse GSX gene, a transcription factor critical in the development of retinal pigmented Epithelium (RPE) during embryogenesis, followed by the deletion mutations removing upstream enhancer elements to define the functions of each individual enhancers in regulating temporal and special pattern of GSX expression during eye morphogenesis. This project is still ongoing and will likely yield critical information regarding gene expression regulation on GSX gene. \n\n\n3) Maintenance of genetically altered rodent strains:\na) Genotyping operation: GEC genotyping services aided total of 15 laboratories most of which are in NEI intramural program. \n\n* isolated DNA from 13,165 mouse tail biopsy samples, almost doubled from last year's number\n* performed 6,611 PCR reactions to genotype mice in the facility, also doubled last year's work load.\n* acted on behalf of several laboratories sending mouse tissue samples to Transnetyx for genotyping services.  \n  \nb) Cryopreservation and rederivation operations: GEC Cryopreservation services assisted many laboratories from NEI in cryopreserving 38 lines, rederivation of 1 line, and rescuing of 3 lines.""}"
ORG:baylor-college-of-medicine	organization	Baylor College Of Medicine	"{""city"": ""Houston"", ""country"": ""United States""}"
ORG:children-s-hosp-of-philadelphia	organization	Children'S Hosp Of Philadelphia	"{""city"": ""Philadelphia"", ""country"": ""United States""}"
ORG:cold-spring-harbor-laboratory	organization	Cold Spring Harbor Laboratory	"{""city"": ""Cold Spring Harbor"", ""country"": ""United States""}"
ORG:columbia-univ-new-york-morningside	organization	Columbia Univ New York Morningside	"{""city"": ""New York"", ""country"": ""United States""}"
ORG:columbia-university-health-sciences	organization	Columbia University Health Sciences	"{""city"": ""New York"", ""country"": ""United States""}"
ORG:emory-university	organization	Emory University	"{""city"": ""Atlanta"", ""country"": ""United States""}"
ORG:johns-hopkins-university	organization	Johns Hopkins University	"{""city"": ""Baltimore"", ""country"": ""United States""}"
ORG:national-eye-institute	organization	National Eye Institute	"{""city"": """", ""country"": ""United States""}"
ORG:national-human-genome-research-institute	organization	National Human Genome Research Institute	"{""city"": """", ""country"": ""United States""}"
ORG:national-institute-of-diabetes-and-digestive-and-kidney-dise	organization	National Institute Of Diabetes And Digestive And Kidney Diseases	"{""city"": """", ""country"": ""United States""}"
ORG:ohio-state-university	organization	Ohio State University	"{""city"": ""Columbus"", ""country"": ""United States""}"
ORG:rutgers-biomedical-and-health-sciences	organization	Rutgers Biomedical And Health Sciences	"{""city"": ""Newark"", ""country"": ""United States""}"
ORG:stanford-university	organization	Stanford University	"{""city"": ""Stanford"", ""country"": ""United States""}"
ORG:university-of-alabama-at-birmingham	organization	University Of Alabama At Birmingham	"{""city"": ""Birmingham"", ""country"": ""United States""}"
ORG:university-of-california-los-angeles	organization	University Of California Los Angeles	"{""city"": ""Los Angeles"", ""country"": ""United States""}"
ORG:university-of-chicago	organization	University Of Chicago	"{""city"": ""Chicago"", ""country"": ""United States""}"
ORG:university-of-iowa	organization	University Of Iowa	"{""city"": ""Iowa City"", ""country"": ""United States""}"
ORG:university-of-michigan-at-ann-arbor	organization	University Of Michigan At Ann Arbor	"{""city"": ""Ann Arbor"", ""country"": ""United States""}"
ORG:university-of-nebraska-medical-center	organization	University Of Nebraska Medical Center	"{""city"": ""Omaha"", ""country"": ""United States""}"
ORG:university-of-pennsylvania	organization	University Of Pennsylvania	"{""city"": ""Philadelphia"", ""country"": ""United States""}"
ORG:university-of-texas-hlth-science-center	organization	University Of Texas Hlth Science Center	"{""city"": ""San Antonio"", ""country"": ""United States""}"
ORG:university-of-tx-md-anderson-can-ctr	organization	University Of Tx Md Anderson Can Ctr	"{""city"": ""Houston"", ""country"": ""United States""}"
ORG:university-of-virginia	organization	University Of Virginia	"{""city"": ""Charlottesville"", ""country"": ""United States""}"
ORG:university-of-wisconsin-madison	organization	University Of Wisconsin-Madison	"{""city"": ""Madison"", ""country"": ""United States""}"
ORG:ut-southwestern-medical-center	organization	Ut Southwestern Medical Center	"{""city"": ""Dallas"", ""country"": ""United States""}"
ORG:utah-state-higher-education-system-university-of-utah	organization	Utah State Higher Education System--University Of Utah	"{""city"": ""Salt Lake City"", ""country"": ""United States""}"
ORG:vanderbilt-university	organization	Vanderbilt University	"{""city"": ""Nashville"", ""country"": ""United States""}"
ORG:vanderbilt-university-medical-center	organization	Vanderbilt University Medical Center	"{""city"": ""Nashville"", ""country"": ""United States""}"
ORG:veterans-health-administration	organization	Veterans Health Administration	"{""city"": ""Nashville"", ""country"": ""United States""}"
ORG:virginia-polytechnic-inst-and-st-univ	organization	Virginia Polytechnic Inst And St Univ	"{""city"": ""Blacksburg"", ""country"": ""United States""}"
ORG:whitehead-institute-for-biomedical-res	organization	Whitehead Institute For Biomedical Res	"{""city"": ""Cambridge"", ""country"": ""United States""}"
ORG:yale-university	organization	Yale University	"{""city"": ""New Haven"", ""country"": ""United States""}"
PERSON:ahern_christopher	researcher	Christopher Ahern	"{""identity"": ""surname + first name; not verified across sources""}"
PERSON:ahmed_omar	researcher	Omar Ahmed	"{""identity"": ""surname + first name; not verified across sources""}"
PERSON:arinzeh_treena	researcher	Treena Arinzeh	"{""identity"": ""surname + first name; not verified across sources""}"
PERSON:band_hamid	researcher	Hamid Band	"{""identity"": ""surname + first name; not verified across sources""}"
PERSON:bhujwalla_zaver	researcher	Zaver Bhujwalla	"{""identity"": ""surname + first name; not verified across sources""}"
PERSON:blatt_eliot	researcher	Eliot Blatt	"{""identity"": ""surname + first name; not verified across sources""}"
PERSON:boothby_mark	researcher	Mark Boothby	"{""identity"": ""surname + first name; not verified across sources""}"
PERSON:bott_alex	researcher	Alex Bott	"{""identity"": ""surname + first name; not verified across sources""}"
PERSON:chen_jin	researcher	Jin Chen	"{""identity"": ""surname + first name; not verified across sources""}"
PERSON:dittman_jeremy	researcher	Jeremy Dittman	"{""identity"": ""surname + first name; not verified across sources""}"
PERSON:dong_lijin	researcher	Lijin Dong	"{""identity"": ""surname + first name; not verified across sources""}"
PERSON:escayg_andrew	researcher	Andrew Escayg	"{""identity"": ""surname + first name; not verified across sources""}"
PERSON:gahl_william	researcher	William Gahl	"{""identity"": ""surname + first name; not verified across sources""}"
PERSON:greenwood_dalton	researcher	Dalton Greenwood	"{""identity"": ""surname + first name; not verified across sources""}"
PERSON:guo_deliang	researcher	Deliang Guo	"{""identity"": ""surname + first name; not verified across sources""}"
PERSON:helbig_ingo	researcher	Ingo Helbig	"{""identity"": ""surname + first name; not verified across sources""}"
PERSON:horist_brooke	researcher	Brooke Horist	"{""identity"": ""surname + first name; not verified across sources""}"
PERSON:huguenard_john	researcher	John Huguenard	"{""identity"": ""surname + first name; not verified across sources""}"
PERSON:jiang_kevin	researcher	Kevin Jiang	"{""identity"": ""surname + first name; not verified across sources""}"
PERSON:kang_junsu	researcher	Junsu Kang	"{""identity"": ""surname + first name; not verified across sources""}"
PERSON:karner_courtney	researcher	Courtney Karner	"{""identity"": ""surname + first name; not verified across sources""}"
PERSON:karno_breelyn	researcher	Breelyn Karno	"{""identity"": ""surname + first name; not verified across sources""}"
PERSON:krishnakumar_shyam	researcher	Shyam Krishnakumar	"{""identity"": ""surname + first name; not verified across sources""}"
PERSON:lee_hye	researcher	Hye Young Lee	"{""identity"": ""surname + first name; not verified across sources""}"
PERSON:lukey_michael	researcher	Michael Lukey	"{""identity"": ""surname + first name; not verified across sources""}"
PERSON:madden_matthew	researcher	Matthew Madden	"{""identity"": ""surname + first name; not verified across sources""}"
PERSON:major_amy	researcher	Amy Major	"{""identity"": ""surname + first name; not verified across sources""}"
PERSON:makinson_christopher	researcher	Christopher Makinson	"{""identity"": ""surname + first name; not verified across sources""}"
PERSON:mankoff_david	researcher	David Mankoff	"{""identity"": ""surname + first name; not verified across sources""}"
PERSON:meisler_miriam	researcher	Miriam Meisler	"{""identity"": ""surname + first name; not verified across sources""}"
PERSON:miralles_raquel	researcher	Raquel Miralles	"{""identity"": ""surname + first name; not verified across sources""}"
PERSON:mirnics_karoly	researcher	Karoly Mirnics	"{""identity"": ""surname + first name; not verified across sources""}"
PERSON:mogilenko_denis	researcher	Denis Mogilenko	"{""identity"": ""surname + first name; not verified across sources""}"
PERSON:mukherjee_konark	researcher	Konark Mukherjee	"{""identity"": ""surname + first name; not verified across sources""}"
PERSON:murnane_kevin	researcher	Kevin Murnane	"{""identity"": ""surname + first name; not verified across sources""}"
PERSON:murthy_niren	researcher	Niren Murthy	"{""identity"": ""surname + first name; not verified across sources""}"
PERSON:newcomb_dawn	researcher	Dawn Newcomb	"{""identity"": ""surname + first name; not verified across sources""}"
PERSON:ngwa_verra	researcher	Verra Ngwa	"{""identity"": ""surname + first name; not verified across sources""}"
PERSON:osman_abdullah	researcher	Abdullah Osman	"{""identity"": ""surname + first name; not verified across sources""}"
PERSON:patel_manoj	researcher	Manoj Patel	"{""identity"": ""surname + first name; not verified across sources""}"
PERSON:patel_paras	researcher	Paras Patel	"{""identity"": ""surname + first name; not verified across sources""}"
PERSON:piper_robert	researcher	Robert Piper	"{""identity"": ""surname + first name; not verified across sources""}"
PERSON:rathmell_jeffrey	researcher	Jeffrey Rathmell	"{""identity"": ""surname + first name; not verified across sources""}"
PERSON:samarasinghe_ranmal	researcher	Ranmal Samarasinghe	"{""identity"": ""surname + first name; not verified across sources""}"
PERSON:schornack_anna	researcher	Anna Marie Schornack	"{""identity"": ""surname + first name; not verified across sources""}"
PERSON:spinelli_jessica	researcher	Jessica Spinelli	"{""identity"": ""surname + first name; not verified across sources""}"
PERSON:srivastava_sarika	researcher	Sarika Srivastava	"{""identity"": ""surname + first name; not verified across sources""}"
PERSON:usdin_karen	researcher	Karen Usdin	"{""identity"": ""surname + first name; not verified across sources""}"
PERSON:volynski_kirill	researcher	Kirill Volynski	"{""identity"": ""surname + first name; not verified across sources""}"
PERSON:wenker_ian	researcher	Ian Wenker	"{""identity"": ""surname + first name; not verified across sources""}"
PERSON:whiteley_jack	researcher	Jack Whiteley	"{""identity"": ""surname + first name; not verified across sources""}"
PERSON:wong_jennifer	researcher	Jennifer Wong	"{""identity"": ""surname + first name; not verified across sources""}"
PERSON:wubben_thomas	researcher	Thomas Wubben	"{""identity"": ""surname + first name; not verified across sources""}"
PERSON:zhou_rong	researcher	Rong Zhou	"{""identity"": ""surname + first name; not verified across sources""}"
PERSON:zong_wei	researcher	Wei-Xing Zong	"{""identity"": ""surname + first name; not verified across sources""}"
